feature_id,source,regime,text_id,token_pos,activation,context,example_id
1284,fineweb-edu-sample,1,2758,184,553.8817138671875, impact on the local economy will be driven by data [ on]  expenditures by type for the major segments of the industry,L22-0001
2193,fineweb-edu-sample,0,4552,53,237.03427124023438, you identify Battery Williams (to the left of the [ tracks] ) and Battery Robinett (behind the tent camp,L22-0002
839,fineweb-edu-sample,0,3030,18,211.86419677734375, (also called Gafieira) is a [ partner]  dance to the Brazilian samba musical rhythms and must be,L22-0003
34492,fineweb-edu-sample,1,2086,251,302.4282531738281," Clinical Oncology.
Although there are ongoing shortages of [ anesthesia] , pain medicines and antibiotics, the scarcity of cancer",L22-0004
7122,fineweb-edu-sample,0,3248,318,243.26535034179688, – this research targeted the very first stages of disease [ when]  healthy cells can influence nearby unhealthy ones. Researchers have,L22-0005
1247,wikimedia-en,0,10501,208,265.2589416503906," and operate, more cables between England and the Continent [ until]  they were nationalised in 1890",L22-0006
6629,fineweb-edu-sample,0,3244,30,264.6243896484375,"After 4 months of pregnancy, some women will [ appear]  yellow -brown spots on their faces. They are",L22-0007
4714,fineweb-edu-sample,0,88,165,188.0752410888672," from the first machine back to the store, and [ then]  on to the next machine, and so forth.",L22-0008
6846,wikimedia-en,1,10846,99,324.30078125," in the teaching of typography over a thirty-year [ period] , I know that it is reasonably effective in the",L22-0009
1247,wikimedia-en,1,10970,86,722.0164794921875," Sports Reference

1933 births
Living [ people] 
Soviet male high jumpers
Russian male high jumpers",L22-0010
1827,fineweb-edu-sample,1,5339,464,575.8970336914062," a heightened sensitivity of the neuronal pathways that mediate cough [ underlie]  the symptoms.
In addition, the guidelines highlight",L22-0011
1247,fineweb-edu-sample,1,4433,197,1140.53076171875," monsters that litter civilization’s landscapes.
Our [ country]  is blessed because the Founders recognized that the closer the",L22-0012
34492,wikimedia-en,0,11410,198,207.34654235839844," triggering the by-election.

Candidates
The [ Conservative]  party discussed several possible candidates, and at a meeting",L22-0013
7122,fineweb-edu-sample,0,3550,39,194.42190551757812," months, the app was downloaded almost three-quarters [ of]  a billion times, which is more than the combined",L22-0014
905,fineweb-edu-sample,1,522,320,701.340087890625," larger doses can be used if it is being applied [ externally] . Typically, the fruit is mashed or charred,",L22-0015
905,wikimedia-en,0,7409,350,179.95040893554688," of being vertical. This modification brought the chimney in [ line]  with the cylinders and avoided a ""set"" in",L22-0016
1772,fineweb-edu-sample,1,3988,485,561.155517578125," the wilds of the Southwest. Thanks to Leopold' [s]  later efforts, in 1925 the",L22-0017
25249,fineweb-edu-sample,1,2277,315,456.7793273925781, producing artificial intelligence seems to be the main focus for [ elderly]  care. Applications such as ElliQ are still growing,L22-0018
2241,wikimedia-en,1,9226,52,1099.64697265625,"1987.  A successful sire, [ he]  produced 11 stakes winners.

A bay",L22-0019
2193,fineweb-edu-sample,0,5742,84,241.84085083007812,"s) and other halogenated hydrocarbons.
Last [ update] :November 25, 201",L22-0020
25249,fineweb-edu-sample,0,96,34,172.55972290039062," with the right care. The symptoms of Tourette [ syndrome] , namely verbal tics, may inhibit a person",L22-0021
252,fineweb-edu-sample,0,2043,215,197.37506103515625," concerned with the structure of living organisms.
A [ branch]  of medicine dealing with the care of women. This",L22-0022
1247,wikimedia-en,1,7281,38,527.4208984375," folk music in the mountains of western North Carolina. [ Although]  Songcatcher is a fictional film, it is loosely",L22-0023
11908,wikimedia-en,0,7371,261,198.73294067382812, are isobaric chamber types which recover energy in the [ brine]  stream and deliver it to water going to the membrane,L22-0024
11908,wikimedia-en,0,11898,212,210.246826171875," Puerto Ricans, a Blackman, and a [ Dominican]  and the 28th Street Crew. At",L22-0025
1827,wikimedia-en,0,10620,85,185.51873779296875,"00, plus standing room if needed.

 [On]  Wednesday, May 20, 20",L22-0026
1772,fineweb-edu-sample,1,4567,347,550.4772338867188, (Access requires login) This article discusses how your [ written]  report should convey how much your program has to offer,L22-0027
905,wikimedia-en,0,8914,372,258.9285888671875," was "" boots and saddles,"" and in less time [ than]  one can write it, the Royal Bengal Lancers",L22-0028
25249,wikimedia-en,1,9646,36,455.44647216796875," peripheral nervous system. Thus, they are found in [ sensory] , sympathetic, and parasympathetic ganglia.  Both",L22-0029
1284,wikimedia-en,0,10327,450,221.31878662109375,"As Brown continued developing his aerial navigation skills, Al [cock]  approached the Vickers engineering and aviation firm at Weybridge",L22-0030
252,fineweb-edu-sample,1,878,316,468.81573486328125," by the DepEd central office, regional, and [ schools]  division offices.
Parental consent must be secured",L22-0031
2241,wikimedia-en,1,10592,400,477.22967529296875,67. The designers of the M55 [1]  faced a difficult problem; guns capable of destroying main,L22-0032
4714,fineweb-edu-sample,0,3369,14,170.9191131591797," of chemical weapons has been hanging over war-torn [ Syria]  for months.
Although viewed with skepticism by U",L22-0033
2193,fineweb-edu-sample,1,4921,218,663.3978271484375,"theozyme"" concept put forth by Kendall Hou [k]  and colleagues.
The role of enzyme flexibility in",L22-0034
1247,wikimedia-en,0,6367,81,255.73446655273438,"Schedule

References

Wyoming
Wyoming Cowboys [ football]  seasons
Wyoming Cowboys football
College football undefeated",L22-0035
11908,wikimedia-en,1,8468,504,499.5780944824219," respect to social, economic, and political organization. [ Kin] ship terminology follows the Omaha I pattern",L22-0036
252,wikimedia-en,0,6242,257,250.48345947265625," became the property of the government. Today, it [ is]  a public park with a golf course and home to",L22-0037
1827,wikimedia-en,1,6802,130,562.5127563476562,0 matches played between Nepal women and another international side [ after]  1 July 2018 will be,L22-0038
1247,fineweb-edu-sample,1,1985,37,817.7254638671875,"-GO EDITED BY: Mooloo
 [DATE]  ADDED: Jan 20, 2",L22-0039
87,fineweb-edu-sample,0,5972,22,252.31781005859375,"urtles comprise one of the oldest living groups of [ reptiles] , with hundreds of species found throughout the world.",L22-0040
1772,wikimedia-en,0,11578,92,248.82176208496094,"

 All India Radio
 The Aluminum Group
 Lindsay [ Anderson] 
 Astrid Swan
 Axe Riverboy
 Bark Bark",L22-0041
1247,wikimedia-en,1,8698,447,700.7152099609375," best 32. Afterwards, the Junior Pro [ Tour]  was discontinued and Budde was automatically qualified for the",L22-0042
6846,wikimedia-en,0,7275,198,219.29013061523438," in 1991, the second one [ following]  the next year and extending the completed route to just",L22-0043
1827,wikimedia-en,1,7876,95,721.94091796875,"58, under Charles R. Bentley, which [ named]  the mountain for Professor Robert P. Sharp, a",L22-0044
6846,wikimedia-en,0,11759,21,230.4373779296875," full-length non-fiction book, which he [ wrote]  in 1987 after visiting Nicaragua.",L22-0045
1199,fineweb-edu-sample,0,3511,52,279.58941650390625, time and when cubs stay with their mother till adulthood [ at]  about 2 years of age. One young biologist,L22-0046
252,fineweb-edu-sample,1,4028,225,582.587646484375," to have none or just a small percentage of women [ on]  it's force.
Story highlights women make",L22-0047
157,fineweb-edu-sample,1,2800,253,499.05316162109375," the mitochondria.
Good muscular endurance supports you in [ many]  activities in your everyday life. Carrying heavy shopping bags",L22-0048
34492,fineweb-edu-sample,1,5547,451,298.24285888671875, games to ensure that the game is age appropriate. [ ESR] B ratings are displayed for all games in the Google,L22-0049
839,wikimedia-en,0,11484,7,257.17340087890625,<bos>Bragdon-Lipe [ House]  is a historic home located at Canajoharie,L22-0050
2241,fineweb-edu-sample,1,1245,189,536.8362426757812,"on, gathered a . large number of interested students [ and]  started a yeshiva in the (now Belarusian)",L22-0051
129,wikimedia-en,1,9393,95,818.9794921875, and the heavier bodywork reduced performance and made the [ car]  less stable. Möve translates into English as Gull,L22-0052
87,wikimedia-en,1,7862,315,725.6677856445312, athletics and cricket. Association football was only a secondary [ concern] . Since the club was set up to represent England,L22-0053
252,fineweb-edu-sample,0,705,8,206.4046630859375,"<bos>NCI Dictionary of Cancer Terms
 [The]  NCI Dictionary of Cancer Terms features 7,",L22-0054
905,wikimedia-en,0,9889,78,289.98138427734375,listing in the British Army in 193 [9] . After spending five years as a prisoner of war,L22-0055
141,fineweb-edu-sample,0,4935,492,239.29696655273438," few years. 
Parents ought to know what [ CDC]  has to say about recalled vaccines and that their children",L22-0056
1247,wikimedia-en,0,9675,152,293.4292297363281,"Deep Ozon

Deep: clubDeep Ozon [ was]  an event held on July 14, ",L22-0057
129,fineweb-edu-sample,1,5309,246,762.3175048828125," Dealing with China, Paulson is hoping Western readers [ will]  better understand the changes in China, which is still",L22-0058
839,fineweb-edu-sample,0,2964,35,262.7742919921875," quarterly report this week. In it, they expressed [ concern]  about Canada’s debt-to-GDP gap",L22-0059
2193,fineweb-edu-sample,0,2391,99,251.95571899414062,".
Eureka is the largest coastal city between San [ Francisco]  and Portland, and the westernmost city of more",L22-0060
87,fineweb-edu-sample,0,476,45,284.93756103515625, frescoes are so well preserved in part because they were [ hidden]  under a layer of Gothic paintings applied in the late,L22-0061
7122,wikimedia-en,1,8264,44,424.74859619140625," the traditional region of Styria and is now included [ in]  the Drava Statistical Region.

References

External",L22-0062
4714,fineweb-edu-sample,1,4391,176,1102.4771728515625,"DEW-nite). The term peridot comes [ directly]  from the French ""peridot"" which in old",L22-0063
905,wikimedia-en,1,11702,424,738.9171142578125, and Sajur rivers rise from Sof Mountain and flow [ southeast]  to the Euphrates across the plain of Tall Bash,L22-0064
129,fineweb-edu-sample,1,5559,201,708.33056640625,amonti said: “Young people are demanding that [ governments]  take climate change far more seriously. There are many,L22-0065
25249,fineweb-edu-sample,1,483,323,774.3992919921875," the air.
- Continue this pattern of deep [ belly]  breathing for several minutes, focusing on the rise and",L22-0066
6846,fineweb-edu-sample,1,278,16,355.30938720703125, is a fantastic time to be out in the garden [ as]  summer veggies are really flourishing at their best. Unfortunately,L22-0067
1827,fineweb-edu-sample,1,2727,114,484.3375244140625," is, gas masks are an absolute necessity in our [ society] , and they were before coronavirus ever hit the masses",L22-0068
14064,wikimedia-en,1,11703,287,328.8694763183594,"2011)
The Spectacular (2 [0] 21)

Films
Coma (1",L22-0069
252,fineweb-edu-sample,0,3895,448,227.73681640625," THE MONTEREY PENINSULA"". Los Angeles [ Times] . 1987-06-",L22-0070
21515,fineweb-edu-sample,1,367,402,257.36700439453125, above farms and barns can seep through cracks in barn [ roofs] . Farm workers can track it into barns with dirty,L22-0071
129,fineweb-edu-sample,0,5435,21,304.1811218261719," Type 209 submarines has been out of [ service]  for three years, ostensibly for maintenance. But it",L22-0072
2241,wikimedia-en,0,9795,238,235.40753173828125, they have no connection to the Congress of St. [ Louis]  and may not adhere to all of its principles.,L22-0073
6629,fineweb-edu-sample,1,5289,419,422.2005615234375," vaccine industry. There are some different vaccine development methods [ on]  the horizon, however, that will use bacteria that",L22-0074
252,wikimedia-en,1,11747,437,473.54443359375," Vince Neil (Mötley Crüe), major [ label]  A&R people were looking for the next Kurt",L22-0075
129,wikimedia-en,1,9454,148,775.228515625," 640x480 resolution, [ while]  newer ones had up to SVGA resolution. Pro",L22-0076
6629,fineweb-edu-sample,0,5477,51,216.1199493408203," thought.
I have a lot of photos of [ trees] , I thought. I could do a post on",L22-0077
1247,fineweb-edu-sample,0,3141,399,221.8543701171875,"1996), and Creation: From Nothing [ until]  Now"" (Routledge, 20",L22-0078
1827,wikimedia-en,0,8788,95,233.67755126953125,"'s seaside residences. During July and August each [ year] , the population of La Baule increases dramatically with",L22-0079
87,fineweb-edu-sample,0,325,386,273.62872314453125," organisms. As a class, help students name possible [ relationships]  between the organisms. See if they can find one",L22-0080
1247,wikimedia-en,1,8551,31,577.0616455078125," an English footballer who played as a goalkeeper.

 [He]  played schoolboy football in Loughborough for Brush Sports",L22-0081
2241,fineweb-edu-sample,0,1652,463,238.22564697265625," youthful energy into productive pursuits, developing academic skills, [ and]  relieving the pressure on overwhelmed parents. He also points",L22-0082
1247,wikimedia-en,0,11732,461,239.94100952148438, sighting near Shag Rocks and four confirmed sightings— [the]  first two confirmed sightings occurred in 198,L22-0083
4714,fineweb-edu-sample,1,2949,317,709.1632690429688," crystal form, the density and refractive index also slightly [ differ] . The density and refractive index of cubic crystal is",L22-0084
129,fineweb-edu-sample,1,192,404,740.001708984375, then the copper cable systems. Fiber optic communication systems [ are]  installed in large networks of fiber optic bundles all around,L22-0085
839,fineweb-edu-sample,0,506,25,275.993896484375,", for the picture to look more real and authentic [ and]  second, because these papers are thicker than the usual",L22-0086
1284,wikimedia-en,0,10481,458,240.340576171875," an are:

Electrolysis
About four percent [ of]  hydrogen gas produced worldwide is created by electrolysis. The",L22-0087
34492,wikimedia-en,0,6530,370,195.2744598388672,11 as Basel won 4–0 against [ Serv] ette FC. He scored his first two goals for,L22-0088
6629,wikimedia-en,0,9156,29,216.55030822753906," in 1864. His marine career [ began]  at the age of 14, when he",L22-0089
34492,wikimedia-en,1,11759,433,351.2179260253906,""".

Reviews and reception
In the review in [ Time] , reviewer Pico Iyer praised Rushdie's account",L22-0090
4714,fineweb-edu-sample,1,1949,508,935.1968994140625," found many sympathetic ears during the ENDC debates, [ mostly]  from Italy,",L22-0091
141,fineweb-edu-sample,1,2721,407,1031.5703125," all the way to Hong Kong University – a very [ prestigious]  school. While reading the book, you get the",L22-0092
6846,fineweb-edu-sample,1,1254,279,352.5169677734375,", when you’re not sure how you’ [re]  going to get through the next day,” Steiner said",L22-0093
2241,fineweb-edu-sample,0,2016,76,284.7874755859375, will deeply examine the process used by Expeditionary Learning [ to]  design the grades 3-8 ELA Curriculum,L22-0094
4714,wikimedia-en,0,8190,50,209.8894805908203," Montreal film museum

People 
 CQ (play [wright] ) or C. Quintana, a Cuban-American",L22-0095
87,fineweb-edu-sample,0,4100,34,308.39031982421875," concert tickets to go on sale is someone who is [ excited]  and full of energy.
- Anxiously",L22-0096
129,fineweb-edu-sample,1,2454,351,888.3399658203125, to the income poverty. The non-income poverty [ is]  represented mainly by achievements in education and health. The,L22-0097
21515,wikimedia-en,0,11816,284,201.9973602294922," Weekly described it as ""folk-rock laced with [ ban] jos, accordions, and pedal steel"" and",L22-0098
7122,wikimedia-en,0,10455,224,206.245361328125," or converted into a new material that is denser than [ the]  original.

Examples

Nuclear weapons
In an",L22-0099
1827,fineweb-edu-sample,0,3842,419,257.6265869140625," exists and is most common, but the existence of [ the]  former sentence type requires explanation. In reality, we",L22-0100
1284,wikimedia-en,0,6327,233,302.41290283203125," site was not without controversy because of its associations with [ the]  Siege of the Alcázar, an episode in",L22-0101
1284,wikimedia-en,1,10762,189,520.388916015625," Marathi instead. This region is famous for banana agriculture [ and]  is a leading producer of it.

Geography ",L22-0102
4714,fineweb-edu-sample,1,2781,106,566.10400390625,"417 billion snapshots of web sites, including [ one]  page showing that “Igor Girkin, a",L22-0103
839,wikimedia-en,0,6676,6,240.628662109375,"<bos>""The 19 [2] 4 Liverpool West Toxteth by-election was",L22-0104
1284,fineweb-edu-sample,1,5341,170,1274.94189453125," on TV, allows us to predict the weather, [ the]  behavior of the stock market, and the outcome of",L22-0105
7122,wikimedia-en,0,11351,471,183.08139038085938," cavalry action. Besides, it was the place where [ the]  Christian envoys came from who were likely to switch",L22-0106
6629,fineweb-edu-sample,1,5281,431,436.59600830078125,".
As technologies advance and new programming concepts are [ launched] , software architects must be able to keep abreast with",L22-0107
141,fineweb-edu-sample,1,154,326,970.6688232421875,"
These days, artificial intelligence is used fairly widely [ in]  the UK medical industry in order to treat and diagnose",L22-0108
157,fineweb-edu-sample,0,947,249,259.2412109375,28 ft). The area surrounding the falls are [ popular]  with tourists who typically view the falls by boat.,L22-0109
1284,fineweb-edu-sample,0,4219,33,208.85113525390625,", the Kansas chalk rock that inspired our famous chant [ has]  created something else: a seabed of prehistoric marine fossils",L22-0110
1284,wikimedia-en,1,6576,386,559.2967529296875,air story was a report on the new carts that [ transported]  people around the airport. In December 19,L22-0111
4714,wikimedia-en,0,11678,139,194.19093322753906," Account of a visit to the Xe Bang Fai [ cave]  in 2014 
 Account of",L22-0112
1284,wikimedia-en,1,8374,207,738.18701171875," its derivatives include fisheries, marine products, forestry and [ primary]  forestry products"" (Article I, Functions of the",L22-0113
1199,fineweb-edu-sample,1,913,301,578.8877563476562," deceit, pride or sloth, willpower or the lack [ of]  it, conservatism or wastefulness all play a part",L22-0114
6846,fineweb-edu-sample,0,2066,310,232.27828979492188," Analysis Service (part of Public Health England), on [ request]  through the Office for Data Release, November 2",L22-0115
839,fineweb-edu-sample,0,241,47,277.06829833984375," in the infographic below, and share individual story sections [ by]  clicking on the embed icon in the upper right-",L22-0116
2241,fineweb-edu-sample,1,4108,117,542.1664428710938," www.AdaptiveNOW.com) for his hard [ work]  to create this artfully designed documentary series.
",L22-0117
21515,wikimedia-en,1,8835,139,269.1830139160156,"85).

Villages
Apart from the [ town]  of Kałuszyn, Gmina Kał",L22-0118
25249,fineweb-edu-sample,1,3183,172,573.8970947265625, the pollen from a lily or the water in the [ lily] ’s vase can be poisonous for cats. Eating,L22-0119
1247,fineweb-edu-sample,0,1000,56,226.30532836914062, teen birth rate in Indiana declined 64% [ between]  1991 and 201,L22-0120
6629,fineweb-edu-sample,0,410,283,207.2047576904297," archeological material is within the top ten
cent [imeters]  of the soil. The damage from the proposed construction",L22-0121
129,wikimedia-en,0,8822,357,274.4575500488281,", Erycius Puteanus. Intending to [ study]  with Tycho Brahe Wendelen set off for Prague",L22-0122
25249,fineweb-edu-sample,1,5785,380,415.051025390625,"ig (46), starting his experiments as an [ army]  doctor during the Franco-Prussian war, noted",L22-0123
4714,wikimedia-en,0,10347,88,178.93873596191406, one of the few examples of a child star who [ went]  on to have a successful career as an adult.,L22-0124
14064,fineweb-edu-sample,1,5837,442,278.1382141113281," add quick knock-down capabilities. You must carefully [ follow]  the instructions for whatever you purchase.
Pure Form",L22-0125
6629,fineweb-edu-sample,1,2971,130,517.1466674804688," dressings, sprays, creams, catheters, or surface [ coatings] .
As the first product, we developed advanced",L22-0126
1772,wikimedia-en,1,6856,43,914.508544921875, Rhonda Fleming and Lloyd Bridges. Adapted from Ernest Hay [cox] 's 1941 novel Trail Town,L22-0127
4714,wikimedia-en,1,8645,72,698.9451293945312," about 750 boys and girls, the [ majority]  of whom are Catholic but the school is attended by",L22-0128
6846,fineweb-edu-sample,0,4247,301,221.77865600585938," to maintain information on special procedures in a comprehensive and [ easily]  accessible manner, including through the use of modern information",L22-0129
1284,fineweb-edu-sample,1,41,315,1381.0352783203125, astronomical observatories; mountain stations for solar observation; [ and]  stations for optical tracking of artificial earth satellites. Many,L22-0130
1284,wikimedia-en,0,7204,238,231.6748046875,Played Nombuso) was accused of having a [ bad]  attitude at work and was fired from Uzalo.,L22-0131
87,fineweb-edu-sample,0,601,114,268.93072509765625," began a seemingly unstoppable warming trend, which is growing [ steadily]  and which is threatening the existence of all life on",L22-0132
6846,fineweb-edu-sample,1,4405,34,377.17626953125, and the state of Alabama categorizes them as game [ animals]  and fur bearers. Some in the state consider them,L22-0133
6629,fineweb-edu-sample,0,2505,144,222.43382263183594," cutting, and good old fashioned cardboard to go from [ ideas]  to parts as fast as possible.
The class",L22-0134
1772,fineweb-edu-sample,0,5871,42,224.9014129638672," the trained musicians is a compilation of parts of three [ found]  in the Book of Psalms, and its three movements",L22-0135
2193,fineweb-edu-sample,1,4440,14,1120.6697998046875,"ate, worsen, as in Ever since the recession [ began] , the business has been going downhill. The figurative",L22-0136
6903,fineweb-edu-sample,1,381,218,352.36962890625,ivar and miranda took the field beneath the banner [ of]  independence.,L22-0137
141,fineweb-edu-sample,0,4981,301,278.7567443847656," predictors of educational outcomes.
The theory was that [ students]  who are able to stay focused and pay attention longer",L22-0138
4714,fineweb-edu-sample,0,4171,244,230.89796447753906," a lot of water.""
Harnessing wave [ energy]  isn't a new idea. But most efforts",L22-0139
34492,wikimedia-en,0,9688,150,180.9932098388672," precisely match federal ridings, resulting in 2 [7]  fewer seats in the legislature. Notably, in a",L22-0140
6903,wikimedia-en,0,11414,57,226.4786834716797, for its white and African American populations). Usually cultural [ frameworks]  are mixed; as certain individuals or entire groups can,L22-0141
87,wikimedia-en,0,9490,47,326.44622802734375," books. Due to Elias' role in the scriptures [ and]  to many later associated traditions, the name is used",L22-0142
11908,wikimedia-en,0,11056,103,208.47315979003906,"
Boxers at the 1998 [ Asian]  Games
Asian Games bronze medalists for South Korea",L22-0143
2193,wikimedia-en,0,9270,50,215.79977416992188," over 25,000 copies in [ Greece]  and was certified Gold.

Track listing 
",L22-0144
129,fineweb-edu-sample,0,3050,32,225.84072875976562,"-linked Yasukuni Shrine in Tokyo, urging [ Japan]  to face up to historical facts.
""It",L22-0145
11908,wikimedia-en,1,7772,15,369.15020751953125, Badminton Championships is a tournament organized to crown the best [ badminton]  players in Moldova. They are held since 1,L22-0146
11908,fineweb-edu-sample,0,3192,172,214.3915557861328," deep burning fires can be expected with an emphasis on [ down] wind new fires occuring.
The highest spots are",L22-0147
21515,fineweb-edu-sample,1,5732,367,277.9709167480469," have seen positive results using horticultural oils. These oils [ basically]  suffocate the insect. As always, there are",L22-0148
7122,wikimedia-en,1,11801,275,507.1632080078125,"man, Republican incumbent nominee
Bob Springmeyer, [ Democratic]  nominee

Utah
Gubernatorial
20",L22-0149
905,fineweb-edu-sample,1,3154,192,1156.6571044921875," be checked on a regular basis.
Medicines [ used]  most often to
treat schizophrenia include:
-",L22-0150
905,fineweb-edu-sample,1,3318,304,1627.90576171875,".
You don’t have to search for [ hours]  at your university for a book/journal. All",L22-0151
87,wikimedia-en,0,6647,200,239.63934326171875," June 1559 it was destroyed, [ either]  by the Reformers or the magistrates.

Notes",L22-0152
905,fineweb-edu-sample,1,3369,326,588.0894775390625,","" she said, ""and they are cheaper and [ easier]  to have than nuclear weapons.""",L22-0153
6903,fineweb-edu-sample,0,3055,161,253.26402282714844, memory cue for children. It also uses colour- [coding]  to highlight the grapheme when teaching a new grap,L22-0154
2241,fineweb-edu-sample,1,2826,505,808.7548217773438," the Association's deputy director, and contributed greatly [ to]  its activities. The Association'",L22-0155
141,wikimedia-en,0,8243,259,272.8163757324219,"."" Much of her poetry and prose during those times [ is]  dedicated to the life and resistance of Soviet citizens.",L22-0156
905,wikimedia-en,1,8640,63,595.5065307617188," interesting interpretation of the Mission style that incorporates Pueblo Revival [ elements] .""  It was built in 193",L22-0157
6903,wikimedia-en,1,9676,324,410.61279296875," the brand name ""Djuice"", citing the need [ to]  unify all of its brands.

References 

",L22-0158
6903,fineweb-edu-sample,1,3329,439,528.23193359375,"This predicament makes it look as if cannabis preceded the [ psychotic]  symptoms when, in fact...folks with worse",L22-0159
1199,wikimedia-en,0,8529,216,299.6458740234375,", in recent years the lighting has begun sooner to [ accommodate]  the increase in tourism. All recreational parks and all",L22-0160
6629,fineweb-edu-sample,1,1694,414,392.19573974609375,). In order to perform this asana a person [ lies]  down quietly on a flat surface on his/her,L22-0161
21515,fineweb-edu-sample,0,2163,297,204.79087829589844," much like CorningWare cookware, but that is where [ the]  comparison ends. Ceramic materials that go into a Brake",L22-0162
6846,fineweb-edu-sample,1,3550,238,341.0906982421875,s faces leave digital footprints that can be used to [ extract]  intimate information about people and their psycho-demographic,L22-0163
129,wikimedia-en,1,9540,283,699.6658935546875,". However, its underpinnings can be traced [ to]  the mid-19th century, when measures",L22-0164
34492,wikimedia-en,1,6071,287,308.3634033203125," Commission), which consists of:

 The Archb [ishops]  of Canterbury and York (in the event of a",L22-0165
1199,wikimedia-en,1,6117,221,791.1971435546875,istra) by the Mongol allies of Michael VIII. [ In]  the interval a Byzantine force besieged the Bulgarian capital Tarn,L22-0166
87,fineweb-edu-sample,1,714,154,884.2769165039062," the same. Yet we often believe that we are [ different]  enough to discriminate against each other.
Our leaf",L22-0167
34492,fineweb-edu-sample,0,4805,85,184.053955078125,It has long been known that the rock was extracted [ eight]  miles away in Tura and that granite used in,L22-0168
6903,fineweb-edu-sample,0,3490,163,230.31666564941406,"s pigs. This affair settled, Muriwai [ conducted]  Marsden to Utakura, which was then his principal",L22-0169
6903,fineweb-edu-sample,1,3488,249,450.36773681640625, The idea here is that the subtle vibrations associated with [ the]  repeated mantra can encourage positive change — maybe a boost,L22-0170
34492,fineweb-edu-sample,1,4270,155,282.5933532714844," and has since closed a large number of heavily polluting [ small]  coal-fired power plants, small coal mines and",L22-0171
157,wikimedia-en,0,9867,69,270.214599609375," in 76 families.

The villagers are [ engaged]  in animal husbandry, agriculture and horticulture, and its",L22-0172
1199,wikimedia-en,1,10363,107,635.9525146484375,"
 Turnaround, the process of or time needed [ for]  loading, unloading, and servicing an aircraft, see",L22-0173
157,fineweb-edu-sample,0,3362,459,260.820068359375,"efs/STRefs for example).
> [ One]  way to avoid that is for the leaves to refer",L22-0174
141,wikimedia-en,0,10675,263,272.4626159667969,"85 until 1987 before continuing [ his]  research at IRCAM, and since 19",L22-0175
7122,wikimedia-en,1,9287,385,440.7974853515625," move to Oakville, Ontario, to coach at [ the]  Skate Oakville Skating Club with wife, Meagan",L22-0176
6903,wikimedia-en,0,10279,347,239.09950256347656," time of the Achaemenid Persian Empire, [ followed]  successively by the Maurya Empire, the Indo-",L22-0177
14064,fineweb-edu-sample,0,1390,396,193.60768127441406," In Clean New gold Extraction Method
Scientists accidentally discover [ a]  new way to isolate gold that is much safer than",L22-0178
129,fineweb-edu-sample,0,5993,186,205.96041870117188," also help develop devices which have memory and central processing [ units]  merged into a single chip,"" he said.
",L22-0179
839,fineweb-edu-sample,1,4919,11,541.6398315429688,"In some areas, well water might be found very [ deep]  down under the ground. This is especially true in",L22-0180
141,fineweb-edu-sample,1,4069,188,492.7132263183594," to find significance for several hypotheses even with a small [ sample] .
The only significant predictors of attitudes towards the",L22-0181
1827,wikimedia-en,0,8918,243,214.8465576171875," through the Fraser Canyon.

Like many provincial policemen [ of]  the era, Pinchbeck had to fulfill a variety",L22-0182
11908,wikimedia-en,1,9674,305,661.92333984375," Philippines
Dendrolycosa putiana (Barr [ion]  & Litsinger, 1995",L22-0183
1284,fineweb-edu-sample,1,1018,17,663.8209228515625," virtual presentation on Animals of the Night! From bats [ to]  fireflies, frogs and more, learn about the",L22-0184
1827,wikimedia-en,1,6994,86,591.3756713867188," distorted guitars and keyboard sounds.

Composition
Shortly [ before]  the release of Transient Random-Noise Bursts,",L22-0185
6846,fineweb-edu-sample,0,270,34,237.16787719726562," the foremost intellectuals in the Afro-Asian anticol [onial]  movement, was a leader of the Indonesian nationalist movement",L22-0186
1772,fineweb-edu-sample,1,1544,301,522.1090087890625," forget my fate""
The libretto for this [ opera]  is based on:
The Aeneid .",L22-0187
1199,fineweb-edu-sample,0,5322,402,242.16839599609375," marginalised, stigmatised and shunned as a result [ of]  their job. Many have worked on the frontline of",L22-0188
6846,fineweb-edu-sample,0,998,411,237.264404296875, law that is separate from the meaning used in other [ fields] . It is the most common term used in laws,L22-0189
21515,fineweb-edu-sample,1,4502,132,264.821044921875," use specially designed solar filters, which bear the appropriate [ CE]  mark.
It is not safe to view it",L22-0190
6629,fineweb-edu-sample,0,1538,382,200.27870178222656, phenomenon in which neutralizing antibodies against one DENV ser [otype]  can exacerbate disease upon subsequent illness with another serotype,L22-0191
4714,wikimedia-en,1,8456,473,795.0645751953125," Farewell, My Friend) about a girl's [ return]  to her home village after an emancipating education in",L22-0192
2241,wikimedia-en,1,8961,161,612.599365234375,30 appearances in a season for the club. [ He]  made a total of 149 appearances for,L22-0193
21515,wikimedia-en,1,9777,449,368.418701171875,"án's Spanish commentary was also available on NES [N] , and baseball fans as far away as the Dominican",L22-0194
839,fineweb-edu-sample,1,5002,18,628.2080688476562," of a million people for at least two decades will [ build]  up a ""valuable picture"" of whether mobile",L22-0195
1284,fineweb-edu-sample,0,511,217,296.31439208984375," centers when they are arrested or in juvenile correctional facilities [ when]  they are adjudicated. This distinction is further complicated,",L22-0196
141,fineweb-edu-sample,0,5756,99,257.6100158691406,zy - This character is a slave on the Live [ Oaks]  plantation in South Carolina who never has a freedom dream,L22-0197
34492,wikimedia-en,0,10644,71,185.0689697265625," hostile activity by abigeos against an individual named [ Pedro]  Palomino. The henchman (or """,L22-0198
157,wikimedia-en,1,8608,34,654.15478515625, They are edible and have high economic value. They [ are]  characterised by the subdivided carpus of the second pere,L22-0199
6903,wikimedia-en,0,11526,135,233.62998962402344,", Foggy Nelson, and even one of his [ most]  primary nemeses, Kingpin, also known as",L22-0200
7122,fineweb-edu-sample,1,3184,206,514.11767578125," think larger and bolder and can give boys and men [ a]  fuller understanding of the female experience.
Each March",L22-0201
1247,wikimedia-en,1,6555,63,660.0296630859375," Lambiek Comiclopedia page.

193 [0]  births
2019 deaths
Spanish comic",L22-0202
6846,wikimedia-en,1,10549,176,307.00677490234375," Terrestrial LIDAR Scanning for Scientific Studies in Grand [ Canyon]  National Park, Arizona – U.S. Geological",L22-0203
34492,fineweb-edu-sample,1,4208,374,312.72027587890625," of the family name is believed to be that of [ Heinrich]  Meier of Zurich, Switzerland, which was dated circa",L22-0204
34492,wikimedia-en,1,10977,188,347.5646667480469," first opened a 20-seat location on [ Division]  Street, but moved and reopened in 20",L22-0205
21515,fineweb-edu-sample,1,1403,131,269.3148193359375," DATA Observation and Ethnography Visual Data: Photography, [ Film] , and Video Using Documents as Data Qualitative Online Research",L22-0206
905,wikimedia-en,1,11477,288,1159.41162109375,". Wagner altered and selected from Gozzi's [ plot] , changing the names of Princess Cherestani and",L22-0207
1772,fineweb-edu-sample,1,5077,102,529.8236083984375," also to cultural theories analysing advertisements as texts with elements [ of] intertextuality, polysemy, symbolism and",L22-0208
4714,wikimedia-en,0,8538,252,183.73643493652344," American ""Catch-as-Catch-can"" [ Championship]  bout to Evan ""Strangler"" Lewis on ",L22-0209
6846,wikimedia-en,0,6581,407,235.506591796875,"7), daughter of Thomas Goodall, farmer and [ inn] keeper, of Wisbech (now in Cam",L22-0210
7122,wikimedia-en,0,10335,493,212.20248413085938, of revolt in Vienna he was summoned to head a [ large]  army that reduced the city through a formal siege by,L22-0211
6629,wikimedia-en,0,10732,110,196.5767059326172," on May 6, pitching against the Brooklyn G [rooms]  in Philadelphia's 13th game of",L22-0212
25249,wikimedia-en,1,9157,44,702.33203125,"u, bassist/vocalist Manfred ""Th [issy] "" Thiers and drummer Reinhard ""Dickie""",L22-0213
6629,wikimedia-en,1,6293,256,783.49560546875,"""99 Problems"", a song by Jay- [Z]  on The Black Album.
""99 Ways",L22-0214
1827,fineweb-edu-sample,1,1034,35,833.48046875, knee with varus/valgus stability. Injury [ of]  these ligaments usually occurs when the body rotates while the,L22-0215
129,fineweb-edu-sample,0,2442,155,243.73733520507812," deoxidization before casting. This deoxidization [ allows]  a rim, containing mostly iron, to form in",L22-0216
2193,wikimedia-en,1,7668,36,1180.196533203125, incomplete software source for version 4.0 was [ sold]  in the late 1990s to,L22-0217
839,fineweb-edu-sample,1,5804,14,1177.92431640625,"
1.1 This standard describes a method for [ measuring]  the density of powder metallurgy products that usually have surface",L22-0218
6629,fineweb-edu-sample,0,2562,253,222.70460510253906," state is in “exceptional drought,” the highest drought [ level]  that occurs every 50 to 10",L22-0219
11908,wikimedia-en,0,9646,456,172.1339874267578, centrioles in an SGC are found in a [ region]  very close to the cell's nucleus. On,L22-0220
6629,wikimedia-en,0,9698,64,209.3352813720703," 1901-built Brinson Methodist [ Church] , its parsonage, and four other houses",L22-0221
14064,wikimedia-en,0,10613,393,186.49700927734375," Council of Europe since 2009. [ In]  the Assembly, he has been a member of the",L22-0222
157,wikimedia-en,1,10142,258,450.30767822265625," popular work, and is frequently performed today. It [ regularly]  opens the Tanglewood Festival.

References

",L22-0223
2193,fineweb-edu-sample,1,1064,101,1127.132080078125," the Native Americans who were thought to have entered the [ state]  as early as 15,000",L22-0224
141,fineweb-edu-sample,1,5041,48,530.8370361328125,"1929, known as Black Tuesday, [ the]  stock market crashed, catapulting the US into the",L22-0225
2241,wikimedia-en,1,6924,106,633.0031127929688," collection appeared in 1956.

 [He]  worked as an editor of the literary magazines ""Sov",L22-0226
14064,fineweb-edu-sample,1,4910,501,386.4915771484375, about stereo vision. It’s extremely easy to [ capture]  stereo video as seen from a fixed direction: one,L22-0227
6846,fineweb-edu-sample,0,3760,155,228.25732421875," churn out 4,000 GB of [ data]  per day, as it is equipped with hundreds of",L22-0228
157,wikimedia-en,0,10833,134,230.63714599609375," Mariner, held off the coast of Iceland.

 [In]  1956 Diamond was sent into Port",L22-0229
1284,wikimedia-en,0,10416,141,268.92144775390625, the resignation of Jérôme Cahuzac as a result [ of]  a scandal regarding his ownership of secret bank accounts as,L22-0230
25249,fineweb-edu-sample,0,2645,248,238.1482696533203, approved cysteamine bitartrate ER (Proc [ys] bi) for the treatment of cystinosis.,L22-0231
6903,wikimedia-en,0,9060,472,251.7775421142578,-TV (channel 17) by the [ early]  1980s. WKBS-,L22-0232
2193,wikimedia-en,1,9619,73,949.799072265625, Montreal's Arcade Fire on their Neon Bible world [ tour]  in 2007–200,L22-0233
21515,wikimedia-en,1,7164,108,379.9602966308594," though its operations are primarily focused in the provinces of [ Quebec]  and New Brunswick.

Banks by legal classification
",L22-0234
839,fineweb-edu-sample,1,2150,56,809.8610229492188," fat.
What Are The Risk Factors Of Obesity [ On]  COVID?
Extra weight is linked to various chronic",L22-0235
6846,wikimedia-en,0,10475,79,209.7869873046875," formerly the Dean of the School of Divinity at Cair [n]  University.

Degrees offered
 Divinity Program with a",L22-0236
7122,fineweb-edu-sample,1,2568,164,543.948486328125,".
A while later, he comes back with [ a]  stack of books. ""Mom, can I write",L22-0237
1199,wikimedia-en,0,9031,497,283.025634765625," Blues historian Jim O'Neal commented in the induction [ statement] , ""'How Long, How Long Blues' was",L22-0238
252,wikimedia-en,0,8067,41,244.52191162109375," as Chief Justice of High Courts of India and Chairperson [ of]  the first Human Rights Commission of Andhra Pradesh.

",L22-0239
1772,wikimedia-en,0,11961,190,229.8718719482422," Draper. Dave drives her home, where she reveals [ that]  her presence in the bar was not accidental; it",L22-0240
14064,wikimedia-en,1,11844,109,416.4280090332031, Peattie lived with the artist Sir Howard Hodgkin [ until]  Hodgkin's death in March 20,L22-0241
6846,fineweb-edu-sample,0,5125,364,209.42465209960938, be lowered after it began to lean. It left [ English]  novelist and social critic Charles Dickens spellbound during a,L22-0242
87,fineweb-edu-sample,0,3858,132,273.99383544921875,". We can’t wait to see what you [ create]  with these prompts in your own homes, kitchen tables",L22-0243
87,fineweb-edu-sample,1,2414,441,848.0425415039062," yet that is what self-interested individuals ended up [ producing] .
Specifically, here is what Menger says",L22-0244
905,fineweb-edu-sample,0,711,45,241.95037841796875,idget submarine outside the harbor entrance and alerted destroyer USS [ Ward] . Ward was initially unsuccessful in locating the target.,L22-0245
34492,wikimedia-en,1,8085,186,283.54217529296875,"77. He started work on a farm in [ River] ton but, having some experience in brick-making",L22-0246
7122,fineweb-edu-sample,0,591,18,222.22946166992188," and the Divine Spirits of the Palo Religion with this [ informative]  essay by Madrina Angelique!
Palo",L22-0247
157,wikimedia-en,0,7851,89,227.1810302734375,"entalers survived and emigrated. Today's spreading [ is]  relatively high in Canada and Serbia.

People ",L22-0248
34492,fineweb-edu-sample,0,607,133,188.1389923095703," activated by air and light. Painted surfaces, like [ do] orknobs, will kill microbes, viruses and",L22-0249
1284,fineweb-edu-sample,0,5122,430,204.52789306640625," of relations between harem residents, although these were sometimes [ suppressed] . For example Caliph Musa al-Hadi",L22-0250
14064,wikimedia-en,1,11779,148,279.8912658691406,"5 years, his last years as a player. [ In]  the first part of the 2013",L22-0251
21515,wikimedia-en,1,10341,437,257.3385009765625," 163 m and width of 2 [2] ,5 m.

See also 
 List",L22-0252
14064,wikimedia-en,0,11316,374,217.30178833007812," and India. Other mountains Skreslet has climbed [ in]  his journey were in the North American Rockies, South",L22-0253
4714,wikimedia-en,1,11861,477,676.9977416992188," before full responsibility for agriculture was transferred to the Welsh [ Office]  in 1978, Fred Peart",L22-0254
6846,fineweb-edu-sample,1,3226,34,338.40704345703125," of the name, formation, and application of each [ of]  the 42 sounds of the alphabet. From",L22-0255
14064,fineweb-edu-sample,0,4942,268,180.65203857421875,"provoking.
Any kid with cancer might find "" [The]  Fault in Our Stars"" by John Green both realistic",L22-0256
87,wikimedia-en,0,6782,17,241.89373779296875,"O, was the third Abbot of Mepkin [ Abbey]  until his death on August 27, ",L22-0257
1199,wikimedia-en,1,10586,114,547.013916015625," 1985, but it was later [ revealed]  to be the work of forger Mark Hofmann.",L22-0258
839,fineweb-edu-sample,1,879,13,479.27398681640625," uses an avatar to predict peoples energy expenditure depending on [ their]  walking style, reports a new study. The findings",L22-0259
87,wikimedia-en,1,9933,499,994.8178100585938," when straight and relaxed. Large specimens can be extremely [ bulky] , with the mass of a specimen of about  ",L22-0260
905,wikimedia-en,0,7288,488,232.59014892578125," add the entire estimated cost of the obligations to the [ proceeds] , preferring to restrict the amount added back to the",L22-0261
2193,wikimedia-en,0,8981,434,333.6977844238281,"-designated
These senators were appointed under a constitutional [ provision]  that allowed the number of Quebec senators to temporarily increase",L22-0262
11908,fineweb-edu-sample,0,2780,451,196.29714965820312,", including honesty, loyalty, devotedness to the [ nation] , and others. As a rule the political betrayal",L22-0263
4714,wikimedia-en,1,7869,107,1719.8912353515625,"A slightly modified version was used in . It is [ derived]  from the algebraic notation used for chess, but differs",L22-0264
2193,fineweb-edu-sample,0,3113,192,240.24948120117188,"weights in their balance scales.
Today, just [ as]  a dollar is divided into 100 pennies",L22-0265
905,fineweb-edu-sample,0,3769,113,212.68890380859375,"rendash opens up all kinds of avenues for possible [ research] , but research on the health effects of cell phones",L22-0266
25249,wikimedia-en,1,10550,201,657.54931640625, the series and received a 2010 [ Emmy]  Award nomination for Outstanding Writing for a Drama Series for,L22-0267
252,wikimedia-en,0,11360,94,217.29278564453125," he was collated by the Bishop of Ely to [ the]  rectory of Glemsford, Suffolk. He was",L22-0268
1772,wikimedia-en,1,6280,91,751.0177612304688,"ic shot putter

Others
Eric Barnes ( [writer] ) (born 1968), American",L22-0269
1247,fineweb-edu-sample,0,2808,450,223.98678588867188,? a. bio c. physical b. inorganic [ d] . analytical ____ 2. Which of the following,L22-0270
1199,fineweb-edu-sample,1,833,476,936.82470703125," chiropractor, Dr. Jarrod Bagley, specializes in [ removing]  subluxations allowing your body to heal and function",L22-0271
1247,fineweb-edu-sample,0,4469,275,279.1731262207031," of MS and more basic aspects of how the nervous [ system]  and immune system works, some studies focus specifically on",L22-0272
252,fineweb-edu-sample,0,3501,246,215.59906005859375," in different cells. For example, liver is rich [ in]  phosphorylase kinase and glycogen synthase, enzymes whose reciprocal",L22-0273
87,fineweb-edu-sample,1,5011,13,609.8665161132812," moving average is possible in different ways. It is [ needed]  for multiple reasons. However, it begins with having",L22-0274
14064,wikimedia-en,0,9217,70,191.72654724121094," most similar to Perigonia stulta but the [ yellow]  tornal patch is larger.

Adults have",L22-0275
1284,fineweb-edu-sample,1,1889,144,896.8746337890625,"I believe this is especially true when talking about avoidance [ and]  Obsessive Compulsive Disorder.
OCD is",L22-0276
7122,wikimedia-en,0,7250,169,182.52590942382812," Adhikar Party. In the election swept by [ the]  BJP, the NISHAD party won only the",L22-0277
87,fineweb-edu-sample,1,5623,71,813.6771850585938,"The pathophysiology of COVID-19 is not well [ understood] , even after more than two years; however,",L22-0278
1199,wikimedia-en,0,10861,79,243.31890869140625,"-American to endorse Mayor Rudy Giuliani's ultimately [ successful]  re-election campaign.

She died on February",L22-0279
2193,wikimedia-en,0,6559,428,222.82278442382812,"VSN-DT
Television channels and stations established [ in]  2009
2009",L22-0280
252,wikimedia-en,1,11696,324,505.96636962890625, other citrus growers successfully lobbied the House Ways and [ Means]  Committee for a one-cent-per-pound,L22-0281
6903,wikimedia-en,1,8106,470,423.63714599609375," label ""allopath"" was ""considered highly der [isive]  by regular medicine."" Most modern science-based medical",L22-0282
6629,fineweb-edu-sample,0,3259,372,205.3833465576172, the opportunity to study the earth from space. “ [There] ’s so much we can learn about the earth,L22-0283
2241,wikimedia-en,0,9386,8,234.2901611328125,<bos>The 1985 Louisville [ Cardinals]  football team represented the University of Louisville in the ,L22-0284
1772,wikimedia-en,0,8401,42,274.46978759765625, evidence that he adduced to prove otherwise were certain letters [ written]  by estate agents or valuers. The court held,L22-0285
1199,wikimedia-en,0,6606,191,197.4066162109375," Eleazar Kalir is also noteworthy, since he [ maintained]  that the word ""Be-Rabbi"" was",L22-0286
25249,wikimedia-en,1,8204,143,503.4757995605469,"okbokki).

Today, variations also include [ curry] -tteokbokki, cream sauce-tte",L22-0287
839,wikimedia-en,1,11434,17,636.9750366210938,"21, 1969) is [ an]  American former rugby union player and current rugby coach and",L22-0288
6629,wikimedia-en,1,10939,34,534.6318359375, released on 30 January 199 [5]  through Nude Records. It is the first single,L22-0289
2193,fineweb-edu-sample,0,90,359,225.98825073242188," were looking for.”
The findings also support the [ theory]  that water ice plays an important role in planet formation",L22-0290
2241,fineweb-edu-sample,0,2154,93,281.12945556640625," scale, Versailles clearly wins. But when it comes [ to]  the fountains, Versailles has to cycle through its fountains",L22-0291
1772,fineweb-edu-sample,0,3245,495,215.39353942871094," a fertile ground for the evolution of human culture: [ the]  arts, scientific research, and technical innovation. They",L22-0292
87,wikimedia-en,0,11149,102,290.87091064453125, Cortese can also be found in the Lombardy [ region]  of Oltrepò Pavese and in,L22-0293
1284,wikimedia-en,0,6239,31,243.60443115234375," parallel to and between the Niagara Escarpment and [ the]  Magnesian Escarpment.
The es",L22-0294
6629,fineweb-edu-sample,1,5401,125,411.4091796875,"Notes- The watermark ""HistoricalPhoto.com"" [ will]  not appear on artwork itself.",L22-0295
21515,wikimedia-en,1,10645,473,268.15478515625, in 1998 it was 4 [6] %. From 1998 to 2,L22-0296
11908,fineweb-edu-sample,0,323,188,210.51220703125," and the plant’s yield.
Lifes [pan]  of a Spider Mite
The female spider mites",L22-0297
129,wikimedia-en,1,8627,425,516.643310546875, as a Lessepsian migrant but recent work [ has]  shown that it does not occur in the Red Sea,L22-0298
1247,fineweb-edu-sample,0,1374,298,234.27178955078125,’s destruction is a perpetual cause of aging and [ wrinkles] . Human skin is exposed to the deadly ultraviolet rays,L22-0299
129,fineweb-edu-sample,1,634,185,692.585693359375,"winds. But most importantly, the ornicopter [ is]  more efficient than a helicopter in higher-altitude thinner",L22-0300
25249,fineweb-edu-sample,0,5299,76,222.99246215820312,This course will indtroduce students to engineering [ technology]  design principles by having them participate in team based design,L22-0301
1772,wikimedia-en,1,8694,425,637.1509399414062,"2006 the Beautiful Artist Award.

 [Works]  in Korean (Partial)

Novel
 National Holiday",L22-0302
11908,fineweb-edu-sample,1,3142,162,622.8553466796875, the Prussian War. When the main line of Prussian [ Hohen] zollerns died out in 161,L22-0303
2193,wikimedia-en,1,8379,204,835.2999267578125, institutions. Originally both MPC and MPW arrangements were [ introduced]  for integrated circuit (IC) education and research;,L22-0304
141,wikimedia-en,1,8544,265,694.4375," Lodu group. None of the Mukti Bah [ini]  freedom fighters were killed during this battle, which was",L22-0305
2193,wikimedia-en,0,9301,102,251.86068725585938, heavily cut and hastily re-edited by producer Fred [ Calvert]  without Williams's involvement. It was eventually released,L22-0306
21515,fineweb-edu-sample,1,4467,168,280.4156799316406," the Indian National Congress was founded at Gokuldas [ Tej] pal Sanskrit College in Bombay, with 72",L22-0307
87,wikimedia-en,1,6151,347,1036.294677734375,"'s relatives and supporters initially opposed Ivo's [ appointment] , but with the backing of Pope Urban II,",L22-0308
6903,fineweb-edu-sample,0,1236,323,226.58470153808594,"1970
• The Payment of Bonus [ Act] , 1965
• The Maternity",L22-0309
839,wikimedia-en,1,8196,12,496.68536376953125,9th Street is a major two-way street [ on]  the Upper East Side and Upper West Side of the,L22-0310
6846,wikimedia-en,0,9269,457,233.38424682617188,"lo-Dragonetti"") played by Paganini and [ bequeathed]  to Teresa by Domenico Dragonetti, a c.",L22-0311
1827,fineweb-edu-sample,1,1075,312,613.6387939453125," an email at
Unfortunately there has been a problem [ with]  your order
Please try again or alternatively you can",L22-0312
25249,wikimedia-en,0,7462,199,227.2902069091797,"
FCC Station Search Details: DWDKD ( [Facility]  ID: 15835)
",L22-0313
6903,fineweb-edu-sample,1,5450,341,483.10577392578125," a serious threat to our broads, lakes, [ rivers]  and streams. Once in a particular waterway these invasive",L22-0314
14064,wikimedia-en,1,11129,360,326.00860595703125," Kummer (born 1993), [ German]  biathlete
Mario Kummer (born 1",L22-0315
1284,fineweb-edu-sample,1,512,64,615.5904541015625," the service life of structures in a deicing salt [ and]  marine environment
- Cost effective solution to the control",L22-0316
1772,fineweb-edu-sample,0,3788,461,258.2249755859375," destruction of both of their temples with worshipers reciting [ Lament] ations and other dirges. The first temple,",L22-0317
839,wikimedia-en,0,10452,16,213.4285888671875,kei is a moth of the family Sphingidae [ first]  described by Jean-Marie Cadiou in ,L22-0318
2241,fineweb-edu-sample,0,3623,226,242.0693359375," is meeting the challenge:
Cassava Virus Action [ Project]  works to decrease the time to precisely detect and identify",L22-0319
34492,fineweb-edu-sample,0,5223,74,181.5833282470703, begins the elegy with a vivid description of the [ des] olation in his surroundings. Utilizing the elegance common to,L22-0320
14064,wikimedia-en,0,11000,502,198.8434600830078," fountain was constructed in 1862 by [ Pope]  Pius IX, replacing an earlier fountain by Pope",L22-0321
6629,wikimedia-en,1,7856,289,662.9100952148438, double coat that is both long and rough. The [ hair]  on the face and legs may be softer than body,L22-0322
6903,wikimedia-en,0,10675,394,248.3008270263672," University in recognition of his extraordinary contribution to computer music [ research] .
He was the recipient of the Gold Medal",L22-0323
11908,wikimedia-en,1,9105,30,340.7071838378906," east ridges of Stybarrow Dodd, which is a [ mountain]  (or fell) in the English Lake District,",L22-0324
1772,fineweb-edu-sample,1,1488,22,511.7855224609375,"., CphT, and others - but easy [ to]  read.|
METABOLIC SYNDROME",L22-0325
157,fineweb-edu-sample,0,367,99,260.224365234375,"15, killing more than 48 million [ hens]  in 223 separate outbreaks across the country",L22-0326
87,fineweb-edu-sample,1,3617,92,668.2943725585938,0s. Backpacks for school became an integral [ part]  of students’ lives. They were used to carrying,L22-0327
14064,wikimedia-en,1,7519,376,278.7611389160156, in England were granted the ten-hour day via [ the]  Factories Act 1847. French workers,L22-0328
1772,wikimedia-en,0,8878,292,226.8208770751953, on an eponymous novel by Hermann Löns. An [ earlier]  movie version was made in 1932,L22-0329
905,fineweb-edu-sample,1,1018,88,2355.587890625,", are also under threat. Learn what you can [ do]  to help these amazing creatures of the night!
",L22-0330
25249,wikimedia-en,1,11391,434,521.6932983398438," became Lieutenant Governor.

During his administration, the [ boundary]  line between Rhode Island and Massachusetts was established. He",L22-0331
6903,fineweb-edu-sample,0,2191,303,233.6372833251953,"9 to 6.1 percent in 1 [9] 92."" -- U.S. Department of",L22-0332
7122,wikimedia-en,1,9714,254,432.556884765625," generation plate, to stop even greater velocity threats than [ the]  ESAPI plate was issued by the U.S",L22-0333
1772,wikimedia-en,1,10719,158,512.182861328125," she had been trying to write the song for years [ without]  succeeding. Then, her sick dad offered her a",L22-0334
905,wikimedia-en,1,10938,97,780.5264892578125," and Neil Watson.  Parsons created her own [ label] , Cape Road Recordings, so she could release her",L22-0335
14064,wikimedia-en,1,9358,342,429.7279968261719, a  double corkscrew above the water. Immediately [ following]  is a small bunny hill with a short dive under,L22-0336
2241,fineweb-edu-sample,0,3728,5,244.3583984375,<bos>A group of researchers [ have]  developed a way to identify pirated movies by reducing,L22-0337
34492,wikimedia-en,1,11394,326,449.8437805175781," some exceptions to the above-mentioned principle:

 [ Level] ing seats: These seats exist to resolve situations in",L22-0338
7122,fineweb-edu-sample,0,4420,41,197.23504638671875, steps of the occupant upstairs or simply by the steps [ of]  someone in another room within the same flat. One,L22-0339
157,wikimedia-en,1,8710,420,494.977783203125, with the same prices.  An example of this [ setting]  is the rental harmony problem - matching tenants (the,L22-0340
34492,wikimedia-en,0,8957,155,188.6216583251953,Bovec was attested in written sources in 1 [0] 70 as  and  (and as  ,L22-0341
905,fineweb-edu-sample,0,1512,63,171.79058837890625," day more clearly into view the important part China must [ play]  in the changes that have become imminent in Asia,",L22-0342
6903,wikimedia-en,1,10880,115,377.13067626953125," still not exactly clear how effectively these aims have been [ fulfilled] , but the Hall seems quite popular within the local",L22-0343
252,fineweb-edu-sample,1,1348,196,567.8384399414062, 2.00’ meaning Artillerie Mun [itions]  17 (Prussian Mounted Battery 1,L22-0344
1199,wikimedia-en,0,11026,350,244.6468505859375, daughter married T.P. O'Connor MP [ in]  1885 the same year O',L22-0345
141,wikimedia-en,1,9078,20,484.1217346191406, as ecologist Joe Roman as a way of reducing [ their]  numbers.  This is a list of cases where,L22-0346
157,fineweb-edu-sample,0,5507,451,225.369384765625," high temperatures, which often do not occur in carbon [ storage]  reservoirs.
The team began with highly reactive nan",L22-0347
21515,fineweb-edu-sample,0,97,239,200.9628143310547, shape is represented with multiple “memory units” for [ concepts]  related to orientation and shape. Now the “memory,L22-0348
252,wikimedia-en,0,10458,52,206.4940185546875,"3PB.

History
It used to be [ called]  Egerton Park Community High School, and previous to",L22-0349
6903,fineweb-edu-sample,0,1703,51,266.35845947265625,H) said about it? Is it a good [ thing]  to go and travel to see the beautiful things Allah,L22-0350
11908,fineweb-edu-sample,0,897,339,180.86863708496094," affecting each type of meter.
|EMW [ Meter] ||Pin Meter|
**Some Pin Meters may",L22-0351
7122,fineweb-edu-sample,0,2149,47,195.9288330078125,. Similar massacres took place in other towns in [ the]  weeks following. The main provincial towns and cities experiencing,L22-0352
34492,fineweb-edu-sample,0,2625,135,175.18553161621094," and civilian participation. They formed an organization called "" [Council]  to Aid the Jews,"" code-named ""Z",L22-0353
11908,fineweb-edu-sample,1,3474,3,482.2527770996094,"<bos>- Word [ Combin] ations (noun), Word Explorer
|part of",L22-0354
1284,wikimedia-en,1,9579,180,646.0087890625," She worked for many charities, and founded Iran' [s]  first American-style university, enabling more women to",L22-0355
21515,fineweb-edu-sample,0,3654,14,202.28317260742188," jointly published by the International Food Policy Research Institute, [ Concern]  Worldwide, and Welthungerhilfe. Ranked ",L22-0356
7122,wikimedia-en,0,9689,445,240.66717529296875, there he traveled to the Hudson Bay Company post at [ the]  mouth of the Little Whale River in what is now,L22-0357
21515,fineweb-edu-sample,0,5336,236,194.04847717285156," the drive to achieve balance, harmony and find form [ or]  beauty. Environmental concerns or “green” initiatives are",L22-0358
4714,fineweb-edu-sample,0,1297,338,242.9038543701172, could refuse to help Muslims cope with the need to [ fast]  during the daylight hours of Ramadan. These things would,L22-0359
6846,fineweb-edu-sample,1,1380,122,349.96405029296875, The 6+1 Trait Spanish Writing model [ is]  not a direct translation of the 6+1,L22-0360
21515,wikimedia-en,0,8439,36,210.2418212890625," Voyager 2 images but was seen at much higher [ resolution] , though near the terminator, by Cassini.  ",L22-0361
6846,wikimedia-en,0,9646,21,230.17129516601562," are glial cells that cover the surface of neuron cell [ bodies]  in ganglia of the peripheral nervous system. Thus,",L22-0362
157,wikimedia-en,1,7297,66,453.28448486328125,"ce, a village in Bosnia and Herzegovina

Other [ uses] 
 Kasumi (given name), a feminine Japanese",L22-0363
905,wikimedia-en,0,11819,264,237.1854248046875," and young people participate in the celebrations alongside local folklore [ groups]  and other residents. A procession consisting of men,",L22-0364
2193,fineweb-edu-sample,1,4464,413,956.209716796875, roundup of research on hospitalized COVID-19 patients [ published]  in JAMA in February 2020 noted,L22-0365
11908,fineweb-edu-sample,1,1759,370,640.1558227539062,"; Mycobacterium tuberculosis; Vaccine; Immunopathogenesis; [ Immun] ological correlates
Bovine TB, caused by Mycobacterium",L22-0366
905,wikimedia-en,1,7211,234,930.621826171875, frames of a fleet of boats that was once made [ here] . The poem is part of a lost epic story,L22-0367
11908,wikimedia-en,1,10889,100,320.7919006347656," also served in the Wisconsin Assembly.

Career
 [Barn] ard was a member of the Assembly from 1",L22-0368
1199,fineweb-edu-sample,1,3622,393,701.3017578125," of metals,"" Boules says.
Boules [ believes]  fully automated cars could be built by the next decade",L22-0369
34492,fineweb-edu-sample,0,2908,103,201.74554443359375,", 1638 Henry and William become [ Fre] emen: they vowed to defend the Colony and to",L22-0370
839,wikimedia-en,0,9836,19,255.23175048828125," the recognized value of something. In accounting, this [ is]  a recognition of the reduced or zero value of an",L22-0371
2241,fineweb-edu-sample,1,4512,100,499.40155029296875," to the cooperation of the BBC, the Grand Duchess [ Charlotte]  regularly sent radio airwave messages of support to the",L22-0372
252,fineweb-edu-sample,1,3722,3,594.9932861328125,<bos>Scientists from [ the]  Tokyo University of Science say they have identified a polyphen,L22-0373
34492,fineweb-edu-sample,1,4320,273,319.9326477050781, September 1527) was a German [ translation]  with additions (1528) of the,L22-0374
252,wikimedia-en,1,9085,323,487.95660400390625," was commissioned as an officer in the Imperial Yeoman [ry] , and saw active service in South Africa. After",L22-0375
1284,wikimedia-en,1,6524,51,829.111328125," thin films or nanostructures to reveal internal features such [ as]  film thickness as well as cracks, delaminations",L22-0376
25249,fineweb-edu-sample,0,647,10,186.8280792236328,"<bos>Less than 80 miles from Prudhoe [ Bay] , home to the giant oil fields that feed the",L22-0377
839,wikimedia-en,0,7616,15,306.59625244140625," the independent student newspaper of the University of Chicago, [ is]  a weekly publication founded in 1892",L22-0378
21515,wikimedia-en,1,8236,153,345.5430908203125," settling in Manitou Springs in 199 [8] .

Physiology
Carpenter stands at  and",L22-0379
21515,wikimedia-en,0,6246,221,209.38751220703125,"
 the Urtica dioica subcommunity, [ subdivided]  into:
 a Papaver rhoeas variant",L22-0380
21515,wikimedia-en,0,11010,350,212.65232849121094,"wa Tribe
 Wiremu Kīngi Maket [ū]  (c.1824–18",L22-0381
141,wikimedia-en,1,10992,174,626.85546875,""".

Plot
The discovery of an Earth- [like]  atmosphere on the 13th moon of Jupiter",L22-0382
14064,fineweb-edu-sample,0,3147,407,206.01226806640625, for same-sex marriage were introduced. Same- [sex]  marriage was officially legalized within the United States in ,L22-0383
2193,fineweb-edu-sample,1,2891,220,1890.7657470703125," have named obesity an eligible condition.
BMI was [ introduced]  in the early 19th century by a",L22-0384
87,wikimedia-en,1,8828,110,818.6694946289062," a member of the ""All-time Argos"" [ team] , joining Argo greats such as Mike O'Shea",L22-0385
1199,fineweb-edu-sample,0,221,440,215.31158447265625," specialized ‘pain’ receptors. In response to negative [ stimulus] , a variety of different sensory receptors work together to",L22-0386
2241,wikimedia-en,1,8067,223,472.7288818359375," the first Chairman of Andhra Pradesh State Human Rights Commission [ and]  in October 2012, Reddy took",L22-0387
2241,wikimedia-en,1,7159,12,669.8197021484375," Harry Potter book series by J. K. Rowling [ has]  resulted in numerous controversies over its publication and content,",L22-0388
2193,wikimedia-en,0,11217,430,296.2427673339844," the publisher of ""Mutter und Kinderland"" [ and]  of the year books ""Wir sind jung"" (""",L22-0389
252,fineweb-edu-sample,0,4219,281,222.28790283203125," detail preserved.”
For example, one fossil shark [ displayed]  at the Natural History Museum is so detailed that the",L22-0390
129,wikimedia-en,1,9372,166,735.5919189453125," The universe must have a critical density, a density [ not]  explained by  baryonic matter (ordinary matter",L22-0391
1284,fineweb-edu-sample,0,4390,19,265.0968017578125, about creating a national park around the unique geology and [ beautiful]  landscapes of the Valles Caldera area in New,L22-0392
1772,wikimedia-en,1,7339,375,631.2711791992188," written by Beverly Ann Menke and including a fore [word]  by Scott Hamilton, was published in 20",L22-0393
4714,wikimedia-en,0,11260,137,233.3422393798828," race, running for Bundestag, the German Federal Parliament [ as]  a SPD candidate for the party of Willy Brandt.",L22-0394
14064,fineweb-edu-sample,1,5668,439,535.408935546875," snowshoers:
“Avalanche safety skills [ for]  those who travel in the backcountry on snowshoes.",L22-0395
141,fineweb-edu-sample,0,2804,119,240.34817504882812," graduate school.
Unlike secular English programs that promote [ relativistic]  theory about language, Maranatha’s English",L22-0396
25249,fineweb-edu-sample,1,1262,500,608.9085693359375," rooms, ceilings, skylights and landscaping of cour [ty] ards and buildings.
Glazing Designs For Office",L22-0397
157,fineweb-edu-sample,0,3329,95,272.99420166015625," according to the study. ""It raises the question [ of]  whether those substance users would still have gone on to",L22-0398
25249,fineweb-edu-sample,0,4248,381,181.75743103027344,"s Choice.”
CWF developed an Invasive Species [ encyclopedia]  to help people discover which species are considered invasive,",L22-0399
4714,fineweb-edu-sample,1,5041,501,1092.5643310546875, expect no amelioration of their economic or social degrad [ations]  from the New Deal. Despite some declarations of good,L22-0400
157,fineweb-edu-sample,1,1513,76,455.5863037109375, concept. It’s been around for years and [ is]  already in use by businesses and educational institutions. The,L22-0401
7122,fineweb-edu-sample,0,4090,14,187.67453002929688," when given opportunities to discover or experience concepts before teachers [ define]  them.
Recently in Literacy Category
September ",L22-0402
6903,fineweb-edu-sample,0,1138,187,234.8931121826172," a Civics Participation & Citizenship Collection page, which [ leads]  to other materials and resources.
The Commonwealth of",L22-0403
1827,fineweb-edu-sample,0,2251,52,209.20709228515625," Life of Earth’s CO2. According to [ NASA] , “The visualization is a product of a simulation",L22-0404
839,fineweb-edu-sample,0,4524,11,230.3291015625,"Moving Houseplants Indoors & Pests that May [ Come]  with Them
by Don Janssen, Extension Educator
",L22-0405
1199,fineweb-edu-sample,1,5725,112,603.504150390625, and that the following applies: a) the sum [ of]  all numbers is 510 And for another,L22-0406
1199,fineweb-edu-sample,0,5492,53,197.0732421875, to pay on average to all its security holders to [ finance]  its assets. The WACC is the minimum acceptable,L22-0407
34492,wikimedia-en,0,9723,8,188.58106994628906,"<bos>Helen Bullard (June 2 [8] , 1896 - November 1",L22-0408
1199,fineweb-edu-sample,1,1251,142,875.0460205078125, and the paper's first author. “We [ suspect]  that social support from spouses is what's driving,L22-0409
11908,fineweb-edu-sample,1,1881,115,433.7022399902344," a researcher at the University of Benin Teaching Hospital in [ Benin]  City, Nigeria.
He presented the study at",L22-0410
252,wikimedia-en,1,7924,124,584.3156127929688,"9, Ogeechee Technical Institute became responsible for [ Adult]  Literacy throughout its service area. That same year,",L22-0411
129,fineweb-edu-sample,1,1640,511,1133.8299560546875, what facilities are available in PL/SQL could lead [ to] ,L22-0412
252,fineweb-edu-sample,1,5964,84,1335.330810546875," Nine years ago, Angelo Spillo, director of [ the]  Environmental Center, started Earth Month, as a way",L22-0413
2241,wikimedia-en,0,8689,361,303.119873046875, It Be Me and The Last Days of Disco. [ He]  has co-hosted seasons 1 and 2,L22-0414
87,wikimedia-en,1,10991,257,877.3296508789062, by de Volkskrant revealed that the players were [ innocent]  and the club was a playball of several groups,L22-0415
21515,fineweb-edu-sample,0,2989,421,214.03907775878906," a way forward. As a result, a pilot [ affirmative]  action program was conducted and a Working Group was established",L22-0416
25249,fineweb-edu-sample,1,5653,344,364.8361511230469,"- If you develop a health condition like asthma, [ allergy] , eczema, blister, nausea or hay fever after",L22-0417
129,wikimedia-en,1,6676,159,532.0919189453125,"

Result

Aftermath

Although nationally the Conservatives [ won]  a landslide victory at the general election a few months",L22-0418
11908,fineweb-edu-sample,1,1331,166,622.2594604492188, the universe? That’s precisely what Marco Bers [an] elli and Mario Gargantini explore in From Galileo,L22-0419
7122,fineweb-edu-sample,0,649,39,198.81948852539062," for work. planning a uni essay sample wedding or [ a]  party, finding child. where does example of problem",L22-0420
905,wikimedia-en,1,10381,443,604.5828247070312," translation, the manuscript of which was used by his [ son] .

References

Attribution:
 

",L22-0421
11908,fineweb-edu-sample,0,4934,38,167.8477325439453," hotter than the surrounding areas. This is known as [ urban]  heat island.
The urban heat island has a",L22-0422
129,wikimedia-en,0,6582,344,219.12545776367188,. This made her only the fourth British woman in [ history]  to run sub 2 minutes for the 8,L22-0423
6629,wikimedia-en,1,10729,75,510.596435546875," energy, and currencies. The monthly volume on all [ contracts]  is around US$12.6 million.",L22-0424
157,fineweb-edu-sample,0,2557,30,280.45068359375,", and regions of country where pyrethrum is [ grown] . With this said, it is clear that weeds",L22-0425
1199,fineweb-edu-sample,1,4589,454,1634.158203125," more non-linearity than the zinc oxide, because [ of]  this non-linearity it could burn out the arre",L22-0426
21515,fineweb-edu-sample,1,963,63,267.0091552734375,", located on the territory of the present commune of [ Saint] -Pryvé-Saint-Mesmin.",L22-0427
14064,wikimedia-en,0,9401,111,205.96885681152344,"1814–1857), [ the]  United States Secretary of the Navy from 18",L22-0428
141,wikimedia-en,1,6800,381,480.2931213378906, can reproduce sexually and asexually depending on the [ conditions]  in its environment. Pygmy Drosera can,L22-0429
21515,wikimedia-en,1,8599,160,282.04840087890625,15 in honor of NYU Trustees Chandrika and [ Ranj] an Tandon following their donation of $10,L22-0430
1284,fineweb-edu-sample,1,1933,510,523.9442138671875,Ds. Some of the most effective delivery solutions come [ through]  community,L22-0431
2241,wikimedia-en,0,8666,214,251.09759521484375," during Operation Toan Thang IV Steindam [ covered]  an enemy-thrown hand grenade with his body,",L22-0432
839,wikimedia-en,1,11127,11,660.3071899414062,"California State Christian University is an unaccredited and [ unregulated]  school based in Los Angeles, California. Founded in",L22-0433
6903,wikimedia-en,0,11443,160,227.83848571777344, November 2000 and a 4 [5] -year-old man on 24 November,L22-0434
21515,wikimedia-en,0,6111,228,203.46160888671875," Cleveland.

The Red Sox would go on to [ sweep]  the Colorado Rockies in the World Series, winning their",L22-0435
1772,fineweb-edu-sample,1,151,390,1042.586181640625," awareness. Pali is language in which original Buddhist transcripts [ were]  written.
When we refer to Mindfulness we refer",L22-0436
11908,fineweb-edu-sample,0,419,503,169.33897399902344, postfix ‘er’ in words indicates the occupation / [ action]  of a person or a thing. Same,L22-0437
21515,fineweb-edu-sample,0,4117,479,192.8818359375," known cancer promoter.
5. Calcium has benefits [ that]  dairy doesn’t. Calcium supplements, but not",L22-0438
1247,fineweb-edu-sample,1,5425,381,639.2772216796875," critical essay date, style and theme in richard iii [ when]  the duchess of york and queen elizabeth berate",L22-0439
839,fineweb-edu-sample,1,1131,186,517.9205932617188," confidence in their own creative ability and skills.
 [At]  Endeavour High School pupils have the opportunity to study",L22-0440
14064,fineweb-edu-sample,1,5359,350,398.1297912597656,"options – By establishing a legal relationship, a father [ ensures] 
himself of having rights. Paternity establishment",L22-0441
6846,wikimedia-en,1,11087,230,316.90234375," Bulygin, Sovetskaya Belorussi [ya]  – Belarus' Segodnya, 7 February",L22-0442
4714,fineweb-edu-sample,0,5698,427,249.6625518798828," evenly blending together.
An underpainting is usually [ created]  to establish values or color temperature in a color drawing",L22-0443
157,fineweb-edu-sample,1,2957,40,525.2842407226562," it is impossible to tamper with the information.
 [It]  has been used for various purposes such as tracking financial",L22-0444
129,wikimedia-en,0,6536,107,301.3437805175781,"Johnny, or ""Doc"" as referred to by [ those]  closest to him, worked at his father's",L22-0445
2193,wikimedia-en,1,11119,28,840.0885009765625," World sparrow.

Taxonomy
This bird was [ named]  after Edward William Nelson, an American naturalist. Formerly",L22-0446
252,fineweb-edu-sample,0,1254,185,252.876220703125," physical education class, while the levels of those in [ the]  yoga group remained the same or improved slightly.”
",L22-0447
11908,wikimedia-en,1,8846,214,448.8465576171875,"Etymology 
The Slavic word zora "" [dawn] , aurora"" (from Proto-Slavic *",L22-0448
21515,wikimedia-en,0,10978,205,207.13265991210938, Canada. Former Canada Party leader Claire Foss served as [ vice]  president of CAP until November 2003,L22-0449
252,fineweb-edu-sample,0,5374,144,209.60797119140625," as we’ve taken to calling it at New [ Scientist] ) is the oldest primate skeleton ever found, and",L22-0450
905,fineweb-edu-sample,1,4835,284,660.5944213867188, of the state? The state is the occasion for [ individual]  human beings to become conscious of the universal and to,L22-0451
6846,wikimedia-en,1,9675,27,326.062744140625,", a mixed martial arts promotion based in Japan. [ In]  2002 Deep held 6 events",L22-0452
839,wikimedia-en,1,6779,6,500.03497314453125,<bos>Hot Chase is an arcade [ game]  released in 1988 by Konami,L22-0453
2193,fineweb-edu-sample,0,254,283,298.0490417480469,work. They will also be required to take standardized [ tests]  mandated by the state of Ohio. The K¹,L22-0454
905,fineweb-edu-sample,1,5492,74,1489.9837646484375," return that a company must earn on an existing asset [ base]  to satisfy its creditors, owners, and other providers",L22-0455
1247,fineweb-edu-sample,1,622,275,636.704345703125,"Modern sense of ""non-arts studies"" is [ attested]  from 1670s. The distinction",L22-0456
4714,wikimedia-en,0,6374,334,221.8220672607422, an A and TW for a T. The overall [ result]  of the hypermutation process is achieved by a balance,L22-0457
1284,wikimedia-en,1,8697,66,969.7025146484375, multimedia document processing like automatic annotation and content extraction out [ of]  images/audio/video/documents could be seen,L22-0458
839,wikimedia-en,0,10637,48,306.22235107421875,oku Period. These Twenty-Four were the most [ trusted]  companions of Takeda Shingen. A third of,L22-0459
1827,wikimedia-en,0,9582,299,223.19500732421875," in Yangon.

Selected discography
The [ career]  of Sai Htee Saing spanned four decades and",L22-0460
905,wikimedia-en,1,6105,153,805.2041015625,". They ended their partnership in 200 [7] .

Programs 
(with Pylkina",L22-0461
1284,fineweb-edu-sample,1,3780,202,918.424072265625, for validating expression of miRNAs in whole genome analyses such [ as]  microarray studies7. The samples used in this protocol,L22-0462
141,wikimedia-en,1,9430,7,627.092529296875,<bos>Judo competed in eight different [ weight]  classes for men and women at the 20,L22-0463
839,fineweb-edu-sample,1,1658,11,722.0608520507812,"« AnteriorContinuar »
All manufacturers and food [ processors]  are facing somewhat higher labor costs this year than prevailed",L22-0464
129,wikimedia-en,0,6970,170,271.1117858886719," defeated incumbent Wilson Cain.

Stringam ran for [ a]  second term in office in the 195",L22-0465
25249,wikimedia-en,1,8608,264,715.8564453125,"82
Dichelopandalus Caull [ery] , 1896
Dorodotes",L22-0466
252,fineweb-edu-sample,1,3912,440,497.20843505859375," 1994 DOE initiated the Microbial Genome [ Program] . For this reason, in addition to the DOE",L22-0467
157,wikimedia-en,0,8089,462,249.93890380859375," and sleep.

Strategy
In communication strategy, [ it]  is important to use direct approach in the beginning of",L22-0468
2193,fineweb-edu-sample,1,714,295,1434.3179931640625," One™ exhibition
The physical version of the exhibition [ opened]  on 10 November 2015",L22-0469
6903,wikimedia-en,1,7334,400,783.615478515625," obtained a patent, but that it was of no [ value] .""

1651 Map of Virginia showing",L22-0470
2241,wikimedia-en,0,9839,33,246.622314453125,") was an Irish-born United Kingdom Wesleyan Methodist [ preacher] .

Life
Lutton was born in Moira",L22-0471
87,fineweb-edu-sample,1,2313,196,1037.273193359375,"/Optical and X-ray telescopes but, as [ expected] , we saw it only in the UV,"" Dennis",L22-0472
157,wikimedia-en,0,9342,67,262.218017578125," Main Line at Thirsk railway station. Its one [ other]  line was a branch to Masham.

History",L22-0473
11908,fineweb-edu-sample,1,3184,339,499.0620422363281,"orees.
The 2009 [ Hon] orees are women whose courageous, pioneering, and",L22-0474
14064,wikimedia-en,1,7819,497,361.8848571777344," in 1881 and is considered the [ oldest]  building in the Peninsula.

The church site,",L22-0475
34492,wikimedia-en,1,6178,57,294.79443359375," People's Alliance.

Electoral performance

 [Assembly]  of Extremadura

Cortes Generales

European",L22-0476
14064,wikimedia-en,0,9294,8,202.69578552246094,<bos>La reina de Franklin (lit. [ The]  Queen of Franklin) is a Chilean telenovela produced,L22-0477
1827,wikimedia-en,0,9852,310,225.61749267578125," but mixed responses on its combat system. A remake [ of]  the game, Crisis Core: Final Fantasy VII Reunion",L22-0478
1247,wikimedia-en,0,6494,292,213.39254760742188," University faculty
Members of Academia Sinica
National [ Taiwan]  University alumni
University of California, Berkeley faculty
",L22-0479
1772,fineweb-edu-sample,0,2984,269,244.10316467285156," court; others practised medicine. The physician Samuel, [ in]  recognition of his services as surgeon to the English knight",L22-0480
2193,fineweb-edu-sample,0,4923,89,274.0592956542969," by company insiders.
IBM, who produced the [ figures]  based on information from over 8,00",L22-0481
1827,fineweb-edu-sample,0,2995,469,258.91180419921875,"1995, the mainstream American media was [ printing]  articles full of skepticism about whether e-commerce would",L22-0482
6903,fineweb-edu-sample,1,4200,333,417.604248046875," reacting dramatically after a great play. The hugging, [ kissing]  and emotional swagger also makes them sexier.
",L22-0483
157,wikimedia-en,1,10847,6,529.6116333007812,<bos>Pandanus simplex is an [ economically]  important species of Pandanus (screwpine),L22-0484
2193,wikimedia-en,1,9414,211,1474.2705078125," written in Latin by Georgius Agricola, and [ published]  in 1556.

Mining was",L22-0485
14064,fineweb-edu-sample,1,5623,259,356.05682373046875," it is far from being clearly defined. The symptoms [ of]  long COVID may include neurological sequelae, chest pain",L22-0486
6846,wikimedia-en,0,9541,14,209.0263671875, () is a 1961 Italian pe [plum]  film set in the tenth and final year of the,L22-0487
1199,wikimedia-en,1,10886,135,1221.3682861328125,"969 as a replacement for Yorke Peninsula. [ At]  its creation, it drew 21,9",L22-0488
2193,fineweb-edu-sample,0,4954,28,206.25711059570312," technology leaders in most communities and cultures. An Internet [ search]  for ""youth and entrepreneurship"" will result in",L22-0489
839,wikimedia-en,1,8968,16,560.7056274414062," stylized as ""GOLD"") is the 15 [th]  single by the Japanese rock band Uverworld.",L22-0490
839,fineweb-edu-sample,0,3331,9,290.75634765625,"<bos>BRCA1 mutations account for only  [5] % of breast and ovarian cancers, but loss-",L22-0491
1199,fineweb-edu-sample,0,3065,290,204.08056640625,"'s power for more effective disease treatment.""
 [From]  Cow Pasture to Chemistry Lab
The study traces",L22-0492
1772,wikimedia-en,1,8948,224,686.5101318359375," But his strong desire to create poetry continued.

 [Work] 

Shin, widely known as a poet of the",L22-0493
14064,fineweb-edu-sample,0,5035,210,187.12815856933594," plant. Lavender and mint plants are also frequently used [ in]  the perfume industry.
There are also various plants",L22-0494
1247,wikimedia-en,1,11913,54,971.4071044921875, by the Soo Line Railroad. The Wisconsin Central Railroad [ first]  operated over this hill until 1961,L22-0495
839,wikimedia-en,1,7465,4,675.1505737304688,"<bos>""Criminal"" [ is]  a song by American recording artist Fiona Apple, the",L22-0496
141,fineweb-edu-sample,1,452,435,1003.1417236328125," even increase food intake among elderly people living in a [ nursing]  home.
Therefore it is crucial to ensure touch",L22-0497
1284,wikimedia-en,1,7654,341,583.4937744140625," (IAMAI). He has served as the Chairman [ of]  the Govt of India, Ministry of Information Technology Working",L22-0498
6629,wikimedia-en,0,10078,40,231.86155700683594," from the locality, the Kamioka mine in G [ifu]  Prefecture, Japan, where this mineral was first discovered",L22-0499
129,wikimedia-en,0,9087,434,217.63076782226562,". before transferring to Switzerland's FC Zürich a [ year]  later. In 2005, he",L22-0500
2241,wikimedia-en,0,7281,249,268.16009521484375,"s. Lily decides to record and transcribe the songs [ and]  share them with the outside world.

With the",L22-0501
25249,fineweb-edu-sample,0,571,98,169.9863739013672," postharvest requirements and handling systems for this group of [ commodities] .
Legumes: snap, lima, and",L22-0502
157,wikimedia-en,0,9352,156,275.31390380859375," funding, subsidies and sponsorships. Open access can be [ applied]  to all forms of published research output, including peer",L22-0503
252,fineweb-edu-sample,1,424,72,523.6475830078125," Governments for Sustainability, Yale School of Forestry & Environmental [ Studies] , Earth Day Network and AmericaSpeaks. Other",L22-0504
34492,fineweb-edu-sample,0,2863,340,199.15438842773438,"year study, there was no difference among people taking [ done] pezil, vitamin E or placebo.
Mild",L22-0505
1247,wikimedia-en,1,9698,74,819.9866943359375," Church, its parsonage, and four other [ houses] , all associated with the Brinson family.

",L22-0506
2193,wikimedia-en,1,11757,154,862.8814697265625,". He was discovered by a group of producers in [ Munich] , Germany. Deniz‘ debut album  Ağ",L22-0507
1284,fineweb-edu-sample,0,1164,13,224.94268798828125," thousands of plants growing wild in nature, most are [ considered]  common weeds. However, many of these plants have",L22-0508
839,fineweb-edu-sample,0,3814,106,270.7022705078125," math to real work and everyday living
An Overview [ of]  the Methodological Approach of Action Research, Rory O",L22-0509
11908,fineweb-edu-sample,1,4634,98,436.2596435546875, Regency. Louis invoked her hereditary claim to the Pal [atin] ate as pretext to launch the Nine Years' War,L22-0510
2193,fineweb-edu-sample,1,5667,3,1221.8099365234375,"<bos>- Upon [ independence]  in 1960, the former French",L22-0511
1284,wikimedia-en,0,10724,482,207.2984619140625,".After renting a room in the attic of the [ local]  grocer's store, Wittgenstein was soon the",L22-0512
4714,fineweb-edu-sample,1,628,157,560.2774047851562, I could find (in an admittedly short search) [ was]  this related Wikipedia article on “Complex Geometry“:,L22-0513
157,fineweb-edu-sample,1,1912,319,465.24591064453125," distribution process.
Mining also has two other main [ functions] . One is the package transaction, which is the",L22-0514
252,wikimedia-en,0,6916,83,233.16204833984375,  away.  The village of Datana comes [ under]  the Budhana Tehsil. The Hindon River,L22-0515
87,wikimedia-en,0,11842,143,304.35931396484375,"1

Many of his observations were of far side [ features]  that had not been seen in great detail. The",L22-0516
129,wikimedia-en,0,6290,228,223.04904174804688, seemed to begin a passion for writing books and he [ began]  authoring book-length works. He wrote fifteen,L22-0517
7122,fineweb-edu-sample,1,5616,420,859.4371337890625, an area of West London that would be severed by [ the]  motorway) claimed that Ringway 2 did not,L22-0518
129,fineweb-edu-sample,0,2945,362,264.3952331542969, paint needed to be removed carefully (so as not [ to]  damage the plaster underneath). The reliefs were then to,L22-0519
7122,wikimedia-en,0,10135,110,239.39895629882812," Of note, The company has supplied cooling tubes to [ the]  Large Hadron Collider at CERN.

In ",L22-0520
21515,fineweb-edu-sample,1,3716,129,281.25555419921875,", and Sue Clarke's gilded three-dimensional [ coll] ages illustrate the miraculous story. Freedland and Clarke",L22-0521
1247,wikimedia-en,1,11631,3,505.3865051269531,"<bos>Howard Edward [ Phillips]  (July 8, 1930",L22-0522
34492,fineweb-edu-sample,1,3546,66,303.37200927734375," concrete terms. Take the example of the word “ [carry] ”. In English, the word “carry” is",L22-0523
21515,wikimedia-en,1,11830,229,285.42822265625,".

1352 deaths
Mih [r] abanids
Year of birth unknown
14",L22-0524
34492,fineweb-edu-sample,0,355,73,186.07301330566406, MW (Pancheshwar High Dam-6 [4] 80 MW and Rupali Gad Re-regulating,L22-0525
905,fineweb-edu-sample,0,3312,302,207.09814453125," exercise its specific powers, as the British House of [ Commons]  does to elect its Speaker or as the United States",L22-0526
4714,wikimedia-en,1,10191,162,513.9926147460938,"63.
Weinert received 29 [ votes]  and was duly declared Dean of the Senate in ",L22-0527
905,fineweb-edu-sample,0,5934,212,256.09295654296875," be consuming. Here is a list of the snack [ foods]  your children should be staying away from:
1",L22-0528
157,fineweb-edu-sample,1,5498,273,1374.2384033203125," is used for hydrogenation and dehydrogenation reactions. It [ is]  alloyed and used in jewelry trades.
White",L22-0529
7122,fineweb-edu-sample,1,2304,67,406.2227783203125,Use this natural interest to keep a child engaged while [ teaching]  new words. Focus on teaching words beyond the nouns,L22-0530
141,fineweb-edu-sample,1,5017,394,583.08740234375," watershed health.”
The project includes a Facebook and [ Twitter]  page as well, where Peterson posts pictures and descriptions",L22-0531
157,fineweb-edu-sample,1,3494,268,491.76507568359375," the most important of these, how they connect, [ and]  why they’re important.",L22-0532
1772,fineweb-edu-sample,0,4971,78,241.7414093017578, have discussed here before. Thanks to Lydia for stepping [ up]  to the plate and I hope you find her post,L22-0533
6629,fineweb-edu-sample,1,5563,19,423.72906494140625, to your doctor. Blood pressure is measured using a [ cuff]  around your arm and a device called a sphyg,L22-0534
1247,wikimedia-en,0,10324,253,252.09844970703125, Ramayon and had a son Johan and twin girls [ Elsa]  and Maria Magdalena (Maggie) Eitzen. Elsa,L22-0535
1827,fineweb-edu-sample,0,4357,156,214.1810302734375," Society of Friends (Quakers), visited this vicinity [ in]  1673 and upon his return to",L22-0536
1827,wikimedia-en,0,11910,100,213.65887451171875," underground subway from platform 1.

Coming from [ Barcelona]  the preceding station is Garraf and the following station",L22-0537
1772,wikimedia-en,1,11745,414,581.2843017578125," of Brasenose College, Oxford
British literary [ critics] 
Wardens of Rhodes House
Knights Bachelor",L22-0538
2241,fineweb-edu-sample,0,2163,196,265.98284912109375," the components in the friction material shear, break and [ interact]  during Braking can determine a Brake Pad’s",L22-0539
141,fineweb-edu-sample,0,2722,94,280.1343688964844, This article explains how to convert between polar and cart [esian]  coordinates and also encourages the creation of some attractive curves,L22-0540
87,wikimedia-en,1,8017,257,693.6707153320312, (Chrysocolaptes lucidus) is another [ example] . The greater flameback has been split into eight,L22-0541
4714,fineweb-edu-sample,0,5129,275,212.0913543701172," are interpreters of the web. They request information ( [for]  example, from Google serves) and then show us",L22-0542
6629,wikimedia-en,1,8925,182,1329.71630859375," Grace to You with John MacArthur.  

Music [ programs]  include Southern Gospel and Christian adult contemporary music.  ",L22-0543
87,fineweb-edu-sample,0,481,78,209.97198486328125," the growing popularity of modern Geology and the Theory of [ Evolution] . The idea was poorly received, as theologians felt",L22-0544
7122,wikimedia-en,1,9138,275,555.1950073242188, as a builder. He finished the episcopal palace and [ built]  the tower and the nave of Bangor Cathedral. His,L22-0545
905,fineweb-edu-sample,0,4054,429,265.66973876953125," of thumb, anything above UPF15 is [ considered]  good, with 50+ being the highest",L22-0546
11908,fineweb-edu-sample,0,4141,269,162.73873901367188, Wisconsin has a lot of sandy soil in the western [ portion]  of the state that is really good for fracking.,L22-0547
1247,fineweb-edu-sample,1,2562,25,849.832275390625," state has just experienced its driest seven consecutive months [ since]  record keeping began in 1895,",L22-0548
6903,wikimedia-en,0,8196,475,268.71502685546875," $5.1 million for the project, which [ also]  included an underground parking garage, a restaurant, and",L22-0549
25249,fineweb-edu-sample,0,1284,414,189.89913940429688," and adding a caption.
Señor Coyote [ y]  el queso is adapted from Mexican legends of el coyote",L22-0550
157,wikimedia-en,1,11145,155,683.2821044921875," Manston Facility. Since its inception, ADMS [ has]  evolved into a modular, expandable disaster simulation platform,",L22-0551
1199,fineweb-edu-sample,0,2972,338,226.3494873046875,"Woodland Park School District voters approved a Bond Issue [ shortly]  after World War I and, with government aid,",L22-0552
4714,wikimedia-en,1,7613,372,701.2739868164062," to 470. Most of the workers [ were]  from Kiribati and Tuvalu.

On",L22-0553
87,wikimedia-en,0,8742,109,227.43206787109375, modified d'Arsonval's electrotherapy [ equipment]  by the addition of a wire coil resonator to produce,L22-0554
1827,fineweb-edu-sample,1,1801,167,512.5358276367188, believe they stem from corded herding stock. [ Dogs]  of this type were first mentioned in 13,L22-0555
11908,wikimedia-en,0,8006,311,190.0669403076172,"KU
Western Kentucky Hilltoppers basketball basketball
 [Western]  Kentucky Hilltoppers basketball basketball",L22-0556
1772,fineweb-edu-sample,1,5454,29,919.89208984375," of the content taught.
Find or create a [ written]  assignment that students can give feedback on, such as",L22-0557
129,wikimedia-en,0,6589,248,258.8774108886719,pods. Males have relatively smaller stomach sizes during spawning [ season]  compared to females due to the allocation of resources for,L22-0558
1827,fineweb-edu-sample,0,3178,146,251.73602294921875,"
Interested in being notified about future offerings of CIV [L]  1060 - Applied Hydrology?",L22-0559
1827,wikimedia-en,1,9795,205,730.8758544921875, church in North America. Some church bodies that pre [date]  the Congress of St. Louis or are of more,L22-0560
1772,fineweb-edu-sample,1,842,286,536.4902954101562," a lot of other versions that appear to derive from [ the]  Acts of Thomas version.
Thomas, traveling with",L22-0561
6903,fineweb-edu-sample,1,3848,198,354.2657470703125,", right here? Right now!” Second, “ [Why]  do you do what you do?” The Buddha’",L22-0562
6846,wikimedia-en,1,10307,438,372.12237548828125," and would watch their children sleep if they did not [ behave] .

 In the Iron Druid Chronicles book St",L22-0563
141,wikimedia-en,0,9117,260,316.3357849121094," found that through the course of its infection, the [ parasitic]  fungus completely alters the diversity and amount of metabolites in",L22-0564
2241,wikimedia-en,1,8591,260,580.7742309570312," 1975.

Yablons [ka]  was awarded the honorary title ""Peoples' Artists",L22-0565
252,wikimedia-en,0,7054,406,227.38873291015625," wineries registered.

Geography
The main town in [ the]  area is Gandesa. To the east the Terra",L22-0566
839,fineweb-edu-sample,0,3054,78,216.85919189453125," giant pothole.
Located only a few miles [ south]  of the U.S.-Canadian border, the",L22-0567
6903,fineweb-edu-sample,1,707,428,437.786376953125,"13 (M = years). Unlike Neil’ [s]  study, the measure of ACO was the child’",L22-0568
1827,wikimedia-en,0,11795,422,196.68484497070312," Points, peninsulas, ridges and islands are [ separated]  by tidal channels, inlets, estuaries, bays,",L22-0569
1827,fineweb-edu-sample,1,3588,144,490.846435546875,"Good thing, too. Much of the planet relies [ on]  these cloud fortresses, and will do so even",L22-0570
6846,wikimedia-en,0,6523,219,217.88504028320312," has wrestled in the World Wrestling Council and World Wrestling [ Federation] , better known by his ring name, Savio",L22-0571
1284,fineweb-edu-sample,0,378,181,264.95916748046875,"3 million Yuan Fǎbì. That same [ year] , the Yuan Renminbi (often called RMB",L22-0572
1199,wikimedia-en,0,11342,92,280.50823974609375, West Africa after the beginning of World War I in [ August]  1914 and captured 10,L22-0573
141,wikimedia-en,0,8107,355,289.5110168457031," of the 2006 Africa Cup of [ Nations]  squad, featuring in the 2–0 win",L22-0574
6903,wikimedia-en,1,7340,210,346.6202392578125,"80s  Since then they have excelled even [ more] .

People
Eamonn O'Hara",L22-0575
34492,fineweb-edu-sample,1,2821,329,372.9878234863281," many opportunities for personal growth and discovery, including the [ December]  Holiday Program, the Grandparents Day “Spring Sing",L22-0576
1199,fineweb-edu-sample,1,5938,101,619.4136962890625,"find activity with a different animal that's native [ to]  the same habitat, making this a multi-activity",L22-0577
1199,fineweb-edu-sample,0,4767,398,227.513671875, we now know that nobody should believe the IPCC models [ which]  projected that this warming would continue into the 2,L22-0578
11908,wikimedia-en,0,7831,360,197.89947509765625," in Andrea Chénier and Hugo von Ringst [etten]  in Undine.

Staatstheater Nürnberg",L22-0579
129,fineweb-edu-sample,0,3996,159,215.13162231445312,", end dates will be advertised with course hours. [ Learn]  more HERE.
>> This 2 hour online",L22-0580
1247,wikimedia-en,0,9377,60,239.77182006835938," (born 1983), Moroccan film [ actress]  and model
Zineb El Rhazoui",L22-0581
129,fineweb-edu-sample,0,4216,211,236.69863891601562," may have been very sketchy by modern standards, was [ nevertheless]  highly effective on the field of battle. Any armies",L22-0582
21515,fineweb-edu-sample,0,554,356,190.40011596679688," O'Sullivan, who was stationed here as a [ lighthouse]  keeper in the late 17th century.",L22-0583
129,wikimedia-en,1,9769,184,905.38134765625, Jeffery (government architect)  Tabakhane formerly [ extended]  as far west as Paphos Gate and was,L22-0584
6846,wikimedia-en,1,9078,231,342.970458984375," United States from East Asia, shoots are edible and [ the]  roots are used for medicinal purposes
Wintercress",L22-0585
87,fineweb-edu-sample,1,4290,118,688.7732543945312, we “blow up.” Both of these extremes cause [ problems]  for the angry people and for those around them.,L22-0586
6903,wikimedia-en,1,11877,410,353.41912841796875," due to ankle injury, making just five appearances in [ his]  first MLS season. He underwent surgery to repair the",L22-0587
2241,wikimedia-en,0,9967,329,250.8385009765625,1978 season but returned the following year [ to]  win his last national titles over 150,L22-0588
4714,wikimedia-en,1,8401,41,625.5082397460938, only evidence that he adduced to prove otherwise were certain [ letters]  written by estate agents or valuers. The court,L22-0589
2241,fineweb-edu-sample,1,2822,469,467.98443603515625,"-30s, with Etienne Brule widely [ believed]  to have been the first European explorer to visit in",L22-0590
1827,wikimedia-en,1,11924,44,615.425048828125,".

History
The Soldier's Monument Association [ formed]  in Aurora in 1869 with the",L22-0591
157,fineweb-edu-sample,0,2599,225,234.95037841796875," about two thousand years ago, when the camel was [ introduced]  to the Sahara from Arabia. The Tuareg",L22-0592
252,fineweb-edu-sample,1,5685,484,710.3076782226562," on states and municipalities. For example, creating a [ state]  fund for the disabled, providing barrier-free access",L22-0593
11908,fineweb-edu-sample,1,5128,162,531.93603515625,". Upon its ruins General Oglethorpe founded Dari [en]  in 1736.
The block",L22-0594
1247,fineweb-edu-sample,1,5280,57,593.626953125, was created in an artificial media with the computer on [ first]  place. to have artificial intelligence we first need a,L22-0595
2193,wikimedia-en,1,11052,55,852.90234375,98. He won the Best Taiwanese Male Singer [ award]  at the 20th Golden Melody Awards.,L22-0596
25249,wikimedia-en,0,7480,407,178.114501953125,"2020, Netwrix received a [ majority]  investment from TA Associates.

On 4 January",L22-0597
1199,fineweb-edu-sample,1,1576,53,830.1365966796875," to the truth conditions of the complete utterance, even [ if]  the Russellian specification of truth-conditions is accepted",L22-0598
4714,fineweb-edu-sample,1,781,331,693.3062133789062," in any case, so the computer can be completely [ operated]  via the serial interface with a teletype.",L22-0599
25249,wikimedia-en,1,11752,27,467.6516418457031," into Lake Huron.  Located  east of Che [boy] gan, it marks the east end of the South",L22-0600
157,fineweb-edu-sample,1,5072,52,700.0390625," genus Aristida, which includes several small feathery [ grasses]  native to southern Africa. Um Twa is the",L22-0601
6846,fineweb-edu-sample,1,5598,185,312.99981689453125," coastal areas, both the people and the buildings are [ unused]  to winter weather. Extreme cold may mean temperatures just",L22-0602
6903,fineweb-edu-sample,1,3618,220,346.63775634765625, and was gathered to his people.” So which is [ it] ; did he or didn’t he pass on,L22-0603
157,wikimedia-en,1,6484,120,449.53936767578125," element in the men's singles discipline, while [ it]  is still rare among female single skaters. As of",L22-0604
905,wikimedia-en,1,10641,49,785.2537841796875, context of persons. Many people use the name Ke [eran]  as it is both English (when spelled differently),L22-0605
25249,wikimedia-en,0,11398,299,221.93075561523438," positions that would open the route to Nuremberg before the [ enemy]  could organize his defense of that city, was pinned",L22-0606
14064,wikimedia-en,0,11051,257,216.2702178955078," programming from the University of Alaska at Juneau. [ In]  the late 1980s, he",L22-0607
14064,wikimedia-en,0,10282,192,212.47772216796875, television and radio. He featured on a ten- [minute]  promotional film made by Pathé that was regularly shown,L22-0608
7122,wikimedia-en,0,11622,436,238.9893798828125," of these objectives can be achieved without having to transact [ in]  physical property; synthetic real estate.

Defining property",L22-0609
2241,fineweb-edu-sample,1,349,95,496.50830078125," The book opens with a chapter by the field’ [s]  founding father, John Avise, reviewing the ",L22-0610
25249,wikimedia-en,1,8487,21,976.036865234375,"us) is a triplefin of the family Trip [tery] giidae, endemic to New Zealand in rock pools",L22-0611
129,fineweb-edu-sample,1,2753,369,1268.6416015625," we might just be seeing the green shoots of something [ much]  grander.
The meaning of green
One",L22-0612
25249,fineweb-edu-sample,1,3102,298,779.5823974609375," International Safety Award 2011
Hal [ley]  is the most southerly science research station operated by",L22-0613
1199,wikimedia-en,0,6052,368,221.6669921875," for the size of the beam in the axes perpendicular [ to]  the beam direction,  and  are the RMS",L22-0614
11908,wikimedia-en,0,6631,152,166.5487518310547,"

Sari County

Rural Districts of Mazand [aran]  Province

Populated places in Mazandaran Province",L22-0615
905,wikimedia-en,0,8740,360,209.7933349609375,", gender, age, or disability in choosing award [ees] .

Language levels and prerequisites

Beginner
",L22-0616
11908,fineweb-edu-sample,0,4998,92,177.30508422851562," allergies that can be attributed to three major sources of [ allergens] : cockroaches, ticks and storage mites. Other less",L22-0617
905,fineweb-edu-sample,1,4634,101,893.93212890625, invoked her hereditary claim to the Palatinate as [ pretext]  to launch the Nine Years' War in 1,L22-0618
6903,fineweb-edu-sample,0,1721,131,249.84132385253906," pharmaceutical and behavioral adjuncts, can considerably improve cessation [ rates]  in smokers. Smoking is associated with socioeconomic disadvantage and",L22-0619
6846,fineweb-edu-sample,0,5148,27,223.87747192382812,". Murray describes three layers of media design. These [ include]  inscription, transmission and representation. Inscription is the",L22-0620
129,fineweb-edu-sample,1,744,198,1560.45654296875, over the years ranging from 1 million to a [ much]  larger 18 million. Henry Farmer Dobyns,L22-0621
157,fineweb-edu-sample,0,1548,270,233.16497802734375," geyser
- Evaluate different geyser models for [ their]  performance simulation of a real geyser
- Accept",L22-0622
87,wikimedia-en,0,11718,206,303.56829833984375," by the Earl of Feversham as a shooting [ lodge] . The small church of St Nicholas, now a",L22-0623
1247,wikimedia-en,0,8223,66,216.24566650390625," he took office, he became the youngest judge of [ a]  court of last resort in the English-speaking world",L22-0624
1772,fineweb-edu-sample,0,1986,509,288.4208984375," design of Central Park. Vaux invited Frederick Law Olm [sted] , who",L22-0625
87,wikimedia-en,1,6083,306,613.2930297851562,"76, Morris, a Loyalist, avoided [ service]  in North America. 

His wife died in",L22-0626
157,wikimedia-en,0,11907,361,226.450439453125, certain how abundant the shrub was before the habitat was [ altered]  because it was not even discovered until the silv,L22-0627
6629,wikimedia-en,0,6737,31,202.33543395996094," has done lead roles on television serials, web [ series]  and films.

Television

References

External links",L22-0628
6903,wikimedia-en,1,9391,331,390.70257568359375," Newbold saying the system had become ""a large [ and]  expensive failure"". Byers resigned as CEO in February ",L22-0629
1199,wikimedia-en,1,8527,229,617.8527221679688," basis, both of which were eventually achieved.

 [During]  Kimball's term, the beginning of the term",L22-0630
1827,fineweb-edu-sample,1,2588,300,2231.402587890625, date there has been no comprehensive review of psychological outcomes [ in]  this group. Empirical and clinical definitions of “AYA,L22-0631
1284,wikimedia-en,1,9244,179,566.5745849609375," the Bosch Motronic 3.3 system, [ and]  the ignition system is a coil-on-plug",L22-0632
1284,fineweb-edu-sample,0,297,336,196.00933837890625," of uniqueness is addressed in the spotlight text The many [ ways]  of building an empty, unchanging universe.
Syn",L22-0633
6846,wikimedia-en,1,8327,233,353.87237548828125," School, a Chicago-based institution that Jeanner [et]  described as a ""crash course"" in broadcasting.",L22-0634
87,wikimedia-en,0,6712,503,300.22552490234375," spoons, or walking sticks. Figure carving is also [ common] , particularly of Nativity figures. In",L22-0635
21515,wikimedia-en,0,9165,147,202.4344940185547," new technology and learning quarter, is opening in two [ stages] , with the first phase having opened in 2",L22-0636
2241,fineweb-edu-sample,0,2171,165,238.4658203125, to Ithaca. Upon its return to Scheria this [ ship]  and its sailors were transformed to stone by Neptune as,L22-0637
34492,wikimedia-en,0,11668,190,181.8746795654297," Mexico and the founder of the personal growth workshop "" [The]  Experience"". O'Leary was an openly lesbian political",L22-0638
4714,wikimedia-en,1,7979,184,690.3998413085938," by the Aldine Independent School District, was five [ miles]  from the closest public schools. Bordersville was around",L22-0639
4714,fineweb-edu-sample,0,583,479,206.9910125732422, the employment of anyone under the age of 1 [6]  years through the Fair Labor Standards Act of 1,L22-0640
6629,wikimedia-en,1,7382,5,440.139892578125,"<bos>West Roxbury station [ is]  an MBTA Commuter Rail station in Boston,",L22-0641
129,wikimedia-en,1,11260,214,562.5576171875," for office in 1994 and ready [ for]  a change, he closed his law practice to become",L22-0642
141,fineweb-edu-sample,0,2736,34,259.1538391113281," ambitious plan that will be formally presented at the UN [ climate]  change conference in Poland this week.
Home to",L22-0643
25249,wikimedia-en,0,6200,329,200.53561401367188," (Effie), Susanna, and Ellen (Nell [ie] ).

When Shaw was five years old, the",L22-0644
21515,fineweb-edu-sample,0,2840,202,202.29197692871094, is unique because it developed nests to meet the specific [ needs]  of African penguins. Guano nests provided a very,L22-0645
1247,fineweb-edu-sample,0,2297,154,273.4206848144531," nutrients in the home landscape. How lawns and landscapes [ are]  irrigated directly impacts the natural environment, so landscape maintenance",L22-0646
4714,fineweb-edu-sample,0,1996,322,273.577392578125, kiln shelves – frozen in place by the melted fly [ ash]  – and have to be ground to remove sharp edges,L22-0647
7122,fineweb-edu-sample,1,4944,420,450.92877197265625, Missionaries chose to employ the term Chin to christ [en]  those on the Burmese side and the term Kuki,L22-0648
1199,wikimedia-en,1,11868,181,1033.7496337890625,"28 to 1931. Shortly [ after] , he worked at the Bank for International Settlements in",L22-0649
7122,wikimedia-en,1,6796,49,508.4302978515625, 16 and began stripping to support herself and [ her]  child in 1990. In ,L22-0650
1827,wikimedia-en,1,8088,298,493.6064453125,"0, expired without action by the Senate, prior [ to]  his recess appointment.

Feikens was nominated",L22-0651
6629,fineweb-edu-sample,1,396,496,404.4666748046875, This law applies however then only if forthe characteristics [ responsible]  persons of genes on different Chromosomen sit (,L22-0652
2193,wikimedia-en,0,8592,494,283.0240783691406,"1923
 the Central Buildings on Honour [ Avenue]  in Graceville between Verney Road West and R",L22-0653
7122,fineweb-edu-sample,1,2485,251,562.0187377929688, winter crop in a number of years—essentially on [ a]  long fallow. Termites (and other soil,L22-0654
1772,fineweb-edu-sample,0,3409,171,229.6426239013672," perception, issues related to global environmental change, experiences [ with]  sound and music, and notions of individuality. A",L22-0655
6629,wikimedia-en,1,8968,44,707.9880981445312,"1, 2010. The second [ track]  of the single, ""Change"" is set to",L22-0656
7122,wikimedia-en,0,8756,462,226.57806396484375,"go"" technology. These cards continue to be offered [ by]  Canadian Tire Bank.

In 200",L22-0657
1199,wikimedia-en,1,11434,75,583.36083984375," all-time caps leader for the United States, [ until]  Mike MacDonald broke his record in 201",L22-0658
87,wikimedia-en,1,10913,364,772.5148315429688, capital had always been opposed to surface transport on this [ road] . Construction began in 1894 and,L22-0659
252,wikimedia-en,0,7044,99,263.163818359375,"modern Tunisia) to Egypt. The Fatimids [ founded]  the city of Cairo (, ""the Victorious"")",L22-0660
1827,wikimedia-en,1,7510,167,515.0535888671875," ""Love for Life"".

Chad Gerlach rode [ with]  the team in 2009 after years",L22-0661
87,fineweb-edu-sample,0,1963,159,236.57354736328125, structured and unstructured data that requires a different than traditional [ handling]  techniques and processing approach in order to uncover the insights,L22-0662
21515,wikimedia-en,0,10694,337,198.7994842529297," the gold, silver and iron crosses;
The [ star]  has crossed swords affixed to the oblique rays of the",L22-0663
905,wikimedia-en,0,10501,478,230.07623291015625," had the Channel concession renewed for ten years, but [ only]  on condition that communication was established by September 1",L22-0664
141,wikimedia-en,0,10952,64,241.59329223632812,"8. Each of Northern Ireland's eighteen Westminster [ Parliamentary]  constituencies elected six members by single transferable vote, giving",L22-0665
21515,fineweb-edu-sample,1,3831,77,267.5542297363281," company also has smaller design offices in the UK, [ Spain] , Germany,
and Japan, which are tasked",L22-0666
157,wikimedia-en,0,8952,311,239.19451904296875,"969
5 ft 6 in gauge [ locomotives] ",L22-0667
6903,fineweb-edu-sample,0,4017,414,249.13084411621094,"-view chest radiographs, and flexible sigmoidos [copies] . Men received serial chest radiographs, flexible sigmo",L22-0668
1827,wikimedia-en,1,11852,298,918.7725830078125," it that many of the sick were cured through contact [ with]  the hairs.

According to Roman Catholic Saints,",L22-0669
11908,wikimedia-en,1,6169,195,560.2901611328125," textbooks, was an editor of nine textbooks, five [ mon] ographic notebooks magazines on pain and its treatment, and",L22-0670
34492,wikimedia-en,1,8878,148,366.9246520996094," a couple.

Cast
 Sonja Ziemann as [ Hel] ga Lüdersen
 Rudolf Prack as Walter",L22-0671
252,fineweb-edu-sample,0,4108,154,230.552490234375,depth look at the first phase necessary for completion of [ the]  garden: Soil Preparation. Through the perspectives of key,L22-0672
14064,fineweb-edu-sample,0,415,12,199.75595092773438, Baker’s Dozen Labs digital manual provides  [2] 78 pages of teaching material! Thirteen labs with,L22-0673
7122,fineweb-edu-sample,1,4937,8,541.7459106445312,<bos>The North Carolina Coastal Federation has developed [ a]  working map of sites along the North Carolina coast where,L22-0674
14064,fineweb-edu-sample,0,342,17,186.11207580566406," James Trefil presents a comprehensive, thematic survey [ of]  the history of science from its roots in different cultures",L22-0675
14064,fineweb-edu-sample,1,3618,457,379.0706481933594,"quiet,” “content,” or “simple.” Judaism [ understands]  the word to mean “whole” or “complete",L22-0676
14064,wikimedia-en,1,9978,374,334.1030578613281," Tarrytown before entering Treutlen County. [ In]  Soperton, they intersect US��22",L22-0677
6846,fineweb-edu-sample,0,1702,11,235.1507568359375,"Just as the tomatoes in your garden grow and the [ varieties]  of tomatoes in markets continue to increase in number,",L22-0678
6903,wikimedia-en,0,10788,338,233.17027282714844, alterations of the histones cause the down regulation of [ genes]  encoding proteins involved in the inflammatory response.  Thus,L22-0679
1247,fineweb-edu-sample,0,783,361,283.5509338378906," existing research on non-wood forest products and to [ promote]  awareness of the resulting information,
- to encourage",L22-0680
2193,wikimedia-en,0,6394,171,259.4537048339844," became as popular in there as in their homeland. [ A]  third album, Stand Up was released and scored another",L22-0681
1772,wikimedia-en,1,10110,156,599.9249267578125," skills—including critical thinking, complex reasoning, and [ writing] —during their first two years of college.

",L22-0682
2241,fineweb-edu-sample,1,2670,133,563.4301147460938, few years. The unexpected result of these investigations was [ to]  show that power amplifiers of extraordinarily low distortion ...,L22-0683
25249,wikimedia-en,0,11491,280,220.9084014892578," the synthesis of collagen, and without it, the [ faulty]  collagen cannot maintain the vein walls and rupture, leading",L22-0684
6846,fineweb-edu-sample,1,5796,23,498.77471923828125,"Sexual cannibalism is considered to be a psychosexual [ disorder] , which involves a person sexualizing the consumption of",L22-0685
1827,fineweb-edu-sample,1,474,48,967.3763427734375, pausing on each for several seconds. Ask: What [ do]  all these animals have in common? (Answer:,L22-0686
2241,fineweb-edu-sample,0,1630,93,248.7432861328125," source of support, development and mutual challenge. They [ can]  also be incredibly frustrating and time consuming and produce disappointing",L22-0687
6629,wikimedia-en,0,6578,90,262.2811279296875," of the University of Oxford

References

Lists of [ people]  associated with the University of Cambridge
Cambridge",L22-0688
839,wikimedia-en,0,7140,55,246.78265380859375," Pakistan and Afghanistan
 an adjective for something related to [ any]  of the other entities known as Baloch (disambiguation",L22-0689
34492,wikimedia-en,0,6966,75,188.55238342285156," congregation.

History

The congregation was founded by [ Cardinal]  de La Rochefoucauld, commendatory ab",L22-0690
1247,fineweb-edu-sample,0,5343,415,235.36880493164062," influence.(7) As the 21st [ century]  began, some experts thought it plausible that the Sun",L22-0691
252,wikimedia-en,1,7174,503,659.4439697265625,"alia, scrapping its 2300- [strong]  workforce. Nokia, having received approximately ",L22-0692
6629,wikimedia-en,1,11996,499,453.32098388671875, several members of the media ridiculed Messiah College. Jon [ Stewart]  on The Daily Show referred to Messiah as a school,L22-0693
6629,wikimedia-en,0,11550,327,242.3442840576172, out to discover that a thin thread of solidified metal [ was]  hanging from the nib. The nib was replaced by,L22-0694
7122,wikimedia-en,1,10444,97,492.01519775390625," company. After failing, he resurrected the company, [ with]  Selena Mead as its first project, but it was",L22-0695
1284,fineweb-edu-sample,0,3435,37,282.08819580078125," outposts in the North Atlantic where they farmed and [ ran] ched. But quite suddenly, at the mid-",L22-0696
1772,fineweb-edu-sample,0,4755,360,205.6126251220703, the arts and its commitment to help artists create and [ audiences]  see art from a biblical worldview will be one of,L22-0697
4714,fineweb-edu-sample,1,5718,98,508.35821533203125,. The movement hopes to bring together people of all [ ages]  and from all corners of the Earth to call upon,L22-0698
905,wikimedia-en,0,11194,88,303.81585693359375, the season crowned champions. The first three teams were [ promoted]  to the 2016–17,L22-0699
141,wikimedia-en,1,7574,408,518.1939697265625,.  Today three news items have been published on [ earthquakes] ).  (There are flies in the cellar).,L22-0700
141,wikimedia-en,0,10016,374,263.3371887207031, style pillars at the entrance of the stadium are the [ last]  remnants of the association with the erstwhile palace grounds.,L22-0701
157,fineweb-edu-sample,1,961,411,444.173828125," stuff.
So, how can the word love [ be]  thrown around so ignorantly in the English language like",L22-0702
1827,wikimedia-en,0,8717,366,266.593994140625,"940s, served as the first director [ of]  the sinfonietta. The orchestra became a member",L22-0703
34492,wikimedia-en,1,7945,93,275.9100341796875,"2007, many site users received a [ hoax]  email purporting to be from the Recording Industry Association of",L22-0704
141,fineweb-edu-sample,0,4372,25,270.3116149902344," are familiar with the symptoms of food poisoning, such [ as]  nausea and diarrhea, but how does food become contaminated",L22-0705
1827,fineweb-edu-sample,0,2444,273,229.6455078125," depletion of the ozone layer by the economic slump, [ and]  they have no solutions in the short term to correct",L22-0706
1772,wikimedia-en,0,10343,142,271.747314453125, of The Other Top 50 Rabbis by [ Let] ty Cottin Pogrebin. Gottlieb led a,L22-0707
2193,wikimedia-en,1,6737,13,1189.5797119140625,it Raaj is an Indian actor who started his [ career]  in 2002 and has done lead,L22-0708
252,wikimedia-en,0,6363,70,251.11334228515625," there are several fundraisers every year to help the Mil [foil]  Foundation, which then uses the money to pay for",L22-0709
141,fineweb-edu-sample,0,870,462,276.6800842285156,"-1862), commented in despatches [ to]  the Secretary of State Lord Russell that:
-(",L22-0710
14064,fineweb-edu-sample,1,931,226,426.16705322265625,021 publication in Science Advances. The researchers [ found]  that tooth growth could be stimulated by suppressing USAG,L22-0711
6629,fineweb-edu-sample,1,730,34,508.7646484375, helped an general organisation of researchers “sample a ancient [ atmosphere] ” to establish a contentment of vital things existent on,L22-0712
252,wikimedia-en,1,9759,70,602.7472534179688," working in a factory. He was invited to set [ up]  his own shop in Gori, where he met and",L22-0713
25249,wikimedia-en,0,8064,156,231.69691467285156," to 1680s occupation of the [ Salisbury]  site.

See also
National Register of Historic",L22-0714
6629,wikimedia-en,0,10064,31,199.1151885986328,"an professional footballer who plays as a midfielder for SV [ TEC] . He also holds Dutch citizenship.

Club career",L22-0715
141,fineweb-edu-sample,1,3765,294,542.023193359375," then-governor LeRoy Collins. The brochure [ includes]  information on the Florida Caverns State Park,",L22-0716
141,wikimedia-en,1,8689,334,527.93505859375," the scenes as appearing in films, TV shows and [ Broadway] , including feature film performances in Dance with Me,",L22-0717
2193,wikimedia-en,0,11169,9,226.59078979492188,<bos>Bernd Reinhold Gerhard Heynemann ( [born]  22 January 1954 in,L22-0718
141,wikimedia-en,1,11387,116,536.396484375," he has exposed in fairs like ARCO and he [ has]  talked about  religiosity.

Discography",L22-0719
141,wikimedia-en,0,7162,161,253.93917846679688, (from September 2015) providing [ education]  for children in the Glendale area from 2 years,L22-0720
87,fineweb-edu-sample,1,5473,264,614.6168823242188," more likely than older drivers to crash for every mile [ driven] .
The graduated licensing programs are meant to prevent",L22-0721
905,fineweb-edu-sample,0,2052,14,200.309814453125, PSYC 101. Principles from evolutionary [ biology]  are applied to the study of human behavior and the,L22-0722
129,wikimedia-en,0,8939,148,233.12655639648438,"010 the station was approved and began broadcasting [ on]  88.7 .

Translators
",L22-0723
1247,fineweb-edu-sample,1,1810,10,478.0597839355469,<bos>The web today is almost unrecognizable from the early [ days]  of white pages with lists of blue links. Now,L22-0724
25249,wikimedia-en,0,6843,14,216.3657989501953, Evel Knievel is a one-off television [ documentary]  presented by Richard Hammond and first broadcast on 2,L22-0725
839,wikimedia-en,0,8276,14,294.8348388671875,acey Rodgers   (9 October 191 [5]  – 10 January 1997,L22-0726
1772,wikimedia-en,0,8896,292,207.57347106933594," Jay-Oh-Bee"", performed by Canibus [ with]  Biz Markie, appears in the film Office Space",L22-0727
839,wikimedia-en,1,8344,7,542.2859497070312,<bos>Tales of Dunk and Egg is [ a]  series of fantasy novellas by George R. R,L22-0728
1199,wikimedia-en,1,7228,346,1009.8995361328125," of Oz (although many realms within Oz remained unaware [ of]  her authority).

In some of his last Oz",L22-0729
34492,fineweb-edu-sample,0,541,66,193.3098602294922,"
What is connected healthcare?
It is the [ use]  of new technologies to improve one’s health,",L22-0730
1247,fineweb-edu-sample,1,4425,333,670.6793212890625,", some have proposed that the Scandinavians were [ the]  first to grow hops specifically for beer. [For",L22-0731
141,wikimedia-en,0,7931,90,237.46701049804688,"

Career
Mainly self-taught, she [ began]  painting local scenes and characters at the age of ",L22-0732
6846,wikimedia-en,1,6456,346,320.95318603515625," for his role in addressing challenging technological and scientific aspects [ whose]  solution led to the first detection of gravitational waves"".",L22-0733
2241,fineweb-edu-sample,1,4199,241,488.65155029296875," studies of muscle function, using common technologies that they [ jointly]  developed.
As with the other Research Themes,",L22-0734
1772,wikimedia-en,0,11835,322,309.32147216796875," that combines film, text and hypermedia form, [ gave]  rise to the non-profit organization The Dawn Project",L22-0735
7122,wikimedia-en,1,11389,318,429.9080810546875," Elvis Presley and bolstered the careers of a number of [ up] -and-coming musicians, including The Four L",L22-0736
2241,wikimedia-en,1,11148,374,637.4088134765625," by Saint Boniface in 742 when [ he]  appointed the first bishop of Würzburg, Saint",L22-0737
141,fineweb-edu-sample,1,2957,57,670.760009765625," such as tracking financial transactions, managing property records and [ voting]  systems. In the future, it may be used",L22-0738
157,wikimedia-en,1,6871,501,562.8796997070312," satellites, targeting systems, missiles and electro-optical [ devices] .

Products include:
 FAA-approved Parts",L22-0739
25249,fineweb-edu-sample,0,1985,200,174.75572204589844," pronunciations into categories for dates that have similiar [ pronunci] ations.)
- There are 4 levels to",L22-0740
1199,wikimedia-en,0,8157,422,304.4544677734375,909 to1935. He [ played]  a central role in expanding the company's fleet,L22-0741
34492,fineweb-edu-sample,1,2122,84,400.8070068359375, are simple machine translations like those on Facebook and other [ social]  media. They will give you an idea of what,L22-0742
1284,wikimedia-en,0,6497,160,279.34356689453125, and Le Guess Who?. The 405 [ has]  been recognised by a number of publications such as the,L22-0743
1772,wikimedia-en,0,11116,77,306.85906982421875, Self-Defense Force Eastern Army. Mishima Yuk [io]  committed suicide here in 1970.,L22-0744
1827,fineweb-edu-sample,0,1581,347,227.51104736328125," is very important to us and has helped us to [ become]  who we are today.
I believe that we",L22-0745
2193,fineweb-edu-sample,1,4803,461,756.881103515625," a stone cross in this cemetery, recording the burial [ there]  during the pestilence of 50,",L22-0746
6903,wikimedia-en,1,11041,305,351.6041259765625,"9th century artist, purchased and renovated the old [ homestead]  in 1885 to create one of",L22-0747
14064,fineweb-edu-sample,0,4339,309,194.42381286621094," greatest extinction threat, despite the fact that existing data [ shows]  this clearly not to be the case. It is",L22-0748
4714,wikimedia-en,0,6516,119,196.0074920654297," school, the lyrics narrate a summer romance that [ comes]  to a sudden end, after which the narrator asks",L22-0749
252,wikimedia-en,1,9498,457,529.1083984375, Board of the American Association of Medical Assistants Endowment. [ The]  Paralegal program is approved by the American Bar Association,L22-0750
14064,fineweb-edu-sample,1,3877,9,282.27752685546875,"<bos>MAKE A WORD SEARCH JR
Make your [ own]  Word Search Puzzle - Junior! Children can practice spelling",L22-0751
129,fineweb-edu-sample,0,4027,277,205.56436157226562," those cells. Like these two formulas:
Type [ the]  first formula into a blank cell to get the sal",L22-0752
25249,wikimedia-en,0,10653,147,209.7809600830078,".

Money booths are rented from event management and [ party]  supply companies and often used as attractions at trade fairs",L22-0753
1827,fineweb-edu-sample,0,5668,126,211.06182861328125, as we went along. It was surprising how much [ time]  is needed to produce just a three-minute film,L22-0754
839,fineweb-edu-sample,1,4450,80,624.7349243164062,"example.org
New Guidance Will Enhance Sports Opportunities [ for]  Students with Disabilities
Inclusive Fitness Coalition compares impact to",L22-0755
4714,wikimedia-en,0,10957,56,253.1546173095703," lies approximately  north of Mińsk Mazowiecki [ and]   east of Warsaw.

The gmina covers",L22-0756
1199,fineweb-edu-sample,0,2996,300,237.03106689453125," physiologic effects when they are consumed. The desired, [ therapeutic]  effect of a drug is called its indication for use",L22-0757
6629,fineweb-edu-sample,0,1015,260,207.9340362548828,100 the de Bully line either died [ out]  or possibly even forfeited their lands. The ownership of,L22-0758
252,wikimedia-en,1,6392,100,579.1210327148438," (drums). They were signed by Workers Playtime [ sub] -label Elemental, releasing their debut EP in May",L22-0759
839,wikimedia-en,1,8017,5,987.5839233398438,<bos>This article is one [ of]  a series providing information about endemism among birds in,L22-0760
905,fineweb-edu-sample,0,988,186,251.9989013671875, a day. This group has grown from 6 [0] 0 million to 1.4 billion; if,L22-0761
14064,fineweb-edu-sample,0,5339,331,203.57199096679688," reflex in most patients.
The ERS guidelines [ note]  that about 15 per cent of patients taking",L22-0762
2241,wikimedia-en,0,10995,40,252.340576171875, Nubia. The ovacaprines were domesticated [ and]  often depicted on the stone tomb murals of the ph,L22-0763
11908,wikimedia-en,1,7529,394,358.0489196777344,", Postmates, SendGrid, Survata, [ Gn] ip, BrightRoll, Vidyard, LiveR",L22-0764
11908,wikimedia-en,0,6572,128,212.5760498046875," of the skull are symbolized.

Hindu temples and [ depiction]  of some Hindu deities have displayed association with skulls.",L22-0765
7122,fineweb-edu-sample,0,3797,172,183.75747680664062,". There is no right or wrong way in exploring [ one] ’s own creativity!
4) Self-",L22-0766
7122,fineweb-edu-sample,1,1132,91,548.8919677734375," reduced-calorie diet can boost fat loss and reveal [ your]  newly toned, defined chest muscles.
Lose the",L22-0767
25249,fineweb-edu-sample,1,3215,338,1076.06103515625,"run,
And smalle fowles maken [ melody] 
That sleepen (who sleep) all the",L22-0768
