feature_id,text_id,duplicate_group,source,split,direction,fraction_small,energy_small,odd_fraction_small,k_digit_small,k_word_small,native_k_digit_small,native_k_word_small,fraction_large,energy_large,odd_fraction_large,k_digit_large,k_word_large,native_k_digit_large,native_k_word_large,relative_discrepancy
28027,3,3,fineweb-edu-sample,check,learned,0.005,1.592793239524326e-06,0.9927734713407563,-1.092672348022461,-2.2652149200439453,-4.205358037146294e-07,-8.718111872338412e-07,0.01,6.133752663117775e-06,0.9755071765254311,-1.0524988174438477,-2.208113670349121,-4.0507425387262307e-07,-8.498346816720577e-07,0.02814589628298241
28027,3,3,fineweb-edu-sample,check,random_0,0.005,6.079729928387678e-07,0.9960801776510545,0.8120536804199219,1.3277530670166016,3.1253435466987296e-07,5.110111042737882e-07,0.01,2.395736132143611e-06,0.9842516081047641,0.8069276809692383,1.306474208831787,3.1056151596599675e-07,5.028215296542091e-07,0.014157669368953603
28027,3,3,fineweb-edu-sample,check,random_1,0.005,7.894018949627934e-08,0.9214877364614661,-0.14388561248779297,-0.519871711730957,-5.537712361810579e-08,-2.0008254854893072e-07,0.01,3.47554845347986e-07,0.7903780545756269,-0.1392960548400879,-0.5052685737609863,-5.361074477858874e-08,-1.9446225224137644e-07,0.028785863181796514
28027,3,3,fineweb-edu-sample,check,random_2,0.005,1.0262578058473082e-06,0.9988513181750097,0.29015541076660156,2.0040273666381836,1.1167184663336331e-07,7.712881732758712e-07,0.01,3.981884063364305e-06,0.9966338753007443,0.28133392333984375,1.9721388816833496,1.0827672886390196e-07,7.590152813389669e-07,0.01647295471880383
28027,3,3,fineweb-edu-sample,check,approx_spectrum_matched,0.005,9.761570964883504e-07,0.9972509806204599,0.8182525634765625,1.795649528503418,3.149201131024674e-07,6.910899859648114e-07,0.01,3.852272314475158e-06,0.9939057791021614,0.8141398429870605,1.779317855834961,3.1333725414238064e-07,6.848044300943223e-07,0.008570709150108146
28027,3,3,fineweb-edu-sample,check,leading_pc,0.005,5.988645099819223e-06,0.9935224852287873,0.43833255767822266,4.858732223510742,1.6870064916634218e-07,1.869975811455473e-06,0.01,2.4631669290897662e-05,0.9813935351402759,0.3993511199951172,4.90039587020874,1.5369789902291167e-07,1.886010860920699e-06,0.011649944349534999
28027,3,3,fineweb-edu-sample,check,shuffled_labels,0.005,2.2080325834394898e-07,0.993183846100774,-0.6127357482910156,0.7083415985107422,-2.358230450679899e-07,2.7261878089377353e-07,0.01,9.321488363411845e-07,0.9851023779668865,-0.6235241889953613,0.7276535034179688,-2.3997518234010136e-07,2.800513360107023e-07,0.023348638671474527
28027,173,173,fineweb-edu-sample,fit,learned,0.005,6.636943226112635e-07,0.9990688459599546,-1.1439323425292969,1.1591911315917969,-3.8874276604609485e-07,3.9392816350898563e-07,0.01,2.651729460012575e-06,0.9960381325349063,-1.1475086212158203,1.1508464813232422,-3.8995809357645976e-07,3.910923992714671e-07,0.005580417426456412
28027,173,173,fineweb-edu-sample,fit,random_0,0.005,1.3521844266506378e-07,0.9976731848319397,0.16117095947265625,0.7166862487792969,5.477076070178408e-08,2.435516370851523e-07,0.01,5.553075652642292e-07,0.990090360662638,0.16188621520996094,0.7236003875732422,5.501382620785709e-08,2.459012703105247e-07,0.009418281097197358
28027,173,173,fineweb-edu-sample,fit,random_1,0.005,3.6939934489055304e-07,0.9935881002230962,-0.5221366882324219,1.0933876037597656,-1.7743781943329458e-07,3.7156613695026895e-07,0.01,1.5038582432680414e-06,0.9733543658689014,-0.5118846893310547,1.0962486267089844,-1.739538805129148e-07,3.725383989745609e-07,0.008790903892078471
28027,173,173,fineweb-edu-sample,fit,random_2,0.005,4.041703505208716e-08,0.9970071333738383,-0.0476837158203125,0.3986358642578125,-1.620436707153375e-08,1.3546850871802218e-07,0.01,1.6053826357165235e-07,0.9877542251503867,-0.039458274841308594,0.3962516784667969,-1.340911375169418e-08,1.346582903644455e-07,0.0214183428184103
28027,173,173,fineweb-edu-sample,fit,approx_spectrum_matched,0.005,1.2626730949705234e-07,0.9909544693735881,-0.7033348083496094,0.0762939453125,-2.3901441430512286e-07,2.5926987314454004e-08,0.01,5.35044591742917e-07,0.9613043319361996,-0.7143020629882812,0.06413459777832031,-2.427414187315756e-07,2.1794873711212895e-08,0.022987887421819855
28027,173,173,fineweb-edu-sample,fit,leading_pc,0.005,2.5670972831903782e-06,0.9993447920481041,-1.8985271453857422,2.5801658630371094,-6.451768749531164e-07,8.768183022406913e-07,0.01,1.0161375257666805e-05,0.9974675656527031,-1.9078254699707031,2.548694610595703,-6.483367265320655e-07,8.661234199734791e-07,0.010275857943068501
28027,173,173,fineweb-edu-sample,fit,shuffled_labels,0.005,6.385706683431636e-07,0.9972140460433259,1.0247230529785156,-1.2235641479492188,3.482318483672603e-07,-4.1580405905555606e-07,0.01,2.5882978889057995e-06,0.9891588708858107,1.0271072387695312,-1.2269020080566406,3.4904206672083704e-07,-4.1693836475056343e-07,0.0025668540887600092
28027,258,258,fineweb-edu-sample,check,learned,0.005,1.6530290878336018e-06,0.9786515216810886,-1.4767646789550781,2.071261405944824,-7.795271239515778e-07,1.0933390199110965e-06,0.01,6.9087259078060015e-06,0.9188898499794612,-1.4410018920898438,2.0668506622314453,-7.606493279243359e-07,1.0910107584010702e-06,0.01423302050323859
28027,258,258,fineweb-edu-sample,check,random_0,0.005,8.646706248782721e-07,0.9843336398021056,0.6306171417236328,-1.734018325805664,3.3287846994703313e-07,-9.153214033742049e-07,0.01,3.5579748498548724e-06,0.9374009701521133,0.6099939346313477,-1.7213821411132812,3.219922742379903e-07,-9.086512487779128e-07,0.013175681991775715
28027,258,258,fineweb-edu-sample,check,random_1,0.005,2.5795669387207454e-06,0.9978819737581052,1.0662078857421875,3.0264854431152344,5.628100255588401e-07,1.5975649517987292e-06,0.01,1.012960041180122e-05,0.9922344968820884,1.0451078414916992,2.9931068420410156,5.516721259027674e-07,1.5799456755066368e-06,0.012380544823255683
28027,258,258,fineweb-edu-sample,check,random_2,0.005,9.27016102991729e-07,0.9807237511638863,-0.7309913635253906,-1.761317253112793,-3.858621507968256e-07,-9.297314543416663e-07,0.01,3.8711929732926365e-06,0.9220346317307876,-0.7511377334594727,-1.733541488647461,-3.964966425588385e-07,-9.150696994271749e-07,0.018077156947207025
28027,258,258,fineweb-edu-sample,check,approx_spectrum_matched,0.005,6.927053988192711e-07,0.9601265695799526,-0.7543563842773438,-1.4461278915405273,-3.981956442012903e-07,-7.633551453549072e-07,0.01,3.073527466312953e-06,0.8670674894854485,-0.7277727127075195,-1.4612674713134766,-3.841631491543738e-07,-7.713467456731063e-07,0.018748113089085333
28027,258,258,fineweb-edu-sample,check,leading_pc,0.005,8.169424347670429e-06,0.9890304875658853,-5.359888076782227,-1.8949508666992188,-2.8292782165895103e-06,-1.0002714854967941e-06,0.01,3.381140824387785e-05,0.9567083435981047,-5.42449951171875,-1.7095208168029785,-2.8633841014120606e-06,-9.023901130955444e-07,0.03453317832177533
28027,258,258,fineweb-edu-sample,check,shuffled_labels,0.005,1.8036382840591614e-06,0.9921391299342267,-1.070261001586914,2.4520158767700195,-5.649495091085943e-07,1.294324621614466e-06,0.01,7.187833801935994e-06,0.973389521705465,-1.0570287704467773,2.4247169494628906,-5.579647245785148e-07,1.2799145706470046e-06,0.011403718814423126
28027,757,757,fineweb-edu-sample,fit,learned,0.005,2.0117050780754653e-07,0.9693758513987877,-0.7309913635253906,0.49567222595214844,-2.671737318390509e-07,1.811657496716852e-07,0.01,8.997627674034447e-07,0.8995250680500358,-0.7464885711669922,0.5021095275878906,-2.7283788466668894e-07,1.835185516154733e-07,0.018825008101307297
28027,757,757,fineweb-edu-sample,fit,random_0,0.005,1.0720831937760522e-06,0.9935535578011088,-1.1849403381347656,-1.6901493072509766,-4.330898392824798e-07,-6.177412214634807e-07,0.01,4.245152581461298e-06,0.9742745440324094,-1.1713504791259766,-1.6624927520751953,-4.2812281295670485e-07,-6.076328871864651e-07,0.01503965058155497
28027,757,757,fineweb-edu-sample,fit,random_1,0.005,4.987271040590713e-08,0.9518105246361285,-0.4248619079589844,-0.09679794311523438,-1.5528492829001588e-07,-3.537916996955469e-08,0.01,2.2552063683178858e-07,0.8352282136340642,-0.4227161407470703,-0.09834766387939453,-1.5450066097541985e-07,-3.594558525231849e-08,0.006086483643774678
28027,757,757,fineweb-edu-sample,fit,random_2,0.005,5.287972726364387e-09,0.78666677416234,0.09298324584960938,-0.08940696716308594,3.39849169658284e-08,-3.2677804774834996e-08,0.01,3.0542537388100754e-08,0.477191937615157,0.08678436279296875,-0.08392333984375,3.1719255834773164e-08,-3.0673566081978444e-08,0.06628432809948477
28027,757,757,fineweb-edu-sample,fit,approx_spectrum_matched,0.005,1.2196471743664006e-07,0.9984521999640198,-0.545501708984375,0.4353523254394531,-1.993781795328599e-07,1.5911912405026318e-07,0.01,4.879219090980769e-07,0.9948137515053393,-0.530242919921875,0.4519224166870117,-1.9380116751795472e-07,1.6517541053519928e-07,0.03230323779062378
28027,757,757,fineweb-edu-sample,fit,leading_pc,0.005,1.0629227631397953e-06,0.9956040881035406,0.021457672119140625,2.057313919067383,7.842673145960398e-09,7.519380730721364e-07,0.01,4.288011837161321e-06,0.9838786649819073,0.008106231689453125,2.053976058959961,2.9627876329183725e-09,7.507181016938759e-07,0.006694697651474317
28027,757,757,fineweb-edu-sample,fit,shuffled_labels,0.005,3.228541345379199e-07,0.9994992702092185,0.3314018249511719,-1.0867118835449219,1.211257296987217e-07,-3.971878244365277e-07,0.01,1.295743572882202e-06,0.9982831294037692,0.32210350036621094,-1.0907649993896484,1.1772723800213886e-07,-3.986692182529869e-07,0.008923267581398116
28027,831,831,fineweb-edu-sample,check,learned,0.005,1.9429612336807622e-06,0.9989238738067892,2.580404281616211,-1.051187515258789,1.049405011700171e-06,-4.274994637887881e-07,0.01,7.784383655007332e-06,0.996736160856844,2.569437026977539,-1.0756254196166992,1.0449448222390042e-06,-4.374379294359532e-07,0.009614866048244335
28027,831,831,fineweb-edu-sample,check,random_0,0.005,6.00995093691381e-08,0.9731803395830866,-0.04076957702636719,-0.4819631576538086,-1.6580269518685135e-08,-1.9600593469018716e-07,0.01,2.632224038734421e-07,0.9030134489540632,-0.03695487976074219,-0.48613548278808594,-1.5028899271322784e-08,-1.9770274589823972e-07,0.011641691333158745
28027,831,831,fineweb-edu-sample,check,random_1,0.005,1.2670175237872172e-06,0.9964678831498517,0.4131793975830078,-2.2089481353759766,1.6803278991743473e-07,-8.983403338632619e-07,0.01,5.057569381961002e-06,0.9890545578796675,0.4382133483886719,-2.1932125091552734,1.7821365716575017e-07,-8.919409315928922e-07,0.013189069044270179
28027,831,831,fineweb-edu-sample,check,random_2,0.005,4.809584751797047e-06,0.9984540158155768,-3.4825801849365234,2.6608705520629883,-1.4163040752013672e-06,1.0821292278554705e-06,0.01,1.9171171544485333e-05,0.993420468722202,-3.4922361373901367,2.6171207427978516,-1.4202309811400031e-06,1.0643369503310335e-06,0.010244340045592751
28027,831,831,fineweb-edu-sample,check,approx_spectrum_matched,0.005,5.355191774469859e-07,0.9673305078583876,1.2421607971191406,-0.7274150848388672,5.051649367973658e-07,-2.958269140439085e-07,0.01,2.4984734352528903e-06,0.8929678118926729,1.3011693954467773,-0.733494758605957,5.291626953112521e-07,-2.9829941037564217e-07,0.04044864401132784
28027,831,831,fineweb-edu-sample,check,leading_pc,0.005,8.427193009197254e-06,0.9960456757235573,-5.179166793823242,2.598404884338379,-2.106275992715773e-06,1.056725540054912e-06,0.01,3.337194901575913e-05,0.9869507261361616,-5.1926374435424805,2.443969249725342,-2.1117542689017716e-06,9.939192851968518e-07,0.026882121884048166
28027,831,831,fineweb-edu-sample,check,shuffled_labels,0.005,1.282588215190117e-06,0.9957135143367746,1.5096664428710938,-1.6820430755615234,6.139547753936506e-07,-6.840573184463369e-07,0.01,5.11979780526417e-06,0.9941695112490324,1.5197992324829102,-1.6673803329467773,6.180756026132069e-07,-6.780942390580378e-07,0.007892940409627161
2966,1007,1007,fineweb-edu-sample,check,learned,0.005,3.642071533249691e-09,0.9973935572480959,-0.118255615234375,-0.023365020751953125,-2.6790350898303484e-08,-5.293254814584156e-09,0.01,1.3663623121829005e-08,0.9989609897950269,-0.11479854583740234,-0.021696090698242188,-2.6007165236961952e-08,-4.915165184971002e-09,0.03234439574850219
2966,1007,1007,fineweb-edu-sample,check,random_0,0.005,1.5248815543600358e-09,0.8238276299112801,0.00667572021484375,0.0705718994140625,1.5123585184526157e-09,1.5987790052213367e-08,0.01,9.784457688510884e-09,0.5640039505025272,0.0045299530029296875,0.07414817810058594,1.0262432803785608e-09,1.6797982115670125e-08,0.0574571214599559
2966,1007,1007,fineweb-edu-sample,check,random_1,0.005,3.122016778434045e-08,0.9987186630033629,-0.2391338348388672,-0.2598762512207031,-5.4174842643141916e-08,-5.8873956611191116e-08,0.01,1.2510145097621717e-07,0.9951590506759336,-0.24199485778808594,-0.2567768096923828,-5.4822996293907336e-08,-5.817179015619527e-08,0.011949202239040052
2966,1007,1007,fineweb-edu-sample,check,random_2,0.005,2.1749656298197806e-08,0.9967304716902233,0.07534027099609375,-0.2846717834472656,1.706804613682238e-08,-6.449128825115798e-08,0.01,8.734292578083114e-08,0.9943693774311723,0.07164478302001953,-0.28586387634277344,1.62308476712504e-08,-6.476135227231024e-08,0.01318109096932604
2966,1007,1007,fineweb-edu-sample,check,approx_spectrum_matched,0.005,2.4714893243071856e-08,0.996286129593895,0.0069141387939453125,-0.31375885009765625,1.5663713226830663e-09,-7.108085036727294e-08,0.01,9.900037412080565e-08,0.9885264289319277,0.004172325134277344,-0.31280517578125,9.45224074032885e-10,-7.086479915035116e-08,0.00926466899236296
2966,1007,1007,fineweb-edu-sample,check,leading_pc,0.005,2.203194071626058e-08,0.9631956448824789,0.16117095947265625,-0.24271011352539062,3.651265565978457e-08,-5.498503470659866e-08,0.01,8.865129075275036e-08,0.8466243900562335,0.15091896057128906,-0.22864341735839844,3.4190105077875204e-08,-5.179827925700209e-08,0.061581090752627625
2966,1007,1007,fineweb-edu-sample,check,shuffled_labels,0.005,4.582830115396064e-09,0.9815931135422094,0.058650970458984375,0.12063980102539062,1.3287149840690836e-08,2.733047894060798e-08,0.01,1.8997639017470647e-08,0.938056910325843,0.0591278076171875,0.11968612670898438,1.339517544915174e-08,2.7114427723686184e-08,0.007967834565987875
1645,1090,1090,fineweb-edu-sample,fit,learned,0.005,1.4191988384482102e-07,0.2267126837589584,-0.2894401550292969,0.21195411682128906,-1.6272636645193363e-08,1.1916288284659719e-08,0.01,2.2402984427571937e-06,0.20525005526905468,-0.45561790466308594,0.5022287368774414,-2.561532835993782e-08,2.8235839450658828e-08,0.6451782228228662
1645,1090,1090,fineweb-edu-sample,fit,random_0,0.005,2.0588598772519617e-06,0.996936872674721,-1.590728759765625,2.3832321166992188,-8.94324808045553e-08,1.3398787142121324e-07,0.01,8.288895799068996e-06,0.9897987325410966,-1.5883445739746094,2.383589744567871,-8.929843931653887e-08,1.3400797764441572e-07,0.0008415351162060017
1645,1090,1090,fineweb-edu-sample,fit,random_1,0.005,4.989434160052042e-06,0.998481527564768,3.5223960876464844,-2.742290496826172,1.9803289439545858e-07,-1.5417451951648603e-07,0.01,2.0061318934949668e-05,0.9942817643892906,3.5216808319091797,-2.746701240539551,1.979926819490537e-07,-1.5442249626931643e-07,0.0010007329040767723
1645,1090,1090,fineweb-edu-sample,fit,random_2,0.005,9.240255849363166e-08,0.8213149844084788,0.051021575927734375,-0.5486011505126953,2.8684878435513835e-09,-3.0842946392578195e-08,0.01,5.511825520443381e-07,0.5280799083711184,0.05030632019042969,-0.5371570587158203,2.828275397146458e-09,-3.0199547250099385e-08,0.021030118209315288
1645,1090,1090,fineweb-edu-sample,fit,approx_spectrum_matched,0.005,5.425112590273784e-07,0.9847038582206818,-0.7195472717285156,1.272439956665039,-4.045372108335549e-08,7.153794215436323e-08,0.01,2.2387474132301577e-06,0.9445243201373252,-0.7164478302001953,1.265406608581543,-4.027946714893415e-08,7.11425197647148e-08,0.005271697251094201
1645,1090,1090,fineweb-edu-sample,fit,leading_pc,0.005,6.0897314710928185e-06,0.9909640391275825,0.5164146423339844,4.88591194152832,2.9033386304356524e-08,2.7469122139204906e-07,0.01,2.5749716655809607e-05,0.9664004500759112,0.5109310150146484,4.96220588684082,2.8725090881918767e-08,2.789805490085746e-07,0.015450232072589942
1645,1090,1090,fineweb-edu-sample,fit,shuffled_labels,0.005,4.361012713616219e-06,0.9994109241522916,-0.7433891296386719,4.108667373657227,-4.179413596351969e-08,2.309936962986962e-07,0.01,1.7613534396332398e-05,0.9984039854002207,-0.7619857788085938,4.123687744140625,-4.283965957004777e-08,2.318381576731997e-07,0.005712824138653241
1645,1506,1506,fineweb-edu-sample,check,learned,0.005,3.903594222265383e-05,0.94058595577724,0.5328655242919922,-12.107133865356445,2.891021100696787e-08,-6.568632774697251e-07,0.01,0.00019602308270805224,0.8166953507506539,0.3414154052734375,-12.64810562133789,1.852323139238389e-08,-6.862132858700875e-07,0.04633132725627788
1645,1506,1506,fineweb-edu-sample,check,random_0,0.005,3.3495776392555854e-05,0.9993068106171032,-11.512041091918945,-1.1675357818603516,-6.245769747075811e-07,-6.334375986627369e-08,0.01,0.00012907705792031265,0.9976843151961788,-11.291742324829102,-1.1290311813354492,-6.126248337812105e-07,-6.125472224764938e-08,0.019515429374917445
1645,1506,1506,fineweb-edu-sample,check,random_1,0.005,1.5133369743125513e-05,0.9975909335005116,6.445169448852539,-4.341363906860352,3.4967773340105705e-07,-2.3553737459770828e-07,0.01,6.110599201747391e-05,0.9913546986823053,6.435394287109375,-4.377603530883789,3.49147389485493e-07,-2.3750352765053116e-07,0.004826354009969147
1645,1506,1506,fineweb-edu-sample,check,random_2,0.005,1.3695030247617979e-06,0.9022171665334582,1.8038749694824219,1.2993812561035156,9.786785524774896e-08,7.049693511766216e-08,0.01,7.028590061963769e-06,0.7398779250147822,1.8799304962158203,1.2907981872558594,1.0199418961518643e-07,7.0031267289362e-08,0.033990153781836535
1645,1506,1506,fineweb-edu-sample,check,approx_spectrum_matched,0.005,2.5698877266222553e-06,0.9952942928948174,-0.6072521209716797,3.1404495239257812,-3.294599885223587e-08,1.703826842880451e-07,0.01,1.0312888889529859e-05,0.9860139348074529,-0.6426572799682617,3.1234025955200195,-3.486687864397401e-08,1.694578162401712e-07,0.012303911014940041
1645,1506,1506,fineweb-edu-sample,check,leading_pc,0.005,2.591351267255959e-05,0.9949406914174449,-7.429599761962891,6.923198699951172,-4.030872462635941e-07,3.7561284439388504e-07,0.01,0.00010907524523418033,0.9822353311603654,-7.757306098937988,6.852865219116211,-4.2086670265244305e-07,3.7179695524531435e-07,0.032689838696010436
1645,1506,1506,fineweb-edu-sample,check,shuffled_labels,0.005,1.9144671227877552e-05,0.9897031878746478,2.4530887603759766,8.352994918823242,1.3309045237167447e-07,4.53185343458219e-07,0.01,7.936695988064457e-05,0.9631114415679082,2.404928207397461,8.405685424804688,1.304775384462125e-07,4.560440265152838e-07,0.008182195540219482
1645,1760,1760,fineweb-edu-sample,check,learned,0.005,9.45048121536729e-06,0.9568934112877567,2.800464630126953,-5.322575569152832,1.4872542713663657e-07,-2.8266821029387395e-07,0.01,3.9225273283705064e-05,0.8614940296198978,2.8047561645507812,-5.091726779937744,1.4895333942068731e-07,-2.7040842868098036e-07,0.03904278895024307
1645,1760,1760,fineweb-edu-sample,check,random_0,0.005,1.3424731136524315e-05,0.991894213038926,5.441188812255859,4.863858222961426,2.8896745258916403e-07,2.583069194875664e-07,0.01,5.191388062542046e-05,0.9698834574744115,5.335569381713867,4.677832126617432,2.8335827804280525e-07,2.484275550636467e-07,0.02972330777725847
1645,1760,1760,fineweb-edu-sample,check,random_1,0.005,8.402115128092191e-07,0.8775473627073415,0.06771087646484375,-1.716017723083496,3.5959493705776252e-09,-9.11332591363819e-08,0.01,4.224736514402139e-06,0.720965006108879,0.19073486328125,-1.7347931861877441,1.0129434846697539e-08,-9.21303753791037e-08,0.0718815091981652
1645,1760,1760,fineweb-edu-sample,check,random_2,0.005,1.421813848878628e-06,0.976227796942677,-2.3527145385742188,-0.12958049774169922,-1.2494657883401415e-07,-6.88168479897514e-09,0.01,5.499592944602227e-06,0.9226264460392035,-2.2382736206054688,-0.25337934494018555,-1.1886891792599562e-07,-1.345632110415976e-08,0.07315962284472556
1645,1760,1760,fineweb-edu-sample,check,approx_spectrum_matched,0.005,2.9009266597768146e-06,0.9721001390817858,3.0570030212402344,-1.3909339904785156,1.6234951700544477e-07,-7.386890361954178e-08,0.01,1.3157463655488755e-05,0.9124292841020688,3.125905990600586,-1.4946460723876953,1.6600877534381424e-07,-7.937678381743357e-08,0.036496129095021666
1645,1760,1760,fineweb-edu-sample,check,leading_pc,0.005,1.085660680644196e-05,0.9964207680546302,1.8339157104492188,6.317257881164551,9.739451605099683e-08,3.3549321301940166e-07,0.01,4.270164380670849e-05,0.9879431420757186,1.5790462493896484,6.3002705574035645,8.385905873709725e-08,3.3459106022836767e-07,0.0390776302220457
1645,1760,1760,fineweb-edu-sample,check,shuffled_labels,0.005,8.077946901607902e-06,0.9792739166567017,-5.609035491943359,-0.4252195358276367,-2.9788135525425786e-07,-2.2582308811356325e-08,0.01,3.274204178183027e-05,0.9256687613748812,-5.490303039550781,-0.40602684020996094,-2.9157578206218865e-07,-2.1563034429907384e-08,0.02161169069323601
1645,1958,1958,fineweb-edu-sample,fit,learned,0.005,1.3534257107039593e-05,0.7274655342500104,2.5119781494140625,5.750894546508789,1.1275952726513362e-07,2.581503945674153e-07,0.01,0.00013301963451795018,0.5303311579508266,5.151629447937012,6.633639335632324,2.3125014098152747e-07,2.9777569351380447e-07,0.37934031443241456
1645,1958,1958,fineweb-edu-sample,fit,random_0,0.005,6.77201290955054e-06,0.9711899959030343,0.08559226989746094,-5.128383636474609,3.842128918772111e-09,-2.3020666585734845e-07,0.01,3.0349991789080377e-05,0.9196522420955234,0.1423358917236328,-5.281209945678711,6.389278452665597e-09,-2.3706684590451534e-07,0.03131330761403223
1645,1958,1958,fineweb-edu-sample,fit,random_1,0.005,4.576047513182857e-05,0.9976187606188391,10.936498641967773,-7.937192916870117,4.909256145765893e-07,-3.5629056778507626e-07,0.01,0.00018631439235150538,0.9920134588819775,11.008024215698242,-7.978081703186035,4.941363072663707e-07,-3.581260137727347e-07,0.006078449046843032
1645,1958,1958,fineweb-edu-sample,fit,random_2,0.005,3.0818097229712293e-07,0.8737408414562774,0.9362697601318359,0.4477500915527344,4.202796730924257e-08,2.00989362380335e-08,0.01,1.358598808565148e-06,0.7720787881605088,0.9171962738037109,0.4557371139526367,4.1171782591967434e-08,2.045746358839245e-08,0.02005645360704926
1645,1958,1958,fineweb-edu-sample,fit,approx_spectrum_matched,0.005,4.11990993143263e-06,0.9848166322291957,0.34499168395996094,4.013776779174805,1.5486241073713775e-08,1.8017337144158356e-07,0.01,1.6633126961096423e-05,0.9497180686368808,0.37741661071777344,3.9565563201904297,1.6941755093081478e-08,1.7760481728975814e-07,0.01643588821672424
1645,1958,1958,fineweb-edu-sample,fit,leading_pc,0.005,3.4209369800919376e-05,0.9976370448376287,-10.32400131225586,5.470752716064453,-4.6343138284309186e-07,2.4557518153243696e-07,0.01,0.00014605083799779095,0.9904988233939068,-10.324358940124512,6.170153617858887,-4.6344743630654054e-07,2.7697040488401897e-07,0.05899248764527018
1645,1958,1958,fineweb-edu-sample,fit,shuffled_labels,0.005,1.5609395859428332e-05,0.9586758806872148,5.03087043762207,-5.87773323059082,2.258294214902794e-07,-2.6384402293729483e-07,0.01,6.947709886162556e-05,0.8757878275189906,4.882454872131348,-6.083488464355469,2.191672341589823e-07,-2.7308011557490016e-07,0.03265674050327336
1645,2050,2050,fineweb-edu-sample,fit,learned,0.005,3.699109868193773e-06,0.9687745316285199,2.2287368774414062,3.060579299926758,1.1710519303338361e-07,1.6081293998390515e-07,0.01,1.5895497938345216e-05,0.8966384221716762,2.354860305786133,2.9507875442504883,1.237321343165094e-07,1.5504411869679847e-07,0.04422937053872857
1645,2050,2050,fineweb-edu-sample,fit,random_0,0.005,1.3313954809746065e-06,0.9769183192649592,-1.1339187622070312,1.9791126251220703,-5.9579835052072375e-08,1.0398911075846358e-07,0.01,5.561837554068916e-06,0.9284719887389918,-1.1398792266845703,1.9658803939819336,-5.989301753237133e-08,1.032938456521999e-07,0.006374483355030439
1645,2050,2050,fineweb-edu-sample,fit,random_1,0.005,2.0740520767503767e-07,0.9712515597974188,-0.3643035888671875,-0.8203983306884766,-1.9141713195871864e-08,-4.3106436588347565e-08,0.01,8.542282330381568e-07,0.8874761091852655,-0.2982616424560547,-0.8180141448974609,-1.5671651314159492e-08,-4.298116359622799e-08,0.07474234811605777
1645,2050,2050,fineweb-edu-sample,fit,random_2,0.005,3.5923011409977335e-06,0.9997614105733504,-2.3393630981445312,2.9821395874023438,-1.2291785986773216e-07,1.56691458543171e-07,0.01,1.4036882419077301e-05,0.9995727302734261,-2.3505687713623047,2.9164552688598633,-1.2350664293069417e-07,1.5324018761027655e-07,0.017683989102306445
1645,2050,2050,fineweb-edu-sample,fit,approx_spectrum_matched,0.005,2.645109191234951e-06,0.9981112055501471,-1.8849372863769531,2.6471614837646484,-9.904082756974016e-08,1.3909060315036997e-07,0.01,1.062276152197228e-05,0.9927798688999624,-1.8782615661621094,2.6491880416870117,-9.869006319180533e-08,1.391970851936716e-07,0.0021475690285699617
1645,2050,2050,fineweb-edu-sample,fit,leading_pc,0.005,4.382999691188161e-06,0.9952319871778461,1.4309883117675781,3.9243698120117188,7.518884987017207e-08,2.061993450288291e-07,0.01,1.7908422421442083e-05,0.9874589745047314,1.5001296997070312,3.928542137145996,7.88217666416399e-08,2.0641857276503838e-07,0.01652691994282267
1645,2050,2050,fineweb-edu-sample,fit,shuffled_labels,0.005,1.4065111599848024e-06,0.9932500945900933,-2.3031234741210938,-0.5326271057128906,-1.2101371038751454e-07,-2.798598643951423e-08,0.01,5.758912152487028e-06,0.9743772431605091,-2.3093223571777344,-0.5276203155517578,-1.2133942016702543e-07,-2.7722913156063112e-08,0.003367317780574969
1645,2145,2145,fineweb-edu-sample,check,learned,0.005,2.4192808893985784e-06,0.8417631237102239,0.7951259613037109,-2.741098403930664,3.967924830293932e-08,-1.3678930067133237e-07,0.01,1.3116857275008442e-05,0.5852147568880476,0.7616281509399414,-2.663850784301758,3.80076038092173e-08,-1.3293440518403033e-07,0.02993873487760043
1645,2145,2145,fineweb-edu-sample,check,random_0,0.005,1.8001093877728636e-06,0.9966572436531212,-2.663731575012207,0.28443336486816406,-1.3292845627124126e-07,1.4194105914664652e-08,0.01,7.057436036461695e-06,0.9913123082837393,-2.630293369293213,0.27871131896972656,-1.3125978623391378e-07,1.3908558100790428e-08,0.012744155419466245
1645,2145,2145,fineweb-edu-sample,check,random_1,0.005,4.236164400595044e-06,0.9933983689866184,4.064440727233887,-0.5595684051513672,2.0282818154253619e-07,-2.7924196631783686e-08,0.01,1.7039288380260587e-05,0.9755355308827635,4.038989543914795,-0.555872917175293,2.0155808866207482e-07,-2.7739780335323256e-08,0.006288160379398996
1645,2145,2145,fineweb-edu-sample,check,random_2,0.005,4.9235545844794615e-06,0.9955870301323612,4.378199577331543,-0.6623268127441406,2.1848572000330624e-07,-3.305215945594166e-08,0.01,1.9634769756748938e-05,0.9875028871678414,4.347324371337891,-0.7001161575317383,2.1694495159094325e-07,-3.493796481006937e-08,0.011051239677465338
1645,2145,2145,fineweb-edu-sample,check,approx_spectrum_matched,0.005,3.917244271178788e-07,0.9748991806902888,-0.17452239990234375,1.2235641479492188,-8.709208323163893e-09,6.1059640866772e-08,0.01,1.6068599535401518e-06,0.9397081724851452,-0.19603967666625977,1.21307373046875,-9.782987081586764e-09,6.053613654133592e-08,0.01942444341628199
1645,2145,2145,fineweb-edu-sample,check,leading_pc,0.005,3.3916411609880015e-05,0.9991787456669716,-10.819196701049805,4.3010711669921875,-5.39911426908271e-07,2.1463677342879324e-07,0.01,0.00013248599069015654,0.9969960059905509,-10.651826858520508,4.315853118896484,-5.315591533524499e-07,2.1537443861463499e-07,0.014524835466384953
1645,2145,2145,fineweb-edu-sample,check,shuffled_labels,0.005,3.519942055163483e-06,0.9920158349316165,3.1156539916992188,-2.0639896392822266,1.5548078465451607e-07,-1.0299947602954894e-07,0.01,1.4165922294750999e-05,0.9688340984682327,3.086209297180176,-2.0493268966674805,1.5401140319562164e-07,-1.0226775975649625e-07,0.008840046691686268
28027,2205,2205,fineweb-edu-sample,fit,learned,0.005,8.292204256576952e-08,0.995915079724153,-0.5483627319335938,0.17213821411132812,-1.8366918490195492e-07,5.76561528257441e-08,0.01,3.332215783302672e-07,0.9879527732060341,-0.5500316619873047,0.1633167266845703,-1.8422817807339565e-07,5.47014746338431e-08,0.015634091680756742
28027,2205,2205,fineweb-edu-sample,fit,random_0,0.005,4.3011368688894436e-08,0.9913250795597518,-0.3337860107421875,0.24318695068359375,-1.1179863428814648e-07,8.145329069564958e-08,0.01,1.7423622011847328e-07,0.9814683954957529,-0.3330707550048828,0.24509429931640625,-1.1155906578610046e-07,8.2092140034439e-08,0.004929273350698027
28027,2205,2205,fineweb-edu-sample,fit,random_1,0.005,2.0181005311314948e-07,0.9975010421713217,0.1087188720703125,-0.8907318115234375,3.6414412310996276e-08,-2.983426412146537e-07,0.01,7.992605333129177e-07,0.9898697365856989,0.11205673217773438,-0.8823871612548828,3.753239865387775e-08,-2.955476753574501e-07,0.010059752208048008
28027,2205,2205,fineweb-edu-sample,fit,random_2,0.005,1.335886281594867e-07,0.9923820781612482,-0.2703666687011719,0.6761550903320312,-9.055689377339864e-08,2.264720906008453e-07,0.01,5.338642949936911e-07,0.9769352970237993,-0.2684593200683594,0.6704330444335938,-8.991804443460926e-08,2.245555425844771e-07,0.008317160307254498
28027,2205,2205,fineweb-edu-sample,fit,approx_spectrum_matched,0.005,4.893081495538354e-09,0.7977695167286245,-0.026702880859375,0.1220703125,-8.943890743051719e-09,4.088635768252214e-08,0.01,3.42406565323472e-08,0.5912299458138547,-0.015974044799804688,0.14138221740722656,-5.350363212361297e-09,4.7354707237764907e-08,0.16533560030432692
28027,2205,2205,fineweb-edu-sample,fit,leading_pc,0.005,1.4959641703171656e-07,0.9962275736702273,-0.23555755615234375,0.7352828979492188,-7.889789334049195e-08,2.4627642010331694e-07,0.01,5.858908025402343e-07,0.9914250371103415,-0.22745132446289062,0.7274150848388672,-7.618278365063697e-08,2.436411665808107e-07,0.014726009079338742
28027,2205,2205,fineweb-edu-sample,fit,shuffled_labels,0.005,4.2014562495751306e-08,0.9942093926897642,-0.156402587890625,0.377655029296875,-5.2385645780731496e-08,1.2649216908030288e-07,0.01,1.7037132238328923e-07,0.9874019252610099,-0.15425682067871094,0.3800392150878906,-5.166694027459342e-08,1.2729073075378965e-07,0.007833786203798111
1645,2348,2348,fineweb-edu-sample,fit,learned,0.005,3.810982605045865e-06,0.951995987233068,1.1925697326660156,3.618001937866211,5.760018531317484e-08,1.7474666375998164e-07,0.01,1.3010911686706095e-05,0.7634978762038749,0.728607177734375,3.066420555114746,3.519115680069218e-08,1.481057143953215e-07,0.20707861209250972
1645,2348,2348,fineweb-edu-sample,fit,random_0,0.005,3.115720289770252e-06,0.9892013030790462,-1.7199516296386719,3.061056137084961,-8.307231844247167e-08,1.4784661720029026e-07,0.01,1.2078391137038125e-05,0.9700785754105611,-1.5485286712646484,3.0527114868164062,-7.479272363236118e-08,1.4744357711913048e-07,0.04950146441659482
1645,2348,2348,fineweb-edu-sample,fit,random_1,0.005,2.615857283672085e-06,0.9799194882909207,0.8625984191894531,-3.0837059020996094,4.166282896102891e-08,-1.4894058313486674e-07,0.01,1.0951491333344165e-05,0.9354092999041895,0.9591579437255859,-3.0535459518432617,4.6326578471591847e-08,-1.4748388112724647e-07,0.031599074540238074
1645,2348,2348,fineweb-edu-sample,fit,random_2,0.005,9.088545368740597e-06,0.9975983423607395,-4.235267639160156,4.281282424926758,-2.0456011433491361e-07,2.0678259249673745e-07,0.01,3.6578795629793603e-05,0.9912325649954179,-4.271984100341797,4.243612289428711,-2.0633349069201658e-07,2.049631544160734e-07,0.008735476828830963
1645,2348,2348,fineweb-edu-sample,fit,approx_spectrum_matched,0.005,1.0649505554738425e-05,0.9973336650047281,1.7786026000976562,6.270647048950195,8.590511444148026e-08,3.028673478452242e-07,0.01,4.279483857771993e-05,0.9910661055232856,1.7151832580566406,6.282567977905273,8.28420098246661e-08,3.034431193897382e-07,0.009904457079487644
1645,2348,2348,fineweb-edu-sample,fit,leading_pc,0.005,1.900042013858183e-05,0.9717338857242663,-5.751609802246094,6.385326385498047,-2.777982547970871e-07,3.084062701034483e-07,0.01,8.519414529928326e-05,0.9068022971609137,-5.659580230712891,6.724834442138672,-2.733532984734395e-07,3.248042436912054e-07,0.040471176931188665
1645,2348,2348,fineweb-edu-sample,fit,shuffled_labels,0.005,4.094259679732204e-06,0.9727523206651819,-1.9555091857910156,3.479480743408203,-9.444956416206719e-08,1.6805619841272965e-07,0.01,1.7547409186136065e-05,0.9033653970855922,-1.9037723541259766,3.4967660903930664,-9.195071565887667e-08,1.6889106715227488e-07,0.013683584296867604
2966,2350,2350,fineweb-edu-sample,fit,learned,0.005,4.287039701011963e-08,0.9978731980524647,0.4119873046875,0.03719329833984375,8.497980517612677e-08,7.671787967289221e-09,0.01,1.7232332538696937e-07,0.9933802709114563,0.4115104675292969,0.04291534423828125,8.488144892013586e-08,8.85206303917987e-09,0.013879249316747326
2966,2350,2350,fineweb-edu-sample,fit,random_0,0.005,2.7541545932763256e-08,0.9603748895805299,-0.12922286987304688,0.29850006103515625,-2.665454537353051e-08,6.157101625029556e-08,0.01,1.0903363545367029e-07,0.8090155046034179,-0.11587142944335938,0.2734661102294922,-2.3900570205785657e-08,5.640731281077397e-08,0.0911878227492797
2966,2350,2350,fineweb-edu-sample,fit,random_1,0.005,1.1424799595260993e-07,0.9971311605913212,0.11491775512695312,-0.6651878356933594,2.3703857693803882e-08,-1.3720697710728804e-07,0.01,4.6246509555203374e-07,0.9878473733039717,0.10728836059570312,-0.6673336029052734,2.213015759794968e-08,-1.3764958025924704e-07,0.011733125773529111
2966,2350,2350,fineweb-edu-sample,fit,random_2,0.005,1.6113381207105704e-07,0.9976272587960049,0.022411346435546875,0.8015632629394531,4.622744031571712e-09,1.6533686632068184e-07,0.01,6.315917744359467e-07,0.9898114314720081,0.022172927856445312,0.7903575897216797,4.573565903576267e-09,1.6302549430489598e-07,0.01407584574974503
2966,2350,2350,fineweb-edu-sample,fit,approx_spectrum_matched,0.005,3.0209776014089584e-08,0.9808676541425819,-0.30422210693359375,0.16117095947265625,-6.275129132218621e-08,3.3244414524919965e-08,0.01,1.2239161151228473e-07,0.9181844528167287,-0.30040740966796875,0.148773193359375,-6.19644412742591e-08,3.0687151869156886e-08,0.038178825190143685
2966,2350,2350,fineweb-edu-sample,fit,leading_pc,0.005,1.5299065125873312e-08,0.9895446303837351,-0.22935867309570312,-0.08916854858398438,-4.730935913161688e-08,-1.839261987029596e-08,0.01,6.604454938496929e-08,0.9762528961981912,-0.24771690368652344,-0.055789947509765625,-5.109607498726605e-08,-1.1507681950933836e-08,0.1523749982230323
2966,2350,2350,fineweb-edu-sample,fit,shuffled_labels,0.005,3.2916204872890376e-08,0.9952838008662195,0.07200241088867188,-0.354766845703125,1.4851794654624009e-08,-7.317705445722029e-08,0.01,1.3216799743531737e-07,0.98616890970116,0.06818771362304688,-0.35452842712402344,1.406494460669691e-08,-7.312787632922484e-08,0.010572621587719912
2966,2514,2514,fineweb-edu-sample,fit,learned,0.005,1.6207883390961797e-07,0.9983061359980163,-0.5004405975341797,0.6299018859863281,-1.4195813998962963e-07,1.7868194657103451e-07,0.01,6.312826599241816e-07,0.9971138093592428,-0.4906654357910156,0.6234645843505859,-1.3918525588311468e-07,1.768559009399149e-07,0.014649859425085473
2966,2514,2514,fineweb-edu-sample,fit,random_0,0.005,1.5770808658999158e-08,0.9882038833201775,0.2167224884033203,-0.1239776611328125,6.147686958102588e-08,-3.51682862289697e-08,0.01,6.105426564317895e-08,0.9721640327797423,0.21028518676757812,-0.12302398681640625,5.965082394990628e-08,-3.4897760950285306e-08,0.026383448116492188
2966,2514,2514,fineweb-edu-sample,fit,random_1,0.005,9.14245106287126e-08,0.9910637066273221,0.30541419982910156,-0.518798828125,8.663572049867344e-08,-1.47165751604304e-07,0.01,3.6291959304435295e-07,0.957704960835918,0.3026723861694336,-0.5059242248535156,8.585796032245582e-08,-1.435136603420648e-07,0.022094033559985918
2966,2514,2514,fineweb-edu-sample,fit,random_2,0.005,9.327368957201543e-07,0.9986129614810418,1.8579959869384766,0.5230903625488281,5.270508741968479e-07,1.483831153583837e-07,0.01,3.67240460263929e-06,0.9944985633990848,1.8385648727416992,0.5214214324951172,5.215389216436534e-07,1.47909696120686e-07,0.010154196602539259
2966,2514,2514,fineweb-edu-sample,fit,approx_spectrum_matched,0.005,5.324187668520608e-08,0.9536281777116312,0.3154277801513672,-0.3218650817871094,8.947623592485945e-08,-9.130228155597904e-08,0.01,2.4758350036790944e-07,0.8514532083888661,0.3122091293334961,-0.33664703369140625,8.856321310929964e-08,-9.549542337558694e-08,0.03325660230395619
2966,2514,2514,fineweb-edu-sample,fit,leading_pc,0.005,8.867745577845199e-07,0.9992797095030782,1.4846324920654297,-1.1577606201171875,4.211402275919121e-07,-3.2841768832284005e-07,0.01,3.4117686595891428e-06,0.9977973056158558,1.4346837997436523,-1.1601448059082031,4.069714661208175e-07,-3.2909400151955095e-07,0.026828761875157706
2966,2514,2514,fineweb-edu-sample,fit,shuffled_labels,0.005,8.030838216654956e-09,0.9922565118912797,-0.16927719116210938,-0.056743621826171875,-4.8018236966477863e-08,-1.609625408172075e-08,0.01,3.338692522447673e-08,0.9833867938823425,-0.1703500747680664,-0.06175041198730469,-4.8322577904997784e-08,-1.751651179481375e-08,0.02846819860358859
2966,2850,2850,fineweb-edu-sample,check,learned,0.005,1.9249455363024026e-08,0.9971001653673518,0.18262863159179688,-0.20837783813476562,4.274160276386574e-08,-4.876783396294864e-08,0.01,7.547396307927556e-08,0.9959721393754255,0.179290771484375,-0.20742416381835938,4.19604246454661e-08,-4.8544640214834455e-08,0.012594663790853722
2966,2850,2850,fineweb-edu-sample,check,random_0,0.005,1.0300482244929299e-07,0.9997362147366562,-0.3771781921386719,0.5192756652832031,-8.827312737915876e-08,1.215289958481718e-07,0.01,3.980258043156937e-07,0.9991582578136068,-0.38123130798339844,0.5023479461669922,-8.922170080864404e-08,1.1756730681914508e-07,0.027358975370250876
2966,2850,2850,fineweb-edu-sample,check,random_1,0.005,3.688796823553275e-08,0.9866443739020556,0.213623046875,-0.3161430358886719,4.999539957757664e-08,-7.398872749985115e-08,0.01,1.4795432434766553e-07,0.9703277957922885,0.21028518676757812,-0.3151893615722656,4.921422145917701e-08,-7.376553375173696e-08,0.009129931258552345
2966,2850,2850,fineweb-edu-sample,check,random_2,0.005,2.5320332497358322e-09,0.9612966954022989,0.05340576171875,0.08296966552734375,1.2498849894394159e-08,1.941785608593378e-08,0.01,1.147896000475157e-08,0.9375309497870654,0.06031990051269531,0.08440017700195312,1.4117004568221974e-08,1.9752646708105053e-08,0.06976458086901934
2966,2850,2850,fineweb-edu-sample,check,approx_spectrum_matched,0.005,5.433071237348486e-08,0.9912795198975514,-0.038623809814453125,-0.46253204345703125,-9.03934679862435e-09,-1.08248967835378e-07,0.01,2.183739979955135e-07,0.9859980383561758,-0.04267692565917969,-0.4620552062988281,-9.98792022810962e-09,-1.0813737096132091e-07,0.008793854523053644
2966,2850,2850,fineweb-edu-sample,check,leading_pc,0.005,6.069672053854447e-08,0.97238871386455,0.244140625,-0.4200935363769531,5.713759951723045e-08,-9.831684604429693e-08,0.01,2.9503598852897994e-07,0.8996548965691571,0.26702880859375,-0.4405975341796875,6.24942494719708e-08,-1.0311551162875184e-07,0.06139185355250688
2966,2850,2850,fineweb-edu-sample,check,shuffled_labels,0.005,2.378169483563397e-08,0.9835098907192642,0.11777877807617188,0.28228759765625,2.7564427892101408e-08,6.60653494417977e-08,0.01,9.476980267209001e-08,0.9408652069807727,0.11992454528808594,0.2734661102294922,2.806661382535832e-08,6.400080727174153e-08,0.030038136494191944
28027,2850,2850,fineweb-edu-sample,check,learned,0.005,1.0342824463549505e-07,0.9332014194676814,0.15100836753845215,0.60272216796875,8.031804542324149e-08,3.2057472876250956e-07,0.01,4.518808598419355e-07,0.7915738283698279,0.174790620803833,0.5719661712646484,9.296730538924635e-08,3.0421628730271373e-07,0.06376485122363545
28027,2850,2850,fineweb-edu-sample,check,random_0,0.005,1.1498087291172965e-06,0.9996511467822338,0.17341971397399902,-2.1371841430664062,9.223815005286012e-08,-1.1367214670202277e-06,0.01,4.508966864769093e-06,0.9995473257276898,0.16613304615020752,-2.1164417266845703,8.836253092793757e-08,-1.1256890297566444e-06,0.010304309049710116
28027,2850,2850,fineweb-edu-sample,check,random_1,0.005,1.3470008131122313e-07,0.9833681619509487,-0.7274448871612549,0.02574920654296875,-3.86912013170693e-07,1.369543936168949e-08,0.01,5.549549353389693e-07,0.9420726895911168,-0.7224977016448975,0.028371810913085938,-3.8428071347851654e-07,1.509034522260231e-08,0.007718155209845129
28027,2850,2850,fineweb-edu-sample,check,random_2,0.005,3.0543826845530475e-07,0.9967561384907613,0.27364492416381836,1.0690689086914062,1.455457456238807e-07,5.686143527575526e-07,0.01,1.1787964275811191e-06,0.9873317073480791,0.270843505859375,1.0442733764648438,1.4405573254517834e-07,5.554261518907405e-07,0.022868163992289244
28027,2850,2850,fineweb-edu-sample,check,approx_spectrum_matched,0.005,2.3865462406291726e-07,0.9940168907458511,-0.4507601261138916,0.8635520935058594,-2.397494448443907e-07,4.593044571114753e-07,0.01,9.466675843228245e-07,0.9784821153259562,-0.4428774118423462,0.8544921875,-2.3555680166016974e-07,4.544856914101401e-07,0.012402520901337371
28027,2850,2850,fineweb-edu-sample,check,leading_pc,0.005,1.2425560758089205e-07,0.9903168207103595,-0.5494058132171631,0.4363059997558594,-2.9221692665827057e-07,2.3206161140640527e-07,0.01,4.828406883206071e-07,0.9652557731119491,-0.5452632904052734,0.4107952117919922,-2.900136094461469e-07,2.1849298166843513e-07,0.037341000961081054
28027,2850,2850,fineweb-edu-sample,check,shuffled_labels,0.005,2.8783625838357807e-06,0.9947211656447856,-0.23505091667175293,-3.376007080078125,-1.2501843778431133e-07,-1.7956242718659553e-06,0.01,1.1692460199164145e-05,0.9798608249288607,-0.23736059665679932,-3.376483917236328,-1.2624690601409252e-07,-1.795877891113394e-06,0.0006968206634338451
1645,3039,3039,fineweb-edu-sample,check,learned,0.005,2.4391251358224508e-05,0.9917859456738437,1.1115074157714844,-9.773850440979004,5.2820084640363935e-08,-4.644643843392105e-07,0.01,0.00010329283009014034,0.969265407414958,0.9226799011230469,-9.963274002075195,4.384678840802412e-08,-4.7346600537026354e-07,0.026958375742380827
1645,3039,3039,fineweb-edu-sample,check,random_0,0.005,1.454773936870879e-06,0.9931649257943795,2.403736114501953,0.03707408905029297,1.1422824825056825e-07,1.7618024799606588e-09,0.01,5.832757821622181e-06,0.9745381276190809,2.3839473724365234,0.03224611282348633,1.1328786493329023e-07,1.5323716103837887e-09,0.00850809808528297
1645,3039,3039,fineweb-edu-sample,check,random_1,0.005,2.328074629076582e-06,0.9952952835489822,0.43201446533203125,3.01361083984375,2.0529814107322915e-08,1.432101822939082e-07,0.01,9.435790929046561e-06,0.9823019295873656,0.4589557647705078,3.009676933288574,2.181009500915928e-08,1.4302323862240115e-07,0.008943173783761282
1645,3039,3039,fineweb-edu-sample,check,random_2,0.005,7.814310833964555e-07,0.9763949161280129,-1.3370513916015625,1.1243820190429688,-6.35381884734365e-08,5.343190029256892e-08,0.01,3.248010358447573e-06,0.9157193734415636,-1.354217529296875,1.0678768157958984,-6.435394267637649e-08,5.074670937455815e-08,0.0340220108755048
1645,3039,3039,fineweb-edu-sample,check,approx_spectrum_matched,0.005,2.334534769943275e-07,0.9814741790576332,0.7648468017578125,0.5757808685302734,3.6346381708770375e-08,2.736175555694528e-08,0.01,9.750358174187568e-07,0.9285129902699593,0.7712841033935547,0.5571842193603516,3.665228953487287e-08,2.6478021837093632e-08,0.020619128379385013
1645,3039,3039,fineweb-edu-sample,check,leading_pc,0.005,6.855796925719915e-07,0.9304634778714311,-1.5773773193359375,0.25200843811035156,-7.495874731459625e-08,1.1975724895938367e-08,0.01,3.665375899686296e-06,0.7948380808932964,-1.6889572143554688,0.24658441543579102,-8.026114963370616e-08,1.1717969227648305e-08,0.06761706807479413
1645,3039,3039,fineweb-edu-sample,check,shuffled_labels,0.005,1.9583611958751135e-06,0.997308555625068,-1.3604164123535156,2.4416446685791016,-6.464852058299368e-08,1.1602970544872735e-07,0.01,7.939227003816995e-06,0.9902940543258407,-1.3568401336669922,2.4538040161132812,-6.447857179071454e-08,1.1660753134247656e-07,0.004527353910791091
2966,3127,3127,fineweb-edu-sample,fit,learned,0.005,1.6735725694161374e-08,0.9902927130814013,-0.02193450927734375,0.25653839111328125,-5.001719893755345e-09,5.8498376148703813e-08,0.01,7.083923492245958e-08,0.979719623468465,-0.022292137145996094,0.2624988555908203,-5.0832696746317916e-09,5.985753916331125e-08,0.022925613479051248
2966,3127,3127,fineweb-edu-sample,fit,random_0,0.005,2.6806958430825034e-08,0.9959122590878151,-0.19812583923339844,-0.2598762512207031,-4.517857860555098e-08,-5.925950743688396e-08,0.01,1.0441760878165951e-07,0.9895020724751135,-0.1933574676513672,-0.2567768096923828,-4.4091248193865044e-08,-5.8552742669288105e-08,0.017546951284728354
2966,3127,3127,fineweb-edu-sample,fit,random_1,0.005,3.625797262429842e-08,0.9776035224196019,0.1938343048095703,-0.3228187561035156,4.419998123503364e-08,-7.361226887113844e-08,0.01,1.5299173128369148e-07,0.9377464973458634,0.19419193267822266,-0.32520294189453125,4.4281531015910096e-08,-7.415593407698143e-08,0.006383736365318028
2966,3127,3127,fineweb-edu-sample,fit,random_2,0.005,4.783498752658488e-08,0.9982507884523518,0.3867149353027344,-0.20360946655273438,8.818249638773009e-08,-4.642900857898983e-08,0.01,1.900197048598784e-07,0.9989778219980364,0.3848075866699219,-0.20432472229003906,8.774756422305572e-08,-4.6592108140742716e-08,0.004668217188969321
2966,3127,3127,fineweb-edu-sample,fit,approx_spectrum_matched,0.005,5.021911420044489e-08,0.9951033658417321,0.13017654418945312,-0.4277229309082031,2.9684120239026277e-08,-9.75335379282292e-08,0.01,1.981204036383133e-07,0.985001381488513,0.1329183578491211,-0.42128562927246094,3.0309335225745703e-08,-9.606564187245319e-08,0.015743673110674893
2966,3127,3127,fineweb-edu-sample,fit,leading_pc,0.005,2.2617655304202344e-08,0.9168899254575339,0.171661376953125,-0.23126602172851562,3.914389482069399e-08,-5.273552496676829e-08,0.01,1.1923640386157786e-07,0.7884021673994782,0.1786947250366211,-0.2491474151611328,4.074770717793077e-08,-5.68130140105906e-08,0.06462942505755513
2966,3127,3127,fineweb-edu-sample,fit,shuffled_labels,0.005,4.594937763613416e-08,0.9980392156862745,-0.26416778564453125,0.3371238708496094,-6.023810480740131e-08,7.687426010619626e-08,0.01,1.8144157820643159e-07,0.998839582274682,-0.2639293670654297,0.33402442932128906,-6.018373828681702e-08,7.616749533860041e-08,0.0072800208265283856
1645,3142,3142,fineweb-edu-sample,fit,learned,0.005,8.530893580882548e-06,0.9915570661438899,4.131078720092773,-4.0950775146484375,2.0876953836274366e-07,-2.0695016973039102e-07,0.01,3.245135837914859e-05,0.968965398527837,4.163265228271484,-3.7565231323242188,2.1039612621286026e-07,-1.898408753069423e-07,0.059536189651917204
1645,3142,3142,fineweb-edu-sample,fit,random_0,0.005,4.0299181591763045e-06,0.9847598852783417,-3.6902427673339844,1.5020370483398438,-1.8649130921559107e-07,7.590743300544151e-08,0.01,1.6731646439893666e-05,0.9430350259582221,-3.6655664443969727,1.5304088592529297,-1.8524425853050166e-07,7.734124007332207e-08,0.00945186699365817
1645,3142,3142,fineweb-edu-sample,fit,random_1,0.005,1.0495829315004812e-05,0.9972162085969032,-3.2668113708496094,5.585193634033203,-1.6509264238739042e-07,2.822551627913449e-07,0.01,4.15044773376394e-05,0.9909974192215024,-3.1462907791137695,5.588531494140625,-1.5900197454862046e-07,2.824238459758014e-07,0.018716088825635514
1645,3142,3142,fineweb-edu-sample,fit,random_2,0.005,5.6466645901309676e-06,0.9500366599919583,4.593849182128906,0.5955696105957031,2.3215625700775354e-07,3.009789962660205e-08,0.01,2.466881863938397e-05,0.8435289581327987,4.518866539001465,0.6234645843505859,2.283669097569263e-07,3.15076090967031e-08,0.017403430285733403
1645,3142,3142,fineweb-edu-sample,fit,approx_spectrum_matched,0.005,1.670427570843458e-05,0.9965522027301773,3.4847259521484375,7.378578186035156,1.761052445726243e-07,3.728862280400641e-07,0.01,6.525115685462879e-05,0.9876810153223001,3.440260887145996,7.253408432006836,1.7385814357968543e-07,3.66560608622944e-07,0.016411315537641104
1645,3142,3142,fineweb-edu-sample,fit,leading_pc,0.005,7.271699416833144e-06,0.9903867821424771,-4.503011703491211,-2.9206275939941406,-2.2756566463075773e-07,-1.475977863994696e-07,0.01,2.851803549219767e-05,0.9713273365880014,-4.41431999206543,-2.866029739379883,-2.2308351144376976e-07,-1.4483861145371625e-07,0.01959478070751206
1645,3142,3142,fineweb-edu-sample,fit,shuffled_labels,0.005,1.608087774229716e-05,0.9966257716616403,-6.833314895629883,4.172801971435547,-3.453306249791998e-07,2.1087807816845032e-07,0.01,6.512139657388616e-05,0.988780073377484,-6.916999816894531,4.067659378051758,-3.49559753389503e-07,2.0556455785806943e-07,0.01676504862031745
28027,3227,3227,fineweb-edu-sample,fit,learned,0.005,3.9623841985303443e-07,0.9949825698997231,-1.2526512145996094,0.08869171142578125,-3.68727056899593e-07,2.6107054656766005e-08,0.01,1.553184347358183e-06,0.9863765095388258,-1.2352466583251953,0.07867813110351562,-3.636038983244748e-07,2.315948396971177e-08,0.01610531669999678
28027,3227,3227,fineweb-edu-sample,fit,random_0,0.005,1.3197313819546252e-07,0.9988439485617411,0.5979537963867188,-0.4119873046875,1.7601207816980948e-07,-1.212714796959453e-07,0.01,5.224319465924054e-07,0.9970008878520943,0.5922317504882812,-0.4124641418457031,1.7432775206292134e-07,-1.2141184020485262e-07,0.007931584309302887
28027,3227,3227,fineweb-edu-sample,fit,random_1,0.005,3.1056333682499826e-07,0.9984921720336898,0.2865791320800781,-1.0762214660644531,8.435666585331381e-08,-3.1679366860387566e-07,0.01,1.2244390745763667e-06,0.9951192540955296,0.2739429473876953,-1.0693073272705078,8.063711236726918e-08,-3.147584412247191e-07,0.01299093550474428
28027,3227,3227,fineweb-edu-sample,fit,random_2,0.005,3.1245144782587886e-07,0.9942048907854598,0.5383491516113281,0.9760856628417969,1.5846701455639147e-07,2.8731796173333336e-07,0.01,1.249700972039136e-06,0.9816118483116558,0.5304813385009766,0.9722709655761719,1.5615106615942026e-07,2.8619507766207456e-07,0.007869242363230644
28027,3227,3227,fineweb-edu-sample,fit,approx_spectrum_matched,0.005,6.801694780733669e-07,0.9898222982619942,-0.23508071899414062,1.6241073608398438,-6.919773089132063e-08,4.780678933384139e-07,0.01,2.9746124710072763e-06,0.9638261739895879,-0.23865699768066406,1.676321029663086,-7.025043470812568e-08,4.93437369063768e-07,0.0313929011054725
28027,3227,3227,fineweb-edu-sample,fit,leading_pc,0.005,3.627792466431856e-08,0.8669179953870838,-0.016689300537109375,-0.3542900085449219,-4.912617811757044e-09,-1.0428785811815668e-07,0.01,2.314661742275348e-07,0.6290990953822155,0.03933906555175781,-0.3795623779296875,1.1579741984855885e-08,-1.1172696509024588e-07,0.16695962230250927
28027,3227,3227,fineweb-edu-sample,fit,shuffled_labels,0.005,2.9104739951435477e-07,0.9973446142308053,-0.34332275390625,1.0213851928710938,-1.0105956641328774e-07,3.0065221007953105e-07,0.01,1.1797365004895255e-06,0.9927934392283295,-0.34880638122558594,1.024484634399414,-1.0267371226572219e-07,3.0156455338742875e-07,0.005832954144078836
1645,3353,3353,fineweb-edu-sample,fit,learned,0.005,8.32698514727781e-05,0.7590079408418132,-15.770196914672852,-2.0275115966796875,-8.76855810147796e-07,-1.1273386967264129e-07,0.01,0.00037182138385105645,0.45140900187999944,-9.680032730102539,-8.61048698425293,-5.382299908959206e-07,-4.787610187238287e-07,0.6215836899421592
1645,3353,3353,fineweb-edu-sample,fit,random_0,0.005,6.763663861875102e-06,0.9948508787463651,-2.798795700073242,-4.368305206298828,-1.5561887301118722e-07,-2.428868720769207e-07,0.01,2.6630528964233235e-05,0.9849089483851944,-2.7992725372314453,-4.288673400878906,-1.556453861508092e-07,-2.384591777600507e-07,0.015448677792077327
1645,3353,3353,fineweb-edu-sample,fit,random_1,0.005,8.161954383467673e-07,0.6565319247712635,0.10776519775390625,1.4600753784179688,5.99196955456654e-09,8.118323352249003e-08,0.01,5.95994464447358e-06,0.3060387322827027,0.13554096221923828,1.3437271118164062,7.536359937546634e-09,7.471402745472793e-08,0.08499828386653824
1645,3353,3353,fineweb-edu-sample,fit,random_2,0.005,3.833336802472331e-05,0.9698815709367071,10.945320129394531,-5.377292633056641,6.085826068828335e-07,-2.9898867551702157e-07,0.01,0.00016715061650529606,0.9089401402963111,11.103987693786621,-5.350828170776367,6.174048540920461e-07,-2.97517196268002e-07,0.013120205763636344
1645,3353,3353,fineweb-edu-sample,fit,approx_spectrum_matched,0.005,2.0546805217236397e-06,0.9863222321762087,-1.9574165344238281,-2.06756591796875,-1.0883643814821082e-07,-1.1496097340088723e-07,0.01,7.871577167861687e-06,0.9478242973174488,-1.935720443725586,-1.9271373748779297,-1.0763009029541093e-07,-1.0715285378221537e-07,0.05094261056692457
1645,3353,3353,fineweb-edu-sample,fit,leading_pc,0.005,2.3053977997733455e-05,0.9033595814205824,8.851051330566406,2.227783203125,4.921368976631156e-07,1.2386938831387114e-07,0.01,0.0001304618089648102,0.7692685320270589,9.519696235656738,3.1201839447021484,5.293149476980312e-07,1.7348872911639892e-07,0.11649012762862303
1645,3353,3353,fineweb-edu-sample,fit,shuffled_labels,0.005,1.6452505406050477e-05,0.9949651275716193,-6.9637298583984375,4.121303558349609,-3.871978910393352e-07,2.291530657527372e-07,0.01,6.53410237987373e-05,0.9797386785166745,-6.879210472106934,4.085779190063477,-3.8249843704134e-07,2.271778368509e-07,0.01139399517561245
2966,3500,3500,fineweb-edu-sample,check,learned,0.005,1.1782950082306343e-07,0.9948060149207973,-0.6313323974609375,0.2651214599609375,-1.580086940547708e-07,6.635410414988864e-08,0.01,4.714884340728531e-07,0.9806008861461384,-0.6223320960998535,0.2739429473876953,-1.5575611542917879e-07,6.856192955775364e-08,0.018469347244006645
2966,3500,3500,fineweb-edu-sample,check,random_0,0.005,1.8367103393757134e-08,0.976486881707119,0.217437744140625,0.156402587890625,5.441991275602379e-08,3.914414777187676e-08,0.01,7.814554692231468e-08,0.9000402618365071,0.21708011627197266,0.15234947204589844,5.433040632056979e-08,3.8129741503398237e-08,0.015266322322227615
2966,3500,3500,fineweb-edu-sample,check,random_1,0.005,1.2991736753065197e-07,0.9985962777569584,-0.2753734588623047,0.6656646728515625,-6.891995529956959e-08,1.6660131185835353e-07,0.01,5.133645828436784e-07,0.9957131206269506,-0.26923418045043945,0.6623268127441406,-6.738342815760948e-08,1.6576591846078296e-07,0.009737109693913008
2966,3500,3500,fineweb-edu-sample,check,random_2,0.005,1.4183015650814923e-08,0.9456567916548518,-0.03230571746826172,-0.22935867309570312,-8.085414669343447e-09,-5.740346060449e-08,0.01,6.718036615893652e-08,0.8301346745080486,-0.030875205993652344,-0.23412704467773438,-7.727388927527499e-09,-5.8596879743876474e-08,0.021285051322813105
2966,3500,3500,fineweb-edu-sample,check,approx_spectrum_matched,0.005,2.7907432809115562e-08,0.9587380099205066,0.2688169479370117,-0.18644332885742188,6.727900398291318e-08,-4.666268835001162e-08,0.01,1.277055474702138e-07,0.8544955426925273,0.2697110176086426,-0.19073486328125,6.750277007154812e-08,-4.7736765575459454e-08,0.013334711438165059
2966,3500,3500,fineweb-edu-sample,check,leading_pc,0.005,6.833735710642941e-08,0.9355681047343483,0.2033710479736328,-0.4630088806152344,5.089932629483364e-08,-1.1588099843442782e-07,0.01,3.371427936826876e-07,0.8036491780689979,0.19806623458862305,-0.4813671112060547,4.957164750226617e-08,-1.204756621210658e-07,0.03724184597391347
2966,3500,3500,fineweb-edu-sample,check,shuffled_labels,0.005,3.1932941624290834e-08,0.9873708379893738,0.024437904357910156,0.3542900085449219,6.1162730893557424e-09,8.867104205641594e-08,0.01,1.1888862161413272e-07,0.9643706409350274,0.026047229766845703,0.3376007080078125,6.519052048898681e-09,8.449407506856322e-08,0.048337455301500534
2966,3777,3777,fineweb-edu-sample,fit,learned,0.005,2.19984030991327e-09,0.9864857881136951,-0.07200241088867188,-0.0591278076171875,-1.5409776874937096e-08,-1.2654386307895364e-08,0.01,9.285031410399824e-09,0.9672470369282006,-0.06556510925292969,-0.06842613220214844,-1.403208159141623e-08,-1.4644390606314393e-08,0.12035106762718133
2966,3777,3777,fineweb-edu-sample,fit,random_0,0.005,1.4151919458527118e-07,0.9981820606418941,-0.17118453979492188,-0.7319450378417969,-3.663648939140673e-08,-1.566490563114466e-07,0.01,5.37499772690353e-07,0.9956438358018722,-0.1761913299560547,-0.7100105285644531,-3.7708030167478516e-08,-1.5195468719722735e-07,0.030337174101761993
2966,3777,3777,fineweb-edu-sample,fit,random_1,0.005,2.5265080694225617e-08,0.9933336033190241,-0.0209808349609375,0.3161430358886719,-4.4902661092531935e-09,6.766014614624699e-08,0.01,9.854329618974589e-08,0.9787331736648531,-0.019550323486328125,0.30994415283203125,-4.184111601804112e-09,6.633347661396763e-08,0.02027993439435962
2966,3777,3777,fineweb-edu-sample,fit,random_2,0.005,6.792106432840228e-08,0.988834025174076,0.044345855712890625,0.5164146423339844,9.490789730921521e-09,1.1052177718911836e-07,0.01,2.6754423743113875e-07,0.9631082408691632,0.03838539123535156,0.5061626434326172,8.215145949883684e-09,1.0832766988573329e-07,0.023118075687720056
2966,3777,3777,fineweb-edu-sample,fit,approx_spectrum_matched,0.005,3.4569893614389002e-09,0.9208431991581163,-0.052928924560546875,0.09965896606445312,-1.132771677561601e-08,2.132876401895267e-08,0.01,1.796365722839255e-08,0.7376906524903487,-0.06079673767089844,0.09775161743164062,-1.3011566566585958e-08,2.092055800902056e-08,0.07102806130133255
2966,3777,3777,fineweb-edu-sample,fit,leading_pc,0.005,2.595045316411415e-07,0.992849682777643,-0.030994415283203125,-1.01470947265625,-6.633347661396762e-09,-2.1716559728388168e-07,0.01,1.0938238119706511e-06,0.9685168732622028,0.0050067901611328125,-1.0292530059814453,1.0715407760717848e-09,-2.2027816810961404e-07,0.037983692086260554
2966,3777,3777,fineweb-edu-sample,fit,shuffled_labels,0.005,2.392152964603156e-08,0.9971342483461334,0.21505355834960938,-0.22172927856445312,4.6025227619845224e-08,-4.74539486546076e-08,0.01,9.313384907727595e-08,0.9986725080381927,0.2162456512451172,-0.21505355834960938,4.628035637605279e-08,-4.6025227619845224e-08,0.022093892211010102
28027,3804,3804,fineweb-edu-sample,fit,learned,0.005,3.787476998695638e-08,0.9808629746360499,-0.37288665771484375,-0.09775161743164062,-1.121152503096257e-07,-2.9390826487817477e-08,0.01,1.5175010048551485e-07,0.9465840780097212,-0.3685951232910156,-0.08821487426757812,-1.1082492134186784e-07,-2.652342878168894e-08,0.027359010549335358
28027,3804,3804,fineweb-edu-sample,fit,random_0,0.005,1.200746737595182e-07,0.9971444477687684,-0.6914138793945312,0.02956390380859375,-2.0788633369431884e-07,8.888932888998461e-09,0.01,4.896917289443081e-07,0.9891828524757775,-0.6949901580810547,0.03719329833984375,-2.0896160783411693e-07,1.1182851053901284e-08,0.012140941270466056
28027,3804,3804,fineweb-edu-sample,fit,random_1,0.005,1.8031391846307088e-07,0.9986472751942237,-0.4024505615234375,0.7472038269042969,-1.2100418319862416e-07,2.2466061027517066e-07,0.01,7.212684067781083e-07,0.9965440083324612,-0.4067420959472656,0.743865966796875,-1.22294512166382e-07,2.2365702107802568e-07,0.006409409488194712
28027,3804,3804,fineweb-edu-sample,fit,random_2,0.005,9.227665032085497e-08,0.9958487028043278,-0.06103515625,0.6031990051269531,-1.8351345319222625e-08,1.8136290491262986e-07,0.01,3.6385245039127767e-07,0.9910838374243863,-0.0553131103515625,0.5979537963867188,-1.66309066955455e-08,1.7978583617425912e-07,0.012864497936460467
28027,3804,3804,fineweb-edu-sample,fit,approx_spectrum_matched,0.005,1.1284191714366898e-07,0.9772791385577613,-0.102996826171875,0.6561279296875,-3.096789522618818e-08,1.972769621816432e-07,0.01,4.911510131933028e-07,0.9215354114730534,-0.09584426879882812,0.6659030914306641,-2.881734694659177e-08,2.002160448304249e-07,0.018119911406964447
28027,3804,3804,fineweb-edu-sample,fit,leading_pc,0.005,3.6903588807035703e-07,0.9961216226124235,0.6732940673828125,-1.0085105895996094,2.0243827805267455e-07,-3.0322730742309255e-07,0.01,1.4161712442728458e-06,0.9857918671399192,0.6501674652099609,-0.9865760803222656,1.9548483861531282e-07,-2.966322926989968e-07,0.02662666510685601
28027,3804,3804,fineweb-edu-sample,fit,shuffled_labels,0.005,3.503828338580206e-10,0.6919208306294614,-0.030517578125,-0.006198883056640625,-9.17567265961131e-09,-1.8638085089835474e-09,0.01,9.877112461254e-10,0.6934852670349908,-0.025987625122070312,-0.0030994415283203125,-7.813658749200255e-09,-9.319042544917735e-10,0.1915393407160054
2966,3855,3855,fineweb-edu-sample,check,learned,0.005,3.5146285881637596e-08,0.9983584020701924,0.32711029052734375,-0.18262863159179688,7.355013027152416e-08,-4.106370246937864e-08,0.01,1.360590431431774e-07,0.9934758704131391,0.3228187561035156,-0.17595291137695312,7.258518687146041e-08,-3.9562679402612834e-08,0.02138272747312969
2966,3855,3855,fineweb-edu-sample,check,random_0,0.005,5.756078280683141e-08,0.9956084217179199,0.22792816162109375,-0.4210472106933594,5.124921613671801e-08,-9.467166913958577e-08,0.01,2.41889210883528e-07,0.9854982892164236,0.2315044403076172,-0.4298686981201172,5.20533356367711e-08,-9.665516390638342e-08,0.019686864938645937
2966,3855,3855,fineweb-edu-sample,check,random_1,0.005,6.12317307968624e-08,0.9970757519494987,0.4897117614746094,0.06628036499023438,1.101107635406054e-07,1.4903014734317577e-08,0.01,2.407980446150759e-07,0.9932054094222981,0.4849433898925781,0.06318092346191406,1.0903860420720126e-07,1.4206111167604883e-08,0.011568475396879685
2966,3855,3855,fineweb-edu-sample,check,random_2,0.005,1.466219146095682e-08,0.9987477707994107,0.23317337036132812,0.064849853515625,5.242859140346255e-08,1.4581366934296334e-08,0.01,5.84816461923765e-08,0.9997015998911374,0.23293495178222656,0.064849853515625,5.2374983436792334e-08,1.458136693429633e-08,0.0009855731812674357
2966,3855,3855,fineweb-edu-sample,check,approx_spectrum_matched,0.005,1.2981308827875182e-07,0.9914542040621869,0.1697540283203125,-0.6971359252929688,3.816887226918746e-08,-1.5674969454368557e-07,0.01,5.188285285839811e-07,0.9671776888044343,0.16641616821289062,-0.6885528564453125,3.741836073580455e-08,-1.548198077435581e-07,0.0129172568497075
2966,3855,3855,fineweb-edu-sample,check,leading_pc,0.005,5.573633643507492e-08,0.9355252905589256,0.2989768981933594,0.3452301025390625,6.72243902044397e-08,7.762433573845989e-08,0.01,2.899862465710612e-07,0.8023090107756711,0.3380775451660156,0.3440380096435547,7.601609673835367e-08,7.735629590510885e-08,0.08331637082735245
2966,3855,3855,fineweb-edu-sample,check,shuffled_labels,0.005,1.311809683102183e-08,0.9879796859292127,-0.19979476928710938,0.10919570922851562,-4.492347606963356e-08,2.4552448734954856e-08,0.01,5.17759417562047e-08,0.9663007821248677,-0.1957416534423828,0.10824203491210938,-4.401214063624003e-08,2.4338016868274027e-08,0.018449859813090656
1645,3941,3941,fineweb-edu-sample,check,learned,0.005,1.4660072963579296e-05,0.9908651422927351,-0.38433074951171875,7.612943649291992,-1.761421734377205e-08,3.4890792432009016e-07,0.01,5.884746911988259e-05,0.9659319409638562,0.015020370483398438,7.53939151763916,6.883968316734734e-10,3.4553696523165733e-07,0.05356375210478953
1645,3941,3941,fineweb-edu-sample,check,random_0,0.005,1.9532415649337054e-06,0.9800237772835402,-1.1584758758544922,2.5129318237304688,-5.309397150954615e-08,1.1516988263235572e-07,0.01,8.867135591117403e-06,0.9320490702557054,-1.2236833572387695,2.6013851165771484,-5.6082487913715926e-08,1.19223775085544e-07,0.03895504669172912
1645,3941,3941,fineweb-edu-sample,check,random_1,0.005,2.221127664370215e-05,0.9988090625446431,6.379365921020508,-6.931304931640625,2.923719686521766e-07,-3.1766782048271777e-07,0.01,8.661701707524117e-05,0.9980093974083033,6.335020065307617,-6.805300712585449,2.903395589586645e-07,-3.118929359503459e-07,0.0142731123584684
1645,3941,3941,fineweb-edu-sample,check,random_2,0.005,1.1071931567130378e-06,0.9901202375116722,-0.4241466522216797,-2.050638198852539,-1.9439015294398557e-08,-9.398255792418325e-08,0.01,4.704328034677019e-06,0.9770503812412205,-0.41031837463378906,-2.1042823791503906,-1.8805253131905522e-08,-9.644111803730282e-08,0.02614364852177057
1645,3941,3941,fineweb-edu-sample,check,approx_spectrum_matched,0.005,5.49116975889774e-06,0.9733560844904561,3.91387939453125,2.4619102478027344,1.7937654585320223e-07,1.1283151879143312e-07,0.01,2.2847899515454628e-05,0.9092899944128854,3.844618797302246,2.4483203887939453,1.7620227157381898e-07,1.1220868356277617e-07,0.015374179474054525
1645,3941,3941,fineweb-edu-sample,check,leading_pc,0.005,1.090732138209205e-05,0.9838301589431598,-3.5164356231689453,5.527973175048828,-1.611613471484454e-07,2.533518879235104e-07,0.01,4.362019723203048e-05,0.9586131157907392,-3.261566162109375,5.583643913269043,-1.4948045487766853e-07,2.559033269742367e-07,0.040079467707211984
1645,3941,3941,fineweb-edu-sample,check,shuffled_labels,0.005,6.618734744279209e-06,0.9895429274458677,-5.031824111938477,-0.9374618530273438,-2.306129386106136e-07,-4.296470384349361e-08,0.01,2.7147725745635398e-05,0.9787136289788549,-5.076169967651367,-0.8957386016845703,-2.3264534830412575e-07,-4.1052490422178406e-08,0.011854041775480344
28027,4057,4057,fineweb-edu-sample,check,learned,0.005,8.826270914141787e-07,0.9992596929029699,-1.1744499206542969,-1.4657974243164062,-4.0347637650034596e-07,-5.035673493146827e-07,0.01,3.48697358276695e-06,0.9973058264962045,-1.165151596069336,-1.4560222625732422,-4.0028198375095223e-07,-5.002091415524996e-07,0.007208581312640862
28027,4057,4057,fineweb-edu-sample,check,random_0,0.005,1.9113485905108973e-08,0.9576562537174942,0.07200241088867188,0.2608299255371094,2.4736066931202696e-08,8.960681199581373e-08,0.01,8.748452273721341e-08,0.8700212599509826,0.06556510925292969,0.26798248291015625,2.2524564258545506e-08,9.206403718765508e-08,0.03521782620576383
28027,4057,4057,fineweb-edu-sample,check,random_1,0.005,3.1299691727326717e-07,0.9956458965185333,0.5145072937011719,-0.9908676147460938,1.7675639879978615e-07,-3.4040759657641855e-07,0.01,1.2720136055577314e-06,0.9845346888615797,0.5109310150146484,-0.995635986328125,1.755277862038655e-07,-3.420457467043128e-07,0.005332401923166015
28027,4057,4057,fineweb-edu-sample,check,random_2,0.005,3.42302428180119e-07,0.9964160503553062,-1.0991096496582031,-0.3952980041503906,-3.775936044796173e-07,-1.358026456024307e-07,0.01,1.3669437066710088e-06,0.9853075126890382,-1.0936260223388672,-0.3883838653564453,-3.75709731832539e-07,-1.334273279169841e-07,0.007579487733366491
28027,4057,4057,fineweb-edu-sample,check,approx_spectrum_matched,0.005,2.1180062503844965e-07,0.9988473004554975,-0.8940696716308594,-0.21648406982421875,-3.071531489801659e-07,-7.437201580639751e-08,0.01,8.396859811909962e-07,0.9969180699153908,-0.8904933929443359,-0.21004676818847656,-3.059245363842453e-07,-7.216051313374032e-08,0.008026884458041228
28027,4057,4057,fineweb-edu-sample,check,leading_pc,0.005,7.536823432019446e-07,0.9996489910188764,-1.6903877258300781,-0.3952980041503906,-5.807242203385004e-07,-1.358026456024307e-07,0.01,2.8272463623579824e-06,0.9996176120349087,-1.6334056854248047,-0.39768218994140625,-5.611483263101645e-07,-1.366217206663778e-07,0.03338016359034999
28027,4057,4057,fineweb-edu-sample,check,shuffled_labels,0.005,5.757328835898079e-09,0.8538071166225663,0.09250640869140625,-0.10538101196289062,3.1780112481147834e-08,-3.620311782646223e-08,0.01,2.9368266041274182e-08,0.6373361566392852,0.09322166442871094,-0.10013580322265625,3.202583500033197e-08,-3.440115268577859e-08,0.03821718606077315
2966,4210,4210,fineweb-edu-sample,fit,learned,0.005,6.001812380418414e-09,0.9773760477340532,-0.03647804260253906,0.148773193359375,-8.700010350518915e-09,3.548239515505753e-08,0.01,2.5305553208454512e-08,0.9455793162316366,-0.03886222839355469,0.14972686767578125,-9.268638478003809e-09,3.5709846406051485e-08,0.0166814733082134
2966,4210,4210,fineweb-edu-sample,fit,random_0,0.005,3.1643480724596884e-08,0.9981874620516709,-0.2789497375488281,0.22029876708984375,-6.652949091573287e-08,5.254123897960442e-08,0.01,1.310357902184478e-07,0.9865361273569477,-0.2772808074951172,0.2288818359375,-6.613145122649343e-08,5.4588300238550036e-08,0.024458470744943617
2966,4210,4210,fineweb-edu-sample,fit,random_1,0.005,3.847355856123613e-08,0.9971676954762911,0.22602081298828125,-0.3199577331542969,5.3905946485568164e-08,-7.630989470847307e-08,0.01,1.4501404166367138e-07,0.9960374173792312,0.22554397583007812,-0.3058910369873047,5.379222086007118e-08,-7.295498875631219e-08,0.03647309636726904
2966,4210,4210,fineweb-edu-sample,fit,random_2,0.005,4.742474857266643e-08,0.9968515710681346,0.3249645233154297,0.28896331787109375,7.750401377619136e-08,6.891772905116942e-08,0.01,1.9486662949930178e-07,0.9981958093771239,0.3306865692138672,0.2918243408203125,7.88687212821551e-08,6.96000828041513e-08,0.014607750644467886
2966,4210,4210,fineweb-edu-sample,fit,approx_spectrum_matched,0.005,7.575647487101378e-08,0.9956795190594888,-0.5245208740234375,-0.16307830810546875,-1.250981880466772e-07,-3.889416391996691e-08,0.01,2.959692437798367e-07,0.9847874276947637,-0.5166530609130859,-0.15664100646972656,-1.2322171522597702e-07,-3.735886797575768e-08,0.01866696540214024
2966,4210,4210,fineweb-edu-sample,fit,leading_pc,0.005,1.929254267452052e-08,0.940588925096789,0.2694129943847656,0.001430511474609375,6.425497840579328e-08,3.4117687649093773e-10,0.01,8.58701127981476e-08,0.8499197030668397,0.27000904083251953,-0.008821487426757812,6.43971354376645e-08,-2.103924071694116e-09,0.038064804011747104
2966,4210,4210,fineweb-edu-sample,fit,shuffled_labels,0.005,1.0306507647328544e-08,0.9772273514455585,0.19121170043945312,0.06103515625,4.5603975824288675e-08,1.4556880063613343e-08,0.01,4.285004706616746e-08,0.9528060852239111,0.1919269561767578,0.06318092346191406,4.577456426253415e-08,1.506864537834975e-08,0.011231252699407494
28027,4369,4369,fineweb-edu-sample,check,learned,0.005,2.0202833184157498e-07,0.9974463439613744,-0.8153915405273438,0.3757476806640625,-2.537278100099759e-07,1.1692252297535733e-07,0.01,8.09783159638755e-07,0.9916153862568876,-0.8194446563720703,0.36263465881347656,-2.549890301182127e-07,1.1284210497812091e-07,0.01530198243677446
28027,4369,4369,fineweb-edu-sample,check,random_0,0.005,6.758023118891288e-08,0.9853518089233264,0.4944801330566406,-0.14781951904296875,1.5386885320488015e-07,-4.599743924157459e-08,0.01,2.780491286102915e-07,0.9406383573764405,0.4916191101074219,-0.14090538024902344,1.5297858018730132e-07,-4.3845946115759014e-08,0.014564644479902203
28027,4369,4369,fineweb-edu-sample,check,random_1,0.005,8.550091479264665e-08,0.9965515361520276,0.164031982421875,-0.5602836608886719,5.104231967452148e-08,-1.74345132609194e-07,0.01,3.288682819402311e-07,0.9869238884994103,0.15783309936523438,-0.5474090576171875,4.911339480310062e-08,-1.7033890403008915e-07,0.02477517911225816
28027,4369,4369,fineweb-edu-sample,check,random_2,0.005,7.093112799338996e-07,0.9993463872106024,-1.186370849609375,1.1949539184570312,-3.691665446227019e-07,3.718373636754385e-07,0.01,2.7993664843961596e-06,0.9975012882009242,-1.1827945709228516,1.180410385131836,-3.6805370335072834e-07,3.6731180916941265e-07,0.008928303227688334
28027,4369,4369,fineweb-edu-sample,check,approx_spectrum_matched,0.005,8.872655143932207e-07,0.9973531194302752,-0.5626678466796875,1.7952919006347656,-1.750870267905097e-07,5.586463185307365e-07,0.01,3.4239633350807708e-06,0.9898241553913838,-0.5619525909423828,1.753091812133789,-1.7486445853611504e-07,5.455147915214484e-07,0.022677108255273127
28027,4369,4369,fineweb-edu-sample,check,leading_pc,0.005,9.870791473076679e-08,0.8647638221513768,-0.4367828369140625,-0.38814544677734375,-1.3591501401703977e-07,-1.207803727181991e-07,0.01,5.286458417685935e-07,0.5889918060532239,-0.4343986511230469,-0.3502368927001953,-1.3517311983572405e-07,-1.0898425523527917e-07,0.06650177670813379
28027,4369,4369,fineweb-edu-sample,check,shuffled_labels,0.005,5.212382347963285e-08,0.996886491626789,-0.10776519775390625,0.4429817199707031,-3.353361699547051e-08,1.3784393888846065e-07,0.01,2.1826326701557264e-07,0.9869803277732173,-0.10728836059570312,0.4515647888183594,-3.338523815920737e-08,1.4051475794119723e-07,0.018686871536820193
28027,4441,4441,fineweb-edu-sample,fit,learned,0.005,3.4326032505305193e-06,0.998169162913306,-1.8634796142578125,3.198862075805664,-8.901990059884771e-07,1.528121809537794e-06,0.01,1.3655957388891693e-05,0.9952578148674751,-1.8460750579833984,3.1911134719848633,-8.818847112805499e-07,1.5244202399760456e-06,0.005156935807024717
28027,4441,4441,fineweb-edu-sample,fit,random_0,0.005,1.7836505890045373e-06,0.9993228205098216,-2.6693344116210938,0.06651878356933594,-1.275162240410311e-06,3.1776551007009356e-08,0.01,7.043552955110499e-06,0.99746358073933,-2.649664878845215,0.07045269012451172,-1.2657659484458726e-06,3.3655809399897e-08,0.007539918925140986
28027,4441,4441,fineweb-edu-sample,fit,random_1,0.005,2.0821198631892912e-07,0.9900617105990219,-0.3581047058105469,0.8344650268554688,-1.7106946097680306e-07,3.986305681882894e-07,0.01,8.762800121075998e-07,0.9635403229996781,-0.3619194030761719,0.8445978164672852,-1.728917721456638e-07,4.0347108223057577e-07,0.011852717799754607
28027,4441,4441,fineweb-edu-sample,fit,random_2,0.005,2.52634947628394e-07,0.9679601930608872,0.9887218475341797,-0.024318695068359375,4.72320276079096e-07,-1.1617233701487291e-08,0.01,1.071969336408074e-06,0.8854793203877935,0.9740591049194336,-0.020384788513183594,4.6531576752378753e-07,-9.73797530859964e-09,0.015465129746336553
28027,4441,4441,fineweb-edu-sample,fit,approx_spectrum_matched,0.005,6.87733063386986e-07,0.991372357490804,-0.5419254302978516,1.5599727630615234,-2.588820804262806e-07,7.452113736159937e-07,0.01,2.77256026492978e-06,0.96605167490593,-0.5204677581787109,1.5516281127929688,-2.486315801014388e-07,7.412250679341107e-07,0.014004273530720207
28027,4441,4441,fineweb-edu-sample,fit,leading_pc,0.005,1.1790498604113964e-05,0.9988676693682058,-5.813360214233398,3.6487579345703125,-2.7770883268957317e-06,1.7430406330153088e-06,0.01,4.6590618637765147e-05,0.9961277081950081,-5.7860612869262695,3.596067428588867,-2.7640474125935716e-06,1.7178699599954196e-06,0.00867828084183645
28027,4441,4441,fineweb-edu-sample,fit,shuffled_labels,0.005,2.7905838351216516e-07,0.9951970740115541,-1.0471343994140625,0.11992454528808594,-5.002244158522763e-07,5.728890737105988e-08,0.01,1.1145649523314205e-06,0.9821918595583741,-1.0401010513305664,0.11360645294189453,-4.968645296346893e-07,5.427070449763426e-08,0.009003078615103187
1645,4577,4577,fineweb-edu-sample,check,learned,0.005,0.0008308149783715635,0.9498813830600241,-15.309333801269531,54.05855178833008,-9.470753593038687e-07,3.344203152336644e-06,0.01,0.003446851606668133,0.8033451214479929,-20.452499389648438,48.484086990356445,-1.2652450106292137e-06,2.9993522058487014e-06,0.13941597550554535
1645,4577,4577,fineweb-edu-sample,check,random_0,0.005,0.00018146750130654254,0.957014864284771,8.168697357177734,-25.058746337890625,5.053369457495351e-07,-1.5501994730622596e-06,0.01,0.0006947569888779981,0.8527973415652857,9.372472763061523,-22.464275360107422,5.798056352332022e-07,-1.3896987246048887e-06,0.11283102305169358
1645,4577,4577,fineweb-edu-sample,check,random_1,0.005,7.251096894833609e-05,0.2699180472312186,6.962299346923828,-5.460262298583984,4.307060151123088e-07,-3.3778608171022864e-07,0.01,0.0008485727894367301,0.0850444805883422,6.563663482666016,-5.393028259277344,4.060453597713123e-07,-3.3362680850080216e-07,0.046619702557805655
1645,4577,4577,fineweb-edu-sample,check,random_2,0.005,0.0007785115587921609,0.9977858365532115,-14.014720916748047,53.951263427734375,-8.669872262287425e-07,3.337566014236495e-06,0.01,0.0028003410325254663,0.9963097930419577,-13.689041137695312,51.01585388183594,-8.46839824795847e-07,3.15597391581643e-06,0.05440967857948746
1645,4577,4577,fineweb-edu-sample,check,approx_spectrum_matched,0.005,0.00021104055554133083,0.9836609013632245,-27.074813842773438,-9.865283966064453,-1.6749186725619405e-06,-6.102922229065514e-07,0.01,0.0008239719184075511,0.9486558427942846,-25.28238296508789,-11.935949325561523,-1.5640342187021249e-06,-7.383889882394191e-07,0.09647646115142068
1645,4577,4577,fineweb-edu-sample,check,leading_pc,0.005,0.0012982167518202914,0.993033948436424,26.885032653808594,66.58744812011719,1.663178312722567e-06,4.119273390476218e-06,0.01,0.004692159648811867,0.9733320252779929,24.367332458496094,63.0338191986084,1.5074268053057464e-06,3.899436627403518e-06,0.062488344076054005
1645,4577,4577,fineweb-edu-sample,check,shuffled_labels,0.005,0.00011316993800392083,0.9194252052418226,-6.1664581298828125,19.446849822998047,-3.8147319960498444e-07,1.2030329028371543e-06,0.01,0.00046165388698682364,0.8729202837802299,-5.278348922729492,19.36817169189453,-3.2653244533153227e-07,1.1981656682303788e-06,0.044055504599423055
28027,4598,4598,fineweb-edu-sample,check,learned,0.005,1.6963797975222406e-06,0.9993976566520778,-1.768350601196289,1.9116401672363281,-5.343011723753726e-07,5.775956316712604e-07,0.01,6.558253346611309e-06,0.998030841225918,-1.7496347427368164,1.8665790557861328,-5.286462388400529e-07,5.639805687645669e-07,0.01890296155502585
28027,4598,4598,fineweb-edu-sample,check,random_0,0.005,4.6440050027740654e-08,0.955997194552634,0.2772808074951172,0.3173351287841797,8.377946116658466e-08,9.588173930586776e-08,0.01,2.1147241113794735e-07,0.8524313610170466,0.274658203125,0.3237724304199219,8.298705009794113e-08,9.782674829253825e-08,0.016432964176456892
28027,4598,4598,fineweb-edu-sample,check,random_1,0.005,2.543185928516323e-07,0.9994627873813706,0.6606578826904297,-0.7617473602294922,1.9961555192829413e-07,-2.3015939675600859e-07,0.01,9.66773598065629e-07,0.9986326309067426,0.6453990936279297,-0.7408857345581055,1.950051602561863e-07,-2.2385612689179864e-07,0.025964528852414213
28027,4598,4598,fineweb-edu-sample,check,random_2,0.005,3.804303219112626e-07,0.9968304176507758,0.1506805419921875,-1.222372055053711,4.552761776206493e-08,-3.6933559535776406e-07,0.01,1.4811722053309495e-06,0.9944006051796256,0.1552104949951172,-1.2036561965942383,4.6896327789721944e-08,-3.6368066182244427e-07,0.015749961780387848
28027,4598,4598,fineweb-edu-sample,check,approx_spectrum_matched,0.005,6.302669248725579e-07,0.9983827455702782,-0.6442070007324219,-1.4498233795166016,-1.946449734068029e-07,-4.380592462201215e-07,0.01,2.295475155733584e-06,0.9908556880658929,-0.6288290023803711,-1.3707876205444336,-1.8999856304975668e-07,-4.141788581060004e-07,0.05203697867386091
28027,4598,4598,fineweb-edu-sample,check,leading_pc,0.005,4.001593083557964e-07,0.9808984488919023,-1.247406005859375,0.11849403381347656,-3.76899519194816e-07,3.5802572828712454e-08,0.01,1.7530733771309315e-06,0.9357721949263098,-1.2727975845336914,0.1430511474609375,-3.8457149908668296e-07,4.322242192601101e-08,0.02788186393561172
28027,4598,4598,fineweb-edu-sample,check,shuffled_labels,0.005,1.724320668472501e-07,0.9960468369915908,0.2846717834472656,-0.7784366607666016,8.60126196327619e-08,-2.3520201264737657e-07,0.01,6.858211349936028e-07,0.9842431591700121,0.28014183044433594,-0.7723569869995117,8.464390960510488e-08,-2.3336505971552108e-07,0.009187500883102523
2966,4600,4600,fineweb-edu-sample,check,learned,0.005,4.09984295401955e-08,0.9790322938445924,0.010967254638671875,0.400543212890625,2.5906368702049795e-09,9.46145639553123e-08,0.01,1.768776201060973e-07,0.9231363026342175,0.018835067749023438,0.4036426544189453,4.449137233612898e-09,9.534670046210933e-08,0.021015311398835963
2966,4600,4600,fineweb-edu-sample,check,random_0,0.005,6.535651664307807e-08,0.9806229800202476,0.3943443298339844,0.31757354736328125,9.315029094171817e-08,7.501583285028332e-08,0.01,2.731042059167521e-07,0.9306085961078155,0.3981590270996094,0.30922889709472656,9.405138202700686e-08,7.304469610121431e-08,0.018160592310644923
2966,4600,4600,fineweb-edu-sample,check,random_1,0.005,2.7953547032666393e-08,0.9767388422088644,-0.32901763916015625,0.030994415283203125,-7.771910610614938e-08,7.321365067970594e-09,0.01,1.148957835539477e-07,0.911103821957306,-0.32210350036621094,0.030517578125,-7.608587851406363e-08,7.2087286823095066e-09,0.021193722647542018
2966,4600,4600,fineweb-edu-sample,check,random_2,0.005,5.275660441839136e-08,0.9954854197374432,-0.19788742065429688,0.4134178161621094,-4.674410004935072e-08,9.765574636816162e-08,0.01,2.1639198166667484e-07,0.9802569501797832,-0.1995563507080078,0.4150867462158203,-4.713832739916452e-08,9.804997371797542e-08,0.005137048336302983
2966,4600,4600,fineweb-edu-sample,check,approx_spectrum_matched,0.005,2.0373158804432023e-07,0.9924055909403909,-0.6427764892578125,0.6289482116699219,-1.5183384787114401e-07,1.4856739268697252e-07,0.01,8.113468084047781e-07,0.9663695958429982,-0.6399154663085938,0.6120204925537109,-1.511580295571775e-07,1.4456880099600396e-07,0.01923809678968787
2966,4600,4600,fineweb-edu-sample,check,leading_pc,0.005,1.1903784979949705e-07,0.9997612380475767,-0.23555755615234375,-0.64849853515625,-5.564237451657651e-08,-1.5318548449907704e-07,0.01,4.679477569879964e-07,0.9997419895279818,-0.22983551025390625,-0.6442070007324219,-5.4290737888643486e-08,-1.5217175702812728e-07,0.010411794224920336
2966,4600,4600,fineweb-edu-sample,check,shuffled_labels,0.005,1.824446371756494e-08,0.9248753738783649,-0.1583099365234375,0.20599365234375,-3.739528003948057e-08,4.8658918605589176e-08,0.01,8.85263489180943e-08,0.7694455788340872,-0.1590251922607422,0.20694732666015625,-3.75642346179722e-08,4.888419137691135e-08,0.004578020882728654
28027,4683,4683,fineweb-edu-sample,fit,learned,0.005,1.4558369798578497e-06,0.9957980063920866,-2.4073123931884766,0.06103515625,-1.1328821780087339e-06,2.872316901755332e-08,0.01,5.9046334399681655e-06,0.9838729782149597,-2.408742904663086,0.0858306884765625,-1.1335553772825825e-06,4.039195643093435e-08,0.010309223425919454
28027,4683,4683,fineweb-edu-sample,fit,random_0,0.005,3.1564610480927513e-07,0.9946498724541478,-0.13899803161621094,-1.1119842529296875,-6.54125294423187e-08,-5.233002355385496e-07,0.01,1.2570960734592518e-06,0.980894881263761,-0.1289844512939453,-1.1029243469238281,-6.070013452537635e-08,-5.190366401375064e-07,0.01210521034806166
28027,4683,4683,fineweb-edu-sample,fit,random_1,0.005,1.4868218727315252e-06,0.9959188742263045,0.8819103240966797,2.2683143615722656,4.1502735232785057e-07,1.0674696485664153e-06,0.01,5.984887650356541e-06,0.989160001100608,0.8634328842163086,2.274751663208008,4.063318617073021e-07,1.0704990452987352e-06,0.008040824645504267
28027,4683,4683,fineweb-edu-sample,fit,random_2,0.005,1.3338558915165777e-06,0.9960625180664621,-1.4178752899169922,1.8177032470703125,-6.672526802632406e-07,8.554118773040099e-07,0.01,5.310303208716505e-06,0.9922042043273848,-1.4109611511230469,1.8105506896972656,-6.639988837729708e-07,8.520458809347652e-07,0.004324585684990715
28027,4683,4683,fineweb-edu-sample,fit,approx_spectrum_matched,0.005,1.2308000236771477e-06,0.9921426606294166,2.1631717681884766,0.45299530029296875,1.0179895019385207e-06,2.1317977005215356e-07,0.01,5.127023712248047e-06,0.9781691043422261,2.1952390670776367,0.44274330139160156,1.0330803856606334e-06,2.0835517525623635e-07,0.015132470602007916
28027,4683,4683,fineweb-edu-sample,fit,leading_pc,0.005,3.6797126767851296e-07,0.8866126617170926,0.9701251983642578,-0.6031990051269531,4.56541307548533e-07,-2.8386569380628866e-07,0.01,2.320774342479126e-06,0.7136728254739318,1.0378360748291016,-0.7610321044921875,4.884060731773812e-07,-3.581420136876179e-07,0.141392456935463
28027,4683,4683,fineweb-edu-sample,fit,shuffled_labels,0.005,1.4545804560839315e-07,0.9965830377990758,-0.6883144378662109,-0.3256797790527344,-3.2392105060029855e-07,-1.532650346796009e-07,0.01,5.678321599589253e-07,0.9979513552803775,-0.6829500198364258,-0.316619873046875,-3.2139655332336515e-07,-1.4900143927855783e-07,0.013906502624215432
1645,4759,4759,fineweb-edu-sample,check,learned,0.005,4.219868259269788e-06,0.996690781309233,-3.734111785888672,1.6970634460449219,-2.273907827838004e-07,1.0334360821447397e-07,0.01,1.6602497154849516e-05,0.987104152144548,-3.7071704864501953,1.626431941986084,-2.2575017759579315e-07,9.904246408219834e-08,0.01855116971721055
1645,4759,4759,fineweb-edu-sample,check,random_0,0.005,5.424063104442212e-06,0.9938098018277184,-4.624366760253906,-0.4209280014038086,-2.816033471379513e-07,-2.5632641233865383e-08,0.01,2.1889124425911177e-05,0.9785742691217151,-4.606842994689941,-0.44399499893188477,-2.805362278342474e-07,-2.7037318684659188e-08,0.006248798357968018
1645,4759,4759,fineweb-edu-sample,check,random_1,0.005,3.559068687764011e-06,0.9982638096556194,3.550291061401367,-1.2676715850830078,2.16196919067397e-07,-7.719555561623463e-08,0.01,1.4256113004762483e-05,0.99682008454616,3.543853759765625,-1.285254955291748,2.158049160578731e-07,-7.826630457743403e-08,0.004967061976948762
1645,4759,4759,fineweb-edu-sample,check,random_2,0.005,1.6260931658962363e-06,0.9776562494019068,-2.12860107421875,-1.352071762084961,-1.2962232848255458e-07,-8.233515062999184e-08,0.01,6.932740589604691e-06,0.9171142915181397,-2.131819725036621,-1.3466477394104004,-1.2981832998731649e-07,-8.200485179789302e-08,0.0025012145186004775
1645,4759,4759,fineweb-edu-sample,check,approx_spectrum_matched,0.005,2.0230565667134215e-07,0.9802488867128711,-0.6380081176757812,-0.6214380264282227,-3.88518538328087e-08,-3.784280904903434e-08,0.01,8.2397615130958e-07,0.9387268545861696,-0.6340742111206055,-0.6094574928283691,-3.861229643809967e-08,-3.7113247892420485e-08,0.014247458320781108
1645,4759,4759,fineweb-edu-sample,check,leading_pc,0.005,3.605291510666575e-06,0.9690992665836804,2.8994083404541016,-2.3598670959472656,1.765610592155406e-07,-1.4370539956544864e-07,0.01,1.5918610728249405e-05,0.8966522130196706,2.8668642044067383,-2.460598945617676,1.7457926622294778e-07,-1.4983952073299783e-07,0.028167306769322973
1645,4759,4759,fineweb-edu-sample,check,shuffled_labels,0.005,1.6837214218412555e-06,0.9933093274197844,1.6543865203857422,1.9881725311279297,1.0074477344763063e-07,1.2107085542294162e-07,0.01,6.7082793435702115e-06,0.981634396549882,1.6328096389770508,1.9796490669250488,9.94308374342266e-08,1.2055181440107208e-07,0.00900490415389496
1645,4803,4803,fineweb-edu-sample,fit,learned,0.005,6.191692420998152e-06,0.567417272857512,3.6725997924804688,-0.7517337799072266,1.8627037408018892e-07,-3.812714161742636e-08,0.01,5.450267872220138e-05,0.37553823170112755,4.503488540649414,-0.4317760467529297,2.284121719034464e-07,-2.1899224062530647e-08,0.21524886415381977
1645,4803,4803,fineweb-edu-sample,fit,random_0,0.005,2.3751775870550773e-06,0.987250423996267,-2.9823780059814453,0.6964206695556641,-1.5126305565886022e-07,3.5321719208532315e-08,0.01,9.811119298319682e-06,0.9599835424341536,-2.9795169830322266,0.7355213165283203,-1.5111794760322776e-07,3.730486263550913e-08,0.012787974700932528
1645,4803,4803,fineweb-edu-sample,fit,random_1,0.005,6.160466909932438e-07,0.9557033249403374,-0.5640983581542969,1.4271736145019531,-2.861047163553148e-08,7.238473508465404e-08,0.01,2.71617250291456e-06,0.8412703973504445,-0.5671977996826172,1.4011859893798828,-2.8767672029133302e-08,7.106667024599261e-08,0.01718299427085902
1645,4803,4803,fineweb-edu-sample,fit,random_2,0.005,6.994757200118329e-06,0.9989375844097185,-3.9708614349365234,-3.4902095794677734,-2.0139788887987186e-07,-1.770197355336202e-07,0.01,2.769262687252194e-05,0.9960491074721983,-3.947138786315918,-3.4645795822143555,-2.0019470125191946e-07,-1.757198092019128e-07,0.006627705511702863
1645,4803,4803,fineweb-edu-sample,fit,approx_spectrum_matched,0.005,8.909198641049443e-07,0.9417157078299377,-1.3914108276367188,1.1916160583496094,-7.057088438924841e-08,6.043750517091561e-08,0.01,3.938924407975719e-06,0.849104455805746,-1.3717412948608398,1.2094974517822266,-6.957326650677531e-08,6.134443051861843e-08,0.014523056753976598
1645,4803,4803,fineweb-edu-sample,fit,leading_pc,0.005,3.067338468554226e-06,0.9933552474168055,1.8322467803955078,2.971649169921875,9.292961729461514e-08,1.5071890045023853e-07,0.01,1.1938761474539206e-05,0.9812236482412304,1.616358757019043,3.016948699951172,8.198000526334981e-08,1.53016444664419e-07,0.0638116501537214
1645,4803,4803,fineweb-edu-sample,fit,shuffled_labels,0.005,6.970283834561997e-07,0.9907251342799729,1.4925003051757812,0.7312297821044922,7.569803568826165e-08,3.7087200552060464e-08,0.01,2.7782896268035984e-06,0.9634464128012602,1.4586448669433594,0.7410049438476562,7.398092369661099e-08,3.758298640880467e-08,0.021369064848070135
2966,4808,4808,fineweb-edu-sample,fit,learned,0.005,1.685020833974704e-08,0.9601729907702272,-0.13589859008789062,0.21505355834960938,-3.454317775781494e-08,5.46630637500861e-08,0.01,7.710241334279999e-08,0.8568106753170156,-0.1327991485595703,0.2200603485107422,-3.3755350896671804e-08,5.593570714116351e-08,0.023028060741222163
2966,4808,4808,fineweb-edu-sample,fit,random_0,0.005,9.161340130958706e-09,0.9945522684403851,-0.15592575073242188,-0.11014938354492188,-3.963375132212451e-08,-2.7998154603702636e-08,0.01,3.607942744565662e-08,0.9814231876933935,-0.1518726348876953,-0.11110305786132812,-3.8603516196014254e-08,-2.824056286866977e-08,0.02196787638979237
2966,4808,4808,fineweb-edu-sample,fit,random_1,0.005,5.1990127758472227e-08,0.9940707616277799,0.4487037658691406,-0.07343292236328125,1.1405308866703108e-07,-1.8665436402468425e-08,0.01,2.049368958978448e-07,0.9718746463528017,0.44155120849609375,-0.064849853515625,1.122350266797777e-07,-1.6483762017764326e-08,0.024801634833254687
2966,4808,4808,fineweb-edu-sample,fit,random_2,0.005,7.160542736528441e-08,0.9961911445301088,-0.060558319091796875,-0.5307197570800781,-1.5392924825412272e-08,-1.349001994542036e-07,0.01,2.8074464353267103e-07,0.9810176816270466,-0.061511993408203125,-0.5211830139160156,-1.56353330903794e-08,-1.324761168045324e-07,0.018101291651810413
2966,4808,4808,fineweb-edu-sample,fit,approx_spectrum_matched,0.005,8.457459443889093e-08,0.9994307229482502,-0.028133392333984375,-0.5807876586914062,-7.151043816530111e-09,-1.4762663336497754e-07,0.01,3.3590026760066394e-07,0.9994904572853947,-0.025033950805664062,-0.5788803100585938,-6.363216955386964e-09,-1.4714181683504333e-07,0.006269847494760282
2966,4808,4808,fineweb-edu-sample,fit,leading_pc,0.005,1.1181646186742e-07,0.9895653287892406,0.2722740173339844,-0.6070137023925781,6.920755964811344e-08,-1.542928606515734e-07,0.01,4.982139216735959e-07,0.9563760058562374,0.2982616424560547,-0.6225109100341797,7.581318486846755e-08,-1.5823199495728918e-07,0.0446422855871751
2966,4808,4808,fineweb-edu-sample,fit,shuffled_labels,0.005,4.0939539758255705e-08,0.9984782343074855,0.3223419189453125,0.244140625,8.193399355888737e-08,6.205651583158333e-08,0.01,1.629812231840333e-07,0.997641249499511,0.32019615173339844,0.24509429931640625,8.138857496271137e-08,6.229892409655048e-08,0.005815166550828825
2966,5107,5107,fineweb-edu-sample,check,learned,0.005,2.1065261535113677e-08,0.9887798717699631,0.2617835998535156,-0.12159347534179688,6.125667129749147e-08,-2.8452552242004234e-08,0.01,8.038773557927925e-08,0.9797687166418233,0.25582313537597656,-0.11539459228515625,5.986193834445203e-08,-2.700202997084323e-08,0.030211751408575814
2966,5107,5107,fineweb-edu-sample,check,random_0,0.005,2.6637280825525522e-08,0.9854078462168806,-0.2512931823730469,0.20456314086914062,-5.8801941300142085e-08,4.7867234948313004e-08,0.01,1.0782537174236495e-07,0.9554242642143642,-0.2498626708984375,0.2014636993408203,-5.846720539141261e-08,4.7141973812732495e-08,0.010585011841715643
2966,5107,5107,fineweb-edu-sample,check,random_1,0.005,2.8982503863517195e-07,0.9995438013468647,-0.3113746643066406,1.0304450988769531,-7.286084946677946e-08,2.4112143292145547e-07,0.01,1.1276936220383504e-06,0.9981384267314078,-0.308990478515625,1.0149478912353516,-7.230295628556368e-08,2.3749512724355292e-07,0.014671576858098154
2966,5107,5107,fineweb-edu-sample,check,random_2,0.005,8.019537744985428e-08,0.9990083724833642,0.10395050048828125,-0.5564689636230469,2.4324142701007546e-08,-1.3021226849576057e-07,0.01,3.237871624151012e-07,0.9976940459863585,0.10609626770019531,-0.5583763122558594,2.4826246564101727e-08,-1.3065858304073313e-07,0.005061326575483643
2966,5107,5107,fineweb-edu-sample,check,approx_spectrum_matched,0.005,2.4814698917907663e-07,0.98454820673617,0.09775161743164062,-0.9837150573730469,2.287362042984654e-08,-2.301867265696264e-07,0.01,9.873922408587532e-07,0.9382798472895366,0.09107589721679688,-0.9582042694091797,2.1311519522442383e-08,-2.2421726953061762e-07,0.027030923740296142
2966,5107,5107,fineweb-edu-sample,check,leading_pc,0.005,1.0890971680055372e-08,0.9089177227081985,-0.19884109497070312,0.00762939453125,-4.652829131339516e-08,1.7852581798904617e-09,0.01,5.694369065167848e-08,0.7443200194856273,-0.20194053649902344,0.0400543212890625,-4.725355244897565e-08,9.372605444424922e-09,0.16090780861407825
2966,5107,5107,fineweb-edu-sample,check,shuffled_labels,0.005,2.752062755462248e-08,0.9822471640903195,-0.1678466796875,0.2827644348144531,-3.9275679957590157e-08,6.616613129219023e-08,0.01,1.1242696018598508e-07,0.9478060870567631,-0.1647472381591797,0.2818107604980469,-3.855041882200965e-08,6.594297401970391e-08,0.009897848259794456
28027,5234,5234,fineweb-edu-sample,fit,learned,0.005,3.8044532857384183e-07,0.9983721844083214,-0.8630752563476562,0.8800029754638672,-2.8548390349009947e-07,2.9108317342043016e-07,0.01,1.5628947949153371e-06,0.9952887890976658,-0.8820295333862305,0.8817911148071289,-2.9175350855293455e-07,2.9167464559616935e-07,0.015354753427400926
28027,5234,5234,fineweb-edu-sample,fit,random_0,0.005,4.899587793261162e-07,0.9981830038728707,-0.1399517059326172,1.3916492462158203,-4.6292555621184645e-08,4.603230786385942e-07,0.01,1.9860597717524797e-06,0.9912106934651184,-0.13887882232666016,1.39617919921875,-4.593767231574115e-08,4.618214748171334e-07,0.0033231311849270246
28027,5234,5234,fineweb-edu-sample,fit,random_1,0.005,2.121963689205586e-07,0.997712964218036,-0.8680820465087891,0.30541419982910156,-2.871400255821692e-07,1.0102344761624793e-07,0.01,8.608774351159809e-07,0.9939081062992532,-0.8740425109863281,0.3027915954589844,-2.8911159950129967e-07,1.001559550918305e-07,0.0070580589993631945
28027,5234,5234,fineweb-edu-sample,fit,random_2,0.005,9.080202403310977e-07,0.9987716492380992,1.1417865753173828,-1.5244483947753906,3.7767469994864277e-07,-5.042497455568223e-07,0.01,3.6637046605392243e-06,0.9952650921280506,1.1477470397949219,-1.5261173248291016,3.7964627386777326e-07,-5.048017862541787e-07,0.0032456332548083653
28027,5234,5234,fineweb-edu-sample,fit,approx_spectrum_matched,0.005,9.089664558814547e-07,0.9938566975181272,0.6992816925048828,-1.7676353454589844,2.3130505219239276e-07,-5.846899614573474e-07,0.01,3.6845030422227865e-06,0.978537183919341,0.7205009460449219,-1.7567873001098633,2.3832385534449745e-07,-5.811016969245299e-07,0.01254376683228701
28027,5234,5234,fineweb-edu-sample,fit,leading_pc,0.005,3.2189315675168473e-06,0.9860234663239201,-1.0917186737060547,3.391742706298828,-3.611134790279463e-07,1.121904422942032e-06,0.01,1.3491089362105413e-05,0.9487602149466705,-0.9828805923461914,3.4400224685668945,-3.25112539264623e-07,1.1378741716869892e-06,0.033348053722441685
28027,5234,5234,fineweb-edu-sample,fit,shuffled_labels,0.005,1.7853380995802581e-09,0.8883883087111564,-0.06842613220214844,-0.04076957702636719,-2.2633668591618394e-08,-1.348556560685277e-08,0.01,7.621792974532582e-09,0.8124608454401718,-0.06842613220214844,-0.03886222839355469,-2.2633668591618387e-08,-1.2854661952731002e-08,0.024091364115332765
2966,5259,5259,fineweb-edu-sample,fit,learned,0.005,6.39278297853707e-07,0.9552952469201489,0.45931339263916016,-1.4939308166503906,1.126940057452918e-07,-3.6654069037113856e-07,0.01,2.6113663409432775e-06,0.8496588757737938,0.48995018005371094,-1.4066696166992188,1.202108392455617e-07,-3.451308766660896e-07,0.06059502587718292
2966,5259,5259,fineweb-edu-sample,fit,random_0,0.005,4.699683131548227e-07,0.9682006756356308,-0.37217140197753906,1.2967586517333984,-9.131344041962133e-08,3.18163870879129e-07,0.01,2.0622679670623256e-06,0.8663194889839771,-0.41621923446655273,1.2701749801635742,-1.0212071659997046e-07,3.116414822777274e-07,0.038312020378501586
2966,5259,5259,fineweb-edu-sample,fit,random_1,0.005,1.115408849727828e-07,0.8038415633497906,0.5986690521240234,0.015497207641601562,1.4688536123873745e-07,3.802289319202681e-09,0.01,8.849386574638629e-07,0.5092278037800025,0.607609748840332,-0.2853870391845703,1.490789896921236e-07,-7.00206202320863e-08,0.47398161886682044
2966,5259,5259,fineweb-edu-sample,fit,random_2,0.005,3.0081541524396016e-07,0.98121387501693,0.8150339126586914,0.7185935974121094,1.999711698106826e-07,1.7630923089349052e-07,0.01,1.1406599611518686e-06,0.9311234890376668,0.7759928703308105,0.6781816482543945,1.9039232556422965e-07,1.6639403028418504e-07,0.05308063447383647
2966,5259,5259,fineweb-edu-sample,fit,approx_spectrum_matched,0.005,1.0379460348985958e-06,0.9611107306444496,-0.1493692398071289,1.9919872283935547,-3.6648219361238156e-08,4.88740419414437e-07,0.01,5.457624155269514e-06,0.8967943301232035,-0.14019012451171875,2.2078752517700195,-3.4396094149095027e-08,5.417092344688682e-07,0.10265470307214372
2966,5259,5259,fineweb-edu-sample,fit,leading_pc,0.005,9.135759171385871e-07,0.9919186855110637,1.3391971588134766,-1.3532638549804688,3.2857629393786865e-07,-3.320276027045295e-07,0.01,3.184226017083347e-06,0.9664452828590796,1.2362003326416016,-1.244664192199707,3.0330569415486005e-07,-3.053823290907323e-07,0.0818307522294376
2966,5259,5259,fineweb-edu-sample,fit,shuffled_labels,0.005,2.734403494741855e-07,0.996195649292935,1.0356903076171875,-0.13017654418945312,2.5410992004025304e-07,-3.1939230281302527e-08,0.01,1.1466684384231485e-06,0.9905575336841972,1.0579824447631836,-0.1285076141357422,2.595793669840292e-07,-3.152975297000377e-08,0.021193162475092443
28027,5284,5284,fineweb-edu-sample,check,learned,0.005,6.5278030660920194e-06,0.9981196347289144,-1.8749237060546875,4.748344421386719,-8.352861128501052e-07,2.115406691699224e-06,0.01,2.5485257879154233e-05,0.9951717753264444,-1.8482208251953125,4.684686660766602,-8.233898711614977e-07,2.0870469012451325e-06,0.013614082018579185
28027,5284,5284,fineweb-edu-sample,check,random_0,0.005,1.5096969718797482e-07,0.9862645699911179,0.7259845733642578,-0.2617835998535156,3.2342907090902474e-07,-1.1662565512581582e-07,0.01,6.151713023427874e-07,0.959487749634825,0.7200241088867188,-0.26798248291015625,3.207736598178177e-07,-1.1938728266067122e-07,0.01116819446987657
28027,5284,5284,fineweb-edu-sample,check,random_1,0.005,1.714535471819545e-06,0.9862587069004759,0.28204917907714844,2.5854110717773438,1.2565405283591995e-07,1.1518111149219916e-06,0.01,7.050175668155134e-06,0.9479599937439934,0.2956390380859375,2.5682449340820312,1.3170839012387218e-07,1.1441635309793154e-06,0.008443691905886336
28027,5284,5284,fineweb-edu-sample,check,random_2,0.005,1.6075990743047441e-06,0.9923123085873851,-1.2545585632324219,2.1924972534179688,-5.589109264772703e-07,9.767664157896195e-07,0.01,6.357233246490068e-06,0.9791168589677732,-1.2409687042236328,2.1643638610839844,-5.528565891893182e-07,9.642328754391222e-07,0.01244536434343237
28027,5284,5284,fineweb-edu-sample,check,approx_spectrum_matched,0.005,1.1169527169840876e-07,0.9786545707707622,-0.021457672119140625,0.6608963012695312,-9.559479928345558e-09,2.944319817930432e-07,0.01,4.859223849962291e-07,0.9313402262893204,-0.0635385513305664,0.6697177886962891,-2.830668223226768e-08,2.983619902080297e-07,0.0644625909065602
28027,5284,5284,fineweb-edu-sample,check,leading_pc,0.005,8.912216458156763e-07,0.9936769132221966,0.39315223693847656,1.8405914306640625,1.751509155760203e-07,8.199909449647524e-07,0.01,3.423951000058878e-06,0.9836951060320082,0.40161609649658203,1.790761947631836,1.789215993255344e-07,7.977917082422612e-07,0.027193080496308572
28027,5284,5284,fineweb-edu-sample,check,shuffled_labels,0.005,1.3413497299552546e-06,0.9993444581776691,0.5502700805664062,-2.2492408752441406,2.451475519402395e-07,-1.0020459293779113e-06,0.01,5.346757120605616e-06,0.9985590649724808,0.5538463592529297,-2.2432804107666016,2.4674079859496376e-07,-9.993905182867042e-07,0.0030050655579522694
2966,5571,5571,fineweb-edu-sample,fit,learned,0.005,5.605244268735987e-08,0.9871017711454895,0.2200603485107422,0.415802001953125,6.197699891134843e-08,1.1710496869056519e-07,0.01,2.2926491283215e-07,0.9441558105071541,0.20873546600341797,0.415802001953125,5.878750005079692e-08,1.1710496869056519e-07,0.024206254343684522
2966,5571,5571,fineweb-edu-sample,fit,random_0,0.005,9.809866696741665e-09,0.8822163440087613,0.11897087097167969,-0.1430511474609375,3.35065248718991e-08,-4.0288406659598115e-08,0.01,5.48105845155078e-08,0.6041931556317008,0.11801719665527344,-0.1385211944580078,3.3237935494168443e-08,-3.901260711537751e-08,0.02515645708005874
2966,5571,5571,fineweb-edu-sample,fit,random_1,0.005,3.280262035332271e-07,0.9980984969235958,0.3981590270996094,-1.0728836059570312,1.1213606520254812e-07,-3.0216304994698595e-07,0.01,1.3059835168860445e-06,0.990421382187372,0.39517879486083984,-1.066446304321289,1.112967233971398e-07,-3.0035007164730396e-07,0.006217933437553397
2966,5571,5571,fineweb-edu-sample,fit,random_2,0.005,1.9953802166128298e-08,0.9127320663986941,0.20384788513183594,-0.17690658569335938,5.741097948992733e-08,-4.982332956903635e-08,0.01,9.435478887098725e-08,0.6925250932732978,0.1913309097290039,-0.16951560974121094,5.388574390721248e-08,-4.774176189162377e-08,0.055320154952993084
2966,5571,5571,fineweb-edu-sample,fit,approx_spectrum_matched,0.005,2.1058781385363545e-08,0.9626906362188571,-0.17070770263671875,-0.22792816162109375,-4.80774986137871e-08,-6.419286127762635e-08,0.01,9.769212283572415e-08,0.8580853918671864,-0.16427040100097656,-0.2384185791015625,-4.626452031410517e-08,-6.714734443266353e-08,0.042862870585290556
2966,5571,5571,fineweb-edu-sample,fit,leading_pc,0.005,1.8652605149327428e-07,0.9975072385240329,0.38695335388183594,-0.7710456848144531,1.0898014001421293e-07,-2.171545118952339e-07,0.01,7.600480671499099e-07,0.9915068027920619,0.3832578659057617,-0.7789134979248047,1.0793935617550662e-07,-2.1937037426151175e-07,0.010044498073863893
2966,5571,5571,fineweb-edu-sample,fit,shuffled_labels,0.005,3.985218199886731e-08,0.9914336594459746,-0.39696693420410156,-0.021457672119140625,-1.118003284803848e-07,-6.043260998939719e-09,0.01,1.6498017885169247e-07,0.9615220292988952,-0.3972053527832031,-0.029325485229492188,-1.1186747582481742e-07,-8.259123365217612e-09,0.019781602263694693
1645,5639,5639,fineweb-edu-sample,check,learned,0.005,0.00017936308120169997,0.9904080032810056,21.17633819580078,16.190528869628906,1.3452100443132367e-06,1.0284904716192667e-06,0.01,0.000547885640912682,0.9631124507934976,18.52893829345703,13.577699661254883,1.1770360707481142e-06,8.625125738977091e-07,0.14990107299970135
1645,5639,5639,fineweb-edu-sample,check,random_0,0.005,7.132432415346557e-05,0.9872828586725405,-11.913299560546875,11.821269989013672,-7.567828810430511e-07,7.509367756939754e-07,0.01,0.00027810583503651287,0.9598235388376166,-12.043952941894531,11.03973388671875,-7.650825331966614e-07,7.012903162787673e-07,0.04784759772542833
1645,5639,5639,fineweb-edu-sample,check,random_1,0.005,0.00020733248544502203,0.9986904536673543,-6.704092025756836,-27.98748016357422,-4.258721147944596e-07,-1.7778824215474243e-06,0.01,0.00078009214831809,0.9951013174204815,-6.642937660217285,-27.058124542236328,-4.2198733235394684e-07,-1.7188458447321463e-06,0.032886699884900554
1645,5639,5639,fineweb-edu-sample,check,random_2,0.005,0.00010814470198283743,0.9661673599688005,6.578683853149414,19.356250762939453,4.179056603550455e-07,1.229590437487215e-06,0.01,0.0004569682093915617,0.882472748256123,5.757808685302734,19.23823356628418,3.657602180833671e-07,1.2220934889178045e-06,0.0409285325317968
1645,5639,5639,fineweb-edu-sample,check,approx_spectrum_matched,0.005,4.679183211919735e-05,0.9916053466126152,2.6416778564453125,-13.364791870117188,1.6781048514963592e-07,-8.489877757714793e-07,0.01,0.00018412512883969612,0.9854508830196687,2.7399063110351562,-13.188600540161133,1.7405036961548883e-07,-8.377953616446219e-07,0.01489084980131336
1645,5639,5639,fineweb-edu-sample,check,leading_pc,0.005,4.2475833708977007e-05,0.9073417627812468,-3.2494068145751953,11.983394622802734,-2.0641598394443933e-07,7.612356141327618e-07,0.01,0.00021038430600128777,0.7402246018916547,-1.9299983978271484,12.3291015625,-1.2260161347349303e-07,7.831963725684091e-07,0.10957430781178475
1645,5639,5639,fineweb-edu-sample,check,shuffled_labels,0.005,3.3746367080311757e-05,0.9482354280635814,-9.943962097167969,5.3958892822265625,-6.31682284713088e-07,3.4276957580384113e-07,0.01,0.00013000191830769836,0.8760942991914878,-9.152531623840332,5.48863410949707,-5.81407293246101e-07,3.486611172048528e-07,0.07248757572570588
1645,5723,5723,fineweb-edu-sample,fit,learned,0.005,2.0967946170458163e-06,0.9931862070532269,2.8624534606933594,0.3693103790283203,1.669731947775398e-07,2.1542685216592468e-08,0.01,7.90088563462632e-06,0.98079022201342,2.729177474975586,0.5483627319335938,1.5919891392791088e-07,3.198720206466279e-08,0.0787346791267017
1645,5723,5723,fineweb-edu-sample,fit,random_0,0.005,3.149057192786131e-08,0.6065131374686816,-0.2627372741699219,0.0858306884765625,-1.5326042032721043e-08,5.006692497077655e-09,0.01,2.671811216714559e-07,0.2965906431504372,-0.26035308837890625,0.10704994201660156,-1.5186967241135548e-08,6.244458142188518e-09,0.07654647766139329
1645,5723,5723,fineweb-edu-sample,fit,random_1,0.005,2.075827978842426e-06,0.9972886509226923,2.8672218322753906,-0.24461746215820312,1.6725134436071075e-07,-1.4269073616671316e-08,0.01,8.30185763334157e-06,0.9902927276752853,2.855539321899414,-0.25916099548339844,1.6656987788194187e-07,-1.511742984534281e-08,0.006494313902344219
1645,5723,5723,fineweb-edu-sample,fit,random_2,0.005,6.284851679083658e-07,0.9912398470826201,-1.2140274047851562,1.0089874267578125,-7.081688387533171e-08,5.885645179897954e-08,0.01,2.591939221474604e-06,0.9710131954169708,-1.2211799621582031,1.0126829147338867,-7.123410825008818e-08,5.907201772593705e-08,0.005087364615603571
1645,5723,5723,fineweb-edu-sample,fit,approx_spectrum_matched,0.005,1.3016127695664181e-06,0.9972524494705133,0.324249267578125,2.2554397583007812,1.8914171655626697e-08,1.3156475283987393e-07,0.01,5.2457545507422765e-06,0.990741566088876,0.33354759216308594,2.2552013397216797,1.945656334281011e-08,1.3155084536071536e-07,0.004081018799646003
1645,5723,5723,fineweb-edu-sample,fit,leading_pc,0.005,5.767596064742975e-06,0.9894933848027011,0.7624626159667969,4.716634750366211,4.447611834903983e-08,2.7513166019357566e-07,0.01,2.4200089058012964e-05,0.9635208026616359,0.7081031799316406,4.776597023010254,4.1305213100890654e-08,2.786293912019508e-07,0.01684969733336647
1645,5723,5723,fineweb-edu-sample,fit,shuffled_labels,0.005,3.371374702965113e-06,0.999231902470974,-1.0848045349121094,3.506898880004883,-6.327903017139815e-08,2.0456511094309787e-07,0.01,1.3674285185061308e-05,0.9985500876080817,-1.0788440704345703,3.5341978073120117,-6.293134319243441e-08,2.061575173067517e-07,0.007586720061118397
2966,5762,5762,fineweb-edu-sample,check,learned,0.005,2.349963779124664e-08,0.9815171379502189,-0.11682510375976562,-0.2803802490234375,-2.895760749710169e-08,-6.949825799304406e-08,0.01,9.679610002422123e-08,0.9216945952532658,-0.12695789337158203,-0.2703666687011719,-3.1469236718789086e-08,-6.701617735043535e-08,0.04729422779547704
2966,5762,5762,fineweb-edu-sample,check,random_0,0.005,3.126954766230483e-07,0.9955659401377605,-0.31828880310058594,1.0695457458496094,-7.889470614006277e-08,2.6510985149387385e-07,0.01,1.2252247643118608e-06,0.9838998399490183,-0.3178119659423828,1.0509490966796875,-7.877651182374807e-08,2.605002731576005e-07,0.01680577610017923
2966,5762,5762,fineweb-edu-sample,check,random_1,0.005,1.4661623026768211e-08,0.7478152987244602,0.13256072998046875,0.1621246337890625,3.2858019935486816e-08,4.0186067546998265e-08,0.01,9.539235179545358e-08,0.41412618582256755,0.1270771026611328,0.15282630920410156,3.1498785297867756e-08,3.78812783788616e-08,0.05289299221627914
2966,5762,5762,fineweb-edu-sample,check,random_2,0.005,1.1146408951390185e-07,0.9962406235513646,0.14328956604003906,-0.6508827209472656,3.5517392052567585e-08,-1.6133524176956658e-07,0.01,4.461936100597086e-07,0.9854125175281396,0.14698505401611328,-0.6465911865234375,3.643339800400652e-08,-1.6027149292273427e-07,0.008519209863209087
2966,5762,5762,fineweb-edu-sample,check,approx_spectrum_matched,0.005,1.8682328573049745e-08,0.9832693366761698,0.24056434631347656,-0.12493133544921875,5.962903258076653e-08,-3.09669108744516e-08,0.01,7.067080787237501e-08,0.9571350665270331,0.23102760314941406,-0.11944770812988281,5.726514625447253e-08,-2.9607676236832545e-08,0.041422923007851296
2966,5762,5762,fineweb-edu-sample,check,leading_pc,0.005,7.377138899755664e-08,0.9752111265218061,0.5235671997070312,0.11682510375976562,1.2977735931354146e-07,2.895760749710169e-08,0.01,3.2607653110972024e-07,0.9088684817775053,0.5370378494262695,0.08916854858398438,1.3311634874943175e-07,2.2102337150849047e-08,0.056924057985732066
2966,5762,5762,fineweb-edu-sample,check,shuffled_labels,0.005,2.8298359211476054e-08,0.9860795854006388,-0.3337860107421875,-0.01430511474609375,-8.273602142029054e-08,-3.545829489441023e-09,0.01,1.1320116755086929e-07,0.9564188212041843,-0.3287792205810547,-0.013113021850585938,-8.149498109898619e-08,-3.2503436986542716e-09,0.015522525882380872
2966,5889,5889,fineweb-edu-sample,check,learned,0.005,3.44641648553079e-08,0.9934768266534719,0.12826919555664062,0.347137451171875,2.9205809096106392e-08,7.904025658723217e-08,0.01,1.3705334822589066e-07,0.9827997385391039,0.12254714965820312,0.3459453582763672,2.790294772378938e-08,7.876882713466613e-08,0.015859464741554082
2966,5889,5889,fineweb-edu-sample,check,random_0,0.005,2.6300313038518652e-09,0.9869672343736492,0.09918212890625,-0.023365020751953125,2.2582930453494907e-08,-5.320017270294473e-09,0.01,1.0884150469792075e-08,0.9714272284777205,0.10061264038085938,-0.021219253540039062,2.290864579657416e-08,-4.831444255675593e-09,0.025193960465602756
2966,5889,5889,fineweb-edu-sample,check,random_1,0.005,8.05152922112029e-09,0.9761726582135495,0.17642974853515625,-0.017642974853515625,4.01715589797746e-08,-4.0171558979774604e-09,0.01,3.40760379913263e-08,0.9368844583233246,0.1773834228515625,-0.021457672119140625,4.0388702541827425e-08,-4.885730146188802e-09,0.022091302011154033
2966,5889,5889,fineweb-edu-sample,check,random_2,0.005,2.556998879299499e-08,0.9967498977396005,0.3180503845214844,-0.028133392333984375,7.241737794462068e-08,-6.405735080558651e-09,0.01,1.0235316949547268e-07,0.9915828805253313,0.31757354736328125,-0.025272369384765625,7.230880616359426e-08,-5.7543043944001444e-09,0.009094292521082558
2966,5889,5889,fineweb-edu-sample,check,approx_spectrum_matched,0.005,2.7914893507841043e-08,0.9990490425263295,-0.1544952392578125,0.2961158752441406,-3.517725705255937e-08,6.742307601740546e-08,0.01,1.0534154171182308e-07,0.9931884946373493,-0.15401840209960938,0.28443336486816406,-3.506868527153295e-08,6.476306738225823e-08,0.03556831493095029
2966,5889,5889,fineweb-edu-sample,check,leading_pc,0.005,6.878849490021821e-08,0.9901738641810038,-0.492095947265625,0.17404556274414062,-1.1204607801926321e-07,3.962870007464251e-08,0.01,2.876427060982678e-07,0.9654804571461094,-0.49614906311035156,0.17762184143066406,-1.1296893815798774e-07,4.0442988432340634e-08,0.010306131007806465
2966,5889,5889,fineweb-edu-sample,check,shuffled_labels,0.005,2.98969098366797e-08,0.9948474385495254,0.22459030151367188,-0.2617835998535156,5.113730886344279e-08,-5.960590778350338e-08,0.01,1.1904103303095326e-07,0.9846594772590097,0.22149085998535156,-0.26106834411621094,5.043159228677108e-08,-5.9443050111963754e-08,0.009256370100775195
1645,6070,6070,wikimedia-en,fit,learned,0.005,4.66553427713734e-06,0.9839477612392186,3.9501190185546875,1.661062240600586,2.1502849556159786e-07,9.042150703631411e-08,0.01,1.8969612767705257e-05,0.9346085408839444,4.042625427246094,1.1774301528930664,2.2006417013172703e-07,6.409453315614142e-08,0.115916596145345
1645,6070,6070,wikimedia-en,fit,random_0,0.005,1.2094624764813489e-05,0.9963756472813347,-0.5674362182617188,6.919622421264648,-3.088893164151393e-08,3.766762449712852e-07,0.01,4.8209839235369145e-05,0.9855799240878076,-0.5733966827392578,6.869196891784668,-3.12133952091769e-08,3.7393128318885665e-07,0.00733981118009471
1645,6070,6070,wikimedia-en,fit,random_1,0.005,1.5164395108513418e-06,0.9716221760926048,0.8435249328613281,-2.2764205932617188,4.5918084095662314e-08,-1.2391912576183826e-07,0.01,6.7202340119365545e-06,0.9028169327467737,0.8673667907714844,-2.3053884506225586,4.721593836631416e-08,-1.2549601870068025e-07,0.01534200332405512
1645,6070,6070,wikimedia-en,fit,random_2,0.005,3.0052086685827817e-06,0.9931178843081255,0.3533363342285156,-3.437042236328125,1.923420029106036e-08,-1.8709867165717014e-07,0.01,1.099477168509111e-05,0.9753439833693435,0.3292560577392578,-3.2581090927124023,1.7923367477701994e-08,-1.7735827535592802e-07,0.05365526008972158
1645,6070,6070,wikimedia-en,fit,approx_spectrum_matched,0.005,1.7127632077063026e-06,0.9976914747211442,-0.225067138671875,-2.6047229766845703,-1.2251744314953428e-08,-1.4179057906871418e-07,0.01,6.591931082766678e-06,0.9925979212716971,-0.19693374633789062,-2.550363540649414,-1.0720276275584249e-08,-1.3883147133162798e-07,0.023667281464638847
1645,6070,6070,wikimedia-en,fit,leading_pc,0.005,9.673649287833541e-06,0.9937769418868908,-1.0552406311035156,-6.110668182373047,-5.744303001905071e-08,-3.3264004956806816e-07,0.01,3.9407957160619844e-05,0.9774454551333649,-1.0249614715576172,-6.121158599853516,-5.5794755095322853e-08,-3.3321110544715493e-07,0.005165413751508411
1645,6070,6070,wikimedia-en,fit,shuffled_labels,0.005,9.830243357100699e-06,0.9994938343186623,-1.697540283203125,6.03485107421875,-9.240722407041145e-08,3.285128729873953e-07,0.01,3.830007239002953e-05,0.9985868192510141,-1.6715526580810547,5.954146385192871,-9.099256291540092e-08,3.2411963628123873e-07,0.013616477174889875
1645,6134,6134,wikimedia-en,fit,learned,0.005,5.00860728607222e-05,0.9575771461197826,8.057117462158203,-11.266231536865234,3.5074343558967606e-07,-4.90442987079202e-07,0.01,0.0002769346847912857,0.8581509304094939,9.568214416503906,-12.087225914001465,4.165246954218167e-07,-5.261826160208202e-07,0.11752047353336054
1645,6134,6134,wikimedia-en,fit,random_0,0.005,4.446952289072215e-06,0.9976010273187264,-0.29540061950683594,4.202127456665039,-1.2859416366680728e-08,1.8292753306113628e-07,0.01,1.793173487385502e-05,0.9921059421029997,-0.32901763916015625,4.204988479614258,-1.4322836631169816e-08,1.8305207946662467e-07,0.008004078573720465
1645,6134,6134,wikimedia-en,fit,random_1,0.005,3.6770383076145663e-06,0.9970937655585402,3.8123130798339844,-0.3628730773925781,1.6595808531333723e-07,-1.5796635762782946e-08,0.01,1.4817147317103263e-05,0.988215483441877,3.8045644760131836,-0.40966272354125977,1.6562077213180605e-07,-1.7833488435875027e-08,0.012389312358252523
1645,6134,6134,wikimedia-en,fit,random_2,0.005,3.588946071886312e-06,0.9958236525297911,2.7458667755126953,-2.5992393493652344,1.1953341266752377e-07,-1.1315040938624156e-07,0.01,1.4632754982812912e-05,0.984440985241099,2.75421142578125,-2.611398696899414,1.1989667301686502e-07,-1.1367973160956739e-07,0.0038929650478688564
1645,6134,6134,wikimedia-en,fit,approx_spectrum_matched,0.005,2.610246212952916e-06,0.9985830609915689,0.8111000061035156,3.125429153442383,3.5308905955970816e-08,1.3605656912898923e-07,0.01,1.0436705466077001e-05,0.9950618102277434,0.8153915405273438,3.1177401542663574,3.5495725564203455e-08,1.3572185066423904e-07,0.002729745964768094
1645,6134,6134,wikimedia-en,fit,leading_pc,0.005,1.570225214209131e-05,0.9689770864136524,-4.3468475341796875,6.478071212768555,-1.892275054054262e-07,2.820041986271849e-07,0.01,7.59149500595413e-05,0.8904670006477114,-4.89497184753418,6.605982780456543,-2.1308852092358518e-07,2.8757246083923024e-07,0.07025445841781754
1645,6134,6134,wikimedia-en,fit,shuffled_labels,0.005,2.312475157850713e-05,0.9963700066446922,-6.753206253051758,6.823301315307617,-2.939814112883225e-07,2.9703279822278914e-07,0.01,9.27993263104554e-05,0.9857482744719958,-6.771206855773926,6.754815578460693,-2.9476501575618724e-07,2.9405146864140976e-07,0.007389890969173287
2966,6181,6181,wikimedia-en,check,learned,0.005,1.964576767932158e-08,0.9952924088283972,0.09965896606445312,0.2613067626953125,2.3436675044556513e-08,6.145118624122952e-08,0.01,7.612288754899055e-08,0.9826713302587875,0.09799003601074219,0.25534629821777344,2.3044194840461067e-08,6.004947122660292e-08,0.022379082567330143
2966,6181,6181,wikimedia-en,check,random_0,0.005,2.6336238079238683e-08,0.9980660980073903,0.324249267578125,0.0019073486328125,7.625329679568626e-08,4.485488046805074e-10,0.01,1.0491885404917412e-07,0.9962530177401948,0.32329559326171875,0.002384185791015625,7.6029022393346e-08,5.606860058506342e-10,0.0032931049338458377
2966,6181,6181,wikimedia-en,check,random_1,0.005,6.743903213646263e-09,0.9883007417397168,0.16021728515625,0.03147125244140625,3.767809959316263e-08,7.4010552772283735e-09,0.01,2.8749582270393148e-08,0.9532315211717626,0.1628398895263672,0.029802322387695312,3.829485419959832e-08,7.008575073132928e-09,0.01890739308693357
2966,6181,6181,wikimedia-en,check,random_2,0.005,4.76688910566736e-09,0.9659551633675173,-0.12350082397460938,0.05626678466796875,-2.9043535103062855e-08,1.3232189738074968e-08,0.01,2.090291673084721e-08,0.899501805682461,-0.12302398681640625,0.060558319091796875,-2.8931397901892727e-08,1.424142454860611e-08,0.03165235368432386
2966,6181,6181,wikimedia-en,check,approx_spectrum_matched,0.005,8.345546120835934e-08,0.9981888944286879,-0.5016326904296875,-0.2856254577636719,-1.1796833563097345e-07,-6.717018350090598e-08,0.01,3.277823452663142e-07,0.9925849853149482,-0.48995018005371094,-0.29206275939941406,-1.1522097420230534e-07,-6.868403571670269e-08,0.02324525599998155
2966,6181,6181,wikimedia-en,check,leading_pc,0.005,1.518628778285347e-09,0.8251609522383591,0.03147125244140625,-0.06341934204101562,7.401055277228372e-09,-1.4914247755626872e-08,0.01,1.0317762644262984e-08,0.4894993168495747,0.027418136596679688,-0.06556510925292969,6.447889067282294e-09,-1.5418865160892443e-08,0.06465367306339881
2966,6181,6181,wikimedia-en,check,shuffled_labels,0.005,6.823256626375951e-09,0.9817471425239095,-0.12683868408203125,-0.10347366333007812,-2.982849551125375e-08,-2.433377265391753e-08,0.01,2.880096872104332e-08,0.9513097230555467,-0.13375282287597656,-0.09751319885253906,-3.1454484928220586e-08,-2.2932057639290945e-08,0.055456856419494896
1645,6182,6182,wikimedia-en,fit,learned,0.005,1.4356777455759584e-07,0.859450914232297,-0.4482269287109375,-0.5409717559814453,-2.2839972599360248e-08,-2.7565903099972555e-08,0.01,8.640101896162378e-07,0.6228679035052239,-0.2543926239013672,-0.6880760192871094,-1.2962899342296485e-08,-3.5061787724337076e-08,0.3388736995711438
1645,6182,6182,wikimedia-en,fit,random_0,0.005,1.0847887779164012e-06,0.9982703921848713,-1.0597705841064453,1.791238784790039,-5.40019564915725e-08,9.127484794627316e-08,0.01,4.344669605416129e-06,0.9941134065474677,-1.057267189025879,1.7892122268676758,-5.387439281482076e-08,9.117158211271224e-08,0.0015486736262309338
1645,6182,6182,wikimedia-en,fit,random_1,0.005,9.827897429204313e-07,0.9898350841150253,1.7349720001220703,-0.9386539459228516,8.840770244975772e-08,-4.783030432110707e-08,0.01,3.96767910615381e-06,0.9605503456733309,1.7082691192626953,-0.944972038269043,8.704702323107244e-08,-4.81522507433853e-08,0.013982849241528043
1645,6182,6182,wikimedia-en,fit,random_2,0.005,1.1693497867781844e-06,0.9918540014181813,-1.262664794921875,1.744985580444336,-6.434068876926164e-08,8.891795715676471e-08,0.01,4.600978741109429e-06,0.9701735112298825,-1.2402534484863281,1.7104148864746094,-6.319869013929364e-08,8.715636352543109e-08,0.019312305367583736
1645,6182,6182,wikimedia-en,fit,approx_spectrum_matched,0.005,5.569273184846679e-07,0.995898089617945,-1.1110305786132812,0.9920597076416016,-5.6613974634584436e-08,5.0551662758477644e-08,0.01,2.2092753511060437e-06,0.9881959051440947,-1.0907649993896484,0.996708869934082,-5.558131629897508e-08,5.078856672958805e-08,0.014015279375478128
1645,6182,6182,wikimedia-en,fit,leading_pc,0.005,4.091085145319084e-06,0.9910275864638003,-1.6710758209228516,3.6640167236328125,-8.515179146218937e-08,1.8670462707817466e-07,0.01,1.7204379219037946e-05,0.9662364043345423,-1.6129016876220703,3.7446022033691406,-8.218745459291071e-08,1.9081096257742138e-07,0.024527598629762996
1645,6182,6182,wikimedia-en,fit,shuffled_labels,0.005,5.834293233419885e-06,0.9973530069358736,-0.8015632629394531,4.757404327392578,-4.084467440374955e-08,2.4241958151469913e-07,0.01,2.3287865474230784e-05,0.9898066490498241,-0.8198022842407227,4.730582237243652,-4.1774066905798e-08,2.4105282783521624e-07,0.006739538029890691
1645,6331,6331,wikimedia-en,check,learned,0.005,5.611545304873289e-06,0.9909449488975054,4.70733642578125,-0.28967857360839844,2.528411879482762e-07,-1.555926070488025e-08,0.01,2.3573655312247865e-05,0.969135385550454,4.762172698974609,-0.4096031188964844,2.55786562402698e-07,-2.2000666576941784e-08,0.027773183561082344
1645,6331,6331,wikimedia-en,check,random_0,0.005,1.1942447599722072e-06,0.9937053818257144,-1.7323493957519531,1.3213157653808594,-9.304822080795052e-08,7.097071837567599e-08,0.01,4.647271055091551e-06,0.9885547889365014,-1.728057861328125,1.2680292129516602,-9.28177132419523e-08,6.810858276453135e-08,0.024737429443503878
1645,6331,6331,wikimedia-en,check,random_1,0.005,1.0060829140456917e-05,0.9937644801054204,5.282878875732422,-3.4761428833007812,2.837548137438161e-07,-1.8671112845856296e-07,0.01,4.128258046875999e-05,0.9786777815151458,5.319356918334961,-3.479480743408203,2.8571412805480094e-07,-1.86890412121006e-07,0.005777563616349451
1645,6331,6331,wikimedia-en,check,random_2,0.005,7.908082011454098e-07,0.9152354129101796,-1.3628005981445312,1.0187625885009766,-7.31989581803255e-08,5.471993497280107e-08,0.01,4.1677628246361564e-06,0.7661246051370472,-1.4607906341552734,1.0291337966918945,-7.846221427061833e-08,5.527699492396345e-08,0.05649422904333227
1645,6331,6331,wikimedia-en,check,approx_spectrum_matched,0.005,6.591220653717755e-07,0.9964091788828637,-0.3008842468261719,-1.5926361083984375,-1.6161141571653394e-08,-8.554391893711938e-08,0.01,2.570435924553749e-06,0.9879572153102593,-0.31447410583496094,-1.5622377395629883,-1.6891082197314438e-08,-8.39111570112986e-08,0.020718015202012108
1645,6331,6331,wikimedia-en,check,leading_pc,0.005,1.8240500025967776e-06,0.9913110251052486,-0.896453857421875,2.535581588745117,-4.815046934185163e-08,1.3619155357728514e-07,0.01,7.834171697140846e-06,0.9842627067325672,-0.9834766387939453,2.5968551635742188,-5.28246505412601e-08,1.3948268938070424e-07,0.038941001902857444
1645,6331,6331,wikimedia-en,check,shuffled_labels,0.005,3.835214045011526e-06,0.9989588415699889,-3.35693359375,2.0139217376708984,-1.803081405141678e-07,1.081720783326119e-07,0.01,1.5218992473364779e-05,0.996432571340683,-3.3545494079589844,1.9778013229370117,-1.801800807552799e-07,1.0623197298546017e-07,0.009271233190271129
1645,6355,6355,wikimedia-en,check,learned,0.005,1.6564703742005804e-06,0.8651807929292591,1.9717216491699219,1.3582706451416016,1.1228340292007784e-07,7.734928010105e-08,0.01,1.037322402908103e-05,0.6531075943222405,1.8744468688964844,1.8059015274047852,1.0674390734675357e-07,1.0284046377486453e-07,0.18333649209420397
1645,6355,6355,wikimedia-en,check,random_0,0.005,1.7929315276887792e-06,0.9990693635085237,-0.6995201110839844,2.583742141723633,-3.9835490225817227e-08,1.4713606256890977e-07,0.01,6.9456899609576794e-06,0.9963773347168632,-0.6618499755859375,2.546072006225586,-3.769029341065733e-08,1.4499086575374986e-07,0.02007502867917199
1645,6355,6355,wikimedia-en,check,random_1,0.005,6.3177336642183946e-06,0.9987042519176196,4.788398742675781,-1.5196800231933594,2.7268438503589403e-07,-8.654104113815916e-08,0.01,2.5014759387431695e-05,0.9953365070846771,4.761695861816406,-1.4914274215698242,2.7116373919223636e-07,-8.493214352678923e-08,0.007764437936261183
1645,6355,6355,wikimedia-en,check,random_2,0.005,1.5460105373676925e-06,0.9901289557335812,-2.467632293701172,0.1838207244873047,-1.4052396858800552e-07,1.0468017370178963e-08,0.01,6.296333879163285e-06,0.9640096890680906,-2.4576187133789062,0.17273426055908203,-1.3995372639663392e-07,9.836677801160388e-09,0.006050547796957526
1645,6355,6355,wikimedia-en,check,approx_spectrum_matched,0.005,6.965614147702581e-07,0.994001324298162,0.4715919494628906,1.5959739685058594,2.6855691774596612e-08,9.088574354860956e-08,0.01,2.8716162319142313e-06,0.9795672709337089,0.47588348388671875,1.6082525253295898,2.7100081285184443e-08,9.158496909279142e-08,0.007785378986557954
1645,6355,6355,wikimedia-en,check,leading_pc,0.005,2.1056258162843733e-05,0.9930111750561438,-5.020618438720703,7.643938064575195,-2.8590857299770243e-07,4.352984499420334e-07,0.01,8.68735201038362e-05,0.9743418157386157,-5.001306533813477,7.722139358520508,-2.848088202000572e-07,4.3975176991274504e-07,0.008781487189795408
1645,6355,6355,wikimedia-en,check,shuffled_labels,0.005,3.308704606297397e-06,0.9921621449264816,-2.864837646484375,2.218961715698242,-1.63143575512413e-07,1.263629541689437e-07,0.01,1.3415458340659825e-05,0.9896139933656866,-2.846240997314453,2.2748708724975586,-1.620845542998657e-07,1.295468064041019e-07,0.016215283020204255
2966,6563,6563,wikimedia-en,fit,learned,0.005,8.92483384973275e-08,0.9987471126946535,-0.5962848663330078,0.03147125244140625,-1.43132890448772e-07,7.55439485775206e-09,0.01,3.4388070346835775e-07,0.9965500610044157,-0.5848705768585205,0.02491474151611328,-1.4039299155623497e-07,5.980562595720379e-09,0.022263300199151344
2966,6563,6563,wikimedia-en,fit,random_0,0.005,4.6789871532837424e-08,0.9877410161047178,0.14007091522216797,0.40650367736816406,3.3622780143404047e-08,9.75776002459641e-08,0.01,1.803813667322629e-07,0.9646393482294993,0.11399388313293457,0.4012584686279297,2.7363220010323497e-08,9.631853443633871e-08,0.06280119021989006
2966,6563,6563,wikimedia-en,fit,random_1,0.005,9.266214462400058e-08,0.9989105640559657,0.01817941665649414,0.6082057952880859,4.363807635633292e-09,1.4599440365246597e-07,0.01,3.6802998693019617e-07,0.9969554952295576,0.005841255187988281,0.6057024002075195,1.4021414698100409e-09,1.4539348587969017e-07,0.02073708587882297
2966,6563,6563,wikimedia-en,fit,random_2,0.005,8.458475875272597e-08,0.9958769859982318,-0.33408403396606445,0.47469139099121094,-8.019390753352328e-08,1.1394545577109356e-07,0.01,3.329916076211248e-07,0.9858437462208123,-0.32779574394226074,0.4699230194091797,-7.868445931857468e-08,1.1280085048961592e-07,0.013684065681135426
2966,6563,6563,wikimedia-en,fit,approx_spectrum_matched,0.005,2.413381032795314e-07,0.999116293433256,0.08696317672729492,-0.9782314300537109,2.0874738820947455e-08,-2.3481577349512655e-07,0.01,9.65241504502501e-07,0.9955292868565221,0.10585784912109375,-0.9745359420776367,2.5410237248802376e-08,-2.339287044019813e-07,0.019621977599764254
2966,6563,6563,wikimedia-en,fit,leading_pc,0.005,5.163691731979725e-07,0.9898627903274086,0.9564757347106934,-1.0628700256347656,2.2959351189838502e-07,-2.5513251724135363e-07,0.01,2.1924356943259227e-06,0.956645092206408,0.9791851043701172,-1.067042350769043,2.3504469455142192e-07,-2.561340468626464e-07,0.01604489695309859
2966,6563,6563,wikimedia-en,fit,shuffled_labels,0.005,2.6535865060850483e-08,0.9914248976661701,0.20945072174072266,-0.24771690368652344,5.027678698890292e-08,-5.946224437276054e-08,0.01,1.0969734276500276e-07,0.9778465042830993,0.2046525478363037,-0.2557039260864258,4.9125027924416074e-08,-6.137945821923546e-08,0.028584950600234717
28027,6565,6565,wikimedia-en,fit,learned,0.005,1.2029659046675079e-07,0.9829521613397093,0.029087066650390625,-0.6871223449707031,8.424164223427182e-09,-1.9900361714686182e-07,0.01,4.6894160732335877e-07,0.9428902210841886,0.017881393432617188,-0.6647109985351562,5.178789481615071e-09,-1.925128676632376e-07,0.037047160896748206
28027,6565,6565,wikimedia-en,fit,random_0,0.005,1.3363319339987356e-07,0.9984231570887745,-0.4210472106933594,-0.5970001220703125,-1.2194322966042953e-07,-1.7290251815952182e-07,0.01,5.270974270388251e-07,0.9945001486067417,-0.41985511779785156,-0.5898475646972656,-1.2159797702832187e-07,-1.7083100236687581e-07,0.009970350102781356
28027,6565,6565,wikimedia-en,fit,random_1,0.005,4.572166290017776e-08,0.9862148533463294,-0.40531158447265625,-0.12683868408203125,-1.1738589491660826e-07,-3.6734880056256235e-08,0.01,1.9491653802106157e-07,0.9504661406447579,-0.4124641418457031,-0.12302398681640625,-1.1945741070925432e-07,-3.563007163351169e-08,0.018959398512425805
28027,6565,6565,wikimedia-en,fit,random_2,0.005,2.7455598683445714e-08,0.9727227931859778,-0.09632110595703125,0.3123283386230469,-2.7896412674299847e-08,9.04561896122099e-08,0.01,1.1839915714517701e-07,0.9095439051322675,-0.095367431640625,0.3139972686767578,-2.7620210568613713e-08,9.093954329716065e-08,0.005869252936930107
28027,6565,6565,wikimedia-en,fit,approx_spectrum_matched,0.005,1.4206329979060683e-07,0.9922795418061111,0.22411346435546875,0.7166862487792969,6.490749483624222e-08,2.0756588242313202e-07,0.01,5.78261960981763e-07,0.9648101051303798,0.2377033233642578,0.7081031799316406,6.884337484226968e-08,2.0508006347195683e-07,0.021461986214592808
28027,6565,6565,wikimedia-en,fit,leading_pc,0.005,3.98194742956548e-07,0.9974482935043474,0.6537437438964844,1.0776519775390625,1.8933654344784697e-07,3.121083794253349e-07,0.01,1.6616097582300426e-06,0.9903629829182014,0.6546974182128906,1.1031627655029297,1.8961274555353314e-07,3.194967857524391e-07,0.020075575128490664
28027,6565,6565,wikimedia-en,fit,shuffled_labels,0.005,3.2403249861090444e-08,0.9964301001326213,0.2193450927734375,0.2846717834472656,6.352648430781153e-08,8.244632854731192e-08,0.01,1.286596216232283e-07,0.9953048594064515,0.21839141845703125,0.2834796905517578,6.32502822021254e-08,8.210107591520426e-08,0.004257038637372262
2966,6692,6692,wikimedia-en,fit,learned,0.005,4.818048182642087e-09,0.9933931099575272,-0.11348724365234375,-0.07915496826171875,-2.2377065891430523e-08,-1.56075333528465e-08,0.01,1.902594704006333e-08,0.9906455776378216,-0.110626220703125,-0.08130073547363281,-2.181293817988185e-08,-1.6030629136508e-08,0.025947697347056917
2966,6692,6692,wikimedia-en,fit,random_0,0.005,7.380776878562756e-09,0.9933227565386156,0.15687942504882812,-0.06866455078125,3.0933002849918667e-08,-1.3539065077168049e-08,0.01,2.7195937946089543e-08,0.9853543629659975,0.15020370483398438,-0.06508827209472656,2.96167048563051e-08,-1.283390543773221e-08,0.04522078856206138
2966,6692,6692,wikimedia-en,fit,random_1,0.005,9.696100278233644e-08,0.9891338503279484,0.18596649169921875,0.5908012390136719,3.666830125066347e-08,1.1649237243480009e-07,0.01,3.785157787206117e-07,0.9645182702300072,0.1876354217529297,0.5743503570556641,3.699737574906685e-08,1.1324863809339522e-07,0.027027300342989422
2966,6692,6692,wikimedia-en,fit,random_2,0.005,3.66420636055409e-07,0.9989533271073852,0.3204345703125,-1.1668205261230469,6.318230369345091e-08,-2.3007008502659875e-07,0.01,1.4456479675573064e-06,0.9967276405086043,0.31876564025878906,-1.1572837829589844,6.285322919504749e-08,-2.2818965932143644e-07,0.008033243110091855
2966,6692,6692,wikimedia-en,fit,approx_spectrum_matched,0.005,8.597021405876148e-08,0.9831136389483234,-0.3771781921386719,-0.4425048828125,-7.437083663916614e-08,-8.72517527195274e-08,0.01,3.299933268863242e-07,0.9364240012237085,-0.38170814514160156,-0.40411949157714844,-7.526403884911818e-08,-7.96830392562494e-08,0.06796922540247596
2966,6692,6692,wikimedia-en,fit,leading_pc,0.005,1.0804524208651856e-07,0.9982627928314688,0.3199577331542969,-0.5736351013183594,6.308828240819277e-08,-1.1310760616550805e-07,0.01,3.7509266803681385e-07,0.9883590707260521,0.3116130828857422,-0.5230903625488281,6.14429099161758e-08,-1.031413499281482e-07,0.08094916198259848
2966,6692,6692,wikimedia-en,fit,shuffled_labels,0.005,7.360540621448308e-09,0.9972352650438651,0.12445449829101562,-0.11777877807617188,2.4539555452367088e-08,-2.322325745875353e-08,0.01,2.9646344046341255e-08,0.998404736704861,0.12540817260742188,-0.11777877807617188,2.4727598022883305e-08,-2.3223257458753525e-08,0.005554409850439173
28027,6745,6745,wikimedia-en,check,learned,0.005,1.6104149835882708e-06,0.947194723607448,1.8846988677978516,-1.596689224243164,8.099290717978125e-07,-6.861600245199177e-07,0.01,6.697440142033884e-06,0.8133287474281359,1.674652099609375,-1.625657081604004,7.196637318542485e-07,-6.986086497221232e-07,0.08827336126812588
28027,6745,6745,wikimedia-en,check,random_0,0.005,5.951526588887646e-06,0.9989545045798934,3.3423900604248047,-3.551006317138672,1.4363561869112628e-06,-1.526006779931261e-06,0.01,2.3695972970472212e-05,0.9961395757726385,3.3304691314697266,-3.537297248840332,1.4312332958815486e-06,-1.5201154552470896e-06,0.0037323297036529726
28027,6745,6745,wikimedia-en,check,random_1,0.005,1.1482187744604744e-05,0.9997119669475132,-5.752086639404297,3.5817623138427734,-2.4718973796576884e-06,1.539223838787924e-06,0.01,4.5589852220473404e-05,0.9996657099892834,-5.728483200073242,3.5719871520996094,-2.4617540554188537e-06,1.535023068143558e-06,0.003777265277998442
28027,6745,6745,wikimedia-en,check,random_2,0.005,1.5375986777144135e-06,0.9885724518721486,2.2063255310058594,-1.1010169982910156,9.48144671779501e-07,-4.73150215504402e-07,0.01,5.83294075795493e-06,0.9540651711494958,2.1289587020874023,-1.0161399841308594,9.14897108996656e-07,-4.36675231372837e-07,0.047606624722205886
28027,6745,6745,wikimedia-en,check,approx_spectrum_matched,0.005,4.5271760313880804e-06,0.9980486056494938,1.3501644134521484,4.031181335449219,5.802186380254284e-07,1.7323568306081483e-06,0.01,1.768509446264943e-05,0.9949684168273466,1.3774633407592773,3.9621591567993164,5.91950058483474e-07,1.7026952915461035e-06,0.017576170731717737
28027,6745,6745,wikimedia-en,check,leading_pc,0.005,7.64153224963593e-06,0.9944497450470169,2.018451690673828,5.130529403686523,8.674079091512054e-07,2.20478984136839e-06,0.01,3.128099388050032e-05,0.9808186178611495,2.0706653594970703,5.137443542480469,8.898461718613537e-07,2.2077611181656246e-06,0.009530914994203001
28027,6745,6745,wikimedia-en,check,shuffled_labels,0.005,5.77829894155002e-07,0.9907027009851465,-1.3165473937988281,-0.7460117340087891,-5.657720853216344e-07,-3.205905206395136e-07,0.01,2.2623565314461302e-06,0.9709600089166284,-1.3049840927124023,-0.7026195526123047,-5.608028810228117e-07,-3.01943197291354e-07,0.029984312494873544
28027,6763,6763,wikimedia-en,fit,learned,0.005,4.0279924462538474e-07,0.9835962134704408,-1.2587308883666992,0.019073486328125,-4.6778076235341993e-07,7.088258544989789e-09,0.01,1.5320675998964361e-06,0.9410304050361047,-1.1983513832092285,0.07534027099609375,-4.453419938969366e-07,2.799862125270967e-08,0.06711081250305247
28027,6763,6763,wikimedia-en,fit,random_0,0.005,2.2938955623885704e-07,0.9688480196359093,0.9299516677856445,-0.15544891357421875,3.455969056841585e-07,-5.77693071416668e-08,0.01,1.0485312742503083e-06,0.8958877459449821,0.9508728981018066,-0.1876354217529297,3.533718392756942e-07,-6.973074343633707e-08,0.040153894649150784
28027,6763,6763,wikimedia-en,fit,random_1,0.005,3.6387392299275234e-07,0.9964436828067695,1.2003183364868164,-0.09775161743164062,4.460729705593887e-07,-3.632732504307267e-08,0.01,1.3490054726617018e-06,0.9942780025467982,1.1557936668395996,-0.07367134094238281,4.2952631701842814e-07,-2.7378398630023063e-08,0.042853499318450006
28027,6763,6763,wikimedia-en,fit,random_2,0.005,1.4558899863459374e-07,0.9447873652441235,-0.7005929946899414,-0.24366378784179688,-2.603605966806562e-07,-9.055250291224457e-08,0.01,6.635176674762988e-07,0.8069705706068452,-0.6706118583679199,-0.29277801513671875,-2.4921874028025037e-07,-1.0880476866559327e-07,0.07810274923249383
28027,6763,6763,wikimedia-en,fit,approx_spectrum_matched,0.005,1.5783100622002166e-06,0.9848462927539681,-1.8526315689086914,1.6689300537109375,-6.884914127980394e-07,6.202226226866065e-07,0.01,6.7078625178851325e-06,0.949576165123593,-1.8004775047302246,1.7685890197753906,-6.691094558390831e-07,6.572587735841783e-07,0.044837070564752925
28027,6763,6763,wikimedia-en,fit,leading_pc,0.005,4.752912730054959e-08,0.7551189018601822,-0.08571147918701172,-0.36907196044921875,-3.185286183654787e-08,-1.3715780284555243e-07,0.01,2.9303056692242535e-07,0.38052098978898985,-0.20939111709594727,-0.2601146697998047,-7.781578833921603e-08,-9.666612590729826e-08,0.4624703234199797
28027,6763,6763,wikimedia-en,fit,shuffled_labels,0.005,2.7827405801872374e-07,0.9780302072394177,0.6847381591796875,-0.7872581481933594,2.544684817651335e-07,-2.9256787144445363e-07,0.01,1.0997631108011774e-06,0.9104862795074268,0.6703734397888184,-0.7429122924804688,2.4913013704843803e-07,-2.7608767032735234e-07,0.045610057631431784
1645,6924,6924,wikimedia-en,check,learned,0.005,2.993139574414272e-06,0.9960858173200857,2.2144317626953125,-2.6499032974243164,1.0999061531996762e-07,-1.316204450876163e-07,0.01,1.1830155301595369e-05,0.9919608232131714,2.2461414337158203,-2.586483955383301,1.1156563166768036e-07,-1.284704123921909e-07,0.020614891016005027
1645,6924,6924,wikimedia-en,check,random_0,0.005,8.62402515622307e-07,0.9984181407227102,-1.6536712646484375,-0.8423328399658203,-8.213769464462699e-08,-4.1838592153902416e-08,0.01,3.35833426845511e-06,0.9935432999580043,-1.6183853149414062,-0.8470416069030762,-8.038504487423993e-08,-4.2072476160423673e-08,0.01933404647208642
1645,6924,6924,wikimedia-en,check,random_1,0.005,1.543016182381507e-06,0.9986094253486257,2.1958351135253906,-1.1583566665649414,1.090669215220609e-07,-5.753546560422724e-08,0.01,6.185452562590399e-06,0.9943573760974954,2.1877288818359375,-1.16807222366333,1.0866428576399905e-07,-5.801803640249262e-08,0.005099348618061574
1645,6924,6924,wikimedia-en,check,random_2,0.005,1.121717403407274e-06,0.9966536692847029,-2.0933151245117188,-0.29981136322021484,-1.0397476340539576e-07,-1.4891601934201044e-08,0.01,4.502579884047009e-06,0.994730355070456,-2.095460891723633,-0.29647350311279297,-1.040813434590004e-07,-1.472581073970497e-08,0.001875712693722043
1645,6924,6924,wikimedia-en,check,approx_spectrum_matched,0.005,1.7168714805393392e-07,0.9977410954301771,-0.7977485656738281,0.22089481353759766,-3.962409548456197e-08,1.0971824407186692e-08,0.01,7.147260987494519e-07,0.9895942643927319,-0.8091926574707031,0.22912025451660156,-4.019252243711996e-08,1.1380381279337737e-08,0.016890803297613655
1645,6924,6924,wikimedia-en,check,leading_pc,0.005,1.3589562399829447e-06,0.9901536101690002,-1.9927024841308594,1.188039779663086,-9.89773431141569e-08,5.900982301242448e-08,0.01,6.018781306238452e-06,0.964791506436547,-2.0639896392822266,1.2437105178833008,-1.0251816933946595e-07,6.177498329205546e-08,0.03824721560228874
1645,6924,6924,wikimedia-en,check,shuffled_labels,0.005,1.3847264312971674e-06,0.999358466098517,-0.7100105285644531,2.2430419921875,-3.5266155514950854e-08,1.1141168270136254e-07,0.01,5.648141979008869e-06,0.9974038719348557,-0.7252693176269531,2.259969711303711,-3.602405811836149e-08,1.1225248090202123e-07,0.009644000766706452
1645,7217,7217,wikimedia-en,fit,learned,0.005,5.336729884675151e-07,0.9440367548529849,1.4061927795410156,0.194549560546875,7.574562635457031e-08,1.0479557664518374e-08,0.01,1.6233994699632603e-06,0.7899037192831977,1.069784164428711,0.3713369369506836,5.7624724559673936e-08,2.0002341988342358e-08,0.2978324642635386
1645,7217,7217,wikimedia-en,fit,random_0,0.005,6.220449080274193e-07,0.8704959897327362,1.2993812561035156,-0.6910562515258789,6.999214371522688e-08,-3.722426212084131e-08,0.01,3.057411305462665e-06,0.7045686153295373,1.1670589447021484,-0.8900165557861328,6.286450339193314e-08,-4.794140779613614e-08,0.16257917789595383
1645,7217,7217,wikimedia-en,fit,random_1,0.005,3.585388998317285e-05,0.9942815196920157,-9.79757308959961,6.826639175415039,-5.277536062079878e-07,3.677220277060718e-07,0.01,0.00013251802054981,0.9829410278176953,-9.471416473388672,6.367862224578857,-5.101849360057069e-07,3.430096639365258e-07,0.04820496105836029
1645,7217,7217,wikimedia-en,fit,random_2,0.005,3.4756863698248708e-06,0.9874960066695646,-3.3998489379882812,1.473069190979004,-1.8313540722552943e-07,7.934797430174849e-08,0.01,1.2975419139138467e-05,0.9459401260996012,-3.2236576080322266,1.3718605041503906,-1.7364472938964817e-07,7.389629264906704e-08,0.056374011428579916
1645,7217,7217,wikimedia-en,fit,approx_spectrum_matched,0.005,2.3360176541586952e-05,0.9943586163432608,-7.4481964111328125,6.118655204772949,-4.012026733327868e-07,3.29585941327656e-07,0.01,9.271451905590311e-05,0.9799543792196649,-7.404565811157227,6.002366542816162,-3.988524784153763e-07,3.2332196553002255e-07,0.012957501551605395
1645,7217,7217,wikimedia-en,fit,leading_pc,0.005,1.7565347874892723e-05,0.9658412600602778,8.010387420654297,1.9222497940063477,4.3148551276040237e-07,1.0354342361541592e-07,0.01,6.67841087818033e-05,0.8937392163872807,7.48443603515625,1.9159317016601562,4.0315474779970675e-07,1.032030948432226e-07,0.06589869452375695
1645,7217,7217,wikimedia-en,fit,shuffled_labels,0.005,1.535206958180879e-05,0.9969059459149077,-7.379055023193359,-2.601504325866699,-3.9747832073142606e-07,-1.401319772749905e-07,0.01,5.924166528359365e-05,0.9936189364198251,-7.20977783203125,-2.6234984397888184,-3.8836007815568083e-07,-1.4131670668007848e-07,0.02203082316004161
1645,7703,7703,wikimedia-en,fit,learned,0.005,3.6459501870922395e-06,0.9890311594435406,3.708362579345703,0.8196830749511719,2.021185036669896e-07,4.467554427202715e-08,0.01,1.4574303236258856e-05,0.9681805594294783,3.686189651489258,0.7228851318359375,2.009100029057044e-07,3.9399723744265944e-08,0.02629107249284422
1645,7703,7703,wikimedia-en,fit,random_0,0.005,9.302950900291762e-06,0.9991528633063517,-2.1872520446777344,5.691766738891602,-1.192127525164564e-07,3.102208459587272e-07,0.01,3.636474167478809e-05,0.9965745758494574,-2.1305084228515625,5.630373954772949,-1.161200301381136e-07,3.068747282594698e-07,0.013798127707119622
1645,7703,7703,wikimedia-en,fit,random_1,0.005,5.6839886042325816e-06,0.9983720913254759,4.230499267578125,-2.191305160522461,2.3057674740047985e-07,-1.1943366125776658e-07,0.01,2.2698210045746237e-05,0.9952144459863721,4.2133331298828125,-2.199411392211914,2.2964113390787195e-07,-1.1987547874038697e-07,0.003989384829257036
1645,7703,7703,wikimedia-en,fit,random_2,0.005,1.5757255027892825e-05,0.9998502477747823,6.630420684814453,-4.365444183349609,3.6138071151980073e-07,-2.3793170902292526e-07,0.01,5.951647671054161e-05,0.9993268749108707,6.346702575683594,-4.381299018859863,3.4591709962808687e-07,-2.387958520404034e-07,0.03631312291239013
1645,7703,7703,wikimedia-en,fit,approx_spectrum_matched,0.005,6.99842814810836e-07,0.9158367017239202,1.5935897827148438,0.1556873321533203,8.685611923043324e-08,8.485494592679968e-09,0.01,2.92576612537232e-06,0.7291827947989438,1.4367103576660156,0.263214111328125,7.830565147854438e-08,1.4346073553321108e-08,0.12423572882480458
1645,7703,7703,wikimedia-en,fit,leading_pc,0.005,7.463194691581521e-06,0.9102337987734306,4.251003265380859,-3.016948699951172,2.316942857388726e-07,-1.6443407132583814e-07,0.01,3.2084637581419884e-05,0.7821932873343609,4.230260848999023,-2.6835203170776367,2.3056375276863806e-07,-1.462610786951139e-07,0.06536094188794672
1645,7703,7703,wikimedia-en,fit,shuffled_labels,0.005,5.056100462752511e-07,0.8728641700879594,-1.12152099609375,0.7123947143554688,-6.112674818371602e-08,3.8827959943227785e-08,0.01,2.6872050398196734e-06,0.6341465944008619,-1.0972023010253906,0.7072687149047852,-5.980129573585484e-08,3.854857535862959e-08,0.018870561455748804
28027,7878,7878,wikimedia-en,check,learned,0.005,1.0897824154199043e-06,0.9848381503839914,-1.6100406646728516,-1.3041496276855469,-8.192079153773049e-07,-6.63566903171014e-07,0.01,4.510731969276094e-06,0.9446746586382003,-1.5823841094970703,-1.3256072998046875,-8.051359298621609e-07,-6.744848229672465e-07,0.016925828850878972
28027,7878,7878,wikimedia-en,check,random_0,0.005,1.4301955388873466e-06,0.9956079955593474,-0.2856254577636719,2.369403839111328,-1.4532964350984914e-07,1.205580965943974e-06,0.01,5.621255809273862e-06,0.9854677883176629,-0.2543926239013672,2.3398399353027344,-1.294380046953331e-07,1.1905384986691649e-06,0.01814527178475631
28027,7878,7878,wikimedia-en,check,random_1,0.005,1.850697969985049e-06,0.9971953668400986,-0.5066394805908203,-2.6693344116210938,-2.5778421741104293e-07,-1.3581892226513114e-06,0.01,7.3576989620960376e-06,0.990611391820775,-0.48673152923583984,-2.655506134033203,-2.4765481404453844e-07,-1.3511532298937393e-06,0.008949816188111703
28027,7878,7878,wikimedia-en,check,random_2,0.005,1.2205755979266542e-06,0.9983812970329201,1.4579296112060547,-1.6579627990722656,7.41811995044013e-07,-8.435912695888907e-07,0.01,4.844535681058915e-06,0.9967058428303306,1.4363527297973633,-1.6629695892333984,7.308334201378015e-07,-8.461387842080116e-07,0.010056356576035683
28027,7878,7878,wikimedia-en,check,approx_spectrum_matched,0.005,2.869811623895657e-07,0.9873997400480844,0.8029937744140625,-0.6990432739257812,4.085728208190083e-07,-3.556815649172602e-07,0.01,1.12098734916799e-06,0.9550744302232314,0.7669925689697266,-0.6945133209228516,3.9025497760532944e-07,-3.5337667073805554e-07,0.034567892475224786
28027,7878,7878,wikimedia-en,check,leading_pc,0.005,4.868217615694448e-07,0.9572916057302797,-0.9171962738037109,-1.0113716125488281,-4.666804161789563e-07,-5.145979530624207e-07,0.01,1.9933617636525014e-06,0.8697061412059928,-0.8891820907592773,-0.9710788726806641,-4.524264653338751e-07,-4.940965258894955e-07,0.03659531981424871
28027,7878,7878,wikimedia-en,check,shuffled_labels,0.005,4.454686859389767e-07,0.9919122270813683,0.8435249328613281,-1.0275840759277344,4.2919555821189174e-07,-5.228470480195742e-07,0.01,1.762094711921236e-06,0.9709778329679141,0.8120536804199219,-1.0254383087158203,4.131826091774175e-07,-5.217552560399509e-07,0.023919912064374375
2966,7998,7998,wikimedia-en,fit,learned,0.005,5.703100214304868e-10,0.8376607196252367,0.03600120544433594,-0.0247955322265625,9.035921394837957e-09,-6.223416060020845e-09,0.01,3.158049821649911e-09,0.4634924491963209,0.029921531677246094,-0.02384185791015625,7.509987649352077e-09,-5.984053903866197e-09,0.1501480502090547
2966,7998,7998,wikimedia-en,fit,random_0,0.005,8.278851737486548e-08,0.9998065476496999,-0.45561790466308594,0.3514289855957031,-1.1435527010288304e-07,8.820495454298775e-08,0.01,3.1514207421423635e-07,0.9982105101011213,-0.44608116149902344,0.3399848937988281,-1.1196164854133655e-07,8.533260866913198e-08,0.02622049172815965
2966,7998,7998,wikimedia-en,fit,random_1,0.005,1.4843470808045822e-07,0.9979375144325163,-0.5185604095458984,0.5688667297363281,-1.3015317240908978e-07,1.4277952614624748e-07,0.01,5.853938773725531e-07,0.9919306553530184,-0.518798828125,0.5581378936767578,-1.3021301294812847e-07,1.4008670188950768e-07,0.014011905824336354
2966,7998,7998,wikimedia-en,fit,random_2,0.005,2.026990841841325e-08,0.9966404181810024,0.2551078796386719,-0.12540817260742188,6.40293767713683e-08,-3.1476123534336196e-08,0.01,8.070855983532965e-08,0.9922301104349786,0.2522468566894531,-0.12826919555664062,6.331129030290437e-08,-3.2194210002800136e-08,0.014265587639504076
2966,7998,7998,wikimedia-en,fit,approx_spectrum_matched,0.005,7.340150887102936e-08,0.9939093993384925,0.18286705017089844,-0.5083084106445312,4.589769344265373e-08,-1.275800292304273e-07,0.01,2.8439609423003276e-07,0.9773137378079285,0.16939640045166016,-0.4992485046386719,4.251670298696933e-08,-1.2530608874695815e-07,0.030417531560427112
2966,7998,7998,wikimedia-en,fit,leading_pc,0.005,1.4893959132677992e-07,0.983740482021607,-0.3077983856201172,-0.7009506225585938,-7.72541358989126e-08,-1.759311847736662e-07,0.01,6.180691229928925e-07,0.9461862699501076,-0.29456615447998047,-0.705718994140625,-7.393298598226687e-08,-1.7712799555443945e-07,0.01838248235167261
2966,7998,7998,wikimedia-en,fit,shuffled_labels,0.005,1.8102468857250642e-08,0.9928280297178314,-0.23698806762695312,0.12540817260742188,-5.948149580443e-08,3.1476123534336196e-08,0.01,7.000102186793811e-08,0.9781044377009284,-0.23305416107177734,0.11897087097167969,-5.849412691029208e-08,2.986042898029233e-08,0.028479916740846337
28027,8046,8046,wikimedia-en,check,learned,0.005,1.6599287960161746e-05,0.9979925844373809,-5.5599212646484375,-5.945682525634766,-3.4995705028752746e-06,-3.742379468297753e-06,0.01,6.535378577154916e-05,0.9933770798369661,-5.52058219909668,-5.8689117431640625,-3.4748093908266285e-06,-3.694057782966456e-06,0.010651327697345808
28027,8046,8046,wikimedia-en,check,random_0,0.005,8.511318242199195e-06,0.9942652938575993,-2.1047592163085938,-5.424022674560547,-1.3247945282754255e-06,-3.414032115798134e-06,0.01,3.4077087207151635e-05,0.9808273845786549,-2.1178722381591797,-5.379438400268555,-1.3330482322916407e-06,-3.3859695221430025e-06,0.008012939937800966
28027,8046,8046,wikimedia-en,check,random_1,0.005,2.506258340417844e-05,0.9983481045592455,-1.7843246459960938,-9.843826293945312,-1.1231040155882743e-06,-6.195980571299929e-06,0.01,0.00010041020351536645,0.9965289739979396,-1.7745494842529297,-9.844422340393066,-1.1169512544125502e-06,-6.196355739664303e-06,0.0009789734473233424
28027,8046,8046,wikimedia-en,check,random_2,0.005,1.4322431525215507e-06,0.9904659765755972,-2.1767616271972656,-0.9675025939941406,-1.3701148666917347e-06,-6.089732890509375e-07,0.01,5.746682347762544e-06,0.9634594445981202,-2.1588802337646484,-0.9359121322631836,-1.3588598157605323e-06,-5.890893657391463e-07,0.015332345632528707
28027,8046,8046,wikimedia-en,check,approx_spectrum_matched,0.005,1.22040545420532e-05,0.997724140158402,-4.426002502441406,5.3958892822265625,-2.7858502064912777e-06,3.396324168999709e-06,0.01,4.914335352168564e-05,0.992495355484349,-4.43267822265625,5.396842956542969,-2.79005209217226e-06,3.3969244383827064e-06,0.0009659242967670053
28027,8046,8046,wikimedia-en,check,leading_pc,0.005,3.0252061435476207e-05,0.9932708540585896,-10.700225830078125,-2.3872852325439453,-6.735022477231663e-06,-1.502624332988428e-06,0.01,0.0001223513315267155,0.9775718609410168,-10.711669921875,-2.2062063217163086,-6.74222570982763e-06,-1.388648183891782e-06,0.016570023811957834
28027,8046,8046,wikimedia-en,check,shuffled_labels,0.005,2.8579790978255915e-07,0.8734349547815052,-0.049591064453125,-0.9980201721191406,-3.121400791586866e-08,-6.281819093068567e-07,0.01,1.5322517015192716e-06,0.6418499185532743,-0.04863739013671875,-0.9905099868774414,-3.061373853287118e-08,-6.234547879157516e-07,0.007604887379253942
28027,8113,8113,wikimedia-en,check,learned,0.005,7.13953758868513e-06,0.9986993995223709,-3.9253830909729004,3.6211013793945312,-2.311413712392726e-06,2.1322411566770867e-06,0.01,2.6827329707934666e-05,0.9966309446773652,-3.7898868322372437,3.517627716064453,-2.2316284014660714e-06,2.071311958494453e-06,0.032438973470299455
28027,8113,8113,wikimedia-en,check,random_0,0.005,1.560562754576722e-07,0.9857688520767224,-0.5548000335693359,-0.5545616149902344,-3.2668719855067033e-07,-3.2654680869310666e-07,0.01,6.228574198630099e-07,0.9361864950743989,-0.5474239587783813,-0.5323886871337891,-3.223438873322943e-07,-3.1349055193968503e-07,0.030189657407590265
28027,8113,8113,wikimedia-en,check,random_1,0.005,1.2331139505050714e-06,0.9959429727825293,-1.3539791107177734,1.7547607421875,-7.972740011041069e-07,1.0332693516686436e-06,0.01,5.071137846535123e-06,0.9845048340567286,-1.360878348350525,1.772165298461914,-8.013365326073561e-07,1.0435178112707922e-06,0.008412913269245988
28027,8113,8113,wikimedia-en,check,random_2,0.005,2.245560235536459e-07,0.9749128423895292,-0.9353160858154297,0.02956390380859375,-5.507494112222947e-07,1.7408342337895626e-08,0.01,9.728478280734976e-07,0.8971899218718867,-0.9330958127975464,0.04649162292480469,-5.494420306737332e-07,2.737602222491652e-08,0.018259221867488167
28027,8113,8113,wikimedia-en,check,approx_spectrum_matched,0.005,8.427864752746927e-07,0.9888199706315952,-0.6673336029052734,1.6994476318359375,-3.9295121132072466e-07,1.0006989047138712e-06,0.01,3.3469003337671666e-06,0.965443806035998,-0.638425350189209,1.6803741455078125,-3.759289410911293e-07,9.894677161087775e-07,0.019116927831351674
28027,8113,8113,wikimedia-en,check,leading_pc,0.005,2.076736525857825e-06,0.9952559974360523,-2.2098124027252197,1.8396377563476562,-1.3012209435611117e-06,1.0832481409613117e-06,0.01,8.550502359483403e-06,0.9874436807081637,-2.188950777053833,1.9109249114990234,-1.2889368310242907e-06,1.1252247083728507e-06,0.02569674121051886
28027,8113,8113,wikimedia-en,check,shuffled_labels,0.005,1.3155752842664015e-06,0.9542160017719074,1.9471049308776855,1.1091232299804688,1.1465288692581381e-06,6.530936173862134e-07,0.01,5.977325348460738e-06,0.8432339230265372,1.9606798887252808,1.0936260223388672,1.1545223167731702e-06,6.439682766445748e-07,0.009185231750801031
28027,8236,8236,wikimedia-en,check,learned,0.005,6.024122285452904e-07,0.9960702028393202,-0.00476837158203125,-1.5492439270019531,-1.478704626736467e-09,-4.804311332266781e-07,0.01,2.3692597324043163e-06,0.9839531033944012,-0.00476837158203125,-1.5268325805664062,-1.4787046267364667e-09,-4.734812214810166e-07,0.014571314249487927
28027,8236,8236,wikimedia-en,check,random_0,0.005,3.088328526246187e-07,0.999146933257501,0.644683837890625,-0.9047985076904297,1.9992086553477035e-07,-2.8058420292324467e-07,0.01,1.2370849731269118e-06,0.9972146455348656,0.6430149078369141,-0.9056329727172852,1.9940331891541258e-07,-2.808429762329235e-07,0.0016797431641371566
28027,8236,8236,wikimedia-en,check,random_1,0.005,4.8308038458344527e-08,0.997247730171655,0.2636909484863281,-0.3509521484375,8.177236585852663e-08,-1.0883266052780397e-07,0.01,1.859541498561157e-07,0.988354924893163,0.2532005310058594,-0.3459453582763672,7.851921567970638e-08,-1.0728002066973065e-07,0.026793160479888486
28027,8236,8236,wikimedia-en,check,random_2,0.005,3.9011183616821654e-08,0.9918882924469468,0.3857612609863281,0.07724761962890625,1.1962720430298018e-07,2.3955014953130765e-08,0.01,1.561584781484271e-07,0.9651129035017504,0.3829002380371094,0.06401538848876953,1.1873998152693827e-07,1.9851609613937063e-08,0.034640242781936996
28027,8236,8236,wikimedia-en,check,approx_spectrum_matched,0.005,1.2154993100921274e-07,0.9880482610486974,-0.35572052001953125,0.5948543548583984,-1.1031136515454043e-07,1.8446840218537426e-07,0.01,5.388572503761679e-07,0.9568506659034902,-0.35643577575683594,0.6233453750610352,-1.105331708485509e-07,1.9330366233012465e-07,0.04039235716587288
28027,8236,8236,wikimedia-en,check,leading_pc,0.005,5.75028366256447e-07,0.9984883362069971,0.18262863159179688,-1.5044212341308594,5.6634387204006685e-08,-4.665313097353553e-07,0.01,2.2753592929802835e-06,0.9941546212622673,0.1838207244873047,-1.4927387237548828,5.7004063360690805e-08,-4.62908483399851e-07,0.007778275587049915
28027,8236,8236,wikimedia-en,check,shuffled_labels,0.005,1.429225449101068e-08,0.9953307454898342,-0.027179718017578125,0.23698806762695312,-8.428616372397864e-09,7.349161994880242e-08,0.01,5.392087132349843e-08,0.9880232261492369,-0.029802322387695312,0.2288818359375,-9.241903917102919e-09,7.097782208335042e-08,0.036304764263529736
28027,8288,8288,wikimedia-en,fit,learned,0.005,1.095305890430609e-08,0.9149782744926066,0.057816505432128906,0.19168853759765625,2.8049516145471395e-08,9.299715868436702e-08,0.01,3.8953842818045814e-08,0.7724744658504349,0.06324052810668945,0.1615285873413086,3.068096559829397e-08,7.836514304559535e-08,0.16400867877387337
28027,8288,8288,wikimedia-en,fit,random_0,0.005,7.424142722811666e-08,0.9785143434228972,-0.3743171691894531,-0.3879070281982422,-1.8159892927171172e-07,-1.881920114172452e-07,0.01,3.1565741664962843e-07,0.9177685128893678,-0.35953521728515625,-0.400543212890625,-1.7442750658709636e-07,-1.9432242113151317e-07,0.03610298144015938
28027,8288,8288,wikimedia-en,fit,random_1,0.005,8.607776180724613e-08,0.9886855013815,-0.5834102630615234,0.0069141387939453125,-2.830398598266742e-07,3.3543751266749293e-09,0.01,3.5570562317843724e-07,0.9667712561581727,-0.5862712860107422,0.013113021850585938,-2.8442787712047073e-07,6.361745929900727e-09,0.011671850853177013
28027,8288,8288,wikimedia-en,fit,random_2,0.005,2.1810355121942848e-07,0.9864601135299143,0.44286251068115234,-0.8151531219482422,2.1485351026892004e-07,-3.954692606241925e-07,0.01,8.848811745565399e-07,0.9551668307772389,0.44423341751098633,-0.804901123046875,2.155186018888642e-07,-3.904955319880883e-07,0.011199821058177916
28027,8288,8288,wikimedia-en,fit,approx_spectrum_matched,0.005,2.6929615160042886e-07,0.9984025356790954,-0.1125335693359375,1.0309219360351562,-5.459534688932988e-08,5.001488981980136e-07,0.01,1.0553516176514677e-06,0.9978747375166851,-0.12242794036865234,1.0188817977905273,-5.939557336370952e-08,4.943076587532865e-07,0.015106292420676605
28027,8288,8288,wikimedia-en,fit,leading_pc,0.005,2.2897809515143308e-07,0.9562651225871741,0.6781816482543945,-0.6449222564697266,3.2901793268368405e-07,-3.128822316432995e-07,0.01,1.041791520606239e-06,0.853025381641557,0.6789565086364746,-0.6539821624755859,3.2939385403408727e-07,-3.172776197403218e-07,0.009680764802241228
28027,8288,8288,wikimedia-en,fit,shuffled_labels,0.005,7.168227966758423e-08,0.9889314284626755,-0.3609657287597656,-0.3914833068847656,-1.7512151523399458e-07,-1.899270330344908e-07,0.01,2.8990740474910126e-07,0.9609926168186733,-0.36203861236572266,-0.3840923309326172,-1.7564202171916827e-07,-1.8634132169218314e-07,0.014087092789200381
28027,8864,8864,wikimedia-en,fit,learned,0.005,5.0425137487764e-07,0.9983091876750952,0.3142356872558594,-1.3837814331054688,1.0407715732209317e-07,-4.583185289054846e-07,0.01,1.871152562671341e-06,0.9940868829574298,0.27489662170410156,-1.3358592987060547,9.104777116265057e-08,-4.4244636758398194e-07,0.044558974488443114
28027,8864,8864,wikimedia-en,fit,random_0,0.005,1.4231363820726983e-07,0.996555371288157,-0.7009506225585938,0.27561187744140625,-2.3215997156825033e-07,9.128466909282224e-08,0.01,5.552421953325393e-07,0.9961274268718716,-0.690460205078125,0.27632713317871094,-2.2868546859239895e-07,9.152156702299392e-08,0.014048819993903026
28027,8864,8864,wikimedia-en,fit,random_1,0.005,2.623892214614898e-08,0.985290294627383,-0.12540817260742188,-0.2961158752441406,-4.1536103756768595e-08,-9.807574309107718e-08,0.01,1.0433404895593412e-07,0.9599153129671844,-0.1285076141357422,-0.2892017364501953,-4.256266145417923e-08,-9.578572976608424e-08,0.023750872336578053
28027,8864,8864,wikimedia-en,fit,random_2,0.005,1.9501317183312494e-07,0.9945984910403334,-0.52642822265625,0.7061958312988281,-1.7435687660635942e-07,2.33897223056176e-07,0.01,7.757628281979123e-07,0.9859182330008931,-0.518798828125,0.7040500640869141,-1.718299653511948e-07,2.3318652926566095e-07,0.009029902631169092
28027,8864,8864,wikimedia-en,fit,approx_spectrum_matched,0.005,3.856816874758806e-07,0.998875163154401,-0.5178451538085938,1.1281967163085938,-1.7151410144429923e-07,3.7366700185746957e-07,0.01,1.5596046978316735e-06,0.9979407261531715,-0.514984130859375,1.1363029479980469,-1.7056650972361253e-07,3.763518450660821e-07,0.006907653632286597
28027,8864,8864,wikimedia-en,fit,leading_pc,0.005,4.4411194721760694e-07,0.9975073276248256,-0.89263916015625,0.9875297546386719,-2.956486168542616e-07,3.270770755903717e-07,0.01,1.7774598290998256e-06,0.9951767868680835,-0.9028911590576172,0.9765625,-2.990441538533892e-07,3.234446406610727e-07,0.011282867945536467
28027,8864,8864,wikimedia-en,fit,shuffled_labels,0.005,6.9071575126145035e-09,0.9681348344196458,0.10776519775390625,0.12302398681640625,3.569262147920039e-08,4.074644398952965e-08,0.01,2.983529157063458e-08,0.9058601400733137,0.11420249938964844,0.118255615234375,3.7824702850745546e-08,3.916712445505176e-08,0.04885555520496754
1645,9201,9201,wikimedia-en,fit,learned,0.005,6.497184315890081e-06,0.9975326728891997,4.422664642333984,-2.5228261947631836,2.363910921025883e-07,-1.3484487013927428e-07,0.01,2.4502798069647724e-05,0.9929407151133739,4.2285919189453125,-2.5394558906555176,2.2601791965129412e-07,-1.3573372613249022e-07,0.03886292919460321
1645,9201,9201,wikimedia-en,fit,random_0,0.005,4.459322681782396e-06,0.9974675190981868,-1.3589859008789062,-3.9931535720825195,-7.263769406925894e-08,-2.134337577401725e-07,0.01,1.760535577943756e-05,0.9921309837901965,-1.3163089752197266,-3.9666295051574707,-7.035661560638221e-08,-2.1201604836031196e-07,0.011967473303573416
1645,9201,9201,wikimedia-en,fit,random_1,0.005,2.911380036607625e-06,0.9935658820723215,3.0312538146972656,1.5434026718139648,1.6202028813974705e-07,8.249475658900837e-08,0.01,1.1969148161483645e-05,0.980704397726612,3.071308135986328,1.5183091163635254,1.6416118859652518e-07,8.115350793974705e-08,0.013845318957634802
1645,9201,9201,wikimedia-en,fit,random_2,0.005,2.0355581682451884e-06,0.9828592458659079,0.9298324584960938,-2.6717185974121094,4.9699474889492955e-08,-1.428031578491431e-07,0.01,8.596222485834915e-06,0.9351166347948225,0.9396076202392578,-2.674996852874756,5.022195654858762e-08,-1.429783803567663e-07,0.003640540100622938
1645,9201,9201,wikimedia-en,fit,approx_spectrum_matched,0.005,7.981619347674496e-07,0.986963798854079,1.6350746154785156,-0.6910562515258789,8.739461507490838e-08,-3.693690460697316e-08,0.01,3.127189387441831e-06,0.9577141749894198,1.5833377838134766,-0.6985664367675781,8.462928531823658e-08,-3.733832344261906e-08,0.029825131436845856
1645,9201,9201,wikimedia-en,fit,leading_pc,0.005,3.2036749360031536e-06,0.9928925697376858,-0.5488395690917969,-3.5245418548583984,-2.9335433639900715e-08,-1.8838649674137803e-07,0.01,1.2369274671186758e-05,0.9744948122599534,-0.4544258117675781,-3.4419894218444824,-2.4289025420352198e-08,-1.8397407541304806e-07,0.035634883271193005
1645,9201,9201,wikimedia-en,fit,shuffled_labels,0.005,4.793867518060324e-06,0.9985574346216586,-2.6564598083496094,3.4772157669067383,-1.4198757672275141e-07,1.8585692090405385e-07,0.01,1.9665794354750687e-05,0.9976668930300913,-2.7010440826416016,3.510594367980957,-1.443706028264271e-07,1.8764100461803565e-07,0.012650305420830713
1645,9255,9255,wikimedia-en,fit,learned,0.005,6.089168260814404e-05,0.9823843894383948,7.949352264404297,-13.269662857055664,3.5423383930763423e-07,-5.913140421793833e-07,0.01,0.00028204581508362025,0.932163419391208,9.404182434082031,-13.208866119384766,4.1906303034162107e-07,-5.886048576966456e-07,0.09191639307151675
1645,9255,9255,wikimedia-en,fit,random_0,0.005,5.652930212818319e-07,0.9223304983337925,1.3499259948730469,0.5130767822265625,6.015451976965464e-08,2.2863392183733096e-08,0.01,2.8381382435327396e-06,0.7622098843607218,1.3833045959472656,0.499725341796875,6.164191517194213e-08,2.2268434022818115e-08,0.02466589540905017
1645,9255,9255,wikimedia-en,fit,random_1,0.005,2.7030019964513485e-06,0.9986660417750662,-3.2858848571777344,-0.023365020751953125,-1.464234531023279e-07,-1.0411767816012286e-09,0.01,1.1155585013966629e-05,0.9949100126696343,-3.331422805786133,0.020623207092285156,-1.4845268540116289e-07,9.189978735561862e-10,0.019135469555756932
1645,9255,9255,wikimedia-en,fit,random_2,0.005,1.7047954656845832e-06,0.9897066474333918,1.7442703247070312,-1.9252300262451172,7.772703402239376e-08,-8.579084195336655e-08,0.01,7.017422490207537e-06,0.9611042372633816,1.7254352569580078,-1.9409656524658203,7.688771804538869e-08,-8.649204264301635e-08,0.009448977989687937
1645,9255,9255,wikimedia-en,fit,approx_spectrum_matched,0.005,3.6559060845320346e-07,0.9891397671909892,-0.3829002380371094,1.1401176452636719,-1.7062550114811972e-08,5.0805177240990566e-08,0.01,1.5360272414000065e-06,0.966701458588842,-0.41365623474121094,1.1461973190307617,-1.843307873549114e-08,5.107609568926435e-08,0.025896613792859367
1645,9255,9255,wikimedia-en,fit,leading_pc,0.005,6.031215264101775e-06,0.9878298470001502,3.3292770385742188,3.5703182220458984,1.483570671253016e-07,1.5909818678039184e-07,0.01,2.6230985952224728e-05,0.9541932971126005,3.2806396484375,3.777146339416504,1.4618971953911125e-07,1.6831472614813735e-07,0.04298978834470467
1645,9255,9255,wikimedia-en,fit,shuffled_labels,0.005,5.793632055883791e-06,0.9995724429386664,-3.039836883544922,3.7314891815185547,-1.3545922413689454e-07,1.6628018172286562e-07,0.01,2.2131808748326876e-05,0.999381326133954,-2.9840469360351562,3.6350488662719727,-1.3297314896449978e-07,1.6198267143554217e-07,0.023416418149399636
28027,9306,9306,wikimedia-en,fit,learned,0.005,4.172928541379406e-06,0.9970209147076627,-2.297639846801758,3.3708810806274414,-1.1123055124964092e-06,1.631870030967156e-06,0.01,1.6642218369611328e-05,0.9884549147981675,-2.2858381271362305,3.350377082824707,-1.1065922072283204e-06,1.6219438844407795e-06,0.005816080067262691
28027,9306,9306,wikimedia-en,fit,random_0,0.005,1.187204539121467e-07,0.98033659648877,-0.4105567932128906,-0.5449652671813965,-1.9875377114442433e-07,-2.638219700309918e-07,0.01,4.999917990744507e-07,0.9567601007793503,-0.38826465606689453,-0.5723834037780762,-1.8796197230470094e-07,-2.7709530550230936e-07,0.05143825662672625
28027,9306,9306,wikimedia-en,fit,random_1,0.005,1.0115962467693862e-07,0.9153548163031953,-0.5135536193847656,-0.32657384872436523,-2.486153443931997e-07,-1.5809696749423645e-07,0.01,5.130789801910396e-07,0.7635220361125324,-0.5297660827636719,-0.3333091735839844,-2.5646392536754396e-07,-1.613575912078427e-07,0.02844225840308882
28027,9306,9306,wikimedia-en,fit,random_2,0.005,6.776647047956885e-07,0.9976037789945592,-0.9279251098632812,1.3576149940490723,-4.492158404727638e-07,6.572320913699988e-07,0.01,2.7639896629239047e-06,0.9912343364490483,-0.9511709213256836,1.3546347618103027,-4.6046932054627216e-07,6.557893375144208e-07,0.014205159145149594
28027,9306,9306,wikimedia-en,fit,approx_spectrum_matched,0.005,3.701151229051902e-06,0.9934528917166673,-0.7882118225097656,3.753185272216797,-3.815795397232675e-07,1.8169464955607008e-06,0.01,1.4910167845272326e-05,0.9757219251962911,-0.7661581039428711,3.7364661693573,-3.7090316119199034e-07,1.8088526464309084e-06,0.007235937414797418
28027,9306,9306,wikimedia-en,fit,leading_pc,0.005,1.864851761013142e-06,0.9886865631932855,-2.6268959045410156,0.6887912750244141,-1.271700958460666e-06,3.3344927110118567e-07,0.01,7.977876094855674e-06,0.9604472674675911,-2.6630163192749023,0.7554292678833008,-1.2891871351902712e-06,3.657092473119096e-07,0.027644315382718956
28027,9306,9306,wikimedia-en,fit,shuffled_labels,0.005,7.612597805461974e-07,0.9957444578880359,-1.5964508056640625,0.6952881813049316,-7.728543853560193e-07,3.3659447450634576e-07,0.01,3.0507565860204977e-06,0.985468832395784,-1.5941858291625977,0.6819069385528564,-7.717578924257801e-07,3.3011650969480057e-07,0.007810549980904909
28027,9526,9526,wikimedia-en,check,learned,0.005,1.626512826646831e-07,0.9785455573562043,-0.3794431686401367,0.701904296875,-2.107410038086024e-07,3.8983444248352215e-07,0.01,6.509054770731382e-07,0.9241994988538078,-0.3629326820373535,0.6854534149169922,-2.0157115491526548e-07,3.806976977378146e-07,0.029624552901025978
28027,9526,9526,wikimedia-en,check,random_0,0.005,1.967330511831733e-07,0.996835514472113,0.677645206451416,0.5702972412109375,3.763610543983665e-07,3.167404845178618e-07,0.01,7.944785487268291e-07,0.9884338909399066,0.6721913814544678,0.5774497985839844,3.733320248902786e-07,3.2071298223338673e-07,0.010152790005187626
28027,9526,9526,wikimedia-en,check,random_1,0.005,1.37755371554249e-07,0.9925670585632019,-0.5974769592285156,0.43582916259765625,-3.318359758368568e-07,2.420575274659913e-07,0.01,5.583850040125071e-07,0.9806858188950731,-0.5968213081359863,0.4374980926513672,-3.3147183021293366e-07,2.429844435996138e-07,0.002423853486895219
28027,9526,9526,wikimedia-en,check,random_2,0.005,5.03326241130253e-07,0.9977941078171,0.9456872940063477,1.0557174682617188,5.252304062876666e-07,5.863406628114932e-07,0.01,1.9947582430290822e-06,0.9917625221575055,0.9409189224243164,1.0454654693603516,5.225820744773166e-07,5.806467494192407e-07,0.00800791626891678
28027,9526,9526,wikimedia-en,check,approx_spectrum_matched,0.005,6.145529241052827e-08,0.9865808159461426,-0.4425644874572754,0.21600723266601562,-2.4579829614811076e-07,1.1996943100885566e-07,0.01,2.535769390021869e-07,0.9904825864560957,-0.4489719867706299,0.22268295288085938,-2.493569920182686e-07,1.236770955433457e-07,0.01862503538695527
28027,9526,9526,wikimedia-en,check,leading_pc,0.005,1.0631238822611522e-07,0.9850854625493541,0.16039609909057617,0.6270408630371094,8.908326127064861e-08,3.482556330610269e-07,0.01,4.10765075287145e-07,0.9496380862530033,0.1671910285949707,0.6017684936523438,9.285713410039736e-08,3.3421947446617176e-07,0.04115434869845941
28027,9526,9526,wikimedia-en,check,shuffled_labels,0.005,3.1090663554778075e-07,0.9973307794258914,1.110076904296875,-0.0896453857421875,6.165316454494834e-07,-4.978863803458027e-08,0.01,1.2322280227294868e-06,0.9897300193332771,1.1006593704223633,-0.09012222290039062,6.113011901240421e-07,-5.0053471215615274e-08,0.008502664892934287
28027,9773,9773,wikimedia-en,fit,learned,0.005,2.6176269329880597e-06,0.9923752295885019,-2.7036666870117188,1.7552375793457031,-8.734101876737868e-07,5.670234392993315e-07,0.01,1.0537657317399862e-05,0.9734086113988257,-2.6683807373046875,1.7712116241455078,-8.620111834607605e-07,5.721837993146882e-07,0.012054840987072412
28027,9773,9773,wikimedia-en,fit,random_0,0.005,1.7390095763403224e-06,0.9990073866619074,-0.05817413330078125,2.635478973388672,-1.879295289174638e-08,8.513823822351003e-07,0.01,6.892657438584138e-06,0.9972759326082788,-0.057697296142578125,2.621173858642578,-1.8638912294273057e-08,8.467611643109007e-07,0.00544437089042892
28027,9773,9773,wikimedia-en,fit,random_1,0.005,2.5072313292184845e-07,0.9937462138112909,-0.247955322265625,0.9670257568359375,-8.01011106861321e-08,3.123943316759152e-07,0.01,1.002595581667265e-06,0.9821802523754599,-0.2396106719970703,0.9629726409912109,-7.740540023034884e-08,3.11084986597392e-07,0.009320503212383677
28027,9773,9773,wikimedia-en,fit,random_2,0.005,1.3448895970213925e-06,0.9995041748050301,0.064849853515625,-2.3179054260253906,2.0949521256373012e-08,-7.487913443178619e-07,0.01,4.613631062966306e-06,0.9992483600089183,0.05269050598144531,-2.146482467651367,1.702148602080308e-08,-6.934137495261996e-07,0.07696189468217485
28027,9773,9773,wikimedia-en,fit,approx_spectrum_matched,0.005,1.3919718639954226e-06,0.9981663134843972,0.4944801330566406,-2.3050308227539062,1.5974009957984428e-07,-7.446322481860823e-07,0.01,5.310472943165223e-06,0.9943488437322835,0.48065185546875,-2.2470951080322266,1.552729222531177e-07,-7.259163155930726e-07,0.025588849602473256
28027,9773,9773,wikimedia-en,fit,leading_pc,0.005,2.5807121346588247e-06,0.8896851673096571,-0.3886222839355469,3.005504608154297,-1.255430869407648e-07,9.709178858744053e-07,0.01,1.7377568383381004e-05,0.7236143815733828,-0.5505084991455078,3.503084182739258,-1.7783986978296069e-07,1.1316592493378266e-06,0.15912531232832494
28027,9773,9773,wikimedia-en,fit,shuffled_labels,0.005,1.5713849279563874e-06,0.9974562380336113,-0.8220672607421875,-2.3651123046875,-2.655659900440226e-07,-7.640413634677217e-07,0.01,6.1575983636430465e-06,0.9910653081354276,-0.823974609375,-2.3288726806640625,-2.66182152433916e-07,-7.523342780597488e-07,0.014591064084337885
2966,9855,9855,wikimedia-en,check,learned,0.005,4.056118996231817e-09,0.9514126352374012,0.095367431640625,0.07963180541992188,2.0877452695233563e-08,1.7432673000520025e-08,0.01,1.7741967894835398e-08,0.9021209791105985,0.10037422180175781,0.07700920104980469,2.1973518961733325e-08,1.68585430514011e-08,0.04508051976606425
2966,9855,9855,wikimedia-en,check,random_0,0.005,1.3961198419565335e-08,0.9531448487019967,-0.0743865966796875,-0.21839141845703125,-1.6284413102282178e-08,-4.780936667208486e-08,0.01,6.231198312889319e-08,0.8786986728747569,-0.06961822509765625,-0.22339820861816406,-1.52405404675205e-08,-4.890543293858462e-08,0.02975698838331809
2966,9855,9855,wikimedia-en,check,random_1,0.005,1.263833837583661e-08,0.9748128957973518,0.1430511474609375,-0.1697540283203125,3.1316179042850346e-08,-3.7161865797515744e-08,0.01,4.5680963012273423e-08,0.9453789564325783,0.13518333435058594,-0.15783309936523438,2.9593789195493575e-08,-3.455218421061155e-08,0.0664641206821798
2966,9855,9855,wikimedia-en,check,random_2,0.005,5.726633389713243e-09,0.96126816485349,-0.14829635620117188,-0.005245208740234375,-3.2464438941088187e-08,-1.1482598982378457e-09,0.01,2.465526449668687e-08,0.9256075068013095,-0.15091896057128906,0.00667572021484375,-3.3038568890207113e-08,1.4614216886663495e-09,0.08152130614520045
2966,9855,9855,wikimedia-en,check,approx_spectrum_matched,0.005,2.41016095969826e-07,0.9969193396226416,0.3542900085449219,-0.9140968322753906,7.755973676279268e-08,-2.001103840838137e-07,0.01,9.71407871475094e-07,0.9892072695320574,0.3440380096435547,-0.9179115295410156,7.531541059805508e-08,-2.0094548219162305e-07,0.011158412204330522
2966,9855,9855,wikimedia-en,check,leading_pc,0.005,4.338971848483197e-09,0.8367264057014097,0.08106231689453125,0.08916854858398438,1.774583479094853e-08,1.952041827004338e-08,0.01,2.8361910153762437e-08,0.5350958416508333,0.06866455078125,0.10228157043457031,1.5031765940568165e-08,2.2391068015637995e-08,0.1480995769237095
2966,9855,9855,wikimedia-en,check,shuffled_labels,0.005,6.122832019173075e-08,0.9988905806116196,0.20074844360351562,0.4520416259765625,4.394703792346665e-08,9.895912577540708e-08,0.01,2.4836322154442314e-07,0.9992476973175272,0.20360946655273438,0.4546642303466797,4.457336150432366e-08,9.953325572452601e-08,0.007818754298127216
28027,9876,9876,wikimedia-en,fit,learned,0.005,1.737271304591559e-07,0.9892187786299506,-0.3256797790527344,-0.7624626159667969,-9.98435737527071e-08,-2.3374798598913417e-07,0.01,7.016881227173144e-07,0.9631271392589313,-0.3504753112792969,-0.7436275482177734,-1.0744513427267894e-07,-2.2797372367107864e-07,0.03771599366708044
28027,9876,9876,wikimedia-en,fit,random_0,0.005,3.7670361052732915e-08,0.9690359496849272,0.36716461181640625,-0.10585784912109375,1.1256156923804462e-07,-3.2452816066033643e-08,0.01,1.5734121916466393e-07,0.9031328306314794,0.36072731018066406,-0.10943412780761719,1.1058808717997499e-07,-3.354919498718342e-08,0.019402415616276737
28027,9876,9876,wikimedia-en,fit,random_1,0.005,1.0219264368060976e-07,0.9888630052864847,0.6251335144042969,0.11587142944335938,1.9164703541698245e-07,3.552267704525304e-08,0.01,4.1057410271605477e-07,0.9633534803768461,0.6196498870849609,0.10752677917480469,1.8996592107121946e-07,3.296445956257021e-08,0.015790658274715076
28027,9876,9876,wikimedia-en,fit,random_2,0.005,5.919264367548749e-08,0.9924730728454435,-0.13399124145507812,0.4658699035644531,-4.1077663579078615e-08,1.4282162746177868e-07,0.01,2.3674965632380918e-07,0.9752087903222708,-0.13756752014160156,0.4603862762451172,-4.21740425002284e-08,1.4114051311601565e-07,0.013564793616165634
28027,9876,9876,wikimedia-en,fit,approx_spectrum_matched,0.005,9.383734322909731e-08,0.9712727858667656,0.011920928955078125,0.6036758422851562,3.654596403832618e-09,1.8506876189008377e-07,0.01,3.709033080667723e-07,0.8875478927203065,0.020265579223632812,0.5733966827392578,6.21281388651545e-09,1.757860870243489e-07,0.05334468860950756
28027,9876,9876,wikimedia-en,fit,leading_pc,0.005,1.971509391296422e-07,0.9911014451970351,0.02956390380859375,0.8835792541503906,9.063399081504893e-09,2.7087868545207366e-07,0.01,7.985111096786568e-07,0.9710407276539776,0.03743171691894531,0.8797645568847656,1.1475432708034421e-08,2.697092146028472e-07,0.009910065775722746
28027,9876,9876,wikimedia-en,fit,shuffled_labels,0.005,1.9270601114840247e-08,0.9548128089861125,0.08249282836914062,0.25844573974609375,2.528980711452171e-08,7.923165003509115e-08,0.01,8.502934178977739e-08,0.8875537152071195,0.08177757263183594,0.26226043701171875,2.5070531330291752e-08,8.040112088431757e-08,0.014216584173348694
2966,9915,9915,wikimedia-en,check,learned,0.005,3.279399152233964e-08,0.9835713220943011,0.3452301025390625,-0.09918212890625,8.085728592870796e-08,-2.3229717504380187e-08,0.01,1.310560833189811e-07,0.9450920447630362,0.3396272659301758,-0.09226799011230469,7.954503025237879e-08,-2.1610338159122916e-08,0.025028461239069464
2966,9915,9915,wikimedia-en,check,random_0,0.005,1.7722203438097495e-07,0.9934719184481752,-0.3597736358642578,0.7581710815429688,-8.426356662045601e-08,1.7757332130752158e-07,0.01,6.925667435098148e-07,0.9797475747024954,-0.35583972930908203,0.7429122924804688,-8.33421956136717e-08,1.7399951861454005e-07,0.018951682396523797
2966,9915,9915,wikimedia-en,check,random_1,0.005,6.166402499729884e-08,0.9744813584008186,0.4398822784423828,-0.21648406982421875,1.0302603075860921e-07,-5.0703325706675963e-08,0.01,2.637670490912569e-07,0.9170045443779943,0.43404102325439453,-0.23126602172851562,1.0165793441520222e-07,-5.416544706550187e-08,0.03236863943155904
2966,9915,9915,wikimedia-en,check,random_2,0.005,2.5130816538876388e-08,0.9768924194650151,0.11777877807617188,0.2903938293457031,2.7585289536451467e-08,6.801393250080545e-08,0.01,1.0603577038637013e-07,0.9459908352145195,0.11360645294189453,0.2956390380859375,2.6608077862589327e-08,6.924242717651787e-08,0.021274191242513507
2966,9915,9915,wikimedia-en,check,approx_spectrum_matched,0.005,2.433260988254915e-07,0.9931101391895321,0.9818077087402344,-0.0514984130859375,2.2995186702653269e-07,-1.2061584088812788e-08,0.01,9.770143947207544e-07,0.9757297450013873,0.9750127792358398,-0.0514984130859375,2.2836040801481438e-07,-1.206158408881279e-08,0.006935267224741646
2966,9915,9915,wikimedia-en,check,leading_pc,0.005,5.495263621924096e-08,0.9874456548161495,0.19431114196777344,0.423431396484375,4.551014366843714e-08,9.917302473023848e-08,0.01,2.1354691170927254e-07,0.9672667808963955,0.2027750015258789,0.4067420959472656,4.7492487349700364e-08,9.52641780347899e-08,0.04066358002518553
2966,9915,9915,wikimedia-en,check,shuffled_labels,0.005,5.245419743005186e-08,0.980990134202587,-0.3485679626464844,-0.2903938293457031,-8.163905526779767e-08,-6.801393250080545e-08,0.01,2.193628461100161e-07,0.9445441805698365,-0.3457069396972656,-0.2961158752441406,-8.096896726286361e-08,-6.935410851067353e-08,0.014077748102697822
2966,10094,10094,wikimedia-en,fit,learned,0.005,1.181276729766978e-07,0.9989225859477106,-0.28705596923828125,0.6241798400878906,-5.914390632339265e-08,1.2860361026133054e-07,0.01,4.614514637069078e-07,0.9968668159656268,-0.2815723419189453,0.6170272827148438,-5.801408087037104e-08,1.2712992488782409e-07,0.013202937134788697
2966,10094,10094,wikimedia-en,fit,random_0,0.005,2.031333679042291e-08,0.9858978161833019,0.2682209014892578,-0.09036064147949219,5.5263201506492315e-08,-1.8617558551964967e-08,0.01,8.39920062389865e-08,0.943355725455349,0.2669095993041992,-0.08940696716308594,5.4993025854682806e-08,-1.8421067168830774e-08,0.005744439784727673
2966,10094,10094,wikimedia-en,fit,random_1,0.005,2.3910615709610283e-09,0.9462366869532142,0.07653236389160156,-0.05650520324707031,1.576843349651914e-08,-1.1642114450701047e-08,0.01,1.0200324140896555e-08,0.773190820636849,0.07414817810058594,-0.04887580871582031,1.5277205038683655e-08,-1.007018338562749e-08,0.08691177453135396
2966,10094,10094,wikimedia-en,fit,random_2,0.005,3.71388182429655e-08,0.9957346947209242,0.2422332763671875,-0.2987384796142578,4.99088113160855e-08,-6.155092576678655e-08,0.01,1.4652425761596533e-07,0.9801552324918279,0.2390146255493164,-0.29408931732177734,4.924565289800759e-08,-6.059303027400734e-08,0.014810867385682519
2966,10094,10094,wikimedia-en,fit,approx_spectrum_matched,0.005,6.29752321401611e-08,0.9865850928627133,-0.07677078247070312,-0.4925727844238281,-1.581755634230269e-08,-1.0148779938881167e-07,0.01,2.516414383535448e-07,0.9507870929763179,-0.07319450378417969,-0.48363208770751953,-1.508071365554946e-08,-9.964569267192859e-08,0.019499493570078127
2966,10094,10094,wikimedia-en,fit,leading_pc,0.005,5.060707053416991e-08,0.9499918004153708,0.3445148468017578,0.2713203430175781,7.098251215722791e-08,5.5901798501678446e-08,0.01,2.578296403044078e-07,0.8211947011621137,0.3873109817504883,0.24843215942382812,7.980006297537492e-08,5.118600530645778e-08,0.10800955368707668
2966,10094,10094,wikimedia-en,fit,shuffled_labels,0.005,2.3256751546796295e-07,0.9996561666003889,-0.09751319885253906,-0.9593963623046875,-2.0091243925471427e-08,-1.9767033143300007e-07,0.01,9.171799320029095e-07,0.9989819153155833,-0.09965896606445312,-0.9520053863525391,-2.0533349537523368e-08,-1.9614752321371005e-07,0.008010377764801463
1645,10112,10112,wikimedia-en,fit,learned,0.005,1.6226509274019918e-06,0.9992644935571832,1.146554946899414,-2.274036407470703,7.388856957244318e-08,-1.4654796768183885e-07,0.01,6.558397672051797e-06,0.9975184775845962,1.1385679244995117,-2.29036808013916,7.337385402229205e-08,-1.476004457470733e-07,0.0071231847383381695
1645,10112,10112,wikimedia-en,fit,random_0,0.005,1.06718232473213e-06,0.9992297088484277,-1.775503158569336,1.055002212524414,-1.1442049856643467e-07,6.798854654981514e-08,0.01,4.24574926682908e-06,0.9977142167185725,-1.7774105072021484,1.0377168655395508,-1.1454341571273944e-07,6.687460991142836e-08,0.008434791511544935
1645,10112,10112,wikimedia-en,fit,random_1,0.005,3.6459869079408236e-07,0.9991605977342375,0.95367431640625,0.74005126953125,6.145857315237528e-08,4.7691852766243216e-08,0.01,1.4412141808861634e-06,0.9976296148931763,0.9469985961914062,0.7355213165283203,6.102836314030865e-08,4.739992454376944e-08,0.0067056108153194065
1645,10112,10112,wikimedia-en,fit,random_2,0.005,1.0288196108376724e-06,0.9985701014399211,-1.5063285827636719,1.3566017150878906,-9.707381629417675e-08,8.742482030925383e-08,0.01,4.024324766760401e-06,0.9954454708109859,-1.484990119934082,1.3419389724731445,-9.569868071989237e-08,8.647989474703607e-08,0.012853226310794122
1645,10112,10112,wikimedia-en,fit,approx_spectrum_matched,0.005,3.0878186407790054e-07,0.9978153209375002,-1.1060237884521484,0.09560585021972656,-7.127658021346723e-08,6.161221958525622e-09,0.01,1.2523943837550178e-06,0.9915347338039896,-1.1098384857177734,0.10025501251220703,-7.152241450607674e-08,6.460832502643452e-09,0.005406926533592988
1645,10112,10112,wikimedia-en,fit,leading_pc,0.005,3.0209766919142567e-06,0.9980895590497227,1.9381046295166016,-2.881765365600586,1.2489918528891465e-07,-1.8571244342318998e-07,0.01,1.2190353743335436e-05,0.9926898931617677,1.9403696060180664,-2.887248992919922,1.2504514940015155e-07,-1.8606583021881618e-07,0.0017069517861467117
1645,10112,10112,wikimedia-en,fit,shuffled_labels,0.005,2.3139762106438866e-08,0.9676211497031288,0.1556873321533203,0.255584716796875,1.0033112067125264e-08,1.6470897604836574e-08,0.01,9.50114440456673e-08,0.9436080992713551,0.16057491302490234,0.25272369384765625,1.0348087254531188e-08,1.628652188537945e-08,0.01891920626439606
2966,10114,10114,wikimedia-en,check,learned,0.005,1.5500927474931814e-07,0.9937189946871086,-0.72479248046875,0.301361083984375,-1.5435674216383772e-07,6.417990858391147e-08,0.01,6.048742307029897e-07,0.9758291937081456,-0.7054805755615234,0.30422210693359375,-1.5024394738907757e-07,6.478921151350557e-08,0.025138215241063504
2966,10114,10114,wikimedia-en,check,random_0,0.005,7.028511390672065e-07,0.9991605125822827,1.2884140014648438,-1.071929931640625,2.7438941929387466e-07,-2.282854976212547e-07,0.01,2.661932057890226e-06,0.9970215380983201,1.2612342834472656,-1.0311603546142578,2.6860104146273074e-07,-2.1960293087453886e-07,0.029650215434771966
2966,10114,10114,wikimedia-en,check,random_1,0.005,5.36304014531197e-08,0.9654310231526823,0.3905296325683594,-0.23365020751953125,8.316984988959415e-08,-4.975973925018453e-08,0.01,2.511499133106554e-07,0.908659621988305,0.4000663757324219,-0.26106834411621094,8.520085965490778e-08,-5.559889232546128e-08,0.06224121063310385
2966,10114,10114,wikimedia-en,check,random_2,0.005,6.593040779989678e-08,0.9957417274498647,-0.4596710205078125,-0.22649765014648438,-9.789467068811813e-08,-4.823648192619928e-08,0.01,2.6791667551151477e-07,0.986323208663255,-0.46896934509277344,-0.2105236053466797,-9.987490520929894e-08,-4.4834540569298914e-08,0.03601214017187279
2966,10114,10114,wikimedia-en,check,approx_spectrum_matched,0.005,2.744147877820069e-07,0.9928736196949347,-0.213623046875,-1.0218620300292969,-4.549461874302585e-08,-2.1762269635335803e-07,0.01,1.098131860999274e-06,0.9767382524766365,-0.20956993103027344,-1.0142326354980469,-4.463143959276755e-08,-2.159978885411071e-07,0.008308458658421895
2966,10114,10114,wikimedia-en,check,leading_pc,0.005,6.96348706696881e-07,0.9840327123524198,0.202178955078125,-1.6431808471679688,4.3057407024649466e-08,-3.499429825635426e-07,0.01,2.7215237423661165e-06,0.9465102559963801,0.18477439880371094,-1.5943050384521484,3.9350814202952045e-08,-3.395340575163101e-07,0.03182421489185048
2966,10114,10114,wikimedia-en,check,shuffled_labels,0.005,3.1964191293809563e-09,0.865877080665813,0.07295608520507812,0.07581710815429688,1.5537224704649452e-08,1.614652763424355e-08,0.01,1.6853164197527803e-08,0.6886206338284697,0.07581710815429688,0.07653236389160156,1.614652763424355e-08,1.6298853366642075e-08,0.027697799454242392
2966,10140,10140,wikimedia-en,fit,learned,0.005,2.5693441330076894e-07,0.9990331939687233,0.49686431884765625,-0.8831024169921875,1.4532958006360895e-07,-2.5830171043935105e-07,0.01,9.95934044567548e-07,0.9968013328495615,0.48863887786865234,-0.8683204650878906,1.4292369210190334e-07,-2.5397808569657575e-07,0.016835140871465863
2966,10140,10140,wikimedia-en,fit,random_0,0.005,1.1404165434214519e-07,0.9960792367022523,-0.6322860717773438,-0.23365020751953125,-1.8493956157806662e-07,-6.834116528902914e-08,0.01,4.7361015731439693e-07,0.9842274897807662,-0.6413459777832031,-0.23412704467773438,-1.8758952513009026e-07,-6.848063705492513e-08,0.013373098412334493
2966,10140,10140,wikimedia-en,fit,random_1,0.005,2.0986982463000459e-07,0.9948092113121396,0.6749629974365234,-0.6160736083984375,1.9742228462575668e-07,-1.8019752153760341e-07,0.01,8.565318694309099e-07,0.9803471108955588,0.6787776947021484,-0.6155967712402344,1.9853805875292452e-07,-1.8005804977170745e-07,0.004201052092642231
2966,10140,10140,wikimedia-en,fit,random_2,0.005,1.8354842268308857e-07,0.9876451602313768,-0.286102294921875,0.8020401000976562,-8.36830595375867e-08,2.3459151023703472e-07,0.01,7.730603783784318e-07,0.9606963973499065,-0.2789497375488281,0.8153915405273438,-8.159098304914706e-08,2.384967196821222e-07,0.01768093054707048
2966,10140,10140,wikimedia-en,fit,approx_spectrum_matched,0.005,1.776161866473558e-07,0.9938550855341882,-0.6945133209228516,0.4730224609375,-2.0314062702749178e-07,1.3835599176881006e-07,0.01,6.728366770403227e-07,0.9747426387223161,-0.6725788116455078,0.45108795166015625,-1.967249257962768e-07,1.3194029053759508e-07,0.037596951593147146
2966,10140,10140,wikimedia-en,fit,leading_pc,0.005,1.2767878843078506e-07,0.9854405250942836,-0.3345012664794922,-0.6256103515625,-9.783944377602848e-08,-1.8298695685552297e-07,0.01,5.542603958019754e-07,0.9508800026911021,-0.3428459167480469,-0.6399154663085938,-1.0028019967920809e-07,-1.871711098324023e-07,0.0230753184905829
2966,10140,10140,wikimedia-en,fit,shuffled_labels,0.005,8.30781345939613e-08,0.9934274176442978,-0.4730224609375,0.3261566162109375,-1.3835599176881006e-07,9.539868787284887e-08,0.01,3.387130504961533e-07,0.9879455730550759,-0.4850625991821289,0.3151893615722656,-1.418776538576835e-07,9.219083725724138e-08,0.02824942760003343
2966,10156,10156,wikimedia-en,check,learned,0.005,8.18406533653615e-08,0.9968390477275316,0.5574226379394531,0.12493133544921875,1.2203318005388075e-07,2.735046464851733e-08,0.01,3.232744347769767e-07,0.9929468495740539,0.55694580078125,0.10395050048828125,1.219287889674361e-07,2.2757256844949543e-08,0.036888699526635114
2966,10156,10156,wikimedia-en,check,random_0,0.005,4.362868821772281e-08,0.9900576398913911,0.3781318664550781,-0.17261505126953125,8.278213155066504e-08,-3.778957329298959e-08,0.01,1.7559818843437824e-07,0.937603992805802,0.37217140197753906,-0.16164779663085938,8.147724297010603e-08,-3.5388578304760977e-08,0.030391700206025888
2966,10156,10156,wikimedia-en,check,random_1,0.005,3.34159722115146e-08,0.990632123294662,0.110626220703125,-0.3466606140136719,2.4218732055175654e-08,-7.589231984531337e-08,0.01,1.4439001461141743e-07,0.9475469030004693,0.11610984802246094,-0.35119056701660156,2.5419229549289972e-08,-7.688403516653825e-08,0.01938672600656709
2966,10156,10156,wikimedia-en,check,random_2,0.005,1.6939793567871675e-08,0.9700947625567099,-0.23174285888671875,-0.10967254638671875,-5.073406801213521e-08,-2.400994988228621e-08,0.01,6.987283995840698e-08,0.9009726524874392,-0.2257823944091797,-0.10943412780761719,-4.942917943157618e-08,-2.3957754339063847e-08,0.02351805302246164
2966,10156,10156,wikimedia-en,check,approx_spectrum_matched,0.005,7.984431249496993e-08,0.9950143667113758,0.385284423828125,-0.4115104675292969,8.434799784733589e-08,-9.008950760179563e-08,0.01,3.241316335333977e-07,0.9815919654644606,0.38552284240722656,-0.41174888610839844,8.440019339055826e-08,-9.0141703145018e-08,0.0005979414200235893
2966,10156,10156,wikimedia-en,check,leading_pc,0.005,2.982765181513969e-07,0.993580361539646,-0.8873939514160156,-0.6308555603027344,-1.942718118736288e-07,-1.3810940736636804e-07,0.01,1.1636782346613472e-06,0.9736467183583302,-0.8566379547119141,-0.6318092346191406,-1.8753858679794424e-07,-1.3831818953925752e-07,0.02858127632763506
2966,10156,10156,wikimedia-en,check,shuffled_labels,0.005,7.50060280552134e-09,0.9551503577058325,-0.11777877807617188,-0.12159347534179688,-2.578459835184649e-08,-2.6619727043404273e-08,0.01,3.18034381052712e-08,0.846083590113889,-0.11539459228515625,-0.11658668518066406,-2.5262642919622878e-08,-2.5523620635734684e-08,0.03327408573773507
1645,10203,10203,wikimedia-en,check,learned,0.005,4.727381252678242e-05,0.8806693369175187,-11.788368225097656,-5.250215530395508,-6.171204646628141e-07,-2.748485104833717e-07,0.01,0.0002330035905515615,0.694087381207386,-11.88039779663086,-4.536628723144531,-6.219382079554248e-07,-2.374922781652784e-07,0.05616291439214741
1645,10203,10203,wikimedia-en,check,random_0,0.005,6.63352244600901e-06,0.9721181831648572,-1.8301010131835938,4.737615585327148,-9.580569304165846e-08,2.480139299675346e-07,0.01,3.0284275680969586e-05,0.9458069643448302,-2.0160675048828125,4.957675933837891,-1.0554102922879937e-07,2.5953407778898463e-07,0.055243448917531045
1645,10203,10203,wikimedia-en,check,random_1,0.005,7.516177777233679e-05,0.9918377526510902,17.128944396972656,2.189159393310547,8.96699350037117e-07,1.1460238060298436e-07,0.01,0.0002871599133982272,0.9767315825343765,16.522645950317383,2.735018730163574,8.649596578269897e-07,1.431780885522909e-07,0.04796711457043892
1645,10203,10203,wikimedia-en,check,random_2,0.005,9.434947179443043e-05,0.9781403666119562,-8.847713470458984,-17.05479621887207,-4.631773409035885e-07,-8.928176967625006e-07,0.01,0.00038588713766785077,0.9310085248735143,-8.507966995239258,-16.9374942779541,-4.453916305616965e-07,-8.866769462444579e-07,0.01883416852582312
1645,10203,10203,wikimedia-en,check,approx_spectrum_matched,0.005,2.804169446335436e-05,0.976503402677803,9.016036987304688,-5.314350128173828,4.7198906827297504e-07,-2.782059533479113e-07,0.01,0.00011347429165198264,0.9142488507952254,8.507251739501953,-5.600929260253906,4.453541869609767e-07,-2.932083560363002e-07,0.056553028565315036
1645,10203,10203,wikimedia-en,check,leading_pc,0.005,3.868477438118134e-05,0.9846627994049305,9.659767150878906,-7.6847076416015625,5.056883089207705e-07,-4.0229404613323807e-07,0.01,0.00011555874249324916,0.9153050745580753,7.735729217529297,-6.777167320251465,4.0496502298458183e-07,-3.5478435741996643e-07,0.18802520260830738
1645,10203,10203,wikimedia-en,check,shuffled_labels,0.005,4.436820569253541e-05,0.9679518324185066,10.67209243774414,7.608652114868164,5.586834851394888e-07,3.983125432567022e-07,0.01,0.00016676508931823264,0.8762097873985454,9.857654571533203,6.996273994445801,5.160477051199076e-07,3.6625458044045685e-07,0.08088813584941128
1645,10223,10223,wikimedia-en,check,learned,0.005,1.8237156837130897e-05,0.895522376708598,-2.3279190063476562,-7.740020751953125,-1.412317072841208e-07,-4.6957662282586006e-07,0.01,8.306345966957451e-05,0.684357900970045,-2.1178722381591797,-7.236003875732422,-1.2848845307300755e-07,-4.38998598532678e-07,0.0699053104637194
1645,10223,10223,wikimedia-en,check,random_0,0.005,9.242081659976975e-06,0.9742381960535689,-2.498626708984375,-5.456447601318359,-1.5158831343072368e-07,-3.310353188144601e-07,0.01,3.508627969495137e-05,0.9308496265563285,-2.329111099243164,-5.218744277954102,-1.4130402995274232e-07,-3.1661417869132737e-07,0.049837919320714894
1645,10223,10223,wikimedia-en,check,random_1,0.005,6.56397301099787e-05,0.9758217861913404,-15.981674194335938,0.89263916015625,-9.695866246076593e-07,5.415521426380052e-08,0.01,0.00026476757284399355,0.9189831892908997,-15.592813491821289,0.42557716369628906,-9.459949701033167e-07,2.5819192697885665e-08,0.03845883041545337
1645,10223,10223,wikimedia-en,check,random_2,0.005,5.591493618339882e-06,0.7640923652578158,3.3349990844726562,2.4428367614746094,2.0232989773558806e-07,1.4820361253923615e-07,0.01,3.3499250776003464e-05,0.48335167838749876,3.170490264892578,2.477884292602539,1.9234936946581713e-07,1.503298989967091e-07,0.041236359943601614
1645,10223,10223,wikimedia-en,check,approx_spectrum_matched,0.005,4.982404334441526e-06,0.9955558716562878,4.368305206298828,0.8711814880371094,2.6501918689672894e-07,5.285340622861301e-08,0.01,1.768694914972002e-05,0.9898158778295245,4.122734069824219,0.7140636444091797,2.501207171606941e-07,4.3321278504295555e-08,0.06749652605986257
1645,10223,10223,wikimedia-en,check,leading_pc,0.005,2.7974933118457557e-05,0.9733755172722844,-9.720325469970703,3.7994384765625,-5.897190399399433e-07,2.305068094305356e-07,0.01,0.00011173990401402989,0.9368274913893134,-9.588479995727539,3.5696029663085938,-5.817201527904021e-07,2.1656299892030487e-07,0.02564048870051006
1645,10223,10223,wikimedia-en,check,shuffled_labels,0.005,4.650325763577712e-06,0.8361607387982671,-0.18167495727539062,3.9396286010742188,-1.1021974697920939e-08,2.390119552604273e-07,0.01,2.3993062995941727e-05,0.5332869500655911,0.08440017700195312,3.576040267944336,5.120444938404216e-09,2.169535413308611e-07,0.11981272103241178
2966,10297,10297,wikimedia-en,check,learned,0.005,2.535045950935455e-09,0.9911485077471579,0.09608268737792969,-0.0286102294921875,1.8334683432736033e-08,-5.4594590866707796e-09,0.01,1.0515634585317457e-08,0.9896712308033276,0.0985860824584961,-0.026226043701171875,1.881238610281973e-08,-5.004504162781548e-09,0.034183289449864845
2966,10297,10297,wikimedia-en,check,random_0,0.005,5.016886461817194e-09,0.9518457250334247,0.03910064697265625,0.13256072998046875,7.461260751783397e-09,2.5295493768241275e-08,0.01,2.1443725017888937e-08,0.8421172615986555,0.04506111145019531,0.1266002655029297,8.598648061506477e-09,2.4158106458518195e-08,0.061847037146753124
2966,10297,10297,wikimedia-en,check,random_1,0.005,2.5811573323153425e-08,0.9915852202906082,-0.30040740966796875,0.11014938354492188,-5.732432041004318e-08,2.10189174836825e-08,0.01,1.050489686349465e-07,0.9682724842143654,-0.3007650375366211,0.10609626770019531,-5.739256364862657e-08,2.0245494113070808e-08,0.012737201458387285
2966,10297,10297,wikimedia-en,check,random_2,0.005,6.42785380478017e-10,0.869915104350902,0.047206878662109375,0.00286102294921875,9.008107493006787e-09,5.45945908667078e-10,0.01,3.4648337532416917e-09,0.6760671982150475,0.04839897155761719,0.0,9.235584954951404e-09,0.0,0.06477921574274034
2966,10297,10297,wikimedia-en,check,approx_spectrum_matched,0.005,6.09185804023582e-08,0.9947543181756682,0.20051002502441406,-0.4496574401855469,3.826170909908437e-08,-8.580449864550908e-08,0.01,2.398058995822794e-07,0.9792730479222321,0.19431114196777344,-0.4439353942871094,3.707882629697238e-08,-8.471260682817494e-08,0.017270555881520856
2966,10297,10297,wikimedia-en,check,leading_pc,0.005,2.4259577457996784e-08,0.9982877554893751,0.09131431579589844,0.29754638671875,1.742477358495757e-08,5.677837450137611e-08,0.01,9.136704193224432e-08,0.9974305470010812,0.09632110595703125,0.286102294921875,1.8380178925124958e-08,5.45945908667078e-08,0.04074673731423098
2966,10297,10297,wikimedia-en,check,shuffled_labels,0.005,1.1236636510147946e-08,0.998402697329482,0.17142295837402344,-0.12445449829101562,3.271125902763575e-08,-2.3748647027017886e-08,0.01,4.573473688651575e-08,0.9978970237666144,0.17380714416503906,-0.12421607971191406,3.316621395152498e-08,-2.3703151534628964e-08,0.011263242145106154
2966,10978,10978,wikimedia-en,fit,learned,0.005,1.2571604202094022e-07,0.9957700689991952,-0.270843505859375,0.6537437438964844,-7.832747181691555e-08,1.8906155609329439e-07,0.01,5.146314379089745e-07,0.9850343933589382,-0.2803802490234375,0.6544589996337891,-8.108548138793368e-08,1.892684068111207e-07,0.013473384401717492
2966,10978,10978,wikimedia-en,fit,random_0,0.005,3.904733603121713e-08,0.98419630587194,-0.34618377685546875,0.18405914306640625,-1.0011574742795895e-07,5.322958472065035e-08,0.01,1.56950363816577e-07,0.9531943790518271,-0.3407001495361328,0.18310546875,-9.852989192462349e-08,5.2953783763548526e-08,0.014292530010373235
2966,10978,10978,wikimedia-en,fit,random_1,0.005,3.196237230440602e-08,0.990929914919045,0.05340576171875,-0.35190582275390625,1.5444853597701655e-08,-1.0177055317056984e-07,0.01,1.3479393601301126e-07,0.9655246866724019,0.06008148193359375,-0.35572052001953125,1.737546029741436e-08,-1.0287375699897708e-07,0.02145620996281235
2966,10978,10978,wikimedia-en,fit,random_2,0.005,1.4935721992515028e-07,0.9929637072220192,0.14591217041015625,0.7562637329101562,4.219754643657774e-08,2.1871015898173953e-07,0.01,5.960337148280814e-07,0.9743282556084877,0.14853477478027344,0.7474422454833984,4.2955999068607724e-08,2.1615900012854768e-07,0.012012354870406933
2966,10978,10978,wikimedia-en,fit,approx_spectrum_matched,0.005,1.2357759260339662e-08,0.9724839006439743,0.17499923706054688,0.13208389282226562,5.060947562818311e-08,3.819843255860142e-08,0.01,5.0625885705812834e-08,0.8984628685634727,0.17404556274414062,0.12326240539550781,5.033367467108128e-08,3.564727370540962e-08,0.041028418521710956
2966,10978,10978,wikimedia-en,fit,leading_pc,0.005,1.3371345630730502e-07,0.9853735388842977,-0.6957054138183594,0.20742416381835938,-2.0119679820577427e-07,5.998670816964482e-08,0.01,5.58069132239325e-07,0.953373188060368,-0.6988048553466797,0.2090930938720703,-2.020931513163551e-07,6.0469359844573e-08,0.004837493443919842
2966,10978,10978,wikimedia-en,fit,shuffled_labels,0.005,5.036667971580755e-08,0.9911574836918493,0.431060791015625,0.11777877807617188,1.2466203261002052e-07,3.406141820207419e-08,0.01,2.033684722846374e-07,0.9695206076760016,0.43082237243652344,0.10752677917480469,1.2459308237074504e-07,3.109655791322967e-08,0.02302115540305778
2966,11147,11147,wikimedia-en,fit,learned,0.005,2.4172857138182735e-07,0.9867227399004923,-0.17833709716796875,0.9603500366210938,-4.3839873241696315e-08,2.3607888959565877e-07,0.01,1.0478782996869995e-06,0.9473019837293939,-0.1914501190185547,0.9777545928955078,-4.7063393332997516e-08,2.4035737989865853e-07,0.022088712467003314
2966,11147,11147,wikimedia-en,fit,random_0,0.005,1.0396922789368546e-07,0.9935255865626125,-0.6055831909179688,0.2155303955078125,-1.4886801876190994e-07,5.298294840975062e-08,0.01,4.0686302327230806e-07,0.9773924536262802,-0.5991458892822266,0.19669532775878906,-1.472855634443621e-07,4.8352801369518e-08,0.0312623287284487
2966,11147,11147,wikimedia-en,fit,random_1,0.005,3.2689712270439486e-07,0.9960345323766027,-0.7297992706298828,-0.87738037109375,-1.794035454449631e-07,-2.15682798836153e-07,0.01,1.2300957905608811e-06,0.9841789820127232,-0.7283687591552734,-0.8246898651123047,-1.7905188870773028e-07,-2.0273010901474273e-07,0.047030575009662574
2966,11147,11147,wikimedia-en,fit,random_2,0.005,2.283826461280114e-08,0.9381675066890672,0.10132789611816406,0.274658203125,2.4909018887327453e-08,6.751809354870877e-08,0.01,9.065655603990308e-08,0.7703724871413997,0.1169443130493164,0.23698806762695312,2.8747938268786153e-08,5.82577994682435e-08,0.14641657256921806
2966,11147,11147,wikimedia-en,fit,approx_spectrum_matched,0.005,2.913045022978622e-07,0.9971436769845081,0.9558200836181641,0.4982948303222656,2.349653099277547e-07,1.224937634694456e-07,0.01,1.099789074032742e-06,0.9889708303222079,0.946044921875,0.43892860412597656,2.3256232222333018e-07,1.0790000887428197e-07,0.05673810656642936
2966,11147,11147,wikimedia-en,fit,leading_pc,0.005,2.827467824317864e-07,0.9822077571693887,0.7023811340332031,0.78582763671875,1.7266345798133334e-07,1.9317676765325006e-07,0.01,1.144686109455506e-06,0.9352980884300066,0.6641149520874023,0.79345703125,1.632566402603544e-07,1.9505227025182532e-07,0.03736259160478906
2966,11147,11147,wikimedia-en,fit,shuffled_labels,0.005,2.6363693450548453e-08,0.9669449864703156,-0.05936622619628906,-0.31375885009765625,-1.4593754595163612e-08,-7.713004436640688e-08,0.01,1.0884309631364886e-07,0.8944556786443199,-0.06270408630371094,-0.3056526184082031,-1.541428698204028e-08,-7.513732285542069e-08,0.02777105739406196
28027,11294,11294,wikimedia-en,fit,learned,0.005,4.165010466294916e-06,0.9882907389310617,-2.354860305786133,-3.3044815063476562,-1.0733593833752599e-06,-1.5062023948143265e-06,0.01,1.6067416424903058e-05,0.9582407915243228,-2.185702323913574,-3.2587051391601562,-9.962561655454789e-07,-1.485337253414301e-06,0.04391194903801088
28027,11294,11294,wikimedia-en,fit,random_0,0.005,2.408938257758564e-06,0.9963319835133343,1.3418197631835938,2.792835235595703,6.116094572882415e-07,1.27299097062446e-06,0.01,9.541342194552271e-06,0.9886536493849112,1.3431310653686523,2.7620792388916016,6.12207156651263e-07,1.258972203746318e-06,0.009978933702633556
28027,11294,11294,wikimedia-en,fit,random_1,0.005,6.902320137669449e-08,0.9351480190962629,0.27871131896972656,-0.4248619079589844,1.2703828279494568e-07,-1.9365459361898479e-07,0.01,2.9846717097825604e-07,0.9067930119660463,0.2968311309814453,-0.42724609375,1.3529740126578904e-07,-1.9474131973356945e-07,0.035543958675316296
28027,11294,11294,wikimedia-en,fit,random_2,0.005,3.4132357313865214e-06,0.9819562338235186,-3.222942352294922,1.7375946044921875,-1.469036361695531e-06,7.920059923092936e-07,0.01,1.4235664025363803e-05,0.9364196146367672,-3.216266632080078,1.728057861328125,-1.4659935285746941e-06,7.876590878509549e-07,0.003183839176693052
28027,11294,11294,wikimedia-en,fit,approx_spectrum_matched,0.005,1.6087852827695315e-06,0.9955469656791646,0.01621246337890625,2.5310516357421875,7.389737579175626e-09,1.1536684432430655e-06,0.01,6.28529420509949e-06,0.9886332072210101,0.021576881408691406,2.492666244506836,9.83487133699109e-09,1.1361721527982525e-06,0.01542972811919254
28027,11294,11294,wikimedia-en,fit,leading_pc,0.005,2.4960502287285635e-07,0.8851799709320994,0.408172607421875,-0.84686279296875,1.8604751081689223e-07,-3.86005115900468e-07,0.01,1.5494748026867455e-06,0.6939860170619607,0.4652738571166992,-0.9267330169677734,2.1207460126119463e-07,-4.224104407390538e-07,0.09932123218865838
28027,11294,11294,wikimedia-en,fit,shuffled_labels,0.005,6.173135602693947e-07,0.9911411896708026,1.4879703521728516,-0.4830360412597656,6.782257681122806e-07,-2.2017071081485027e-07,0.01,2.387485892541008e-06,0.9817449763691881,1.4576911926269531,-0.4680156707763672,6.644243464570555e-07,-2.1332433629296698e-07,0.021838911039560344
1645,11372,11372,wikimedia-en,check,learned,0.005,1.1782820735106725e-05,0.9303357721113391,6.122112274169922,-2.5234222412109375,2.791589485330358e-07,-1.1506419157542062e-07,0.01,6.654917345372269e-05,0.801968411338861,6.909608840942383,-2.372264862060547,3.1506758655019513e-07,-1.0817164646404338e-07,0.11515136312729388
1645,11372,11372,wikimedia-en,check,random_0,0.005,8.614214550561883e-07,0.9919544710996456,-1.0712146759033203,1.506805419921875,-4.884574950381377e-08,6.870802066861852e-08,0.01,3.568233950090871e-06,0.9691736908278078,-1.0820627212524414,1.5124082565307617,-4.9340403766538794e-08,6.89635014416743e-08,0.006584766714222371
1645,11372,11372,wikimedia-en,check,random_1,0.005,1.2933947175497451e-06,0.9958691445441444,2.130270004272461,-0.7836818695068359,9.71370513724852e-08,-3.5734693661036245e-08,0.01,5.314965221714374e-06,0.9840811958419179,2.1396875381469727,-0.8075237274169922,9.756647650166407e-08,-3.682184588680553e-08,0.011250956741960385
1645,11372,11372,wikimedia-en,check,random_2,0.005,1.1585001402636408e-07,0.8416569964991131,-0.6191730499267578,0.08153915405273438,-2.8233343303228212e-08,3.718060612130939e-09,0.01,6.935226508630876e-07,0.5877938011059228,-0.6351470947265625,0.06508827209472656,-2.8961735294493626e-08,2.967925576350135e-09,0.03631116926783935
1645,11372,11372,wikimedia-en,check,approx_spectrum_matched,0.005,1.875246340432568e-07,0.9953989592048968,0.04863739013671875,0.8627176284790039,2.217790540569332e-09,3.9338603289461415e-08,0.01,7.297216200186085e-07,0.9809336564569527,0.05161762237548828,0.8444786071777344,2.353684568790492e-09,3.850693183674791e-08,0.02161329069985424
1645,11372,11372,wikimedia-en,check,leading_pc,0.005,1.8450087111432367e-06,0.9461893083641245,-2.246379852294922,-1.3916492462158203,-1.0243148271198158e-07,-6.34570754181529e-08,0.01,9.113386923331745e-06,0.8405904374726072,-2.400636672973633,-1.3775229454040527,-1.0946535761270883e-07,-6.281293772438459e-08,0.05726196211925507
1645,11372,11372,wikimedia-en,check,shuffled_labels,0.005,1.8944488289207584e-06,0.9914980430760681,-2.7353763580322266,0.17631053924560547,-1.2472897486250955e-07,8.039490709563828e-09,0.01,7.696531113765559e-06,0.9730158761239752,-2.7294158935546875,0.19782781600952148,-1.2445718680606723e-07,9.020645593320604e-09,0.008152275964611393
2966,11437,11437,wikimedia-en,check,learned,0.005,3.662819381133886e-09,0.8839525427937365,0.05984306335449219,-0.09679794311523438,1.5034162222190863e-08,-2.431820662234857e-08,0.01,1.994339982047677e-08,0.6593809854979934,0.055670738220214844,-0.10025501251220703,1.3985963660882733e-08,-2.5186714001718157e-08,0.04743097796941436
2966,11437,11437,wikimedia-en,check,random_0,0.005,1.1457689197413856e-07,0.997441034143689,-0.6628036499023438,0.133514404296875,-1.6651382859637688e-07,3.354235396186009e-08,0.01,4.803950446330418e-07,0.987245981309871,-0.6753206253051758,0.13494491577148438,-1.6965842428030125e-07,3.3901736325737164e-08,0.018462131219138797
2966,11437,11437,wikimedia-en,check,random_1,0.005,2.4947837573563447e-08,0.9947281418679523,0.28777122497558594,0.12826919555664062,7.229575219993775e-08,3.2224618627644164e-08,0.01,1.0231639180346974e-07,0.9717107627964704,0.2859830856323242,0.1327991485595703,7.18465242450914e-08,3.336266277992155e-08,0.015451418339313587
2966,11437,11437,wikimedia-en,check,random_2,0.005,3.75527520191099e-08,0.9966641942979103,0.2894401550292969,-0.2567768096923828,7.271503162446098e-08,-6.45091343159345e-08,0.01,1.5120940588531084e-07,0.9925781097280407,0.2944469451904297,-0.25177001953125,7.397286989803073e-08,-6.325129604236474e-08,0.018288402560245217
2966,11437,11437,wikimedia-en,check,approx_spectrum_matched,0.005,2.2849008018965833e-08,0.9922841348976525,-0.06747245788574219,0.29349327087402344,-1.6950868162868582e-08,7.373328165544602e-08,0.01,8.722838629182661e-08,0.9710821758731293,-0.06330013275146484,0.2840757369995117,-1.5902669601560454e-08,7.136734775992196e-08,0.0347873652404071
2966,11437,11437,wikimedia-en,check,leading_pc,0.005,3.739285148185445e-08,0.9771070289531211,-0.3750324249267578,-0.07414817810058594,-9.421807639643916e-08,-1.862798586096159e-08,0.01,1.6320160511895665e-07,0.9447057772477397,-0.3827810287475586,-0.08749961853027344,-9.616473086743996e-08,-2.1982221257147595e-08,0.039840238074580064
2966,11437,11437,wikimedia-en,check,shuffled_labels,0.005,7.756892728139064e-08,0.997615613872712,0.5261898040771484,0.18072128295898438,1.321928128461165e-07,4.540197196980349e-08,0.01,3.11062080982083e-07,0.992914630184008,0.5285739898681641,0.171661376953125,1.3279178345257825e-07,4.312588366524868e-08,0.016847915621084987
2966,11490,11490,wikimedia-en,check,learned,0.005,5.4398753945861245e-08,0.997944864800474,-0.3864765167236328,0.26035308837890625,-8.639567006329149e-08,5.820115466324139e-08,0.01,2.0634888642234728e-07,0.9963687230863485,-0.3788471221923828,0.2491474151611328,-8.46901417215115e-08,5.569615991125205e-08,0.029488860560232255
2966,11490,11490,wikimedia-en,check,random_0,0.005,6.222597903615679e-08,0.9913831848439423,-0.1995563507080078,-0.45490264892578125,-4.4610225689682266e-08,-1.0169212737863055e-07,0.01,2.551368538661336e-07,0.9706578491516493,-0.20444393157958984,-0.45371055603027344,-4.570282978363505e-08,-1.014256385752274e-07,0.010118443751790513
2966,11490,11490,wikimedia-en,check,random_1,0.005,4.9318884975946276e-08,0.9824535774013488,0.09608268737792969,-0.4296302795410156,2.147899755429146e-08,-9.604256474648441e-08,0.01,2.1571088382188464e-07,0.9605520780135901,0.10061264038085938,-0.4439353942871094,2.2491655007223315e-08,-9.924043038732182e-08,0.033514859970333405
2966,11490,11490,wikimedia-en,check,random_2,0.005,5.476863407238852e-09,0.9521328489880644,-0.06818771362304688,0.12731552124023438,-1.5243159554658456e-08,2.8461004203453202e-08,0.01,2.4362350359297125e-08,0.8868240287269562,-0.06687641143798828,0.1308917999267578,-1.4950021870915026e-08,2.9260470613662562e-08,0.026142353168988764
2966,11490,11490,wikimedia-en,check,approx_spectrum_matched,0.005,7.845585514587583e-09,0.9344103433535477,-0.12564659118652344,-0.1163482666015625,-2.8087919878688842e-08,-2.6009307212144504e-08,0.01,3.2247896797343856e-08,0.9349743791324335,-0.13244152069091797,-0.11229515075683594,-2.960690605808662e-08,-2.5103245280573892e-08,0.045881914958334186
2966,11490,11490,wikimedia-en,check,leading_pc,0.005,7.149714065235457e-08,0.9932590152099992,0.48041343688964844,0.2307891845703125,1.0739498777145731e-07,5.159223233884401e-08,0.01,2.8158643772258074e-07,0.9681980979550524,0.4717111587524414,0.2238750457763672,1.0544961950661451e-07,5.0046597279105905e-08,0.021068094918193725
2966,11490,11490,wikimedia-en,check,shuffled_labels,0.005,1.0572478004178265e-08,0.964478501879103,0.1862049102783203,-0.0782012939453125,4.162555109156732e-08,-1.7481665503244664e-08,0.01,4.48477521786117e-08,0.9524988275853328,0.19502639770507812,-0.06842613220214844,4.3597568236750406e-08,-1.5296457315339077e-08,0.06444324469916653
1645,11751,11751,wikimedia-en,check,learned,0.005,3.891318647220032e-05,0.9960295895565182,9.927749633789062,-7.51495361328125,5.958542794378854e-07,-4.510405112363628e-07,0.01,0.00014757945348264911,0.9911899192024005,9.681224822998047,-7.249355316162109,5.810580900781649e-07,-4.3509954900548393e-07,0.029526472273981405
1645,11751,11751,wikimedia-en,check,random_0,0.005,7.753682450584165e-05,0.969870037206663,-6.7348480224609375,15.982627868652344,-4.042193008059892e-07,9.59262427387082e-07,0.01,0.00032416166334314767,0.9149926913111024,-5.977392196655273,16.15166664123535,-3.58757508160116e-07,9.694079769577225e-07,0.04490486449791915
1645,11751,11751,wikimedia-en,check,random_1,0.005,2.081050763536041e-05,0.9970128187277654,5.463600158691406,-7.289886474609375,3.279201889432898e-07,-4.3753219135669524e-07,0.01,8.062187600899051e-05,0.9965233979377058,5.379915237426758,-7.169246673583984,3.2289749797108276e-07,-4.3029150294661905e-07,0.016247449030895283
1645,11751,11751,wikimedia-en,check,random_2,0.005,1.889807276711508e-05,0.9853494577842116,-0.16689300537109375,-8.62884521484375,-1.0016762622634965e-08,-5.178952469120067e-07,0.01,7.49704611848756e-05,0.9653916771682222,-0.39315223693847656,-8.498311042785645,-2.3596630806750076e-08,-5.100607075750171e-07,0.030483777159696114
1645,11751,11751,wikimedia-en,check,approx_spectrum_matched,0.005,2.276870333162151e-05,0.9953921185344403,2.3822784423828125,-9.218454360961914,1.4298213160766938e-07,-5.532830382916871e-07,0.01,8.455000482854302e-05,0.9925203431945253,2.239704132080078,-8.882641792297363,1.3442495439576122e-07,-5.331278809288565e-07,0.039056439664185066
1645,11751,11751,wikimedia-en,check,leading_pc,0.005,1.4535472587340337e-05,0.9832681840682028,-5.9452056884765625,4.671573638916016,-3.5682570394003635e-07,2.803834954684421e-07,0.01,6.0342289145864925e-05,0.9685918877776154,-6.030559539794922,4.6988725662231445,-3.6194856253846965e-07,2.8202195164028736e-07,0.011786477494174564
1645,11751,11751,wikimedia-en,check,shuffled_labels,0.005,1.458324129544053e-05,0.9923067020715959,-0.5803108215332031,-7.586002349853516,-3.482971460499072e-08,-4.553047901814276e-07,0.01,5.594875068481997e-05,0.9895929611060587,-0.64849853515625,-7.412552833557129,-3.8922277619381575e-08,-4.4489451188433195e-07,0.024768556036467024
28027,11791,11791,wikimedia-en,check,learned,0.005,5.493886590102193e-08,0.9762578249907721,0.36537647247314453,-0.2846717834472656,1.551548163246586e-07,-1.2088407875474217e-07,0.01,2.152299032331939e-07,0.9271115472374623,0.35703182220458984,-0.2684593200683594,1.5161131317858156e-07,-1.1399955835664965e-07,0.04007974475083518
28027,11791,11791,wikimedia-en,check,random_0,0.005,3.318960182241426e-07,0.9963964196951194,0.08106231689453125,1.1472702026367188,3.4422601990462596e-08,4.871810611120765e-07,0.01,1.3294260412521908e-06,0.9902873292166703,0.06824731826782227,1.1453628540039062,2.8980793587558585e-08,4.863711175358304e-07,0.011278366619095868
28027,11791,11791,wikimedia-en,check,random_1,0.005,1.6686479398231313e-07,0.9908165224075559,0.4475116729736328,0.67901611328125,1.9003301157675967e-07,2.883399131436396e-07,0.01,6.655832009982987e-07,0.9656601700042023,0.45311450958251953,0.6613731384277344,1.9241222083198286e-07,2.808479350633625e-07,0.022925220412752273
28027,11791,11791,wikimedia-en,check,random_2,0.005,3.9105562166241725e-07,0.9891447510552421,0.9709596633911133,0.7774829864501953,4.123119017828203e-07,3.301532502673486e-07,0.01,1.5933320298699982e-06,0.9578654977890181,0.9758472442626953,0.7575750350952148,4.1438738219695123e-07,3.2169946419027917e-07,0.016536398082024048
28027,11791,11791,wikimedia-en,check,approx_spectrum_matched,0.005,1.346618887509976e-07,0.9984673893635154,0.6034374237060547,-0.41675567626953125,2.5624589893488485e-07,-1.7697267140979007e-07,0.01,4.975143355068212e-07,0.9986255214626424,0.5752444267272949,-0.40733814239501953,2.44273920448496e-07,-1.7297357500207456e-07,0.041334708669746485
28027,11791,11791,wikimedia-en,check,leading_pc,0.005,5.8889924048344255e-08,0.9482450573237033,0.20003318786621094,0.42819976806640625,8.494283255881799e-08,1.818323328672671e-07,0.01,2.3681232619310322e-07,0.7963401872734738,0.1722574234008789,0.3986358642578125,7.314802922973303e-08,1.6927820743545138e-07,0.08946049995923143
28027,11791,11791,wikimedia-en,check,shuffled_labels,0.005,6.519896658119251e-07,0.998563351359754,-1.3747215270996094,0.8451938629150391,-5.837668325794333e-07,3.5890624722408793e-07,0.01,2.558767818072738e-06,0.9951717697298523,-1.3628005981445312,0.8301734924316406,-5.787046852278947e-07,3.5252794156114926e-07,0.011949521661741664
1645,11822,11822,wikimedia-en,check,learned,0.005,4.0125948089553276e-05,0.9675130530372025,11.76595687866211,4.105091094970703,6.622969507043724e-07,2.310725207138376e-07,0.01,0.0001740789990662961,0.8833581721366929,11.388540267944336,4.906654357910156,6.410524507456081e-07,2.761919198682064e-07,0.071270944734212
1645,11822,11822,wikimedia-en,check,random_0,0.005,1.2549583686904953e-05,0.9486820214576214,-6.876945495605469,0.5743503570556641,-3.870981407521159e-07,3.232975388544748e-08,0.01,5.54260014951069e-05,0.8222095434032454,-6.721258163452148,0.6296634674072266,-3.783346167640723e-07,3.5443287675992865e-08,0.024205457564649632
1645,11822,11822,wikimedia-en,check,random_1,0.005,2.756300432338321e-07,0.5343815188283613,0.7510185241699219,0.15854835510253906,4.2274273449215264e-08,8.924568839278778e-09,0.01,2.332481074063253e-06,0.21882557326839833,0.6957054138183594,0.16248226165771484,3.9160739658669895e-08,9.14600550972705e-09,0.07483516397090938
1645,11822,11822,wikimedia-en,check,random_2,0.005,2.3223777020575653e-05,0.9850779966798562,-2.731800079345703,9.167671203613281,-1.5377099212098683e-07,5.160413849743572e-07,0.01,9.507430957000906e-05,0.9534839939267362,-2.7480125427246094,9.115934371948242,-1.546835796113191e-07,5.131291572478557e-07,0.005681051778103572
1645,11822,11822,wikimedia-en,check,approx_spectrum_matched,0.005,1.7970714111470443e-05,0.9976898354461385,-7.2002410888671875,4.457950592041016,-4.052962089416829e-07,2.50934719032834e-07,0.01,6.969638127429789e-05,0.9910771131647609,-7.058858871459961,4.387140274047852,-3.9733790920981485e-07,2.469488589647652e-07,0.018847015169924552
1645,11822,11822,wikimedia-en,check,leading_pc,0.005,3.089009567247558e-05,0.9882466336480236,9.831905364990234,-5.043983459472656,5.53430631269441e-07,-2.8392207272749147e-07,0.01,0.00011546645913540488,0.9692754470359637,9.736061096191406,-4.138588905334473,5.480356287530651e-07,-2.3295808751371533e-07,0.084186564372221
1645,11822,11822,wikimedia-en,check,shuffled_labels,0.005,1.291725385499376e-05,0.9640585437334975,-6.5784454345703125,-2.5565624237060547,-3.702957946065866e-07,-1.4390699498283663e-07,0.01,5.537740349836895e-05,0.8701415632756272,-6.540536880493164,-2.32541561126709,-3.681619503277215e-07,-1.3089591304346707e-07,0.03346357341314108
2966,11953,11953,wikimedia-en,fit,learned,0.005,5.908142952648632e-08,0.9983160496511594,-0.24175643920898438,0.42128562927246094,-8.00576061041035e-08,1.395086686251981e-07,0.01,2.276169368542469e-07,0.9938977786141052,-0.2332925796508789,0.4144906997680664,-7.725480036771724e-08,1.3725852880866265e-07,0.02258042498434365
2966,11953,11953,wikimedia-en,fit,random_0,0.005,4.185916679944057e-08,0.9933966248378501,-0.392913818359375,0.1093149185180664,-1.301133479877343e-07,3.619961775022826e-08,0.01,1.62972355610691e-07,0.9725453778112618,-0.38254261016845703,0.11026859283447266,-1.266789240572328e-07,3.651542684728586e-08,0.02584502072836453
2966,11953,11953,wikimedia-en,fit,random_1,0.005,9.9061281844115e-08,0.9918188941383924,0.4668235778808594,-0.4184246063232422,1.5458855300969885e-07,-1.3856124133402527e-07,0.01,4.003668578889119e-07,0.9661026110063804,0.46050548553466797,-0.41800737380981445,1.524963177416922e-07,-1.3842307485406258e-07,0.01014046856789591
2966,11953,11953,wikimedia-en,fit,random_2,0.005,2.9387621225396288e-08,0.9907319738680929,0.3223419189453125,-0.11205673217773438,1.0674347480547132e-07,-3.7107568904268874e-08,0.01,1.1648178599443781e-07,0.9670786405271307,0.31697750091552734,-0.11032819747924805,1.0496704863452229e-07,-3.653516491585196e-08,0.016652636437111713
2966,11953,11953,wikimedia-en,fit,approx_spectrum_matched,0.005,6.950324404897401e-08,0.9934952082007731,-0.47659873962402344,-0.22149085998535156,-1.5782559625453932e-07,-7.334666279162934e-08,0.01,2.886687582304148e-07,0.9744408799415633,-0.48422813415527344,-0.21636486053466797,-1.6035206903100018e-07,-7.164918889494469e-08,0.01740944714526844
2966,11953,11953,wikimedia-en,fit,leading_pc,0.005,2.607268640986149e-07,0.9985713212749187,-0.3879070281982422,-0.9438991546630859,-1.2845535022818183e-07,-3.12572053812767e-07,0.01,1.051786938432997e-06,0.9949321554994326,-0.3914833068847656,-0.9450912475585938,-1.2963963434214785e-07,-3.12966815184089e-07,0.0036895487920113033
2966,11953,11953,wikimedia-en,fit,shuffled_labels,0.005,1.2302606933189963e-08,0.9785325838984705,0.10442733764648438,-0.19299983978271484,3.4581096127808015e-08,-6.391186601703332e-08,0.01,5.2888481150148436e-08,0.936014118294455,0.10752677917480469,-0.19478797912597656,3.560747569324524e-08,-6.450400807401633e-08,0.01619358976459833
28027,11989,11989,wikimedia-en,check,learned,0.005,1.2321345366217429e-06,0.9988425876801652,-0.1220703125,2.2153854370117188,-4.346583411468903e-08,7.888369738158017e-07,0.01,4.763342019487027e-06,0.9971078914802798,-0.1380443572998047,2.174973487854004,-4.9153746000790913e-08,7.744474056860365e-07,0.01976060830456234
28027,11989,11989,wikimedia-en,check,random_0,0.005,5.334146635505022e-07,0.9875164243552541,0.4825592041015625,-1.3689994812011719,1.718258754846301e-07,-4.874625380596571e-07,0.01,2.1011679223192914e-06,0.9520351915696016,0.4703998565673828,-1.3338327407836914,1.6749627091461226e-07,-4.749406424895075e-07,0.025967004749800068
28027,11989,11989,wikimedia-en,check,random_1,0.005,1.4814992255196557e-07,0.9969463192955786,0.1811981201171875,0.7469654083251953,6.451959751399154e-08,2.6597355133070454e-07,0.01,5.852357389812823e-07,0.9960365500677184,0.17905235290527344,0.7421970367431641,6.375554964869428e-08,2.6427566718559957e-07,0.006825749767832375
28027,11989,11989,wikimedia-en,check,random_2,0.005,4.13954182931775e-07,0.9996528940690784,0.21123886108398438,1.2691020965576172,7.52162676281533e-08,4.518918652197065e-07,0.01,1.6475797792736557e-06,0.999060015808433,0.20360946655273438,1.2667179107666016,7.249965299598523e-08,4.5104292314715404e-07,0.00622154070642158
28027,11989,11989,wikimedia-en,check,approx_spectrum_matched,0.005,9.422687412552477e-07,0.9934985482820418,-0.7071495056152344,1.8012523651123047,-2.5179621871907746e-07,6.41375735813429e-07,0.01,4.03721446673444e-06,0.9768954689148488,-0.6923675537109375,1.8613338470458984,-2.465327778692519e-07,6.627690760417526e-07,0.03155970593530597
28027,11989,11989,wikimedia-en,check,leading_pc,0.005,1.5678502904847846e-06,0.9981059690056318,-1.617431640625,1.9087791442871094,-5.759223020196297e-07,6.796630232855478e-07,0.01,6.340867400922434e-06,0.9932681968477213,-1.6131401062011719,1.9224882125854492,-5.743942062890352e-07,6.845444402027248e-07,0.005732825714215779
28027,11989,11989,wikimedia-en,check,shuffled_labels,0.005,4.6608755610577646e-07,0.9987011706446942,-0.2827644348144531,-1.3349056243896484,-1.0068452980472888e-07,-4.75322666422156e-07,0.01,1.8471771454642294e-06,0.9956560960151138,-0.2760887145996094,-1.3277530670166016,-9.830749200158185e-08,-4.7277584020449856e-07,0.00719223456136255
