feature_id,n_points,fit_status,converged,is_bimodal_candidate,gmm_random_seed,gmm_n_init,activation_population,activation_storage_mode,rank_censored,log_mean_low,log_mean_high,log_variance_low,log_variance_high,log_std_low,log_std_high,component_weight_low,component_weight_high,minimum_component_weight,mode_separation,n_iter_1,n_iter_2,bic_1,bic_2,delta_bic,bimodality_score,activation_min,activation_p50,activation_p95,activation_max,candidate_delta_bic_threshold,candidate_min_component_weight,candidate_min_separation,n_documents,discovery_variance_log1p,selected_candidate
40,677,ok,True,True,20260907,5,analysis_activations,positive,False,4.684340519396904,5.889947218849206,0.17377406937286557,0.4086419921494043,0.4168621707145727,0.6392511182230378,0.6588513164247035,0.34114868357529643,0.34114868357529643,2.234107049255605,2,4,1566.1895266342397,1477.495560558841,88.69396607539875,88.69396607539875,52.85085678100586,137.737060546875,774.2536499023432,1460.9974365234375,10.0,0.1,2.0,160,0.5814516,False
70,4624,ok,True,True,20260907,5,analysis_activations,positive,False,4.415877597471337,5.184775393062414,0.0628247576665899,0.1323337529666478,0.25064867377783967,0.3637770649266495,0.5444534075118271,0.45554659248817286,0.45554659248817286,2.461443469695931,2,5,6561.7835437760505,6036.065991836793,525.7175519392576,525.7175519392576,54.613983154296875,109.0386962890625,279.24716796875,612.5986938476562,10.0,0.1,2.0,443,0.24117284,False
78,787,ok,True,True,20260907,5,analysis_activations,positive,False,4.197445472519236,5.791796922575893,0.14896893914069698,0.6239956695266213,0.3859649454817069,0.7899339652949614,0.5564112254310046,0.44358877456899537,0.44358877456899537,2.5645977337030454,2,13,2236.5150145617677,2025.122390396261,211.39262416550673,211.39262416550673,34.52837371826172,97.96514892578125,842.7168334960927,1684.63720703125,10.0,0.1,2.0,121,0.9883397,False
113,826,ok,True,True,20260907,5,analysis_activations,positive,False,3.957598375175601,4.992490587222064,0.07155251737736977,0.3147338278797547,0.26749302304428385,0.5610114329314106,0.4176861017975382,0.5823138982024618,0.4176861017975382,2.3548076511669342,2,13,1740.2664562188088,1624.1946823982653,116.07177382054351,116.07177382054351,33.19895935058594,85.97367095947266,348.615966796875,566.337158203125,10.0,0.1,2.0,171,0.47422764,False
178,6148,ok,True,True,20260907,5,analysis_activations,positive,False,4.764351869136047,5.89683250211051,0.19827646594960077,0.1977019865992365,0.44528245636854,0.4446369154706304,0.447740175714259,0.552259824285741,0.447740175714259,2.5451302013611556,2,4,13385.973072226116,12994.846422216306,391.12665000980996,391.12665000980996,52.330322265625,226.08950805664062,672.334716796875,1197.2164306640625,10.0,0.1,2.0,472,0.51516867,False
199,715,ok,True,True,20260907,5,analysis_activations,positive,False,4.535055186499509,5.8253780091329785,0.12881917181074892,0.17862968157959908,0.3589138779857209,0.4226460476327669,0.3984601058543452,0.6015398941456547,0.3984601058543452,3.290992843703369,2,4,1624.9040014168547,1512.3729056326774,112.5310957841773,112.5310957841773,50.806793212890625,224.21243286132812,617.4396850585937,807.7433471679688,10.0,0.1,2.0,195,0.5586296,False
208,6783,ok,True,True,20260907,5,analysis_activations,positive,False,4.675687571959691,5.6154641402383385,0.14286605474910768,0.188182025102412,0.3779762621502939,0.43379952178674885,0.45348815602408626,0.5465118439759137,0.45348815602408626,2.3099047591768045,2,5,12819.15159249085,12577.780007781643,241.37158470920804,241.37158470920804,53.686767578125,180.02017211914062,497.1058410644529,1153.35693359375,10.0,0.1,2.0,487,0.38657203,False
214,2650,ok,True,True,20260907,5,analysis_activations,positive,False,4.416893727841561,5.311157808537255,0.059289127685868394,0.25427551381909175,0.24349358859294098,0.5042573884625705,0.44658813517952717,0.5534118648204729,0.44658813517952717,2.25848516757366,2,16,4864.164635165797,4431.815379201461,432.3492559643364,432.3492559643364,56.122283935546875,123.37919616699219,419.21433715820297,894.222412109375,10.0,0.1,2.0,431,0.3649794,False
217,324,ok,True,True,20260907,5,analysis_activations,positive,False,4.2130208200538295,5.372014402382331,0.17926927357976213,0.2714500181624632,0.42340202358959284,0.5210086545945884,0.5958847946801293,0.4041152053198708,0.4041152053198708,2.4414225714415716,2,4,731.381306625648,717.9704323422445,13.410874283403473,13.410874283403473,31.862686157226562,98.35813903808594,391.0738800048827,696.4559326171875,10.0,0.1,2.0,65,0.5416582,False
218,1021,ok,True,True,20260907,5,analysis_activations,positive,False,4.221382825149327,5.295207483127829,0.09712793221186942,0.2667877181145273,0.3116535451617219,0.5165149737563542,0.6341064073633746,0.36589359263662535,0.36589359263662535,2.517375514554892,2,5,2041.869039288463,1830.1658236243923,211.70321566407074,211.70321566407074,41.32676696777344,85.84288024902344,364.227783203125,772.819091796875,10.0,0.1,2.0,212,0.42715925,False
259,2462,ok,True,True,20260907,5,analysis_activations,positive,False,4.546881018549771,5.370760862784659,0.09174181177249723,0.19950545055979677,0.3028891080453327,0.44666033018368306,0.57033916219432,0.4296608378056801,0.4296608378056801,2.1589766740103875,2,5,4073.9654208999773,3840.083080209111,233.88234069086639,233.88234069086639,57.298614501953125,124.84482192993164,388.00562591552716,708.2682495117188,10.0,0.1,2.0,357,0.3045023,False
278,2876,ok,True,True,20260907,5,analysis_activations,positive,False,4.434291783676893,5.3288222706117,0.07368647897815757,0.22485505463697855,0.2714525354056535,0.4741888385832996,0.5189298706556107,0.48107012934438936,0.48107012934438936,2.3153026276711794,2,9,5126.709474146865,4699.1253589578355,427.58411518902994,427.58411518902994,54.72541427612305,117.56939697265625,377.65613555908203,953.053466796875,10.0,0.1,2.0,289,0.34628803,False
279,600,ok,True,True,20260907,5,analysis_activations,positive,False,4.1145780445813624,4.917992632862851,0.0683828236189181,0.16297034543470162,0.2615010967833942,0.4036958575892272,0.6056585496506985,0.3943414503493015,0.3943414503493015,2.3622017382433294,2,5,906.9168327972893,834.2378496421262,72.67898315516311,72.67898315516311,39.914794921875,75.5114517211914,220.96879272460913,444.23931884765625,10.0,0.1,2.0,193,0.2602785,False
285,2557,ok,True,True,20260907,5,analysis_activations,positive,False,4.275700496297915,4.5093361865353705,0.005545444284707325,0.021558078155537525,0.07446773989256908,0.1468266942879854,0.6043054944528974,0.39569450554710267,0.39569450554710267,2.0069720114107943,2,6,-2167.172385145719,-2718.798195414182,551.6258102684628,551.6258102684628,63.608604431152344,75.14824676513672,106.58816833496093,156.65472412109375,10.0,0.1,2.0,382,0.024942825,False
292,5060,ok,True,True,20260907,5,analysis_activations,positive,False,4.450451837058661,5.174112160830216,0.058347775218916556,0.16098974062640214,0.2415528414631394,0.4012352684229069,0.5975238711660927,0.4024761288339072,0.4024761288339072,2.185210606203119,2,5,6842.374623331009,6065.6150777270495,776.7595456039599,776.7595456039599,57.84031677246094,104.4931640625,279.5415374755861,696.7599487304688,10.0,0.1,2.0,443,0.22564247,True
295,925,ok,True,True,20260907,5,analysis_activations,positive,False,4.397751840173752,5.7452065204375655,0.2229625491460308,0.32878106515848693,0.47218910316316154,0.5733943365246006,0.542934772614984,0.45706522738501604,0.45706522738501604,2.5654319981667424,2,4,2337.253417459876,2272.67022717264,64.583190287236,64.583190287236,33.508544921875,136.74362182617188,700.6609497070308,1026.7269287109375,10.0,0.1,2.0,97,0.72267014,False
297,1709,ok,True,True,20260907,5,analysis_activations,positive,False,4.733355115278407,5.9671762837218845,0.21527829870393025,0.2159703613873834,0.4639809249354226,0.46472611438069994,0.540802991520995,0.459197008479005,0.459197008479005,2.6570720776756036,2,4,3973.6040837952337,3856.711133844791,116.89294995044247,116.89294995044247,46.53656005859375,189.1649169921875,698.9294555664062,1066.283935546875,10.0,0.1,2.0,331,0.5939871,False
305,611,ok,True,True,20260907,5,analysis_activations,positive,False,4.624371315346529,5.757218693966264,0.1697925465639922,0.1918666786968638,0.4120589115211467,0.43802588815829574,0.3915113069773875,0.6084886930226125,0.3915113069773875,2.6640147682780086,2,4,1309.6112502959065,1277.7146339209426,31.89661637496397,31.89661637496397,50.57568359375,211.26083374023438,586.4005737304688,802.437255859375,10.0,0.1,2.0,215,0.48975605,False
313,1255,ok,True,True,20260907,5,analysis_activations,positive,False,4.505527915367957,5.601136269546193,0.13099664960217977,0.26571017709544187,0.36193459298909214,0.5154708304991097,0.5825633694637531,0.4174366305362468,0.4174366305362468,2.4600022026080266,2,4,2652.415603973341,2510.4313752574067,141.98422871593448,141.98422871593448,52.302337646484375,129.88421630859375,540.8505004882811,911.6795043945312,10.0,0.1,2.0,332,0.47951892,False
316,504,ok,True,True,20260907,5,analysis_activations,positive,False,4.516299488222633,5.706636460314338,0.18844351510126453,0.1517764841221212,0.4341008121407567,0.38958501526896694,0.4191757484269485,0.5808242515730515,0.4191757484269485,2.8860576450588216,2,4,1105.4552792640648,1058.2430892303294,47.212190033735396,47.212190033735396,40.7803955078125,200.38074493408203,499.18605041503895,800.8897094726562,10.0,0.1,2.0,131,0.51313305,False
322,9338,ok,True,True,20260907,5,analysis_activations,positive,False,4.378898901615413,5.1468541300908885,0.05979306467318399,0.11287661886971273,0.24452620447138992,0.3359711577944046,0.5438868478760892,0.45611315212391074,0.45611315212391074,2.6136224557013223,2,4,12807.004619656922,11672.418616863679,1134.586002793243,1134.586002793243,53.30438995361328,106.04480743408203,263.3365142822265,530.704833984375,10.0,0.1,2.0,496,0.2303315,True
337,3539,ok,True,True,20260907,5,analysis_activations,positive,False,4.734201028202588,5.921995281059653,0.22713208745724045,0.2270314945333099,0.47658376751337267,0.4764782204186356,0.4705293878959869,0.529470612104013,0.4705293878959869,2.4925854993976397,2,4,8123.041617245231,7929.537828236919,193.5037890083113,193.5037890083113,47.82879638671875,217.30157470703125,712.2938842773438,1393.078857421875,10.0,0.1,2.0,431,0.5787291,False
338,3123,ok,True,True,20260907,5,analysis_activations,positive,False,4.412207109064019,5.155086900871611,0.05497535108657768,0.13695326038733063,0.2344682304419464,0.37007196649750523,0.5898922528582566,0.41010774714174336,0.41010774714174336,2.398080081063044,2,5,4179.8632600933815,3695.5911851273922,484.2720749659893,484.2720749659893,57.109466552734375,101.9188232421875,265.1151947021481,587.01220703125,10.0,0.1,2.0,413,0.22217335,False
346,9836,ok,True,True,20260907,5,analysis_activations,positive,False,4.4969839176540365,5.321859552189019,0.07886228038776177,0.18877144460817605,0.28082428738939547,0.4344783591943056,0.5047467708405184,0.4952532291594815,0.4952532291594815,2.254929944578763,2,6,16199.791490497957,15267.422246663287,932.3692438346698,932.3692438346698,57.230804443359375,127.33511352539062,352.65174865722656,1907.9395751953125,10.0,0.1,2.0,485,0.30341434,True
347,7613,ok,True,False,20260907,5,analysis_activations,positive,False,4.4680556306922155,5.019873457522442,0.04326066148268051,0.1483982026972086,0.20799197456315596,0.3852248728953111,0.559044588664603,0.4409554113353969,0.4409554113353969,1.7825686705212858,2,6,7890.897331294397,6861.240103539676,1029.6572277547211,1029.6572277547211,62.6944580078125,103.60256958007812,231.29931030273437,2408.0107421875,10.0,0.1,2.0,472,0.16470668,False
353,5875,ok,True,True,20260907,5,analysis_activations,positive,False,4.497071556233662,5.388031190888322,0.10824588227114278,0.22331565661740266,0.3290074197812912,0.47256285996405034,0.5340045979259055,0.46599540207409457,0.46599540207409457,2.1882198486393785,2,5,10677.904111430002,10251.114662952776,426.78944847722596,426.78944847722596,51.66552734375,127.59100341796875,383.6817504882813,3098.40966796875,10.0,0.1,2.0,419,0.3594621,False
363,870,ok,True,True,20260907,5,analysis_activations,positive,False,4.224867954008164,5.697860939030625,0.16896380735250885,0.4118028131309156,0.4110520737723006,0.6417186401616487,0.6173154715095841,0.38268452849041595,0.38268452849041595,2.733473404248798,2,4,2260.126360428266,2078.9486800153686,181.1776804128972,181.1776804128972,37.45978546142578,98.16049575805664,678.3391632080077,1202.8900146484375,10.0,0.1,2.0,193,0.7753501,False
373,4877,ok,True,True,20260907,5,analysis_activations,positive,False,4.9110940541215955,6.284217422484243,0.25127752001647896,0.20834920422640418,0.5012758921157878,0.4564528499488246,0.5009858713252663,0.49901412867473377,0.49901412867473377,2.86432253620631,2,4,12126.29843008427,11552.663224856673,573.6352052275979,573.6352052275979,53.69573974609375,273.8472900390625,948.6705566406248,1296.3453369140625,10.0,0.1,2.0,405,0.7013632,False
380,8614,ok,True,True,20260907,5,analysis_activations,positive,False,4.448494396228825,5.2146339275176485,0.06997567073220996,0.13963170223283197,0.2645291491163308,0.37367325597750767,0.5631303149417937,0.4368696850582064,0.4368696850582064,2.3665712923891085,2,5,12341.290235365414,11438.009857764082,903.2803776013316,903.2803776013316,55.06060791015625,111.31575775146484,296.53675842285156,631.0303344726562,10.0,0.1,2.0,482,0.24483696,True
434,2288,ok,True,True,20260907,5,analysis_activations,positive,False,4.992423325676453,6.353113874839174,0.3682104282580904,0.1978770881295461,0.6068034510927657,0.4448337758416576,0.3394994613146152,0.6605005386853848,0.3394994613146152,2.5575997294220456,2,4,5595.240612422023,5254.058381631345,341.18223079067866,341.18223079067866,43.71197509765625,417.84832763671875,1064.9662231445316,1722.043212890625,10.0,0.1,2.0,437,0.671172,False
450,5806,ok,True,True,20260907,5,analysis_activations,positive,False,4.647679410397277,5.628231739214848,0.12958378334322043,0.1806018495456206,0.3599774761609682,0.42497276329856787,0.48576065616468384,0.5142393438353161,0.48576065616468384,2.4898600336445464,2,4,11115.624041877732,10770.345203030687,345.27883884704534,345.27883884704534,54.957855224609375,170.17477416992188,499.14097595214844,1024.4658203125,10.0,0.1,2.0,468,0.3960627,False
458,693,ok,True,True,20260907,5,analysis_activations,positive,False,4.453578993449546,5.527624954438861,0.15671654579760502,0.19036813528024824,0.39587440659583567,0.436311970131749,0.4713035968343341,0.528696403165666,0.4713035968343341,2.5782209974645665,2,4,1444.529052090722,1416.1176404960459,28.41141159467611,28.41141159467611,43.723663330078125,150.463623046875,455.031103515625,710.8060913085938,10.0,0.1,2.0,142,0.4626183,False
462,746,ok,True,False,20260907,5,analysis_activations,positive,False,4.070643693721499,4.765112038719523,0.06155597316930818,0.2013626349986368,0.24810476248816382,0.4487344816243084,0.6139736884500505,0.3860263115499496,0.3860263115499496,1.915388123533338,2,5,1033.358126899397,922.4933029526322,110.86482394676466,110.86482394676466,39.03173828125,69.51394653320312,194.0095977783203,557.41357421875,10.0,0.1,2.0,268,0.23013951,False
479,8243,ok,True,True,20260907,5,analysis_activations,positive,False,4.649139210512431,5.595409986839263,0.12208784152463951,0.1777636690048164,0.34941070608188224,0.4216202900772405,0.506899186350065,0.4931008136499349,0.4931008136499349,2.443865527167003,2,4,15289.442993566763,14782.212212857941,507.23078070882184,507.23078070882184,56.328399658203125,161.39950561523438,473.3173156738281,944.70068359375,10.0,0.1,2.0,482,0.37340003,False
482,874,ok,True,False,20260907,5,analysis_activations,positive,False,4.184157455636202,4.367399375303296,0.003693617243287825,0.015986319226384684,0.06077513671961442,0.12643701683599104,0.6759736709565988,0.3240263290434013,0.3240263290434013,1.8472598229346564,2,5,-1174.9227019548548,-1389.1896629325997,214.26696097774493,214.26696097774493,59.43641662597656,66.62477111816406,87.62201461791992,127.66363525390625,10.0,0.1,2.0,327,0.015047612,False
485,6464,ok,True,True,20260907,5,analysis_activations,positive,False,4.569233731017135,5.469812045784508,0.09061916559495725,0.24663025122162838,0.3010301738945072,0.49661881883556164,0.6900441767343217,0.3099558232656783,0.3099558232656783,2.1931123444625342,2,4,10841.795824280847,9542.935703414878,1298.8601208659693,1298.8601208659693,58.6805419921875,112.745849609375,406.47863159179684,985.90087890625,10.0,0.1,2.0,487,0.31249157,True
490,1359,ok,True,True,20260907,5,analysis_activations,positive,False,4.3366439821203215,5.098870721672521,0.06070809320276136,0.1515719105054393,0.24639012399599414,0.38932237349713067,0.5689945688496694,0.4310054311503306,0.4310054311503306,2.3396162798835682,2,5,1944.9041405783983,1772.240516630561,172.66362394783732,172.66362394783732,51.58709716796875,97.14823913574219,271.5896301269531,555.83544921875,10.0,0.1,2.0,220,0.24253,False
491,3725,ok,True,True,20260907,5,analysis_activations,positive,False,4.6417401875469295,5.913976029703512,0.2330110381991119,0.1747889921280906,0.4827121691019524,0.4180777345519498,0.4254096633999703,0.5745903366000297,0.4254096633999703,2.8174680351286168,2,4,8654.772883574175,8197.962465339011,456.8104182351635,456.8104182351635,41.54736328125,235.17254638671875,652.8723510742183,1056.51806640625,10.0,0.1,2.0,221,0.5953562,False
492,844,ok,True,True,20260907,5,analysis_activations,positive,False,4.089495517964529,4.874358007673292,0.047938656523402345,0.21665522048665026,0.21894898155369974,0.46546237279360214,0.6239388889355596,0.3760611110644405,0.3760611110644405,2.157837203631201,2,9,1258.3823933973106,1026.729249465596,231.65314393171457,231.65314393171457,41.761627197265625,68.81649780273438,246.8045600891113,509.7325439453125,10.0,0.1,2.0,227,0.25622883,False
498,1239,ok,True,True,20260907,5,analysis_activations,positive,False,4.453844997223267,5.412621297212841,0.08612999582920694,0.168079520281536,0.29347912332771975,0.4099750239728464,0.6099691258646366,0.39003087413536336,0.39003087413536336,2.689282253751969,2,4,2181.968577712932,1994.64057496146,187.328002751472,187.328002751472,53.408660888671875,111.9322509765625,355.4502990722656,658.6541748046875,10.0,0.1,2.0,331,0.3370599,False
524,5747,ok,True,True,20260907,5,analysis_activations,positive,False,4.4800076344044815,5.6225578911304765,0.0963997756412389,0.1851783954164245,0.31048313261953364,0.43032359384122143,0.6463235927293467,0.3536764072706532,0.3536764072706532,3.045024688793801,2,3,11425.325134140112,9978.59659571706,1446.7285384230527,1446.7285384230527,53.85845947265625,111.77590942382812,459.2238098144531,759.213623046875,10.0,0.1,2.0,489,0.42627633,True
531,9133,ok,True,True,20260907,5,analysis_activations,positive,False,4.479936118487612,5.402877658250074,0.09312908801981654,0.13810775978041367,0.3051705883924867,0.37162852390581336,0.5283383686234846,0.47166163137651534,0.47166163137651534,2.714317650145258,2,4,15716.960803721962,14730.75565832203,986.205145399932,986.205145399932,52.4892578125,129.63339233398438,358.77851562499995,670.677001953125,10.0,0.1,2.0,375,0.32664904,True
544,1175,ok,True,False,20260907,5,analysis_activations,positive,False,4.309954050176287,5.052546502290252,0.046215665721047364,0.23068327168435726,0.2149782912785553,0.48029498402997844,0.7352791088668006,0.2647208911331994,0.2647208911331994,1.9957442371823613,2,6,1471.4663789492663,1045.3329189704048,426.13345997886154,426.13345997886154,53.653411865234375,78.49331665039062,232.75523376464838,565.9440307617188,10.0,0.1,2.0,225,0.20255433,False
548,535,ok,True,True,20260907,5,analysis_activations,positive,False,4.440232276037233,5.668269394192967,0.13501100161973012,0.13839212423334138,0.36743843242063035,0.37201091950820664,0.57345462813775,0.42654537186224994,0.42654537186224994,3.321427322008534,2,3,1165.6722279539467,1073.8088241613825,91.86340379256421,91.86340379256421,47.070465087890625,129.07765197753906,457.07929077148435,635.2077026367188,10.0,0.1,2.0,215,0.5062803,False
559,2384,ok,True,True,20260907,5,analysis_activations,positive,False,4.371476968347354,4.957837549001309,0.032856417693462696,0.09354218630192176,0.1812633931423074,0.3058466712291009,0.6180274014995616,0.38197259850043835,0.38197259850043835,2.332430035574921,2,5,2045.690382369508,1595.1305188246208,450.5598635448871,450.5598635448871,60.22602844238281,91.62328338623047,203.0921417236328,426.4300231933594,10.0,0.1,2.0,445,0.13725838,False
589,675,ok,True,True,20260907,5,analysis_activations,positive,False,4.4936274774548455,5.750977473036658,0.1312157528920151,0.25477023370469465,0.36223715007162793,0.5047476931147825,0.6572933381663173,0.3427066618336827,0.3427066618336827,2.8621040195040077,2,3,1499.64068774104,1367.0084485330678,132.63223920797213,132.63223920797213,52.0057373046875,118.1439208984375,572.8030517578123,811.2933349609375,10.0,0.1,2.0,211,0.5304614,False
625,2210,ok,True,True,20260907,5,analysis_activations,positive,False,4.303235940606042,5.330782899430645,0.09705253157624436,0.1476617678887601,0.3115325529960623,0.38426783353379984,0.5506048182460296,0.4493951817539705,0.4493951817539705,2.937561734954629,2,4,4154.872725079991,3818.339423142152,336.53330193783904,336.53330193783904,44.84034729003906,109.44830322265625,336.29127197265615,497.2431640625,10.0,0.1,2.0,430,0.3812266,False
630,1878,ok,True,True,20260907,5,analysis_activations,positive,False,4.3479319295285705,4.905147160283814,0.02318020751930019,0.1105666319358883,0.15225047625311453,0.3325156115671688,0.5646703359918499,0.4353296640081501,0.4353296640081501,2.154746642034623,2,11,1619.0217504230768,1128.7354818305396,490.2862685925372,490.2862685925372,61.12004089355469,88.51717376708984,204.1654067993163,417.9572448730469,10.0,0.1,2.0,373,0.137618,False
639,2170,ok,True,True,20260907,5,analysis_activations,positive,False,4.265032137954647,4.935362066133225,0.04731336760156979,0.0966122199903029,0.21751636168704594,0.3108250633238943,0.5682210186828732,0.4317789813171269,0.4317789813171269,2.4988178636364298,2,4,2438.450395247633,2182.7828896286574,255.6675056189756,255.6675056189756,49.0123291015625,89.04338836669922,203.7536880493159,379.032958984375,10.0,0.1,2.0,399,0.17892535,False
661,485,ok,True,True,20260907,5,analysis_activations,positive,False,4.393522010217644,5.469354132497911,0.10691736697968715,0.16208588439458843,0.3269822120233563,0.40259891256011665,0.49933565303869915,0.5006643469613009,0.49933565303869915,2.933463849405086,2,4,972.4727689551239,922.0802677976837,50.392501157440165,50.392501157440165,46.31915283203125,134.48236083984375,406.2622558593747,531.1909790039062,10.0,0.1,2.0,126,0.42476565,False
710,1527,ok,True,True,20260907,5,analysis_activations,positive,False,4.292198566584383,4.995652571118135,0.04956160079412927,0.12420713042293441,0.22262434905941728,0.35243031995407886,0.5784441739806124,0.4215558260193876,0.4215558260193876,2.3865189601916916,2,5,1903.3732635242568,1685.7618025130903,217.6114610111665,217.6114610111665,51.04692077636719,89.62770080566406,228.016000366211,423.45941162109375,10.0,0.1,2.0,215,0.20182687,False
711,2270,ok,True,True,20260907,5,analysis_activations,positive,False,4.064706825705388,5.003760227420106,0.11423986866819341,0.16323693024023364,0.3379938885071643,0.40402590293226703,0.5197923560535427,0.4802076439464573,0.4802076439464573,2.521110901060347,2,4,4124.864608267053,3971.5616063419598,153.3030019250932,153.3030019250932,31.486404418945312,87.23738098144531,252.61659851074214,425.25592041015625,10.0,0.1,2.0,226,0.35803536,False
713,225,ok,True,True,20260907,5,analysis_activations,positive,False,4.452521894909229,5.328429251908859,0.08475531654447639,0.19102492377137423,0.29112766365372494,0.4370639813246731,0.6180462461166563,0.3819537538833437,0.3819537538833437,2.358802607017935,2,4,383.2518518697279,366.0429245423136,17.2089273274143,17.2089273274143,52.928955078125,107.12939453125,319.59121093749997,587.6878051757812,10.0,0.1,2.0,83,0.30782518,False
718,3490,ok,True,True,20260907,5,analysis_activations,positive,False,4.2178544340830735,4.896476397104604,0.04077142821218571,0.16806110339213506,0.20191936066703883,0.4099525623680563,0.6189509833709671,0.38104901662903284,0.38104901662903284,2.1001186529185043,2,8,4266.549574267547,3371.3535489848546,895.1960252826921,895.1960252826921,49.67078399658203,77.95696640014648,213.18036499023427,685.271240234375,10.0,0.1,2.0,468,0.19794655,True
743,984,ok,True,True,20260907,5,analysis_activations,positive,False,4.48093243665523,5.768268917502809,0.09796206617011993,0.13985029886066513,0.31298892339844864,0.37396563860957216,0.5514133918003036,0.44858660819969637,0.44858660819969637,3.733273937239679,2,3,2175.3502664078615,1873.6935605105143,301.65670589734714,301.65670589734714,55.96830749511719,135.80661010742188,504.1041290283203,666.1170043945312,10.0,0.1,2.0,279,0.5272147,False
751,779,ok,True,True,20260907,5,analysis_activations,positive,False,4.187099409661745,5.390056362950995,0.09393588532832414,0.18201209534027113,0.3064896169992128,0.42662875587596194,0.5810518234530927,0.4189481765469073,0.4189481765469073,3.23855647223482,2,4,1657.281583219639,1463.4186394034925,193.86294381614653,193.86294381614653,42.30938720703125,94.02999877929688,367.03385009765617,537.0985107421875,10.0,0.1,2.0,303,0.4837247,False
763,653,ok,True,True,20260907,5,analysis_activations,positive,False,4.259099680356547,4.8082967942980455,0.02294356287463832,0.10156482841084133,0.15147132690591417,0.3186923726900933,0.6384580656695388,0.36154193433046133,0.36154193433046133,2.201121081096134,2,8,486.9278664676759,301.77856705209865,185.14929941557727,185.14929941557727,55.79756164550781,77.81202697753906,173.9105590820312,342.2059326171875,10.0,0.1,2.0,238,0.12117526,False
778,1051,ok,True,True,20260907,5,analysis_activations,positive,False,4.402256526720604,5.427206298719156,0.05332116705636765,0.15563223436684248,0.23091376541117606,0.3945025150323411,0.5998569213705152,0.4001430786294848,0.4001430786294848,3.170975294747263,2,8,1882.33865075898,1527.2238778924773,355.1147728665028,355.1147728665028,57.8255615234375,103.06617736816406,356.2216339111328,646.8984985351562,10.0,0.1,2.0,324,0.34674475,False
787,1425,ok,True,True,20260907,5,analysis_activations,positive,False,4.259184455384841,5.00388472010695,0.04511232661429734,0.1453138518618882,0.21239662571306858,0.38120054021720406,0.5067512220644139,0.49324877793558614,0.49324877793558614,2.413421515246713,2,12,1983.624540835724,1756.3735514911575,227.2509893445665,227.2509893445665,50.73674011230469,93.6915283203125,245.16215209960936,501.20196533203125,10.0,0.1,2.0,385,0.23331873,False
790,2972,ok,True,True,20260907,5,analysis_activations,positive,False,4.383834254697364,5.0333194172588795,0.03755635203700584,0.13205190094876668,0.19379461302370052,0.36338946180202675,0.601648239936813,0.39835176006318707,0.39835176006318707,2.230286941280456,2,7,3292.0062809089436,2630.6717376040483,661.3345433048953,661.3345433048953,59.75589370727539,94.02790832519531,237.47640380859372,462.7834777832031,10.0,0.1,2.0,155,0.1763566,False
810,2168,ok,True,True,20260907,5,analysis_activations,positive,False,4.47106978188597,5.0950322991157835,0.030542532341622537,0.12533026043842535,0.17476421928307445,0.3540201412892003,0.5272429251064525,0.47275707489354746,0.47275707489354746,2.235055649718106,2,11,2356.6266203085625,1912.114196388576,444.51242391998653,444.51242391998653,66.39849090576172,106.58023071289062,257.1178802490235,572.3488159179688,10.0,0.1,2.0,409,0.17247605,False
818,956,ok,True,True,20260907,5,analysis_activations,positive,False,4.79306337193065,5.509858759608165,0.07011977460946875,0.10066380063772869,0.2648013870988382,0.3172755909894877,0.564534179648669,0.435465820351331,0.435465820351331,2.452941266107255,2,4,1233.521233871779,1184.558202375819,48.96303149595997,48.96303149595997,75.11016845703125,154.26480102539062,380.14989471435547,579.7257080078125,10.0,0.1,2.0,377,0.20994851,False
853,1180,ok,True,True,20260907,5,analysis_activations,positive,False,4.350747848686429,5.176777728877508,0.04333746053465326,0.17166930071828643,0.20817651292749925,0.41432994185586736,0.5517238882100134,0.44827611178998655,0.44827611178998655,2.519327902415442,2,11,1816.168145684617,1522.3191940091708,293.8489516754462,293.8489516754462,55.68208312988281,97.71334838867188,308.92932434082024,542.7574462890625,10.0,0.1,2.0,335,0.269849,False
858,650,ok,True,True,20260907,5,analysis_activations,positive,False,4.436381186247145,5.46303304901264,0.0819423324973861,0.12985738398089436,0.28625571172884234,0.3603573004406798,0.47447763437313256,0.5255223656268675,0.47447763437313256,3.154826717451896,2,4,1211.2023623077462,1118.621757859196,92.58060444855028,92.58060444855028,54.214935302734375,143.1844482421875,378.1317565917966,687.4874267578125,10.0,0.1,2.0,270,0.37050867,False
860,3069,ok,True,True,20260907,5,analysis_activations,positive,False,4.249385498513263,4.949736675574365,0.04676177348625336,0.10456022848623722,0.21624470741790042,0.3233577407241664,0.5850364616376994,0.4149635383623007,0.4149635383623007,2.5461255884805154,2,4,3625.8281730893846,3159.3162379088267,466.5119351805579,466.5119351805579,49.4761962890625,86.05158996582031,208.99148254394532,366.986328125,10.0,0.1,2.0,220,0.1898829,False
869,485,ok,True,True,20260907,5,analysis_activations,positive,False,4.457059928048662,5.042111518053899,0.036793948834179725,0.0818270637604269,0.191817488342903,0.2860543021183686,0.5661592006505392,0.43384079934946085,0.43384079934946085,2.402306123424026,2,5,436.56906196316874,390.74942693065003,45.819635032518704,45.819635032518704,61.991180419921875,103.53860473632812,224.5122802734375,330.6736755371094,10.0,0.1,2.0,133,0.1406934,False
883,2270,ok,True,True,20260907,5,analysis_activations,positive,False,3.9279034764681153,4.601158114241425,0.05035416174154505,0.11511235832331818,0.224397330067773,0.3392821220213617,0.591273218984815,0.40872678101518495,0.40872678101518495,2.340665128094193,2,5,2643.7072637626234,2344.7657160359036,298.9415477267198,298.9415477267198,35.2596435546875,61.15654373168945,149.24901046752927,241.82139587402344,10.0,0.1,2.0,437,0.18644564,False
914,1254,ok,True,True,20260907,5,analysis_activations,positive,False,4.233027183551611,4.650350287956937,0.015106557356637932,0.05820542663887447,0.12290873588414264,0.2412580084450555,0.6398194496585654,0.36018055034143454,0.36018055034143454,2.179716144302047,2,7,251.86393010595637,-62.056818651869946,313.92074875782635,313.92074875782635,56.412353515625,73.65486907958984,136.14682769775388,216.0376434326172,10.0,0.1,2.0,330,0.0708203,False
920,294,ok,True,True,20260907,5,analysis_activations,positive,False,4.275689707706953,4.862667358811615,0.027771936193376576,0.10761746835273679,0.16664914099201525,0.32805101486314103,0.6281080559411234,0.37189194405887654,0.37189194405887654,2.256026645692565,2,5,263.3205114619121,200.18855080451496,63.131960657397116,63.131960657397116,54.773101806640625,80.55841827392578,192.07922668457013,268.3445129394531,10.0,0.1,2.0,188,0.13841675,False
933,1089,ok,True,True,20260907,5,analysis_activations,positive,False,4.305529679104123,4.935635039173955,0.03901063268519292,0.12399168519476801,0.19751109509390333,0.3521245308051798,0.6021689592979138,0.3978310407020863,0.3978310407020863,2.2071471162601988,2,5,1161.4413092371835,964.451748399721,196.98956083746248,196.98956083746248,54.774559020996094,87.0958251953125,214.90996093749996,400.6348876953125,10.0,0.1,2.0,124,0.16808575,False
939,855,ok,True,True,20260907,5,analysis_activations,positive,False,4.342371920879715,4.936879086539817,0.03143489277079768,0.08657541389428423,0.17729887977874445,0.29423700293179345,0.648704746330866,0.351295253669134,0.351295253669134,2.4474403846293327,2,5,704.3219818834613,535.735572030446,168.5864098530153,168.5864098530153,58.2835693359375,86.29107666015625,190.10366821289057,403.9166564941406,10.0,0.1,2.0,270,0.13150245,False
949,838,ok,True,True,20260907,5,analysis_activations,positive,False,4.4322985229011485,5.2616593625843375,0.07639742834300987,0.09599954545824305,0.2764008472183287,0.3098379341821189,0.5538758356373158,0.44612416436268415,0.44612416436268415,2.8248390227886944,2,4,1246.8270474758533,1160.4891638649383,86.33788361091501,86.33788361091501,52.70000076293945,116.00531768798828,280.3000015258789,413.22479248046875,10.0,0.1,2.0,175,0.25540948,False
955,755,ok,True,True,20260907,5,analysis_activations,positive,False,4.014661856865914,4.647054079334199,0.029621096028042776,0.14888561971075595,0.1721078035071123,0.3858569938601035,0.612369653596733,0.387630346403267,0.387630346403267,2.116772759887949,2,11,821.4832058116097,600.1453635417432,221.33784226986643,221.33784226986643,42.33526611328125,62.60387420654297,165.77463073730468,304.86102294921875,10.0,0.1,2.0,198,0.17100757,False
985,386,ok,True,True,20260907,5,analysis_activations,positive,False,4.2697487716047995,4.858730505664557,0.024210950348512932,0.12650557895489245,0.15559868363361218,0.3556762277056093,0.4941760532962292,0.5058239467037708,0.4941760532962292,2.145538844990448,2,14,406.3348087953628,332.7177935611136,73.61701523424921,73.61701523424921,55.140907287597656,86.77878952026367,207.5128631591797,362.93798828125,10.0,0.1,2.0,133,0.16308874,False
993,1761,ok,True,True,20260907,5,analysis_activations,positive,False,4.433215338131645,5.456704310484761,0.279005910859373,0.021223769556374804,0.5282101010576881,0.1456837999105419,0.6016090550890106,0.3983909449109893,0.3983909449109893,2.641626140456489,2,21,3515.430727601397,2794.9428417691097,720.4878858322872,720.4878858322872,33.663177490234375,145.29664611816406,275.745361328125,349.89599609375,10.0,0.1,2.0,409,0.42761675,True
1006,1872,ok,True,True,20260907,5,analysis_activations,positive,False,4.256574255144777,4.650318863574555,0.016517259436390087,0.056796849523958005,0.1285194904922599,0.23832089611269508,0.644908655668207,0.35509134433179296,0.35509134433179296,2.0565337328032047,2,6,248.41324809750122,-133.0053498926989,381.4185979902001,381.4185979902001,57.23344421386719,75.83869171142578,130.3189643859863,258.1146240234375,10.0,0.1,2.0,198,0.0663577,False
1036,5043,ok,True,True,20260907,5,analysis_activations,positive,False,4.187797420771248,4.555813967560046,0.014416722922379912,0.04829615516031924,0.12006965862523268,0.21976386227111872,0.6144740443974537,0.3855259556025463,0.3855259556025463,2.078279613837885,2,6,103.43311698913894,-877.4576490469515,980.8907660360904,980.8907660360904,54.02886962890625,71.26943969726562,120.24573440551758,218.35084533691406,10.0,0.1,2.0,473,0.059573177,True
1045,1139,ok,True,True,20260907,5,analysis_activations,positive,False,4.242935098309692,4.711827303182487,0.011810308125210124,0.09358370109387044,0.10867524154659204,0.3059145323352103,0.5342349035592602,0.46576509644073977,0.46576509644073977,2.0425845749922673,2,15,675.039337390124,270.8466408534672,404.19269653665685,404.19269653665685,58.07810974121094,77.71812438964844,165.87778320312492,332.4398193359375,10.0,0.1,2.0,264,0.10469573,False
1047,1314,ok,True,True,20260907,5,analysis_activations,positive,False,4.258338727266506,5.417846003784172,0.1396608337666895,0.05311973804168673,0.3737122339002157,0.23047719635939415,0.20884383381141824,0.7911561661885818,0.20884383381141824,3.7347096531701145,2,4,2131.7872671951386,1355.754499066034,776.0327681291046,776.0327681291046,38.00619888305664,217.21129608154297,300.2820678710937,351.699951171875,10.0,0.1,2.0,360,0.29355794,True
1061,1413,ok,True,True,20260907,5,analysis_activations,positive,False,4.1976271583509055,4.8918910511551355,0.049094875053345935,0.1737421207140225,0.22157363347958606,0.4168238485427897,0.6925447771065009,0.3074552228934992,0.3074552228934992,2.0799166405885203,2,5,1678.1739375646785,1330.8686149372693,347.30532262740917,347.30532262740917,47.29273986816406,73.52116394042969,206.69346618652344,420.10052490234375,10.0,0.1,2.0,150,0.19018297,False
1093,1261,ok,True,True,20260907,5,analysis_activations,positive,False,4.306096281592537,5.0679547381282415,0.03201006867922093,0.14489020309323702,0.1789135788005509,0.3806444575890171,0.47762899888766003,0.5223710011123399,0.47762899888766003,2.5616809597461816,2,13,1770.9374248806387,1485.064254122611,285.87317075802775,285.87317075802775,55.73260498046875,99.25260925292969,268.389404296875,413.0164794921875,10.0,0.1,2.0,326,0.23597799,False
1101,1250,ok,True,True,20260907,5,analysis_activations,positive,False,4.465495521052627,5.376925928512465,0.06968966277815153,0.12163766353079497,0.2639879974130482,0.3487659150931968,0.5069518583552262,0.49304814164477373,0.49304814164477373,2.9467955825080674,2,4,2068.823116042175,1889.2825212546604,179.5405947875147,179.5405947875147,56.80169677734375,128.83433532714844,344.66380157470695,525.2059326171875,10.0,0.1,2.0,299,0.3031797,False
1118,1097,ok,True,True,20260907,5,analysis_activations,positive,False,4.252745876784083,4.753613598127425,0.01598195479189421,0.09382796520306824,0.12641975633536956,0.3063135080323234,0.5429982912665741,0.4570017087334258,0.4570017087334258,2.137554785708021,2,13,743.1242458388408,427.5313393750273,315.5929064638135,315.5929064638135,57.461341857910156,79.56749725341797,175.38048706054687,343.07501220703125,10.0,0.1,2.0,168,0.113913655,False
1120,3811,ok,True,True,20260907,5,analysis_activations,positive,False,4.163259774575202,4.721462654275117,0.01787796263740337,0.09789579060898589,0.13370849874784838,0.31288303023492003,0.5783142994532954,0.4216857005467047,0.4216857005467047,2.3200749449371716,2,13,2985.521713702817,1662.7219759799216,1322.7997377228955,1322.7997377228955,52.184234619140625,72.4720687866211,163.6876678466797,319.5477600097656,10.0,0.1,2.0,389,0.12763934,True
1122,386,ok,True,True,20260907,5,analysis_activations,positive,False,4.841213242128097,6.150884106628711,0.2801861741243173,0.17307690082963195,0.5293261509922944,0.4160251204310047,0.5604580436551205,0.4395419563448794,0.4395419563448794,2.7510722335006754,2,4,944.3884552239579,921.4583892298654,22.9300659940925,22.9300659940925,46.452880859375,217.16820526123047,773.7340393066406,955.74169921875,10.0,0.1,2.0,162,0.6573488,False
1167,1337,ok,True,True,20260907,5,analysis_activations,positive,False,4.252840176333326,4.827700794530556,0.018849897553935634,0.11684701649303358,0.1372949290903915,0.3418289286953835,0.5574647255392852,0.4425352744607148,0.4425352744607148,2.2069503849872296,2,14,1215.2026999639509,766.5276667534802,448.6750332104707,448.6750332104707,56.729827880859375,80.07528686523438,195.90643005371095,313.28240966796875,10.0,0.1,2.0,127,0.14384858,False
1187,809,ok,True,True,20260907,5,analysis_activations,positive,False,4.20791865195674,5.112006075986807,0.02464215553882157,0.3395093447025419,0.15697820083954833,0.5826743041378621,0.41750009724836123,0.5824999027516387,0.41750009724836123,2.118772728178691,2,35,1581.65507314879,1290.6997236172797,290.95534953151036,290.95534953151036,53.65342330932617,95.45204162597656,447.7726867675776,582.3705444335938,10.0,0.1,2.0,271,0.4073351,False
1204,1082,ok,True,True,20260907,5,analysis_activations,positive,False,4.037634557999672,5.7453369384886095,0.0530372965433521,0.23481891937953342,0.23029827733474711,0.4845811793492742,0.5363860463210285,0.46361395367897146,0.46361395367897146,4.501314688258369,2,8,2924.52372337941,2087.209071222543,837.3146521568669,837.3146521568669,41.88195037841797,84.3229751586914,534.9215179443361,672.321044921875,10.0,0.1,2.0,338,0.8633115,True
1214,314,ok,True,True,20260907,5,analysis_activations,positive,False,4.220643540670299,5.074483953825239,0.03256006598385825,0.2863885770234873,0.180444079935747,0.5351528538870809,0.6101730694771114,0.3898269305228887,0.3898269305228887,2.13811630311966,2,11,529.652462972846,386.8296028621743,142.82286011067174,142.82286011067174,51.274024963378906,78.47499084472656,312.51929016113274,595.0567016601562,10.0,0.1,2.0,43,0.30589488,False
1215,246,ok,True,True,20260907,5,analysis_activations,positive,False,4.620652221340701,5.852607416104211,0.12317936590794247,0.31019808442597957,0.3509691808520265,0.556954292941512,0.6669170077383267,0.3330829922616732,0.3330829922616732,2.646529601234255,2,4,549.4960666465374,502.0541767947346,47.44188985180284,47.44188985180284,59.86456298828125,128.69227600097656,663.7393646240234,819.8140869140625,10.0,0.1,2.0,132,0.5247474,False
1222,2759,ok,True,True,20260907,5,analysis_activations,positive,False,4.228803611948853,4.5410686431662866,0.009148150005789826,0.036310748567063234,0.09564596178506349,0.19055379441791032,0.6384612696965911,0.361538730303409,0.361538730303409,2.0712327102368135,2,6,-935.3939105847172,-1632.1661884215803,696.772277836863,696.772277836863,58.80109405517578,72.30364227294922,114.11065368652343,184.0142364501953,10.0,0.1,2.0,383,0.04149049,False
1229,1604,ok,True,False,20260907,5,analysis_activations,positive,False,4.2768819424972735,4.811774733037939,0.0170101329942698,0.1361594051606981,0.1304229005745149,0.36899783896480765,0.5953269715393182,0.40467302846068176,0.40467302846068176,1.932838380220876,2,13,1344.6443184485943,687.0269522841998,657.6173661643945,657.6173661643945,58.48684310913086,78.84043884277344,195.5612304687499,396.6510314941406,10.0,0.1,2.0,286,0.13423704,False
1233,285,ok,True,True,20260907,5,analysis_activations,positive,False,4.051197578887471,4.490431946212126,0.007048945681911227,0.08419039906377263,0.08395799951113192,0.29015581859368705,0.5361995296120481,0.46380047038795197,0.46380047038795197,2.056459839406513,2,14,136.3735379159093,9.64386317902919,126.72967473688013,126.72967473688013,49.94739532470703,62.182945251464844,125.51906280517584,251.944091796875,10.0,0.1,2.0,114,0.09112477,False
1305,512,ok,True,True,20260907,5,analysis_activations,positive,False,4.277153055476051,4.764461188048533,0.011003890600285256,0.085404927994728,0.10489943088637448,0.29224121542781745,0.4697438974778794,0.5302561025221205,0.4697438974778794,2.219526203431729,2,10,333.50034997942504,192.26381424349978,141.23653573592526,141.23653573592526,60.26045227050781,83.57329559326172,177.91446685791016,350.5077209472656,10.0,0.1,2.0,125,0.10981886,False
1330,866,ok,True,False,20260907,5,analysis_activations,positive,False,4.251435550106255,4.765431053215213,0.013911278684834818,0.13135678452810598,0.11794608380457071,0.362431765340879,0.5844933244125631,0.4155066755874369,0.4155066755874369,1.9071692862539456,2,11,683.2020383058436,304.94047223385405,378.2615660719896,378.2615660719896,58.465396881103516,77.04451751708984,172.81485748291016,440.29266357421875,10.0,0.1,2.0,185,0.12701808,False
1331,585,ok,True,True,20260907,5,analysis_activations,positive,False,4.075501496546465,5.084865030548199,0.07853384020961307,0.3958809793814547,0.28023889845917727,0.6291907337059683,0.7592283333576243,0.2407716666423758,0.2407716666423758,2.0724472487240533,2,5,1043.8262501668728,817.782059379381,226.04419078749174,226.04419078749174,38.872581481933594,62.06218338012695,322.83552246093643,619.2767333984375,10.0,0.1,2.0,172,0.34176522,False
1332,1402,ok,True,False,20260907,5,analysis_activations,positive,False,4.2014729445567465,4.528785311829913,0.0077590605343498325,0.047904136510251806,0.08808552965356928,0.21887013617725878,0.585194036112316,0.41480596388768387,0.41480596388768387,1.9619744147988176,2,11,-195.19843176207024,-642.1247242010563,446.9262924389861,446.9262924389861,57.55897903442383,70.88256072998047,118.66661453247072,218.23716735839844,10.0,0.1,2.0,392,0.050452244,False
1339,2597,ok,True,True,20260907,5,analysis_activations,positive,False,4.272093503380185,4.73099555739616,0.018337405238797108,0.07186615168317353,0.13541567574988173,0.2680786296652039,0.5822938831096528,0.4177061168903472,0.4177061168903472,2.160842772661976,2,9,1186.999386230158,601.4862906829593,585.5130955471988,585.5130955471988,57.93659973144531,80.20341491699219,154.5527954101562,282.0727844238281,10.0,0.1,2.0,419,0.09195258,False
1352,620,ok,True,True,20260907,5,analysis_activations,positive,False,4.414671183853244,5.155412694641371,0.0526074537112161,0.11635777155408157,0.2293631481106241,0.34111254968716936,0.5528342659064468,0.4471657340935532,0.4471657340935532,2.548490476379449,2,5,824.3744564673041,752.3960506645952,71.97840580270883,71.97840580270883,58.73609924316406,107.45243835449219,278.30619506835916,367.03515625,10.0,0.1,2.0,267,0.21710643,False
1362,326,ok,True,False,20260907,5,analysis_activations,positive,False,4.300167377317636,4.835282291686785,0.02730346008935834,0.12783787463217383,0.16523758679355716,0.35754422751902154,0.6675378711107096,0.3324621288892904,0.3324621288892904,1.9213137534777385,2,5,256.9297138928562,176.40555799960813,80.52415589324809,80.52415589324809,57.14915466308594,78.94474792480469,172.75286102294922,427.546630859375,10.0,0.1,2.0,92,0.124658264,False
1390,203,ok,True,True,20260907,5,analysis_activations,positive,False,4.113218019484222,5.073289471972398,0.029890849942475508,0.21026257212475633,0.17288970455893407,0.4585439696743992,0.33444019758385507,0.6655598024161449,0.33444019758385507,2.770602133518595,2,19,376.5424830426705,347.3202505268053,29.222232515865187,29.222232515865187,45.88490295410156,114.3636703491211,310.2541229248046,382.0982666015625,10.0,0.1,2.0,147,0.35686523,False
1425,845,ok,True,True,20260907,5,analysis_activations,positive,False,4.356341326543448,4.8832258841093195,0.026368232550677603,0.082961808560587,0.1623829810992445,0.2880309159805367,0.6450074881289327,0.35499251187106723,0.35499251187106723,2.2535163437832297,2,5,546.506978062629,376.9326647381953,169.57431332443366,169.57431332443366,60.192604064941406,86.59223937988281,183.44303894042963,294.56005859375,10.0,0.1,2.0,193,0.11015238,False
1439,713,ok,True,True,20260907,5,analysis_activations,positive,False,4.33936000025839,4.91541861871488,0.03627816333550066,0.12409564089540856,0.19046827382926707,0.352272112003503,0.5509899086585746,0.44901009134142544,0.44901009134142544,2.0342998203132163,2,7,720.0709498058425,622.8482362091868,97.2227135966557,97.2227135966557,56.60763931274414,91.34176635742188,202.06322937011709,466.6673278808594,10.0,0.1,2.0,114,0.15802787,False
1451,649,ok,True,True,20260907,5,analysis_activations,positive,False,4.169949504653144,4.771551586645465,0.03131566636415719,0.13152843697082098,0.176962330353545,0.36266849459364536,0.6426817042867964,0.35731829571320356,0.35731829571320356,2.1083286471216427,2,8,624.521178998232,458.52265729915723,165.9985216990748,165.9985216990748,49.59870529174805,72.27301025390625,174.56380310058594,323.52117919921875,10.0,0.1,2.0,196,0.15046747,False
1481,909,ok,True,False,20260907,5,analysis_activations,positive,False,4.111192478642403,4.618354126309044,0.00996755195302432,0.12030635635623138,0.09983762794169501,0.34685206696260495,0.5141286002721002,0.4858713997278998,0.4858713997278998,1.9871592867902332,2,14,723.3850953888185,320.1066727393445,403.278422649474,403.278422649474,52.03465270996094,68.77584075927734,162.63978881835936,295.03631591796875,10.0,0.1,2.0,179,0.12796967,False
1484,2177,ok,True,True,20260907,5,analysis_activations,positive,False,4.312446972793935,4.784534230257433,0.014276352495194282,0.08567823468474701,0.11948369133565585,0.2927084465551806,0.5591333234535616,0.44086667654643846,0.44086667654643846,2.1117179477859964,2,12,1195.700926658244,508.3743962594613,687.3265303987828,687.3265303987828,61.52110290527344,83.15835571289062,174.3464385986328,303.93426513671875,10.0,0.1,2.0,424,0.10073758,False
1485,789,ok,True,True,20260907,5,analysis_activations,positive,False,4.342882770698017,4.7264436576993205,0.011456328831499787,0.05573656330614603,0.10703424139732008,0.23608592356628555,0.6098981652599149,0.39010183474008514,0.39010183474008514,2.092606860744941,2,9,80.2557883034984,-137.92994582549971,218.18573412899812,218.18573412899812,64.8145523071289,82.70137786865234,142.71275939941398,268.5536804199219,10.0,0.1,2.0,248,0.06381295,False
1491,784,ok,True,True,20260907,5,analysis_activations,positive,False,4.320974354988987,5.130295900710399,0.06950155881733697,0.15465319176022987,0.26363148297829864,0.3932597001476631,0.6326281228044006,0.3673718771955994,0.3673718771955994,2.4174757506483067,2,4,1160.7575969472769,1054.065137235132,106.69245971214491,106.69245971214491,49.00062561035156,91.91450500488281,268.1902465820311,488.739013671875,10.0,0.1,2.0,240,0.25333467,False
1495,309,ok,True,False,20260907,5,analysis_activations,positive,False,4.30133320414874,4.688609703350767,0.008013117741132817,0.07195129387156723,0.08951601946653356,0.2682373834340904,0.4672599126206208,0.5327400873793793,0.4672599126206208,1.9368133443281166,2,22,105.63147453068468,24.154123016666446,81.47735151401824,81.47735151401824,64.09700012207031,84.17469787597656,153.95312194824214,255.6017608642578,10.0,0.1,2.0,171,0.07966741,False
1507,634,ok,True,True,20260907,5,analysis_activations,positive,False,4.0458360485448495,4.578512646055693,0.024851753133222774,0.1024995351641455,0.15764438820720125,0.3201554859191788,0.6859386895834994,0.31406131041650076,0.31406131041650076,2.110945123706192,2,6,414.79494783660016,241.64114306302767,173.1538047735725,173.1538047735725,44.39964294433594,61.255157470703125,126.3400318145752,275.6482238769531,10.0,0.1,2.0,179,0.11053758,False
1525,3543,ok,True,True,20260907,5,analysis_activations,positive,False,4.31794542279354,4.737820744427381,0.015279454137039373,0.06024513135936304,0.12361008913935534,0.24544883654106622,0.5210642481980798,0.4789357518019203,0.4789357518019203,2.160683583050514,2,11,1157.9676726711862,491.96218205449895,666.0054906166872,666.0054906166872,61.53961181640625,85.6425552368164,156.2037551879883,251.4188690185547,10.0,0.1,2.0,203,0.08083258,False
1527,954,ok,True,True,20260907,5,analysis_activations,positive,False,4.114897779539934,4.724744746710796,0.028944440461846802,0.14113400269216034,0.17013065703113828,0.3756780572407182,0.586003448233906,0.41399655176609396,0.41399655176609396,2.0912754071732214,2,13,1005.6900600513244,750.9211534847858,254.7689065665386,254.7689065665386,46.56140899658203,70.49664306640625,180.7985046386718,330.5187072753906,10.0,0.1,2.0,184,0.16579081,False
1537,1071,ok,True,True,20260907,5,analysis_activations,positive,False,4.1816097134374575,4.6386993656110125,0.017420914029478176,0.04611821082844878,0.13198831020010135,0.2147515094905011,0.5651074507412686,0.4348925492587314,0.4348925492587314,2.5644590765528803,2,7,364.8322316965687,189.49193035846912,175.3403013380996,175.3403013380996,52.547645568847656,74.20977783203125,132.24252319335938,183.3321075439453,10.0,0.1,2.0,260,0.08132323,False
1541,707,ok,True,False,20260907,5,analysis_activations,positive,False,4.310794527747181,4.819328468502873,0.019823514721275477,0.11785661061091028,0.1407960039250954,0.34330250597819745,0.5625762422580018,0.43742375774199804,0.43742375774199804,1.9382032415225527,2,13,556.8946219215094,362.8757688001664,194.018853121343,194.018853121343,59.80136489868164,83.16493225097656,186.50144042968742,395.2665100097656,10.0,0.1,2.0,108,0.1265225,False
1550,3278,ok,True,True,20260907,5,analysis_activations,positive,False,4.297479550729673,4.778326263641372,0.01683704437059187,0.07184723431017383,0.12975763704149312,0.2680433440885519,0.6186693737005227,0.3813306262994772,0.3813306262994772,2.283485879387637,2,9,1510.3703453294756,545.7943372020713,964.5760081274043,964.5760081274043,60.09529495239258,80.57115173339844,163.30907821655273,310.2256774902344,10.0,0.1,2.0,400,0.09238859,True
1556,799,ok,True,True,20260907,5,analysis_activations,positive,False,4.308095185855038,4.725897992360581,0.014844485403675011,0.07167506538847326,0.1218379473057348,0.26772199272467934,0.5428515501509114,0.45714844984908876,0.45714844984908876,2.008765416417166,2,11,303.1134002232654,133.70860644582228,169.4047937774431,169.4047937774431,61.30580139160156,83.6302719116211,155.60269165039054,276.810791015625,10.0,0.1,2.0,187,0.08424825,False
1584,773,ok,True,True,20260907,5,analysis_activations,positive,False,4.024020754215628,4.926564725032841,0.06577492666872196,0.20398281218580566,0.2564662290998992,0.4516445639945262,0.5303853230698226,0.4696146769301774,0.4696146769301774,2.4575163216378586,2,9,1358.3071286442348,1235.0866601466457,123.22046849758908,123.22046849758908,37.344085693359375,75.72384643554688,252.49457397460935,529.1611938476562,10.0,0.1,2.0,99,0.33400485,False
1616,211,ok,True,True,20260907,5,analysis_activations,positive,False,4.287700731675834,4.5577618921245175,0.006251500966335961,0.024896103415380996,0.07906643387896005,0.1577849910966851,0.6684108799790465,0.3315891200209536,0.3315891200209536,2.1640376001197623,2,8,-140.48974976207126,-185.5771789259733,45.087429163902044,45.087429163902044,63.4482421875,75.87594604492188,113.16776275634766,141.75064086914062,10.0,0.1,2.0,69,0.028733812,False
1618,480,ok,True,True,20260907,5,analysis_activations,positive,False,4.333467705245226,4.710895008889343,0.011279922573507314,0.042837398167681645,0.10620697987188654,0.20697197435324824,0.5957620502881457,0.40423794971185434,0.40423794971185434,2.2944582975186925,2,11,10.642044150088399,-93.31808785555006,103.96013200563846,103.96013200563846,64.0514907836914,83.3756332397461,138.62712707519518,209.7442626953125,10.0,0.1,2.0,240,0.058463927,False
1620,874,ok,True,True,20260907,5,analysis_activations,positive,False,4.009237183411035,4.704753697074338,0.042590552383240055,0.12787553960606682,0.20637478621004082,0.3575968954088763,0.6521707609265038,0.34782923907349617,0.34782923907349617,2.382338346707642,2,5,1004.7189349984637,817.7522311012576,186.96670389720612,186.96670389720612,40.05323028564453,62.660003662109375,157.06496124267576,268.04083251953125,10.0,0.1,2.0,213,0.18219668,False
1623,571,ok,True,False,20260907,5,analysis_activations,positive,False,4.181030346853049,4.867838135597869,0.06105237276660061,0.1813151262046189,0.2470877835235903,0.42581113912698304,0.6517148244633476,0.34828517553665245,0.34828517553665245,1.9729360971643983,2,5,742.0088320745675,657.3570474906107,84.65178458395678,84.65178458395678,44.401893615722656,75.90673065185547,217.73578643798828,480.0301818847656,10.0,0.1,2.0,106,0.21037436,False
1624,375,ok,True,True,20260907,5,analysis_activations,positive,False,4.271826226234022,5.4171264522895095,0.0721371749306073,0.17356598744813484,0.2685836460594861,0.4166125147521793,0.5964149818799368,0.4035850181200631,0.4035850181200631,3.267600630366859,2,7,758.5262429482241,652.940146762134,105.58609618609012,105.58609618609012,48.831085205078125,93.73632049560547,367.9347808837891,499.09869384765625,10.0,0.1,2.0,88,0.42995295,False
1683,296,ok,True,True,20260907,5,analysis_activations,positive,False,4.443934919737545,5.091656696802516,0.03683107199800979,0.08217227794864071,0.19191423083765777,0.2866570737809216,0.5089413504804989,0.4910586495195012,0.4910586495195012,2.6553630219980553,2,5,316.1626343503436,292.7118341018029,23.450800248540702,23.450800248540702,61.805023193359375,109.4334487915039,235.38232803344727,351.3966979980469,10.0,0.1,2.0,191,0.16450341,False
1689,288,ok,True,True,20260907,5,analysis_activations,positive,False,4.289583461863331,4.65032834588406,0.010097601435973479,0.04013179900803523,0.10048682220059245,0.20032922654479357,0.7580480326062855,0.24195196739371452,0.24195196739371452,2.2763350287106716,2,4,-89.66521150822062,-178.62455036934566,88.95933886112503,88.95933886112503,61.84111022949219,74.59654998779297,118.45761642456054,158.4921875,10.0,0.1,2.0,129,0.04137565,False
1691,239,ok,True,False,20260907,5,analysis_activations,positive,False,4.399081931610457,4.998705097858296,0.015743016885067396,0.16913274780226972,0.1254711794997855,0.4112575200555848,0.7701801663249057,0.2298198336750943,0.2298198336750943,1.9722111486696363,2,7,171.53097416470223,11.685975593583274,159.84499857111896,159.84499857111896,67.86617279052734,82.3245620727539,191.48279113769527,449.050048828125,10.0,0.1,2.0,88,0.11511666,False
1702,2156,ok,True,True,20260907,5,analysis_activations,positive,False,4.3472116657113995,5.058325029655159,0.025004206155308597,0.15084551410014063,0.15812718347997157,0.388388354743214,0.6176571655145581,0.382342834485442,0.382342834485442,2.3981867399704297,2,11,2581.8876630459263,1662.2794053235161,919.6082577224101,919.6082577224101,60.732627868652344,87.23712539672852,253.1903839111328,484.53070068359375,10.0,0.1,2.0,401,0.19262736,True
1725,1819,ok,True,False,20260907,5,analysis_activations,positive,False,4.163259691544753,4.908411031160681,0.02558048690476173,0.27192186252824563,0.1599390099530497,0.5214612761540838,0.6302345221730978,0.36976547782690217,0.36976547782690217,1.9320318629377824,2,14,2626.5676977168164,1608.1630992628,1018.4045984540164,1018.4045984540164,51.089630126953125,70.13935089111328,244.55195617675773,661.425537109375,10.0,0.1,2.0,435,0.24619801,False
1731,2376,ok,True,True,20260907,5,analysis_activations,positive,False,4.302343852314725,4.805992480770162,0.020245193844911268,0.10023024446674651,0.14228560659782585,0.3165916051741526,0.6380959041797364,0.3619040958202636,0.3619040958202636,2.052075786474564,2,8,1465.175194763698,716.062835010222,749.1123597534761,749.1123597534761,59.227657318115234,80.02104949951172,174.2213020324707,364.2873840332031,10.0,0.1,2.0,457,0.10781449,True
1743,629,ok,True,True,20260907,5,analysis_activations,positive,False,4.3424946216870035,4.922288873292384,0.024224981227045254,0.12109029276103186,0.15564376385530276,0.34798030513382777,0.5845588521021302,0.41544114789786984,0.41544114789786984,2.1509646374049827,2,12,588.0650420901852,414.9081564241214,173.15688566606383,173.15688566606383,61.21009826660156,87.4603271484375,211.33176574707036,372.99993896484375,10.0,0.1,2.0,170,0.14633518,False
1747,335,ok,True,False,20260907,5,analysis_activations,positive,False,4.169337933696003,4.492627377475211,0.005561613500202926,0.051337617409729815,0.07457622610593087,0.22657806030092545,0.5878374459631641,0.41216255403683577,0.41216255403683577,1.9166963850334262,2,8,-42.9297461076238,-175.43207916066393,132.50233305304013,132.50233305304013,57.25770568847656,67.98249816894531,114.45208892822268,234.50390625,10.0,0.1,2.0,120,0.049899437,False
1769,927,ok,True,True,20260907,5,analysis_activations,positive,False,4.344883110686421,4.82383052744569,0.015895656246347274,0.09258776054299081,0.12607797684904082,0.3042823697538042,0.6695064837157048,0.3304935162842952,0.3304935162842952,2.0564642090698495,2,8,432.56065405162263,82.07502491952346,350.4856291320992,350.4856291320992,63.15624237060547,81.85254669189453,164.9456939697265,331.2389831542969,10.0,0.1,2.0,255,0.09209702,False
1772,1152,ok,True,True,20260907,5,analysis_activations,positive,False,4.3210272735048285,4.793743089647001,0.01470473149566799,0.07593610934839264,0.12126306731922952,0.27556507280203824,0.5265824604786382,0.47341753952136195,0.47341753952136195,2.220512223269325,2,13,623.8092646507881,331.5343251790167,292.2749394717714,292.2749394717714,61.7547607421875,86.66561889648438,171.51680603027344,317.95257568359375,10.0,0.1,2.0,351,0.09948525,False
1781,379,ok,True,True,20260907,5,analysis_activations,positive,False,4.346469078892536,4.937101899945407,0.025835834104527607,0.13412043544380944,0.16073529203173648,0.3662245696888856,0.5820038280733645,0.4179961719266355,0.4179961719266355,2.088487792151016,2,12,383.19747945751874,285.7228188039217,97.47466065359703,97.47466065359703,59.74419403076172,86.85138702392578,227.39483337402342,363.5338134765625,10.0,0.1,2.0,152,0.15637584,False
1806,281,ok,True,True,20260907,5,analysis_activations,positive,False,4.322258061253746,5.647979282397542,0.10771535496014746,0.11282939275830202,0.32820017513728944,0.3359008674569061,0.43654899268704384,0.5634510073129562,0.43654899268704384,3.992260265402535,2,3,637.0790480629136,549.9558593284639,87.12318873444963,87.12318873444963,47.03224182128906,175.52760314941406,440.85491943359375,505.9451599121094,10.0,0.1,2.0,159,0.544843,False
1829,379,ok,True,False,20260907,5,analysis_activations,positive,False,4.267880702518954,4.829262951013632,0.03294279550949781,0.1318153753617676,0.1815015027747644,0.3630638722893915,0.5637491375144781,0.43625086248552203,0.43625086248552203,1.9559159694492279,2,6,377.3656503598618,321.3386817747309,56.026968585130874,56.026968585130874,53.07707214355469,83.1277847290039,192.19257507324215,434.7239990234375,10.0,0.1,2.0,71,0.15398811,False
1844,1682,ok,True,True,20260907,5,analysis_activations,positive,False,4.111981154842603,4.653822945383787,0.010868666493290817,0.1348375510162151,0.10425289681006862,0.36720232980771667,0.5200350837149326,0.47996491628506743,0.47996491628506743,2.007467178807125,2,21,1524.4374785974462,724.2834456881556,800.1540329092907,800.1540329092907,52.00059509277344,68.96556854248047,173.1454994201658,354.0024108886719,10.0,0.1,2.0,295,0.14373404,True
1848,904,ok,True,True,20260907,5,analysis_activations,positive,False,4.390173623619648,5.0733976627897714,0.028180248133356487,0.1922599477124727,0.16786973560876448,0.4384745690601368,0.717303197648094,0.282696802351906,0.282696802351906,2.0579401596801676,2,7,973.0506102679481,539.5218616777343,433.5287485902138,433.5287485902138,62.427249908447266,85.47074890136719,239.79075622558585,498.74847412109375,10.0,0.1,2.0,205,0.16940798,False
1861,259,ok,True,True,20260907,5,analysis_activations,positive,False,4.413926299286582,4.880595801320011,0.018875150154775564,0.05258342777119717,0.13738686310843393,0.22931076680172952,0.6733038042264234,0.32669619577357667,0.32669619577357667,2.468864374321187,2,5,84.70706610130054,40.47885915404773,44.22820694725281,44.22820694725281,66.43891906738281,89.88563537597656,155.9295883178711,258.04083251953125,10.0,0.1,2.0,167,0.07809228,False
1875,2150,ok,True,True,20260907,5,analysis_activations,positive,False,4.181745948155853,4.439828132780469,0.005315452800535297,0.024592565870742374,0.07290715191622353,0.15682017048435565,0.5706008363808917,0.4293991636191084,0.4293991636191084,2.1104700946128303,2,10,-1428.6595576861566,-1965.7165843925725,537.0570267064159,537.0570267064159,57.698577880859375,69.25644302368164,101.34868545532225,140.17129516601562,10.0,0.1,2.0,336,0.029925518,False
1891,210,ok,True,True,20260907,5,analysis_activations,positive,False,4.425935759946346,5.2243232489821345,0.06803169054600777,0.09892418199529168,0.2608288529783616,0.31452214865616646,0.5526505408677366,0.44734945913226354,0.44734945913226354,2.763298942561524,2,4,306.46259321908724,295.52081293374,10.94178028534725,10.94178028534725,55.3536376953125,115.6473388671875,273.68635559082026,353.84527587890625,10.0,0.1,2.0,147,0.24058467,False
1903,364,ok,True,True,20260907,5,analysis_activations,positive,False,4.528017436498743,5.272560171620754,0.04889668170335691,0.22234581009446147,0.2211259408196083,0.4715355873043534,0.6272633817279737,0.37273661827202637,0.37273661827202637,2.0217421498514074,2,6,530.0641502799971,443.0051073845084,87.05904289548869,87.05904289548869,65.19593811035156,106.14427947998047,334.9571502685543,562.8250732421875,10.0,0.1,2.0,134,0.24382424,False
1915,530,ok,True,True,20260907,5,analysis_activations,positive,False,3.956154311521459,4.973236626406834,0.04088199166939358,0.3666838761486229,0.2021929565276535,0.6055442809148006,0.733537702124201,0.2664622978757991,0.2664622978757991,2.253057095838633,2,13,928.8525704978304,576.3342830732273,352.51828742460305,352.51828742460305,38.254005432128906,54.92041778564453,302.7208862304685,475.1192321777344,10.0,0.1,2.0,252,0.3305137,False
1917,701,ok,True,True,20260907,5,analysis_activations,positive,False,4.373805668309441,5.090442471985702,0.060032939603736006,0.10889419862520969,0.2450162027371578,0.32999120992112757,0.5687780161139793,0.4312219838860208,0.4312219838860208,2.46583716241141,2,4,898.5752463149504,840.5624669831518,58.01277933179858,58.01277933179858,51.177978515625,99.96630859375,248.65707397460938,375.1292419433594,10.0,0.1,2.0,316,0.20736045,False
1937,332,ok,True,True,20260907,5,analysis_activations,positive,False,4.542160578486969,5.013430984339307,0.024597924678784085,0.061200038218879795,0.15683725539164503,0.24738641478238008,0.6698618012736057,0.3301381987263941,0.3301381987263941,2.2753419715625367,2,4,138.46744066300533,96.46537570970968,42.00206495329566,42.00206495329566,70.80950927734375,101.20916748046875,200.3119964599609,289.6629638671875,10.0,0.1,2.0,178,0.08605572,False
1960,608,ok,True,True,20260907,5,analysis_activations,positive,False,4.320074407229141,4.919781191222531,0.021631175690697287,0.12132225171405064,0.14707540817790474,0.34831343889383687,0.6213566208001192,0.3786433791998808,0.3786433791998808,2.243141516025691,2,11,559.9509227860984,343.9311147592133,216.01980802688513,216.01980802688513,59.99797058105469,82.72241973876953,205.40194091796866,343.99920654296875,10.0,0.1,2.0,216,0.14423013,False
1964,667,ok,True,True,20260907,5,analysis_activations,positive,False,4.214830249966026,4.867149158365492,0.025845118126070394,0.13306223927104252,0.16076416928554196,0.3647769719582673,0.5238392196902306,0.4761607803097693,0.4761607803097693,2.314211047371554,2,13,773.2511556909307,606.0749332470616,167.17622244386905,167.17622244386905,52.63508605957031,81.9923324584961,214.10299224853512,366.6812438964844,10.0,0.1,2.0,155,0.18330981,False
1994,255,ok,True,True,20260907,5,analysis_activations,positive,False,4.703389690774489,5.486568918992272,0.148300680046001,0.05840949761966567,0.3850982732316532,0.24168056938791266,0.3664910240219287,0.6335089759780713,0.3664910240219287,2.4361006526571165,2,4,364.11112552165093,330.03802073334714,34.073104788303795,34.073104788303795,51.724853515625,202.08721923828125,342.46686706542954,401.04345703125,10.0,0.1,2.0,157,0.23468253,False
2012,405,ok,True,True,20260907,5,analysis_activations,positive,False,4.21002418137506,4.824720531260395,0.030652116747452447,0.07590858264563972,0.17507745927860743,0.27551512235381875,0.579363858253467,0.420636141746533,0.420636141746533,2.6630363894458227,2,5,370.1621903328911,307.32069482301023,62.84149550988087,62.84149550988087,51.167572021484375,80.86276245117188,173.57343749999998,266.36993408203125,10.0,0.1,2.0,193,0.14212151,False
2028,418,ok,True,True,20260907,5,analysis_activations,positive,False,4.206729668456503,4.795744000813561,0.02113194129332497,0.11161928537326345,0.1453682953512387,0.3340947251503134,0.7618103125942272,0.23818968740577284,0.23818968740577284,2.2862387894973106,2,7,258.74879469517566,76.12142656987696,182.6273681252987,182.6273681252987,53.33500671386719,69.39848327636719,161.8224327087402,276.85723876953125,10.0,0.1,2.0,186,0.10589117,False
2038,701,ok,True,True,20260907,5,analysis_activations,positive,False,4.30478254583658,5.034554888553538,0.03227634738306306,0.2245614484740112,0.1796561921645426,0.47387914965105943,0.7081979258929402,0.29180207410705983,0.29180207410705983,2.036446152266474,2,10,868.7572011120785,536.0329627147638,332.7242383973147,332.7242383973147,56.226776123046875,79.07951354980469,253.29620361328125,487.7290954589844,10.0,0.1,2.0,267,0.19872509,False
2050,246,ok,True,True,20260907,5,analysis_activations,positive,False,4.224155052083376,5.524516641485626,0.10806042651742762,0.156983697744181,0.3287254576655535,0.39621168299809256,0.5057435890138946,0.4942564109861054,0.4942564109861054,3.57207065077383,2,3,564.2510288843035,509.06121963987977,55.18980924442377,55.18980924442377,43.77662658691406,119.76475524902344,405.7816619873047,506.3469543457031,10.0,0.1,2.0,131,0.55718446,False
2078,766,ok,True,False,20260907,5,analysis_activations,positive,False,4.293167746164677,4.625534488965748,0.010583269229349865,0.05666939841405034,0.10287501751810235,0.2380533520327961,0.6229364556760201,0.3770635443239799,0.3770635443239799,1.8124991058011666,2,6,-50.00232024977139,-257.6392892173071,207.63696896753572,207.63696896753572,62.24501037597656,77.73001098632812,127.85398864746094,236.45877075195312,10.0,0.1,2.0,165,0.05397754,False
2081,356,ok,True,False,20260907,5,analysis_activations,positive,False,4.143674241370671,4.6691708577124595,0.012393740729338033,0.1600046445368587,0.11132717875405823,0.4000058056289417,0.6599052995975173,0.34009470040248263,0.34009470040248263,1.7898569602128735,2,12,280.52647378641257,69.89494882708892,210.63152495932366,210.63152495932366,52.847251892089844,66.50697326660156,154.0303955078125,535.8740844726562,10.0,0.1,2.0,144,0.12492102,False
2105,1386,ok,True,True,20260907,5,analysis_activations,positive,False,4.31276757936625,4.96153776494619,0.021431231503906818,0.16029697112880573,0.14639409654732263,0.400371041820966,0.5621120377559116,0.4378879622440885,0.4378879622440885,2.152259907775313,2,15,1615.3074263005037,1070.947629855919,544.3597964445846,544.3597964445846,59.99188995361328,85.66472625732422,235.69373321533203,516.27099609375,10.0,0.1,2.0,387,0.18597399,False
2126,1506,ok,True,True,20260907,5,analysis_activations,positive,False,4.422210933823753,5.323109006289889,0.08694632616354073,0.09151925352626543,0.29486662436352595,0.30252149266831513,0.46460288135095135,0.5353971186490487,0.46460288135095135,3.0158755891144695,2,3,2430.876593608331,2236.0012503456787,194.87534326265222,194.87534326265222,51.73534393310547,136.0921630859375,300.8807678222656,426.578369140625,10.0,0.1,2.0,71,0.29147497,False
2151,729,ok,True,True,20260907,5,analysis_activations,positive,False,4.378679394223632,4.94113846314629,0.027252130709230906,0.04942298057305724,0.16508219379821346,0.22231279894117037,0.5212817412731111,0.4787182587268889,0.4787182587268889,2.8726235329232668,2,4,516.691412634603,424.3101503247629,92.38126230984011,92.38126230984011,61.154083251953125,100.21343994140625,187.39585571289064,250.20712280273438,10.0,0.1,2.0,302,0.116972,False
2168,971,ok,True,True,20260907,5,analysis_activations,positive,False,4.259840366263219,4.616642692686234,0.009301479087513106,0.05179925425978951,0.09644417601655947,0.22759449523173778,0.5752682931567007,0.4247317068432993,0.4247317068432993,2.041359357093997,2,11,12.205387432738117,-265.0914335922499,277.29682102498805,277.29682102498805,60.41576385498047,76.75617980957031,130.40760040283203,203.67466735839844,10.0,0.1,2.0,330,0.05851667,False
2177,490,ok,True,True,20260907,5,analysis_activations,positive,False,4.39402649010937,4.885338308056192,0.01938304086380687,0.09485492137787283,0.13922298971005784,0.30798526162443685,0.7076022765688555,0.29239772343114445,0.29239772343114445,2.055734312200548,2,5,230.58227345638056,69.61018753984831,160.97208591653225,160.97208591653225,65.93392181396484,85.16642761230469,179.96810302734343,280.560791015625,10.0,0.1,2.0,150,0.09158017,False
2186,776,ok,True,True,20260907,5,analysis_activations,positive,False,4.341471655907681,5.309190871038682,0.08626866803368471,0.14710278089397838,0.2937152839633728,0.38353980353279943,0.5960157451564285,0.4039842548435715,0.4039842548435715,2.832960381721577,2,4,1369.9237091462453,1258.2431474206398,111.68056172560546,111.68056172560546,48.20092010498047,101.2990951538086,326.1300964355469,476.4264221191406,10.0,0.1,2.0,83,0.33676445,False
2226,658,ok,True,True,20260907,5,analysis_activations,positive,False,4.284268082908828,4.599261999405379,0.006969745695985258,0.03838873108987403,0.08348500282077768,0.19593042410476744,0.6309821382647938,0.3690178617352062,0.3690178617352062,2.0916447905004962,2,10,-210.8694677057161,-427.48733853541773,216.61787082970164,216.61787082970164,63.46766662597656,75.94744491577148,123.77632827758788,184.748291015625,10.0,0.1,2.0,267,0.04172935,False
2243,1160,ok,True,False,20260907,5,analysis_activations,positive,False,4.281873384420971,4.688465871121636,0.010551579037526033,0.08412830569973542,0.10272087926768361,0.290048798824845,0.6907944651231599,0.30920553487684005,0.30920553487684005,1.8687253918526427,2,10,198.08092769291747,-368.3215731367047,566.4025008296222,566.4025008296222,61.9217643737793,74.57880401611328,138.7955581665039,270.35882568359375,10.0,0.1,2.0,241,0.06867149,False
2276,1540,ok,True,True,20260907,5,analysis_activations,positive,False,4.187138329843748,4.566777462107773,0.01055399000815583,0.057339833951316435,0.10273261414057286,0.23945737397565445,0.528197809376597,0.47180219062340295,0.47180219062340295,2.0604915361023153,2,13,257.36879231102364,-128.5840869977385,385.95287930876214,385.95287930876214,55.335426330566406,72.99493408203125,131.97257385253906,191.42950439453125,10.0,0.1,2.0,424,0.06858809,False
2280,490,ok,True,False,20260907,5,analysis_activations,positive,False,4.330457083738677,4.7546925508953555,0.012238240564167094,0.0795108830643732,0.11062658163464645,0.2819767420628397,0.810055001639499,0.1899449983605011,0.1899449983605011,1.9807105250340646,2,7,-39.1204921335419,-272.6710294179138,233.5505372843719,233.5505372843719,64.74440002441406,76.30196380615234,133.40488967895504,298.0810852050781,10.0,0.1,2.0,162,0.052815273,False
2302,715,ok,True,True,20260907,5,analysis_activations,positive,False,4.35257264779149,5.03366354568711,0.026453621916640174,0.13366362757902353,0.16264569443007146,0.36560036594487094,0.45743537385748395,0.5425646261425161,0.45743537385748395,2.407138137390598,2,17,890.590476724585,742.2550724440655,148.33540428051947,148.33540428051947,60.000816345214844,101.97096252441406,255.71828155517568,444.7203369140625,10.0,0.1,2.0,240,0.20003141,False
2315,519,ok,True,False,20260907,5,analysis_activations,positive,False,4.278581589904608,4.897757757152202,0.012707215836795703,0.1864957453345885,0.11272628724834195,0.4318515315876377,0.5127339096298216,0.4872660903701784,0.4872660903701784,1.961920180428317,2,16,632.0304111469052,381.2675793640285,250.76283178287667,250.76283178287667,60.99115753173828,82.9177474975586,249.7454193115234,570.7391357421875,10.0,0.1,2.0,153,0.19354324,False
2354,691,ok,True,True,20260907,5,analysis_activations,positive,False,3.943087406185834,4.516993757009718,0.024895511144132975,0.08605777863324286,0.15778311425540115,0.29335606118374796,0.5313749597151476,0.4686250402848524,0.4686250402848524,2.4366095198638935,2,8,593.2700623496551,474.4143051024819,118.85575724717319,118.85575724717319,39.46589660644531,60.897674560546875,134.75502014160156,204.82662963867188,10.0,0.1,2.0,123,0.13577107,False
2398,772,ok,True,True,20260907,5,analysis_activations,positive,False,4.372780690313339,4.800140707930082,0.009710818232977448,0.07387200824617457,0.09854348397016136,0.2717940548396425,0.5443225159273263,0.4556774840726737,0.4556774840726737,2.09050090416142,2,15,294.20915645983484,19.228898779593997,274.98025768024087,274.98025768024087,67.98406982421875,87.12182235717773,169.92171554565425,269.8119201660156,10.0,0.1,2.0,229,0.08435626,False
2420,1004,ok,True,False,20260907,5,analysis_activations,positive,False,4.1116998329765595,4.629185026728841,0.016218984522350446,0.12461759887800386,0.12735377702428163,0.3530121795037727,0.637338677838282,0.36266132216171804,0.36266132216171804,1.9500923818896734,2,10,712.5429232350855,273.76215390798063,438.78076932710485,438.78076932710485,50.45423889160156,64.69017791748047,151.68363113403305,327.043212890625,10.0,0.1,2.0,289,0.11754382,False
2431,1001,ok,True,True,20260907,5,analysis_activations,positive,False,4.292298805474348,4.739335671544996,0.010924280871709203,0.06648786681929893,0.10451928468808616,0.25785241286305416,0.47900070640223585,0.5209992935977642,0.47900070640223585,2.272237795367555,2,21,441.33017876193617,180.6545895524692,260.675589209467,260.675589209467,61.321510314941406,85.82056427001953,161.87939453125,243.13671875,10.0,0.1,2.0,291,0.08983402,False
2483,390,ok,True,True,20260907,5,analysis_activations,positive,False,4.34689323356525,5.198212677480368,0.02088494691234419,0.19702762355886422,0.14451625137798238,0.4438779376797908,0.383574626670818,0.6164253733291821,0.383574626670818,2.579089472349471,2,18,650.226166896279,543.6403826400366,106.58578425624239,106.58578425624239,62.139137268066406,115.59747314453125,348.1264358520507,482.19586181640625,10.0,0.1,2.0,156,0.30159837,False
2491,1080,ok,True,False,20260907,5,analysis_activations,positive,False,4.237594726076387,4.595320034245283,0.01038913920807267,0.06333469027549524,0.101927126948976,0.25166384379861806,0.6463649878792093,0.3536350121207908,0.3536350121207908,1.8632053447273031,2,9,10.498794060413443,-368.0725278967212,378.57132195713467,378.57132195713467,59.192466735839844,72.41210174560547,127.38231048583982,237.3563232421875,10.0,0.1,2.0,199,0.058416035,False
2507,289,ok,True,True,20260907,5,analysis_activations,positive,False,4.287721601943129,4.691617036027363,0.014813320563080967,0.06626097604029887,0.12170998546989054,0.2574120743871563,0.5982991115713627,0.40170088842863727,0.40170088842863727,2.0060527405290403,2,6,81.67760225322,24.555406729245696,57.122195523974305,57.122195523974305,60.48822021484375,79.87716674804688,143.39553833007807,261.3674011230469,10.0,0.1,2.0,131,0.074944764,False
2508,463,ok,True,True,20260907,5,analysis_activations,positive,False,4.457820062005382,4.92644508690139,0.024825800983800907,0.05584172189590153,0.15756205439064605,0.23630853115345102,0.6638366084953439,0.33616339150465624,0.33616339150465624,2.3334103177139456,2,4,180.81387004624372,126.15846624760871,54.65540379863501,54.65540379863501,65.91625213623047,95.256103515625,172.23764648437495,291.2674560546875,10.0,0.1,2.0,155,0.08444109,False
2515,870,ok,True,True,20260907,5,analysis_activations,positive,False,4.359291980131234,4.743891682536729,0.014631726882427597,0.0473442078229166,0.12096167526298401,0.21758724186614573,0.643460845534675,0.35653915446532497,0.35653915446532497,2.184803581105243,2,5,38.13630504120587,-135.24952802177643,173.3858330629823,173.3858330629823,64.86055755615234,84.14234161376953,146.13275299072262,234.7098388671875,10.0,0.1,2.0,308,0.060298305,False
2546,624,ok,True,True,20260907,5,analysis_activations,positive,False,4.607221283991494,5.397271265512171,0.06016313093129299,0.12746186025537876,0.2452817378674837,0.3570180111078134,0.5796532213088909,0.4203467786911091,0.4203467786911091,2.579432827608296,2,5,894.5777077637964,816.418098533878,78.15960922991837,78.15960922991837,69.3034439086914,127.39368438720703,336.38232879638673,560.64306640625,10.0,0.1,2.0,259,0.24092154,False
2576,313,ok,True,True,20260907,5,analysis_activations,positive,False,4.451944854945041,5.089934866894588,0.02338314043506645,0.16401203783766616,0.1529154682661844,0.4049839970142847,0.667974643617769,0.3320253563822309,0.3320253563822309,2.0842493341135384,2,9,326.82944151690083,194.94452429270518,131.88491722419565,131.88491722419565,67.35218811035156,93.34208679199219,244.06893615722637,489.2139892578125,10.0,0.1,2.0,98,0.16086172,False
2611,239,ok,True,True,20260907,5,analysis_activations,positive,False,4.341230726510861,4.927130010781008,0.014459318733775883,0.12794118873469074,0.12024690737717907,0.3576886757149166,0.765358261260392,0.23464173873960803,0.23464173873960803,2.1957464881335618,2,9,145.33301751530408,-6.317910780861453,151.65092829616555,151.65092829616555,64.00309753417969,78.8376693725586,170.1451339721679,300.86273193359375,10.0,0.1,2.0,114,0.103165135,False
2623,1281,ok,True,False,20260907,5,analysis_activations,positive,False,4.28027927535106,4.566511607063701,0.006712015026822674,0.04106310188511925,0.0819268883018431,0.202640326403999,0.6575885772107587,0.34241142278924125,0.34241142278924125,1.8519651375836181,2,8,-576.3616315874139,-1034.7322088859944,458.37057729858054,458.37057729858054,63.56867980957031,74.46003723144531,114.34381866455078,233.2130584716797,10.0,0.1,2.0,332,0.036949705,False
2632,656,ok,True,False,20260907,5,analysis_activations,positive,False,4.380650847483016,4.815928853950281,0.015484601240180432,0.08205793812039955,0.12443713770486861,0.2864575677485228,0.6745111338113646,0.3254888661886355,0.3254888661886355,1.9709912347981131,2,7,207.40380776020817,-11.49017641076626,218.89398417097442,218.89398417097442,66.61665344238281,84.75918197631836,170.41547393798828,299.8558654785156,10.0,0.1,2.0,161,0.07886941,False
2647,378,ok,True,True,20260907,5,analysis_activations,positive,False,4.165041655046341,4.834805638033136,0.011082040201185098,0.19768487747597294,0.1052712695904495,0.4446176756225206,0.5406094174850969,0.45939058251490317,0.45939058251490317,2.0730317209898685,2,13,491.42811970182856,260.6829484884609,230.74517121336766,230.74517121336766,54.802528381347656,72.36953735351562,247.58494644165037,366.6354675292969,10.0,0.1,2.0,145,0.208763,False
2663,234,ok,True,True,20260907,5,analysis_activations,positive,False,4.221328003462697,4.689637781113865,0.0051611649328010606,0.06836056265354289,0.07184124812947684,0.2614585295100217,0.2996981253515081,0.7003018746484918,0.2996981253515081,2.4425326146319515,2,16,125.26789493723814,83.15936961721229,42.10852532002585,42.10852532002585,59.73987579345703,92.69940185546875,169.06574401855468,196.79080200195312,10.0,0.1,2.0,147,0.09585795,False
2670,998,ok,True,True,20260907,5,analysis_activations,positive,False,4.350997313835362,4.839792094383844,0.013788490615340307,0.10459291567017955,0.11742440383216901,0.32340828015092554,0.5189840093002751,0.481015990699725,0.481015990699725,2.0090919346648906,2,14,705.6592117962188,390.41234104166017,315.2468707545586,315.2468707545586,64.55261993408203,88.17344284057617,200.47757949829102,339.96258544921875,10.0,0.1,2.0,174,0.117227174,False
2711,250,ok,True,True,20260907,5,analysis_activations,positive,False,4.592347694277536,5.260561372452099,0.04503684404962664,0.07861874958592752,0.21221885884535954,0.2803903521627082,0.6754707044468873,0.3245292955531127,0.3245292955531127,2.6873453171413595,2,4,252.508612241902,225.01526656490643,27.493345676995574,27.493345676995574,70.79336547851562,115.46730041503906,273.70079498291017,347.8432312011719,10.0,0.1,2.0,141,0.1544313,False
2712,1024,ok,True,False,20260907,5,analysis_activations,positive,False,4.148936997693852,4.625777982232422,0.007800091262713629,0.10941433702342584,0.08831812533514075,0.33077838052603414,0.5081806167796291,0.491819383220371,0.491819383220371,1.969690712014166,2,17,701.5864954057483,211.74717026311717,489.8393251426312,489.8393251426312,55.1734733581543,70.479248046875,158.9190734863281,376.59619140625,10.0,0.1,2.0,226,0.1147161,False
2768,230,ok,True,True,20260907,5,analysis_activations,positive,False,4.345842473414118,5.537651002087878,0.10631726251767237,0.14871286558178712,0.32606327992840956,0.385633071172309,0.7070976564784412,0.2929023435215588,0.2929023435215588,3.337534335320843,2,3,460.15002088908744,410.00539352371186,50.144627365375584,50.144627365375584,45.616546630859375,91.02682495117188,367.2706649780271,463.3682861328125,10.0,0.1,2.0,153,0.41471857,False
2798,483,ok,True,True,20260907,5,analysis_activations,positive,False,4.248441142751951,4.640875104506195,0.01273112699269095,0.051918550376374835,0.11283229587618497,0.22785642491791808,0.6434705569890473,0.3565294430109526,0.3565294430109526,2.1827218786096068,2,7,40.26947714980459,-77.2130913166974,117.48256846650199,117.48256846650199,57.76576232910156,74.71736145019531,131.38125762939453,211.2611083984375,10.0,0.1,2.0,183,0.062161364,False
2804,368,ok,True,False,20260907,5,analysis_activations,positive,False,4.177963391290143,4.882040539310558,0.017240305192797043,0.23107489425120434,0.13130234267825172,0.48070250077486004,0.7331585052886981,0.2668414947113019,0.2668414947113019,1.9981753394595758,2,8,406.83822049827336,121.93393143747647,284.9042890607969,284.9042890607969,53.8119010925293,66.84593200683594,184.8944229125976,502.81640625,10.0,0.1,2.0,196,0.1717479,False
2817,529,ok,True,True,20260907,5,analysis_activations,positive,False,4.3473990621713305,4.763882961245442,0.009382695564137926,0.06016799424985483,0.0968643152256698,0.2452916514067587,0.5778128638399742,0.42218713616002584,0.42218713616002584,2.23337933589889,2,12,130.2215800574242,-54.047305935623754,184.26888599304795,184.26888599304795,65.99169158935547,84.13458251953125,157.97698364257812,255.9575653076172,10.0,0.1,2.0,194,0.07327559,False
2865,288,ok,True,True,20260907,5,analysis_activations,positive,False,4.337636148493057,4.774577890279144,0.015171516575333988,0.07573751271095973,0.12317271035149786,0.27520449253411494,0.5452683178354739,0.45473168216452614,0.45473168216452614,2.0494391264052227,2,11,135.30639874944833,77.43705148395242,57.86934726549592,57.86934726549592,63.7843017578125,86.96682739257812,168.95380172729486,342.6799011230469,10.0,0.1,2.0,105,0.09036386,False
2876,221,ok,True,True,20260907,5,analysis_activations,positive,False,4.516576539163276,5.041620768515411,0.028129183506671616,0.09831275017529273,0.16771757065576529,0.3135486408442759,0.5135176413925231,0.4864823586074769,0.4864823586074769,2.0881674558431333,2,6,189.005780429075,170.92584844865897,18.079931980416035,18.079931980416035,68.85614013671875,108.20880126953125,247.60665893554688,328.654296875,10.0,0.1,2.0,142,0.1317348,False
2900,1014,ok,True,False,20260907,5,analysis_activations,positive,False,4.221216803222295,4.519567969107461,0.00690634753168305,0.04220703101240265,0.08310443749694146,0.20544349834541528,0.6148426397475342,0.3851573602524658,0.3851573602524658,1.9038942920817425,2,9,-333.18194654647846,-661.4510162186164,328.2690696721379,328.2690696721379,59.278804779052734,71.24857330322266,113.32631072998045,207.6516571044922,10.0,0.1,2.0,351,0.04162193,False
2912,479,ok,True,False,20260907,5,analysis_activations,positive,False,4.218003626035096,4.524034534317761,0.005644185655131526,0.04743603602609093,0.07512779548962904,0.21779815432204866,0.5720105454959646,0.4279894545040353,0.4279894545040353,1.8785117898039663,2,10,-98.4661593064161,-270.77731741604424,172.31115810962814,172.31115810962814,59.447933197021484,71.45585632324219,114.75397644042968,234.25411987304688,10.0,0.1,2.0,155,0.046554938,False
2915,301,ok,True,False,20260907,5,analysis_activations,positive,False,4.275102323951687,4.705387899143653,0.010371505086328605,0.10215881379032501,0.10184058663582317,0.3196229243817236,0.6599398095117477,0.3400601904882522,0.3400601904882522,1.8139988616621054,2,10,116.93735257320785,-28.676689465774565,145.6140420389824,145.6140420389824,61.55774688720703,75.36182403564453,141.36947631835938,259.60650634765625,10.0,0.1,2.0,83,0.0834111,False
2922,279,ok,True,True,20260907,5,analysis_activations,positive,False,4.144812009944944,4.875452210832669,0.03535244612277587,0.13005586432380248,0.18802246175065326,0.36063258910392787,0.6312263213843144,0.3687736786156856,0.3687736786156856,2.540621091081725,2,7,346.27653320615616,276.6663576789558,69.61017552720034,69.61017552720034,47.25267028808594,72.06178283691406,196.7179504394531,327.67218017578125,10.0,0.1,2.0,98,0.19524145,False
2935,674,ok,True,False,20260907,5,analysis_activations,positive,False,4.3307085747414495,4.663716284323535,0.012646350447421132,0.047941704752869144,0.11245599338150516,0.21895594249270592,0.658667897914261,0.34133210208573905,0.34133210208573905,1.9132678761929542,2,5,-98.44870897838001,-236.25716146085557,137.80845248247556,137.80845248247556,64.04068756103516,80.42269134521484,129.52231521606447,268.87933349609375,10.0,0.1,2.0,178,0.04969832,False
2992,655,ok,True,False,20260907,5,analysis_activations,positive,False,4.3966055556911785,4.822607503423469,0.014655061409718735,0.08929499044984006,0.12105809105433117,0.29882267392190986,0.6443611560518576,0.35563884394814244,0.35563884394814244,1.868590891000735,2,9,239.851146985772,18.127295301837762,221.72385168393424,221.72385168393424,67.65513610839844,86.32728576660156,174.70678710937494,354.491943359375,10.0,0.1,2.0,317,0.08291286,False
2996,1983,ok,True,True,20260907,5,analysis_activations,positive,False,4.211091376797907,4.448009962565816,0.004559615655839431,0.02276646199444252,0.06752492618166592,0.1508855924018013,0.5978940955343267,0.4021059044656733,0.4021059044656733,2.0268680662592646,2,10,-1642.876701038704,-2199.2252126030066,556.3485115643027,556.3485115643027,60.18444061279297,70.22474670410156,100.27638244628905,153.14794921875,10.0,0.1,2.0,321,0.025387174,False
3030,238,ok,True,True,20260907,5,analysis_activations,positive,False,4.420506644138603,5.029550523250007,0.022770332676810945,0.1476595493968303,0.15089841840394136,0.3842649468749788,0.6306101971506255,0.36938980284937445,0.36938980284937445,2.08636701967582,2,9,243.12111533974493,162.59234607398787,80.52876926575706,80.52876926575706,66.25167846679688,91.92912292480469,223.99016418457018,544.0945434570312,10.0,0.1,2.0,129,0.15596321,False
3056,278,ok,True,True,20260907,5,analysis_activations,positive,False,4.389246357423204,4.793498858795371,0.01506084411904372,0.047989701970332706,0.12272263083491862,0.21906551981161412,0.7030806904268557,0.2969193095731444,0.2969193095731444,2.276791636799345,2,5,13.159878848219723,-42.438461482665474,55.59834033088519,55.59834033088519,66.57894134521484,84.93717956542969,146.36388626098622,190.8492431640625,10.0,0.1,2.0,131,0.059165224,False
3074,424,ok,True,True,20260907,5,analysis_activations,positive,False,4.176804321819409,4.598722659629296,0.011609383434932492,0.07400209094382736,0.10774684883991964,0.2720332533787503,0.5922100935126561,0.4077899064873438,0.4077899064873438,2.0392825880444163,2,16,144.67114717469698,5.8100830957553455,138.86106407894164,138.86106407894164,54.741676330566406,69.49891662597656,140.71758422851562,193.67767333984375,10.0,0.1,2.0,133,0.08023079,False
3114,781,ok,True,False,20260907,5,analysis_activations,positive,False,4.364648252650182,4.875586099279846,0.020536041033594955,0.11658466684454911,0.14330401611118565,0.3414449689840943,0.6470332344035231,0.35296676559647694,0.35296676559647694,1.9513337128241186,2,10,534.1120556665037,273.05659843499114,261.05545723151255,261.05545723151255,63.5075569152832,84.57552337646484,193.21266174316406,462.53082275390625,10.0,0.1,2.0,205,0.11420379,False
3129,363,ok,True,True,20260907,5,analysis_activations,positive,False,4.451641656487067,5.322862704460947,0.027800898740862282,0.201957465715394,0.16673601512829278,0.44939677982312465,0.5315627562887308,0.46843724371126905,0.46843724371126905,2.5704413050470594,2,13,602.9326117129796,461.62219410365407,141.3104176093255,141.3104176093255,67.16165924072266,108.3826675415039,362.6630676269531,545.5523681640625,10.0,0.1,2.0,148,0.29920608,False
3136,637,ok,True,True,20260907,5,analysis_activations,positive,False,4.429342235518546,5.054475670694785,0.008807745043857923,0.10790326833610554,0.09384958733983823,0.32848632899423,0.22547763402727905,0.774522365972721,0.22547763402727905,2.5878065367464207,2,26,628.1342224047797,544.8355737605742,83.29864864420551,83.29864864420551,71.59982299804688,136.44259643554688,258.07705078124997,428.13568115234375,10.0,0.1,2.0,287,0.15404722,False
3137,1419,ok,True,False,20260907,5,analysis_activations,positive,False,3.91456942948782,4.502036202409324,0.026484068109971143,0.195672434993534,0.16273926419266846,0.4423487707607358,0.8306366231834792,0.16936337681652078,0.16936337681652078,1.7626609792214505,2,4,825.48923155505,111.30866869019536,714.1805628648547,714.1805628648547,39.07325744628906,49.81657409667969,100.10915527343741,380.1878662109375,10.0,0.1,2.0,369,0.10376127,False
3156,1040,ok,True,False,20260907,5,analysis_activations,positive,False,4.311423179087993,4.604110118425687,0.008389797825410729,0.038480444828645356,0.09159583956387282,0.1961643311834375,0.646083087754789,0.35391691224521094,0.35391691224521094,1.9119201049036694,2,6,-418.6787005072648,-695.7391558056037,277.06045529833887,277.06045529833887,64.35130310058594,77.36126327514648,121.2494903564453,212.00572204589844,10.0,0.1,2.0,287,0.038663868,False
3176,330,ok,True,False,20260907,5,analysis_activations,positive,False,4.328275258508424,4.70917626226928,0.012113304186283506,0.06489745082490772,0.11006045696017942,0.25474978081424865,0.6084794024954792,0.39152059750452084,0.39152059750452084,1.9411157094337732,2,9,57.7693046625111,-26.678327120449033,84.44763178296013,84.44763178296013,63.834537506103516,81.70924758911133,145.48696670532226,228.07666015625,10.0,0.1,2.0,129,0.067547075,False
3179,706,ok,True,True,20260907,5,analysis_activations,positive,False,4.3533203117385035,4.681888813579458,0.010021467206796687,0.03905025378202877,0.1001072784906107,0.19761137057879227,0.5758847303232938,0.42411526967670626,0.42411526967670626,2.097612588450524,2,7,-116.93027911412021,-250.5238967832671,133.5936176691469,133.5936176691469,66.58322143554688,84.40132904052734,134.48283004760742,214.99514770507812,10.0,0.1,2.0,130,0.048768677,False
3190,1321,ok,True,True,20260907,5,analysis_activations,positive,False,4.603671170594457,5.231708832605248,0.04057707518128715,0.089377751649539,0.20143752178104046,0.2989611206319962,0.587584822382105,0.4124151776178951,0.4124151776178951,2.463794484031269,2,5,1311.328359734884,1140.9798423054601,170.34851742942396,170.34851742942396,72.30776977539062,120.5767822265625,267.98388671875,490.5843505859375,10.0,0.1,2.0,367,0.15640296,False
3234,1195,ok,True,True,20260907,5,analysis_activations,positive,False,4.062037795385374,4.7266528828618615,0.018370336450928195,0.18721197605099837,0.1355372142657809,0.43267999266316715,0.6864680497982091,0.31353195020179087,0.31353195020179087,2.0729666747014956,2,11,1262.199109745192,500.30537027821975,761.8937394669722,761.8937394669722,47.1788444519043,60.97231674194336,174.2592590332031,436.8612060546875,10.0,0.1,2.0,314,0.16651572,True
3246,429,ok,True,False,20260907,5,analysis_activations,positive,False,4.41973706171917,4.913291279016185,0.026017626167769887,0.11838266546147025,0.16129980213183737,0.3440678210200283,0.6560780528775759,0.3439219471224241,0.3439219471224241,1.8368167448420547,2,6,293.23619346860613,194.22521253590824,99.01098093269789,99.01098093269789,65.17391204833984,88.77523803710938,181.89283752441398,405.65545654296875,10.0,0.1,2.0,172,0.11301127,False
3256,316,ok,True,False,20260907,5,analysis_activations,positive,False,4.223944929189184,4.522326900156533,0.005962952236225867,0.03894775822287165,0.07722015433956259,0.19735186399644583,0.5403243274725518,0.4596756725274482,0.4596756725274482,1.991189591855328,2,11,-84.29064971999405,-165.98506810199186,81.6944183819978,81.6944183819978,60.01094055175781,72.69542694091797,117.58814239501953,174.26829528808594,10.0,0.1,2.0,177,0.043374725,False
3275,1104,ok,True,True,20260907,5,analysis_activations,positive,False,4.30583985437286,4.839246116955759,0.019959440702995875,0.10194018823372795,0.14127788469182243,0.3192807357698362,0.513585573070305,0.4864144269296951,0.4864144269296951,2.160587784433924,2,15,902.3531449961371,646.5787840725246,255.77436092361245,255.77436092361245,58.57579803466797,86.84841918945312,191.55593185424803,340.9239501953125,10.0,0.1,2.0,84,0.1310319,False
3285,811,ok,True,False,20260907,5,analysis_activations,positive,False,4.360200984921612,4.843111312522137,0.012726084481310532,0.12996271775054113,0.11280994850327046,0.36050342266134056,0.60877715327475,0.39122284672525004,0.39122284672525004,1.8079505387483157,2,15,554.7205436938069,167.5088733874418,387.21167030636514,387.21167030636514,66.01891326904297,83.6009292602539,192.39846801757812,527.1590576171875,10.0,0.1,2.0,268,0.11427286,False
3295,342,ok,True,True,20260907,5,analysis_activations,positive,False,4.461821862081303,5.135402232427467,0.03591965725854139,0.09683570850098294,0.18952481963727438,0.31118436416533357,0.6785577602091787,0.3214422397908214,0.3214422397908214,2.614438187588663,2,4,343.4328249246617,270.5335224833799,72.8993024412818,72.8993024412818,64.0455322265625,97.49361419677734,234.97265014648437,372.92779541015625,10.0,0.1,2.0,98,0.15491468,False
3327,244,ok,True,False,20260907,5,analysis_activations,positive,False,4.660958320281659,5.324244232793708,0.07314198099335956,0.132779092118277,0.27044774170504654,0.36438865530951564,0.5752463390190645,0.42475366098093553,0.42475366098093553,2.067118505209811,2,5,317.90807515526024,317.61993249482003,0.28814266044020087,0.28814266044020087,64.80734252929688,131.73606872558594,341.3987854003906,449.6129150390625,10.0,0.1,2.0,134,0.20681576,False
3338,307,ok,True,True,20260907,5,analysis_activations,positive,False,4.492547291840239,5.376712384866652,0.05536706411796516,0.10040347807667324,0.23530206993982258,0.3168650786638901,0.5859722724790926,0.41402772752090733,0.41402772752090733,3.168149717892931,2,3,473.4349665165674,414.85722073900007,58.577745777567316,58.577745777567316,62.781150817871094,116.35802459716797,311.3749969482422,393.3142395019531,10.0,0.1,2.0,178,0.26453286,False
3370,445,ok,True,True,20260907,5,analysis_activations,positive,False,4.309788787946605,4.6755634572845794,0.007444171029970437,0.052204255537249555,0.08627960958401723,0.22848250597638664,0.5355025794986052,0.46449742050139475,0.46449742050139475,2.118015471297864,2,13,34.16780298733815,-104.59547465415874,138.76327764149687,138.76327764149687,64.7528076171875,81.59054565429688,145.9218048095703,218.4848175048828,10.0,0.1,2.0,199,0.061651807,False
3373,219,ok,True,True,20260907,5,analysis_activations,positive,False,4.494990143501085,5.5106962909932315,0.10295082931600778,0.04757641008133108,0.32085951648035593,0.21812017348546897,0.2632750645787006,0.7367249354212995,0.2632750645787006,3.70233344597691,2,3,339.15617115803235,251.76146287040982,87.39470828762254,87.39470828762254,54.53992462158203,222.69488525390625,343.18865661621095,453.3774108886719,10.0,0.1,2.0,125,0.2634591,False
3377,1492,ok,True,True,20260907,5,analysis_activations,positive,False,4.078799566132144,4.58959437093504,0.0243042739012295,0.07296095975085772,0.15589828062307004,0.27011286483775204,0.5619457570560835,0.43805424294391654,0.43805424294391654,2.3162351721953787,2,6,953.3592519082305,710.4485377963537,242.9107141118768,242.9107141118768,45.590614318847656,68.42062377929688,135.86144409179687,295.90484619140625,10.0,0.1,2.0,390,0.109917745,False
3379,654,ok,True,True,20260907,5,analysis_activations,positive,False,4.460288638243001,4.974240290505896,0.024144132095818678,0.06036147669145015,0.15538382185999505,0.2456857274882897,0.6413668053192458,0.3586331946807542,0.3586331946807542,2.5003136797522973,2,4,349.0974157789864,233.8072243546125,115.29019142437389,115.29019142437389,67.77013397216797,95.72149658203125,192.21541290283204,273.3288879394531,10.0,0.1,2.0,195,0.098039515,False
3417,449,ok,True,True,20260907,5,analysis_activations,positive,False,4.355880986771946,4.853450152022391,0.015049317108855704,0.09142111132051961,0.12267565817575915,0.3023592421615711,0.4412789426809336,0.5587210573190664,0.4412789426809336,2.1565223125932187,2,16,329.7546940627631,246.4921440750332,83.26254998772993,83.26254998772993,63.54841613769531,95.43962097167969,192.7591705322265,375.5908203125,10.0,0.1,2.0,210,0.11902403,False
3441,592,ok,True,False,20260907,5,analysis_activations,positive,False,4.3130220576269,4.710467912663796,0.013948345872568432,0.0683130783654706,0.1181031154227882,0.26136770719710306,0.6573928228183948,0.342607177181605,0.342607177181605,1.9597237581811826,2,7,102.65864655862906,-67.62201331342692,170.280659872056,170.280659872056,62.211647033691406,78.61268615722656,145.73787536621083,269.73541259765625,10.0,0.1,2.0,229,0.068266004,False
3457,535,ok,True,False,20260907,5,analysis_activations,positive,False,4.228986679465496,4.612321216394506,0.008891757227706172,0.0881999160603398,0.09429611459496182,0.29698470677854744,0.6417903740945942,0.3582096259054058,0.3582096259054058,1.7398105264814427,2,10,116.32930127410472,-137.18284614736663,253.51214742147135,253.51214742147135,59.32399368286133,70.8402099609375,133.03312377929686,309.1879577636719,10.0,0.1,2.0,214,0.0712148,False
3468,303,ok,True,False,20260907,5,analysis_activations,positive,False,4.228584707576336,4.679624971839084,0.011205909844999766,0.12577836610538637,0.10585797015340775,0.35465245819729824,0.7163005158846789,0.28369948411532114,0.28369948411532114,1.7234351709017393,2,13,124.55725523935007,-52.83473313249995,177.39198837185,177.39198837185,58.369911193847656,70.15581512451172,128.56174392700194,304.94921875,10.0,0.1,2.0,121,0.08533201,False
3485,413,ok,True,True,20260907,5,analysis_activations,positive,False,4.38827155589671,4.784209271275344,0.013964424755270353,0.05621438841030821,0.11817116719094532,0.23709573680331794,0.7297002016226262,0.2702997983773738,0.2702997983773738,2.113678164759948,2,4,-4.107369070531716,-119.5915397906147,115.48417072008299,115.48417072008299,66.61206817626953,83.39144134521484,143.94824829101563,220.65200805664062,10.0,0.1,2.0,110,0.05644057,False
3490,296,ok,True,True,20260907,5,analysis_activations,positive,False,4.345448784474636,4.932058510311111,0.008748760947204257,0.14395742478921325,0.09353481141908748,0.3794172173072978,0.5562064557798638,0.4437935442201361,0.4437935442201361,2.122931309846378,2,11,297.04432591106246,119.11032427464684,177.93400163641562,177.93400163641562,66.29264831542969,84.6546401977539,233.1051254272461,329.9737548828125,10.0,0.1,2.0,113,0.15421423,False
3506,503,ok,True,False,20260907,5,analysis_activations,positive,False,4.378613610417143,4.823033253850173,0.01574810845413716,0.09197033446131053,0.12549146765472607,0.3032661116269184,0.7450144052143189,0.254985594785681,0.254985594785681,1.9149754510687753,2,8,121.34306350377817,-79.71507173899104,201.0581352427692,201.0581352427692,66.6925277709961,80.71561431884766,157.03486938476559,331.90118408203125,10.0,0.1,2.0,180,0.07284783,False
3515,369,ok,True,False,20260907,5,analysis_activations,positive,False,4.426960040980239,5.0002063434328745,0.021535656786326973,0.15988260649421546,0.14675032124778117,0.39985323119141536,0.6241440545939101,0.37585594540608996,0.37585594540608996,1.9033372946473563,2,12,360.4867779998902,222.08969733306245,138.39708066682775,138.39708066682775,67.30352783203125,90.93301391601562,239.94396972656244,440.327880859375,10.0,0.1,2.0,133,0.15103069,False
3567,272,ok,True,False,20260907,5,analysis_activations,positive,False,4.256617218238471,4.443576369160266,0.0031184096871380513,0.017577216268352243,0.05584272277690309,0.1325790943865293,0.6537386086225151,0.34626139137748485,0.34626139137748485,1.837902386148673,2,5,-341.036154270584,-413.5890308876461,72.55287661706211,72.55287661706211,63.59794616699219,71.9071044921875,95.94201927185057,129.08128356933594,10.0,0.1,2.0,108,0.016095387,False
3582,483,ok,True,False,20260907,5,analysis_activations,positive,False,4.315509925729546,4.68110862970134,0.009055632714149015,0.05892735977002592,0.09516108823541802,0.24274958243017827,0.7588898514075234,0.2411101485924766,0.2411101485924766,1.9829853540262348,2,7,-109.05162848197526,-327.4083198277574,218.35669134578214,218.35669134578214,64.19596099853516,76.03627014160156,124.72153930664062,229.29345703125,10.0,0.1,2.0,197,0.045630716,False
3596,397,ok,True,True,20260907,5,analysis_activations,positive,False,4.429464527742448,4.967982001308291,0.026423632819684396,0.09423191181721376,0.1625534767997424,0.3069721678217974,0.6157360436933728,0.38426395630662724,0.38426395630662724,2.1925078414658183,2,6,300.46553313309596,225.2000738463635,75.26545928673247,75.26545928673247,65.05401611328125,94.59992980957031,209.25812988281245,295.4588317871094,10.0,0.1,2.0,149,0.121400476,False
3647,540,ok,True,False,20260907,5,analysis_activations,positive,False,4.34357795161956,4.738300568730872,0.008186726828777266,0.08513675226413571,0.09048053287186844,0.2917820286860308,0.6192368661042406,0.3807631338957594,0.3807631338957594,1.8273071309204645,2,9,140.66006911419174,-121.11065125347828,261.77072036767004,261.77072036767004,67.07595825195312,81.66783905029297,150.4529037475586,405.8832702636719,10.0,0.1,2.0,201,0.0743595,False
3691,922,ok,True,True,20260907,5,analysis_activations,positive,False,4.362155281103027,5.001367269541106,0.021724467743960776,0.1149459896713917,0.14739222416383022,0.3390368559189276,0.5971624803302603,0.40283751966973974,0.40283751966973974,2.4452461593461763,2,11,926.4092700861448,596.358165583852,330.0511045022928,330.0511045022928,62.55122375488281,89.25318908691406,226.39538116455077,382.60760498046875,10.0,0.1,2.0,113,0.1577385,False
3717,354,ok,True,True,20260907,5,analysis_activations,positive,False,4.479263385339128,5.168328035514382,0.03739981710252879,0.08311777538230797,0.19339032318740457,0.2883015355184706,0.6088787375366534,0.39112126246334666,0.39112126246334666,2.8070473907444717,2,5,385.62995548908975,329.204012281753,56.42594320733673,56.42594320733673,64.32861328125,103.62184143066406,243.17209167480468,355.2728271484375,10.0,0.1,2.0,154,0.1688308,False
3721,863,ok,True,False,20260907,5,analysis_activations,positive,False,4.381158450672715,4.720892880907901,0.008101708382663499,0.05913655856500361,0.09000949051440908,0.24318009491939016,0.6054218777580117,0.3945781222419883,0.3945781222419883,1.8528757814603116,2,11,-27.8375114116815,-341.1638636757589,313.3263522640774,313.3263522640774,69.39010620117188,84.60572814941406,143.10074462890623,325.4900817871094,10.0,0.1,2.0,243,0.055874784,False
3753,307,ok,True,True,20260907,5,analysis_activations,positive,False,4.342215382746159,4.770210966348174,0.012385245353642771,0.07807872453355136,0.111289017219323,0.27942570485470974,0.7459155840507583,0.25408441594924175,0.25408441594924175,2.012409988924954,2,8,37.784889450519834,-93.36716850741794,131.15205795793779,131.15205795793779,64.9411392211914,78.93248748779297,143.2027862548828,251.82131958007812,10.0,0.1,2.0,104,0.064001724,False
3761,467,ok,True,False,20260907,5,analysis_activations,positive,False,4.020182626326651,4.728286112608966,0.027711992427543203,0.2570717123305046,0.16646919362916132,0.507022398253277,0.7690788595779602,0.2309211404220397,0.2309211404220397,1.8765241704946196,2,8,509.3180281344415,231.0188618642854,278.2991662701561,278.2991662701561,43.55028533935547,56.84679412841797,151.10015411376952,406.74639892578125,10.0,0.1,2.0,231,0.17008792,False
3778,356,ok,True,True,20260907,5,analysis_activations,positive,False,4.349879285162213,5.045948974898471,0.03562847106249128,0.17873766791567472,0.18875505572696927,0.42277377865198157,0.7398171612781189,0.260182838721881,0.260182838721881,2.126129081235655,2,9,383.00849418189824,252.49594822451638,130.51254595738186,130.51254595738186,58.267578125,81.05887603759766,235.7650146484375,436.35211181640625,10.0,0.1,2.0,127,0.16659282,False
3801,368,ok,True,False,20260907,5,analysis_activations,positive,False,4.033539521583512,4.7186611285489946,0.0268406587258459,0.2941886945952796,0.16383118972236604,0.5423916431834838,0.7621798846458985,0.23782011535410144,0.23782011535410144,1.7100558324770578,2,9,415.79870533843257,188.87282777699255,226.92587756144002,226.92587756144002,44.01934051513672,57.22721862792969,146.14842834472637,490.5033264160156,10.0,0.1,2.0,206,0.17598109,False
3809,203,ok,True,True,20260907,5,analysis_activations,positive,False,4.700701399167848,5.697006642785551,0.09652158150407798,0.11219695896824063,0.3106792260581289,0.33495814509911626,0.5859020775597227,0.41409792244027727,0.41409792244027727,3.0840889783568186,2,3,369.99873256162397,354.25961956538384,15.739112996240124,15.739112996240124,67.46990203857422,147.16993713378906,450.07160339355465,534.5230712890625,10.0,0.1,2.0,61,0.3455451,False
3814,231,ok,True,True,20260907,5,analysis_activations,positive,False,4.267195602051562,4.658503769207295,0.014557609619470136,0.03878979086891209,0.1206549195825439,0.19695123982578047,0.7224595532062855,0.27754044679371453,0.27754044679371453,2.39594739858758,2,4,-16.587282653097713,-54.77068952970897,38.18340687661126,38.18340687661126,58.709564208984375,74.92037963867188,126.40234375,185.56240844726562,10.0,0.1,2.0,132,0.052210785,False
3837,715,ok,True,False,20260907,5,analysis_activations,positive,False,4.278572258765808,4.724623607890871,0.01331157117516619,0.09256010373199998,0.1153757824466044,0.30423692039593087,0.6728564700487516,0.32714352995124835,0.32714352995124835,1.938697111463873,2,12,262.926703618802,-46.43240472078066,309.35910833958263,309.35910833958263,61.25410079956055,74.86399841308594,152.44772491455078,329.35546875,10.0,0.1,2.0,255,0.08314814,False
3895,223,ok,True,False,20260907,5,analysis_activations,positive,False,4.363398802551523,4.7067725514687035,0.0054270407025446415,0.062290552634580006,0.07366845120229311,0.2495807537342974,0.5398767706514699,0.46012322934853,0.46012322934853,1.8660846067039616,2,17,19.5141691420911,-67.27895811164917,86.79312725374027,86.79312725374027,69.44525909423828,83.4664535522461,153.54014282226555,227.94635009765625,10.0,0.1,2.0,69,0.061153375,False
3911,1103,ok,True,True,20260907,5,analysis_activations,positive,False,4.271485756355769,4.661332231134639,0.014190852253082998,0.045233998413344065,0.11912536360105264,0.21268285876709497,0.6675848411695969,0.332415158830403,0.332415158830403,2.2616456406028638,2,6,8.080025926219372,-235.29153985447962,243.371565780699,243.371565780699,59.101806640625,76.65168762207031,129.81679077148434,211.80075073242188,10.0,0.1,2.0,125,0.058288734,False
3918,499,ok,True,False,20260907,5,analysis_activations,positive,False,4.312239116199286,4.654994004599256,0.00884465589136801,0.05038382137988063,0.09404603070501173,0.22446340766343326,0.5822337322409293,0.41776626775907066,0.41776626775907066,1.9917433307019858,2,10,-20.847661471779617,-159.11118836442787,138.26352689264826,138.26352689264826,64.11793518066406,80.09553527832031,135.22333984374998,249.8350067138672,10.0,0.1,2.0,95,0.054883063,False
3962,301,ok,True,True,20260907,5,analysis_activations,positive,False,4.465728061709589,5.195443599134974,0.030657179364982745,0.10053982384124888,0.17509191690361592,0.31708015365400727,0.6575952578660793,0.34240474213392075,0.34240474213392075,2.8490930535527275,2,5,340.08673738672695,252.37361352439083,87.71312386233612,87.71312386233612,65.03984069824219,98.59637451171875,255.3548126220703,386.66650390625,10.0,0.1,2.0,162,0.17506213,False
3963,379,ok,True,True,20260907,5,analysis_activations,positive,False,4.368587305431261,4.722371041986167,0.011915800967948652,0.0417476382396784,0.1091595207389106,0.20432238800405206,0.6859821283190933,0.3140178716809067,0.3140178716809067,2.1598003692736505,2,5,-61.50220313953998,-143.73914677670948,82.2369436371695,82.2369436371695,66.2025146484375,82.3699951171875,136.24332580566403,200.88002014160156,10.0,0.1,2.0,210,0.048371572,False
3996,1993,ok,True,True,20260907,5,analysis_activations,positive,False,3.681569795874664,4.544312982761938,0.04147829752736054,0.1330163333570535,0.2036622142847331,0.36471404326822066,0.508499936631473,0.491500063368527,0.491500063368527,2.920824762954576,2,10,3079.9214532373217,2592.799274823049,487.12217841427264,487.12217841427264,28.354358673095703,53.91277313232422,157.2443908691406,217.34237670898438,10.0,0.1,2.0,433,0.2726327,False
4006,20776,ok,True,True,20260907,5,analysis_activations,positive,False,2.768039447261155,3.9827206955949706,0.31045538767672326,0.2565831444630695,0.557185236413101,0.506540368048855,0.4091036180364487,0.5908963819635514,0.4091036180364487,2.281240320852239,2,5,49554.21378310885,48555.437299383855,998.7764837249924,998.7764837249924,4.25726318359375,34.09476089477539,106.68720626831055,313.2663269042969,10.0,0.1,2.0,500,0.63532215,True
4010,273,ok,True,True,20260907,5,analysis_activations,positive,False,4.242380316952154,4.630722312296052,0.011259184378131401,0.05915962278408873,0.10610930391879593,0.2432275123913591,0.7234029732044952,0.27659702679550474,0.27659702679550474,2.0695933653907788,2,5,-7.4341491837391,-99.19570741954128,91.76155823580218,91.76155823580218,58.41233825683594,71.53923034667969,125.36248168945309,228.62693786621094,10.0,0.1,2.0,112,0.05488398,False
4031,285,ok,True,True,20260907,5,analysis_activations,positive,False,4.165753984127473,4.515502956323467,0.006351916582472535,0.04151068152046402,0.07969891205325537,0.203741702948768,0.4790876831591832,0.5209123168408167,0.4790876831591832,2.2608581246901123,2,14,-5.5212876654030545,-71.276214330031,65.75492666462794,65.75492666462794,56.452423095703125,71.69483947753906,118.3619888305664,158.11170959472656,10.0,0.1,2.0,122,0.055387482,False
4063,663,ok,True,True,20260907,5,analysis_activations,positive,False,4.330156725997026,5.071447501093487,0.024103703701612543,0.20781718129628343,0.15525367532400816,0.4558696977166649,0.5929823816859754,0.4070176183140246,0.4070176183140246,2.1768758614496804,2,16,924.4333532238273,610.6016005607936,313.83175266303374,313.83175266303374,60.68861770629883,85.36775207519531,281.98976135253906,553.2013549804688,10.0,0.1,2.0,94,0.23185423,False
4138,602,ok,True,False,20260907,5,analysis_activations,positive,False,4.396032441497492,4.877574125431107,0.01658956683948794,0.12034359454612187,0.12880049238837538,0.3469057430284513,0.7074792802847412,0.2925207197152587,0.2925207197152587,1.8403251766249997,2,8,303.7073338575508,37.45779130083107,266.24954255671975,266.24954255671975,66.61370849609375,84.16033172607422,168.53786697387696,501.4407653808594,10.0,0.1,2.0,184,0.09508532,False
4176,256,ok,True,True,20260907,5,analysis_activations,positive,False,4.385168124280048,4.741895986998233,0.008288589916870506,0.04809161623432064,0.09104169328868233,0.21929800782113967,0.6684063834535886,0.33159361654641134,0.33159361654641134,2.124656370933108,2,8,-30.909237172101896,-119.95182849799899,89.04259132589709,89.04259132589709,69.3585433959961,83.5315170288086,137.0037956237793,199.57728576660156,10.0,0.1,2.0,137,0.049885552,False
4182,297,ok,True,True,20260907,5,analysis_activations,positive,False,4.603369172251148,5.537683447240935,0.06772414861953435,0.10594349822303412,0.26023863782984713,0.3254896284415743,0.6451827560099815,0.35481724399001835,0.35481724399001835,3.1706515934163786,2,3,477.35167143705684,422.85700071780934,54.494670719247495,54.494670719247495,65.88225555419922,123.52732849121094,367.2649536132812,510.8396911621094,10.0,0.1,2.0,149,0.28206968,False
4213,270,ok,True,True,20260907,5,analysis_activations,positive,False,4.256450425617254,4.6457932261703325,0.005142104443927544,0.059392761898309596,0.07170846842547639,0.24370630254121373,0.35455673749146543,0.6454432625085346,0.35455673749146543,2.1674542476619587,2,23,77.5006243728902,24.5673783784923,52.9332459943979,52.9332459943979,62.14068603515625,87.36742401123047,154.620890045166,213.6979522705078,10.0,0.1,2.0,147,0.07512547,False
4228,376,ok,True,False,20260907,5,analysis_activations,positive,False,4.319241246406838,4.619287763594812,0.0058028664390517935,0.042342515572642854,0.07617654782839528,0.20577297094769967,0.5880462899568542,0.41195371004314596,0.41195371004314596,1.9338655163521037,2,9,-107.15708387262272,-231.2119535380019,124.05486966537917,124.05486966537917,66.6683120727539,78.94953918457031,127.65994071960449,217.97369384765625,10.0,0.1,2.0,123,0.042777363,False
4332,223,ok,True,True,20260907,5,analysis_activations,positive,False,4.327885009751323,4.787916122911873,0.00624425164636001,0.09882432573057799,0.0790205773603307,0.314363365757809,0.43364320926168376,0.5663567907383162,0.43364320926168376,2.0070850545563,2,32,152.7563291151461,74.508955629628,78.24737348551808,78.24737348551808,66.51248931884766,88.15814971923828,202.66108703613273,269.2569580078125,10.0,0.1,2.0,69,0.11115046,False
4359,256,ok,True,True,20260907,5,analysis_activations,positive,False,4.197300682220655,4.5457498236587455,0.004318428129463145,0.0546758647082773,0.06571474818838725,0.23382870804988276,0.4753788619759178,0.5246211380240823,0.4753788619759178,2.0288474656139286,2,9,21.654905959801894,-69.29986525091667,90.95477121071856,90.95477121071856,58.99842834472656,72.61005401611328,119.85896682739258,217.4965362548828,10.0,0.1,2.0,118,0.061255947,False
4384,473,ok,True,False,20260907,5,analysis_activations,positive,False,4.194409753295008,4.508152228431625,0.00547525888846307,0.051823273798219945,0.07399499232017712,0.22764725739226455,0.6027483750318132,0.39725162496818667,0.39725162496818667,1.8536023267655977,2,13,-87.05263884634252,-293.1010498878824,206.0484110415399,206.0484110415399,58.928279876708984,69.20695495605469,121.18754272460934,198.86465454101562,10.0,0.1,2.0,121,0.047555964,False
4401,957,ok,True,True,20260907,5,analysis_activations,positive,False,4.3307863220419085,5.014272925645258,0.015936168115104336,0.13236762270105826,0.12623853656908549,0.36382361482050374,0.40593179581247024,0.5940682041875298,0.40593179581247024,2.5099720101469205,2,23,1178.5558714286378,905.3177935488621,273.2380778797757,273.2380778797757,62.491424560546875,103.8480453491211,250.15815429687498,373.4817199707031,10.0,0.1,2.0,82,0.19796504,False
4409,825,ok,True,False,20260907,5,analysis_activations,positive,False,4.393158188321095,4.757191986794268,0.010633529482748877,0.05741043500609939,0.10311900640885208,0.23960474746152127,0.5549952118650552,0.44500478813494476,0.44500478813494476,1.9736125608184465,2,13,89.14885605821468,-118.47553758842827,207.62439364664294,207.62439364664294,68.80181884765625,88.37992858886719,155.33380737304682,270.8018798828125,10.0,0.1,2.0,107,0.06425564,False
4443,1101,ok,True,False,20260907,5,analysis_activations,positive,False,4.23174726468273,4.591347827561496,0.009077541829243791,0.05558680672121227,0.09527613462585366,0.23576854480870063,0.5815275444191078,0.41847245558089236,0.41847245558089236,1.9998752575286096,2,10,41.09259801890158,-303.5418422161844,344.634440235086,344.634440235086,58.83061218261719,73.95220947265625,129.8675994873047,247.36221313476562,10.0,0.1,2.0,189,0.060062528,False
4458,550,ok,True,False,20260907,5,analysis_activations,positive,False,4.236328006780509,4.503434586898595,0.007309347371810104,0.03444153383929804,0.08549472130962299,0.18558430386026195,0.6548957291212641,0.3451042708787359,0.3451042708787359,1.8487013637345204,2,5,-306.1364966581433,-446.0853541964726,139.94885753832932,139.94885753832932,60.29594421386719,70.98606872558594,107.1468162536621,160.85572814941406,10.0,0.1,2.0,215,0.032856226,False
4464,359,ok,True,True,20260907,5,analysis_activations,positive,False,3.9277494409661955,4.840704993940177,0.02592196719198633,0.36057033410675554,0.1610030036738021,0.600475090329945,0.7084305322202074,0.2915694677797926,0.2915694677797926,2.0767977692529547,2,10,593.1028290617782,311.655062122186,281.44776693959216,281.44776693959216,40.42510986328125,53.20562744140625,210.1450225830075,455.21783447265625,10.0,0.1,2.0,173,0.2964824,False
4523,895,ok,True,False,20260907,5,analysis_activations,positive,False,4.02416903169854,4.55810310952364,0.014242149802273627,0.14138403740671623,0.11934047847345688,0.37601068788894315,0.6815057732963699,0.3184942267036302,0.3184942267036302,1.9140853498636652,2,10,630.2449103699795,114.63053003191004,515.6143803380694,515.6143803380694,45.850486755371094,58.00647735595703,134.7176025390624,312.82696533203125,10.0,0.1,2.0,236,0.11674492,False
4536,649,ok,True,False,20260907,5,analysis_activations,positive,False,3.861262780310841,4.559776137920379,0.028127384350582454,0.22822518907478026,0.16771220692180536,0.4777292005674138,0.7327826698190159,0.26721733018098415,0.26721733018098415,1.9510611111374507,2,9,731.4227315956819,381.10228936080796,350.3204422348739,350.3204422348739,37.079742431640625,49.11152267456055,136.76647338867195,396.6190185546875,10.0,0.1,2.0,296,0.1774101,False
4541,516,ok,True,False,20260907,5,analysis_activations,positive,False,4.160687811662032,4.78313125246404,0.00926455692186418,0.1847609332210174,0.09625256839100026,0.42983826402615366,0.5788245679189876,0.42117543208101227,0.42117543208101227,1.9984141587156925,2,18,585.1617205427632,214.7740373281887,370.3876832145745,370.3876832145745,54.936912536621094,68.87018585205078,227.00824737548828,344.4466247558594,10.0,0.1,2.0,152,0.17797476,False
4598,340,ok,True,True,20260907,5,analysis_activations,positive,False,4.039672790922076,4.29712211923198,0.002364636920682317,0.02969690013393975,0.048627532537466024,0.1723278855378309,0.367775327277696,0.6322246727223041,0.367775327277696,2.033361477315121,2,26,-162.74842440987166,-241.6992271633802,78.95080275350853,78.95080275350853,52.18384552001953,63.56105041503906,94.8577049255371,135.43502807617188,10.0,0.1,2.0,148,0.03515844,False
4599,445,ok,True,False,20260907,5,analysis_activations,positive,False,4.319416468542066,4.647174014219491,0.004791854998587533,0.0498184530428017,0.06922322586088814,0.22320047724590936,0.4429830602671154,0.5570169397328845,0.4429830602671154,1.983491682027595,2,21,-4.620914749974718,-133.4215159275101,128.80060117753536,128.80060117753536,66.86022186279297,83.997802734375,142.74772644042966,216.63681030273438,10.0,0.1,2.0,91,0.056505557,False
4617,381,ok,True,False,20260907,5,analysis_activations,positive,False,4.2651169954046635,4.706853991216309,0.01609960878689087,0.10693237649448166,0.1268842337995185,0.3270051627948428,0.7597387040654936,0.2402612959345064,0.2402612959345064,1.7810239316435779,2,5,98.73868897414921,-59.071039841210684,157.8097288153599,157.8097288153599,59.08647537231445,71.92170715332031,134.34033203125,342.3524169921875,10.0,0.1,2.0,119,0.073734306,False
4636,319,ok,True,False,20260907,5,analysis_activations,positive,False,4.352659969988719,4.729317816575085,0.005775353677983041,0.08014721691150344,0.07599574776250997,0.2831028380491856,0.5746993421801543,0.4253006578198458,0.4253006578198458,1.817223674904334,2,14,77.85395349491627,-84.5501293394519,162.40408283436818,162.40408283436818,68.86166381835938,81.38540649414062,154.86424713134747,303.24755859375,10.0,0.1,2.0,173,0.07230759,False
4641,539,ok,True,True,20260907,5,analysis_activations,positive,False,4.407483472311711,4.835072775417854,0.016560363723168173,0.07102540472108411,0.12868707675275,0.2665059187355585,0.6702421536218064,0.3297578463781937,0.3297578463781937,2.0432667017153543,2,7,145.5297027601884,5.629058534916972,139.90064422527144,139.90064422527144,67.40505981445312,87.42558288574219,169.013247680664,306.710205078125,10.0,0.1,2.0,201,0.07506805,False
4683,336,ok,True,True,20260907,5,analysis_activations,positive,False,4.346259680388129,4.819503800211156,0.011308054899339634,0.09667489254988919,0.10633933843756803,0.3109258634303187,0.5767753664007813,0.4232246335992187,0.4232246335992187,2.0366792346793554,2,14,198.49592531008764,66.93308346021854,131.5628418498691,131.5628418498691,65.77214050292969,84.59856796264648,179.66081619262695,276.7422180175781,10.0,0.1,2.0,95,0.10241087,False
4687,223,ok,True,True,20260907,5,analysis_activations,positive,False,4.345851097472239,4.896327661725427,0.015632985775742427,0.1267042581926784,0.12503193902256507,0.3559554160181839,0.5664096517488648,0.43359034825113507,0.43359034825113507,2.063452879282065,2,13,202.34996819742372,123.74085069865393,78.60911749876979,78.60911749876979,65.25394439697266,87.13317108154297,199.17310180664057,397.7167053222656,10.0,0.1,2.0,99,0.13883364,False
4724,837,ok,True,False,20260907,5,analysis_activations,positive,False,4.343127011236434,4.661802503052624,0.006620271534098173,0.04930426662721965,0.08136505106062537,0.2220456408651601,0.6042759642472698,0.39572403575273024,0.39572403575273024,1.9057347775110216,2,12,-156.42206535482896,-476.99974513916845,320.57767978433947,320.57767978433947,67.7867431640625,80.90606689453125,136.6420104980468,218.56307983398438,10.0,0.1,2.0,251,0.04785178,False
4737,346,ok,True,False,20260907,5,analysis_activations,positive,False,4.351587069283694,4.669975096662873,0.01104177813325125,0.05692397035469123,0.10507986549882546,0.23858744802418091,0.7244789608362826,0.27552103916371734,0.27552103916371734,1.7271365465943285,2,4,-87.80978392157179,-186.3581950290157,98.5484111074439,98.5484111074439,66.25810241699219,79.67113494873047,128.24901580810547,255.5493621826172,10.0,0.1,2.0,125,0.044044163,False
4765,472,ok,True,True,20260907,5,analysis_activations,positive,False,3.7335308444314537,4.125579045679751,0.01138979350422065,0.05351710958717018,0.10672297552177155,0.2313376527657575,0.6595634747803203,0.34043652521967965,0.34043652521967965,2.1762511789594785,2,8,25.766631737414993,-117.96624301420383,143.73287475161882,143.73287475161882,34.93315124511719,43.45001220703125,78.35334892272948,116.02179718017578,10.0,0.1,2.0,259,0.060370483,False
4812,203,ok,True,False,20260907,5,analysis_activations,positive,False,4.388875203848401,4.762568559020918,0.008786183451591427,0.0626317436097385,0.09373464381748846,0.2502633485145967,0.6227841905169609,0.377215809483039,0.377215809483039,1.9775467223923857,2,11,21.931414983530587,-47.75510327780061,69.6865182613312,69.6865182613312,69.04930877685547,84.40750885009766,151.27331237792956,226.88494873046875,10.0,0.1,2.0,87,0.062209442,False
4814,513,ok,True,False,20260907,5,analysis_activations,positive,False,4.326023137586771,4.742302801331265,0.012214354289899323,0.07982798630521654,0.11051856988714305,0.2825384687174767,0.6404241988954321,0.35957580110456794,0.35957580110456794,1.9404674667216972,2,9,149.19822670218815,-40.17935200587099,189.37757870805913,189.37757870805913,64.86275482177734,79.5051498413086,159.79830932617188,290.2914123535156,10.0,0.1,2.0,207,0.07658008,False
4849,356,ok,True,True,20260907,5,analysis_activations,positive,False,3.987122274662336,4.4043939076513094,0.016316599916012454,0.062208265519245964,0.1277364470932727,0.24941584857271193,0.6354406440345399,0.36455935596546,0.36455935596546,2.105863701940831,2,8,92.12868284799993,20.78867409959531,71.34000874840461,71.34000874840461,43.09101104736328,57.6976203918457,108.73146438598633,170.68182373046875,10.0,0.1,2.0,146,0.07358745,False
4858,432,ok,True,True,20260907,5,analysis_activations,positive,False,4.248130847051174,4.618284783861646,0.009987816350882524,0.04810759547439424,0.0999390631879373,0.2193344375021721,0.5075425253139089,0.49245747468609125,0.49245747468609125,2.1718331274131693,2,15,43.817099798648044,-39.206122889732384,83.02322268838043,83.02322268838043,59.733123779296875,78.11227416992188,131.25453338623046,211.1827392578125,10.0,0.1,2.0,208,0.06315105,False
4865,1587,ok,True,True,20260907,5,analysis_activations,positive,False,4.420870538065147,5.044583849255595,0.012951803405983446,0.12553426874929086,0.11380599020255237,0.3543081550702592,0.34390410693123213,0.6560958930687679,0.34390410693123213,2.370265317355284,2,22,1748.6487814143195,1389.2392227386472,359.4095586756723,359.4095586756723,69.31592559814453,119.06744384765625,266.2627655029296,427.4925842285156,10.0,0.1,2.0,121,0.17470188,False
4868,725,ok,True,False,20260907,5,analysis_activations,positive,False,4.318980066459235,4.632198810555666,0.005614925131702915,0.04529794773001617,0.0749328041094347,0.2128331452805605,0.5500511466668585,0.4499488533331416,0.4499488533331416,1.963129457460607,2,18,-134.65477899734816,-395.5441315261648,260.88935252881663,260.88935252881663,66.9737777709961,80.20854187011719,133.52998962402341,204.02928161621094,10.0,0.1,2.0,237,0.047815967,False
4918,237,ok,True,True,20260907,5,analysis_activations,positive,False,4.405011339980764,4.969367518206062,0.01725490109765323,0.11439489192953907,0.13135791220041992,0.33822313925800385,0.5329666045541029,0.467033395445897,0.467033395445897,2.199673340477771,2,13,220.7387896048866,156.6546433495721,64.0841462553145,64.0841462553145,67.34417724609375,93.21429443359375,217.03768920898435,450.11956787109375,10.0,0.1,2.0,129,0.14250124,False
4934,649,ok,True,True,20260907,5,analysis_activations,positive,False,4.214104995436635,5.031172278059549,0.02020758690278534,0.28460277041408033,0.14215339216067036,0.533481743280949,0.5848842130821477,0.4151157869178524,0.4151157869178524,2.0929456875620187,2,15,1055.9257264194462,653.7128080116121,402.2129184078341,402.2129184078341,54.88450622558594,76.91964721679688,323.6345336914063,573.4752197265625,10.0,0.1,2.0,167,0.29250145,False
5019,218,ok,True,True,20260907,5,analysis_activations,positive,False,4.174662941892778,4.535622936285838,0.007446257988406992,0.05514280785335264,0.08629170289435127,0.23482505797583153,0.5335819783853999,0.46641802161460016,0.46641802161460016,2.0404447243560133,2,10,23.664926891770293,-35.56781885924262,59.232745751012914,59.232745751012914,56.693214416503906,70.3412094116211,125.91382141113277,186.2916259765625,10.0,0.1,2.0,91,0.062404126,False
5026,407,ok,True,False,20260907,5,analysis_activations,positive,False,4.223564813018777,4.554052451374649,0.008080386863841816,0.05947728340198025,0.0898909720930963,0.24387964942155432,0.5954128757188141,0.404587124281186,0.404587124281186,1.7981788501409421,2,10,-12.070661726673812,-144.46370016603657,132.39303843936275,132.39303843936275,59.026031494140625,71.8429183959961,126.91820907592773,207.69642639160156,10.0,0.1,2.0,169,0.055320997,False
5054,243,ok,True,True,20260907,5,analysis_activations,positive,False,4.200193319332687,5.2893281352685015,0.07540931886916831,0.0954191780388447,0.2746075724905785,0.30889994826617356,0.5516946810485966,0.4483053189514033,0.4483053189514033,3.7266317455073072,2,3,464.03230470660907,403.84587018980403,60.186434516805036,60.186434516805036,45.540008544921875,96.10467529296875,288.23136596679683,371.00213623046875,10.0,0.1,2.0,134,0.3793235,False
5161,221,ok,True,True,20260907,5,analysis_activations,positive,False,4.366572397247998,4.794953662428752,0.011930327036760748,0.05950505140804212,0.10922603644168705,0.243936572510237,0.5059558706322466,0.49404412936775344,0.49404412936775344,2.2666725856084553,2,18,83.35562766464065,42.64493122029731,40.71069644434334,40.71069644434334,66.44682312011719,90.02999877929688,168.36532592773438,218.21746826171875,10.0,0.1,2.0,75,0.08167405,False
5251,201,ok,True,True,20260907,5,analysis_activations,positive,False,4.404695321573355,4.920298261924646,0.011504736921708432,0.10504600504073888,0.10726013668510978,0.3241080144654539,0.48176551682803703,0.518234483171963,0.48176551682803703,2.1358603908241163,2,8,165.21648612380937,110.37525156174942,54.84123456205995,54.84123456205995,67.30171966552734,95.60076141357422,225.79476928710938,312.1214904785156,10.0,0.1,2.0,99,0.12698498,False
5422,375,ok,True,True,20260907,5,analysis_activations,positive,False,4.388615646063987,5.015639809794323,0.012664050799279737,0.1703152838761942,0.11253466487833755,0.4126927233138406,0.5645198699778871,0.43548013002211294,0.43548013002211294,2.072994994277674,2,16,428.75558199334813,224.97337099425062,203.78221099909752,203.78221099909752,68.4781265258789,89.46221923828125,269.3768127441407,554.1008911132812,10.0,0.1,2.0,172,0.17844608,False
5449,274,ok,True,True,20260907,5,analysis_activations,positive,False,4.383008180197599,5.227353962643628,0.03994563457251402,0.24082666213137316,0.1998640402186297,0.49074093178720396,0.6694692598781277,0.33053074012187234,0.33053074012187234,2.253503354932668,2,11,423.99034000015945,313.9894675099304,110.00087249022903,110.00087249022903,60.705345153808594,89.1490707397461,348.254653930663,499.5732727050781,10.0,0.1,2.0,147,0.26506436,False
5543,251,ok,True,False,20260907,5,analysis_activations,positive,False,4.39621060450407,4.902122820098371,0.01229209463862043,0.11724643225690361,0.11086971921413181,0.34241266369236933,0.6399745881989818,0.36002541180101827,0.36002541180101827,1.9878823911810515,2,18,167.153459129485,43.72495911985675,123.42850000962824,123.42850000962824,69.11284637451172,85.8757553100586,195.1912384033203,342.50885009765625,10.0,0.1,2.0,96,0.10948562,False
5577,395,ok,True,True,20260907,5,analysis_activations,positive,False,4.38201182812748,4.788161236156453,0.010378127810401977,0.06041123972438966,0.10187309659768852,0.24578698038014474,0.6597521887628627,0.3402478112371374,0.3402478112371374,2.158821856501946,2,10,49.76146111811941,-95.94316312491263,145.70462424303204,145.70462424303204,68.48091888427734,84.27822875976562,150.4112335205078,257.44140625,10.0,0.1,2.0,140,0.06459382,False
5595,383,ok,True,False,20260907,5,analysis_activations,positive,False,4.015414030027431,4.794206032325837,0.025519064264630683,0.3688676633378218,0.15974687560209333,0.6073447648064663,0.7987476429634948,0.2012523570365053,0.2012523570365053,1.7537808969942168,2,12,466.98335375201594,158.81843175015644,308.1649220018595,308.1649220018595,43.33926010131836,55.71249771118164,146.71537017822254,597.1836547851562,10.0,0.1,2.0,188,0.19261816,False
5622,252,ok,True,False,20260907,5,analysis_activations,positive,False,4.3575197871424685,4.840122338401913,0.017136108822857297,0.12334385272454086,0.13090496103225918,0.3512034349554982,0.7265582996846874,0.27344170031531256,0.27344170031531256,1.820947486080312,2,6,126.16531317783874,21.874962381876752,104.29035079596198,104.29035079596198,65.07485961914062,80.48978424072266,149.1713638305664,333.8913269042969,10.0,0.1,2.0,109,0.09281661,False
5639,687,ok,True,True,20260907,5,analysis_activations,positive,False,4.267659451765243,4.895041902255174,0.019915649599054213,0.15816000505986647,0.1411228174288418,0.39769335556414126,0.716158903691509,0.283841096308491,0.283841096308491,2.102543981398188,2,8,607.8570705774393,229.60483406772036,378.25223650971895,378.25223650971895,58.327999114990234,74.72517395019531,191.41911315917966,388.5775146484375,10.0,0.1,2.0,147,0.13936791,False
5664,227,ok,True,False,20260907,5,analysis_activations,positive,False,4.364469159040527,4.788572772736203,0.00797287767131182,0.09367680171644105,0.0892909719474025,0.3060666622101157,0.47983517219581556,0.5201648278041844,0.47983517219581556,1.8811956431595767,2,9,126.48566177829301,56.01522088306926,70.47044089522375,70.47044089522375,68.21305084228516,88.83256530761719,185.80074310302734,371.42352294921875,10.0,0.1,2.0,46,0.09787592,False
5731,547,ok,True,True,20260907,5,analysis_activations,positive,False,4.340513720594618,5.164312551874436,0.01468637955815276,0.22391288661446176,0.12118737375714006,0.47319434338806476,0.26021921171869133,0.7397807882813087,0.26021921171869133,2.3850726785048932,2,28,906.5545301514713,810.8076768162737,95.74685333519767,95.74685333519767,63.65449142456055,133.82720947265625,398.40240478515483,610.0225830078125,10.0,0.1,2.0,76,0.30065954,False
5794,467,ok,True,True,20260907,5,analysis_activations,positive,False,4.415377665909202,4.934419377072263,0.019618177441406398,0.07644042184645358,0.1400649043886669,0.27647861010655705,0.6036553468103592,0.3963446531896408,0.3963446531896408,2.3683677192437718,2,10,292.09896602281873,179.66340476762358,112.43556125519515,112.43556125519515,66.24990844726562,92.24911499023438,190.07966003417965,320.37213134765625,10.0,0.1,2.0,243,0.10682359,False
5800,702,ok,True,False,20260907,5,analysis_activations,positive,False,4.17950405400235,4.643234839801813,0.015171251153979519,0.13866358338396942,0.12317163291107056,0.37237559450636587,0.7229063950488773,0.2770936049511227,0.2770936049511227,1.6720666389149303,2,7,333.8933843280997,-25.59538428010203,359.4887686082018,359.4887686082018,53.92549514770508,66.3285903930664,133.5563049316402,524.2587890625,10.0,0.1,2.0,241,0.09259759,False
5822,731,ok,True,True,20260907,5,analysis_activations,positive,False,4.298481167685042,4.750755669197075,0.01302612546036698,0.07747057119486964,0.11413205273001524,0.27833535742853377,0.6245895641260656,0.3754104358739344,0.3754104358739344,2.1261834734264102,2,10,287.2419400384608,25.586200354915842,261.655739683545,261.655739683545,61.48514175415039,79.1558837890625,156.23641967773438,260.2378234863281,10.0,0.1,2.0,116,0.0852978,False
6027,275,ok,True,False,20260907,5,analysis_activations,positive,False,4.28380359803541,4.714256518052689,0.016602496358579737,0.08531769776044515,0.12885067465318037,0.29209193374765613,0.6959084634945741,0.3040915365054258,0.3040915365054258,1.9068236729512027,2,5,85.51938056082615,5.2524195307881385,80.266961030038,80.266961030038,59.95506286621094,75.81168365478516,146.50711517333988,273.429443359375,10.0,0.1,2.0,105,0.07698816,False
6035,398,ok,True,False,20260907,5,analysis_activations,positive,False,4.2224767454696694,4.545373124866561,0.010860430841790723,0.04153924193268959,0.10421339089479204,0.20381178065236952,0.6491737712916924,0.3508262287083075,0.3508262287083075,1.9948667227047305,2,5,-89.54757566465662,-172.8476153967951,83.30003973213849,83.30003973213849,57.82941436767578,71.79833221435547,116.92741775512694,160.54446411132812,10.0,0.1,2.0,87,0.045482084,False
6043,471,ok,True,True,20260907,5,analysis_activations,positive,False,4.120690311835776,4.776885487754037,0.01814059081532832,0.1739051169236196,0.13468701056645485,0.417019324400704,0.750977025150353,0.24902297484964686,0.24902297484964686,2.1176087783135817,2,12,414.2656474476559,95.41357313104058,318.85207431661536,318.85207431661536,50.1137809753418,62.76288986206055,176.93598175048828,306.28192138671875,10.0,0.1,2.0,183,0.1377464,False
6045,569,ok,True,True,20260907,5,analysis_activations,positive,False,4.02717102292536,4.480695625870804,0.014710115110969653,0.07930776862188982,0.12128526337098688,0.2816163500613731,0.540848214134425,0.45915178586557504,0.45915178586557504,2.0917540279008646,2,11,290.75512190391106,154.2705859071653,136.48453599674576,136.48453599674576,45.01249694824219,62.68743896484375,127.00022888183598,236.50271606445312,10.0,0.1,2.0,232,0.095615245,False
6052,221,ok,True,False,20260907,5,analysis_activations,positive,False,4.306258743992367,4.49703521976923,0.002202949585151928,0.017507182746284388,0.0469355897496977,0.1323147109972447,0.5829814033377142,0.4170185966622858,0.4170185966622858,1.921741857270083,2,9,-256.9557348734073,-328.1952034179433,71.23946854453595,71.23946854453595,68.16950988769531,76.1208267211914,103.95468139648438,134.6019287109375,10.0,0.1,2.0,144,0.01751163,False
6062,585,ok,True,False,20260907,5,analysis_activations,positive,False,4.0319282935572955,4.635648247863804,0.01623980673670346,0.22372778317050626,0.12743550029996925,0.4729987137091456,0.7123292159297763,0.28767078407022373,0.28767078407022373,1.7429070775185818,2,12,565.4776770480778,154.3232546560036,411.1544223920742,411.1544223920742,46.21907043457031,58.02783203125,149.7279357910155,519.5342407226562,10.0,0.1,2.0,250,0.15087223,False
6073,258,ok,True,True,20260907,5,analysis_activations,positive,False,4.337130840113818,4.830838843939988,0.008195966901177935,0.08563872499739132,0.09053157957960269,0.2926409489415166,0.36156827028301786,0.638431729716982,0.36156827028301786,2.27931028174522,2,25,182.79637718754614,132.46038467403028,50.33599251351586,50.33599251351586,65.46168518066406,99.10700988769531,196.68614349365203,246.94998168945312,10.0,0.1,2.0,93,0.11434596,False
6080,582,ok,True,True,20260907,5,analysis_activations,positive,False,3.8643263958615153,4.700657116959121,0.03447431043031051,0.30391905342469816,0.18567258933485714,0.5512885391740864,0.8447362962228852,0.1552637037771148,0.1552637037771148,2.0332094947858166,2,15,626.3697140251306,240.64933964002765,385.720374385103,385.720374385103,36.398399353027344,46.91633224487305,141.5434638977048,369.7771301269531,10.0,0.1,2.0,278,0.16833515,False
6115,201,ok,True,True,20260907,5,analysis_activations,positive,False,4.4873543996585035,5.1414480257860555,0.031673308528676336,0.09805753842886275,0.17796996524322956,0.3131414032491755,0.7221658046537405,0.27783419534625947,0.27783419534625947,2.5682262951939627,2,5,179.94357865440057,132.81570331020583,47.127875344194734,47.127875344194734,68.5881118774414,95.34056854248047,217.79501342773438,435.5550231933594,10.0,0.1,2.0,118,0.1366384,False
6154,202,ok,True,False,20260907,5,analysis_activations,positive,False,4.425808282425744,4.758919195987364,0.0058801265445531485,0.05243446536361103,0.07668198318088251,0.22898573179045684,0.59425910486742,0.40574089513258005,0.40574089513258005,1.9508111940890873,2,14,-15.209281431122315,-94.14789039263773,78.93860896151541,78.93860896151541,74.583251953125,88.34061050415039,153.89770050048827,223.46676635742188,10.0,0.1,2.0,83,0.051779278,False
6185,220,ok,True,True,20260907,5,analysis_activations,positive,False,4.279714886920571,4.692413340991989,0.018071242588244503,0.04784302308689769,0.13442932190651155,0.2187304804705958,0.7188339877248557,0.2811660122751443,0.2811660122751443,2.2733072177270377,2,4,19.31786356043169,-11.67745679557856,30.99532035601025,30.99532035601025,57.39985656738281,76.97685241699219,130.30044555664057,178.6154327392578,10.0,0.1,2.0,81,0.06114267,False
6202,406,ok,True,False,20260907,5,analysis_activations,positive,False,4.280873622592498,5.104253662205292,0.03241372064278873,0.3200727257285254,0.18003810886250926,0.5657497023671558,0.720543272649851,0.2794567273501491,0.2794567273501491,1.961300419662989,2,11,600.2402949436569,351.354073299836,248.88622164382087,248.88622164382087,57.403778076171875,76.55098724365234,290.41224670410156,664.794189453125,10.0,0.1,2.0,129,0.2499299,False
6234,411,ok,True,True,20260907,5,analysis_activations,positive,False,4.2047868863647295,4.492490074632867,0.006020389904332156,0.02201324373003249,0.07759117156179662,0.1483686076298908,0.6349292971688759,0.36507070283112414,0.36507070283112414,2.430076669125976,2,9,-248.72799254571248,-351.2488378694788,102.52084532376631,102.52084532376631,58.900718688964844,69.53346252441406,105.7171859741211,138.65982055664062,10.0,0.1,2.0,150,0.031119946,False
6249,928,ok,True,False,20260907,5,analysis_activations,positive,False,4.135951341382073,4.568174582650338,0.013694822198631969,0.09312153381006848,0.11702487854568348,0.30515821111362623,0.6799927971947066,0.3200072028052934,0.3200072028052934,1.8702696854338927,2,9,300.5840809238828,-83.13738317313135,383.7214640970142,383.7214640970142,52.30859375,64.94398498535156,128.0861717224121,348.8877868652344,10.0,0.1,2.0,248,0.07984891,False
6253,340,ok,True,True,20260907,5,analysis_activations,positive,False,4.5881068806024405,5.426204873903283,0.045906078615480864,0.07943081619046874,0.21425703866029902,0.28183473205137216,0.7135637342214516,0.28643626577854836,0.28643626577854836,3.3478834707325715,2,3,427.7482788985482,332.5188374891244,95.22944140942383,95.22944140942383,71.0104751586914,109.53646850585938,299.49337463378924,386.0472412109375,10.0,0.1,2.0,141,0.19966072,False
6258,308,ok,True,True,20260907,5,analysis_activations,positive,False,4.3797525781517335,4.7209641055400855,0.009493769865672776,0.03559888291786411,0.0974359782917623,0.1886766623561698,0.6603325320586753,0.3396674679413248,0.3396674679413248,2.272405333526564,2,7,-73.23672048875618,-145.63538038806345,72.39865989930728,72.39865989930728,68.59542846679688,84.3149299621582,136.55109863281243,177.7565155029297,10.0,0.1,2.0,163,0.04461818,False
6308,286,ok,True,True,20260907,5,analysis_activations,positive,False,4.400711556146847,4.9955736839214655,0.02023657677045091,0.09802219434493895,0.1422553224679165,0.3130849634603025,0.7919588379272708,0.20804116207272905,0.20804116207272905,2.4463277241024293,2,7,148.8924114552139,20.132087996411716,128.7603234588022,128.7603234588022,66.56587219238281,83.23273849487305,202.9680290222168,249.09457397460938,10.0,0.1,2.0,130,0.095052674,False
6332,1320,ok,True,False,20260907,5,analysis_activations,positive,False,4.276267824761891,4.559306016055988,0.006446876748832125,0.035909800421688634,0.08029244515414961,0.18949881377382982,0.5529753574453727,0.44702464255462737,0.44702464255462737,1.9449081520892524,2,12,-507.8490520874355,-855.4316075910288,347.58255550359326,347.58255550359326,63.209510803222656,76.72757339477539,120.52122421264644,186.65658569335938,10.0,0.1,2.0,351,0.039449267,False
6348,681,ok,True,False,20260907,5,analysis_activations,positive,False,4.246823289492696,4.440412264810486,0.0029372882414876924,0.021626215399727807,0.054196754898127364,0.147058544123515,0.5550588091422815,0.4449411908577186,0.4449411908577186,1.746829278281892,2,14,-701.3872994041386,-904.1315024311771,202.74420302703845,202.74420302703845,63.5243034362793,72.13656616210938,99.36952209472656,174.03274536132812,10.0,0.1,2.0,142,0.02053751,False
6355,335,ok,True,False,20260907,5,analysis_activations,positive,False,4.288891876944612,4.527192605500349,0.0012338920961323851,0.029238127900290838,0.03512680025468282,0.17099160184140869,0.4025942069290027,0.5974057930709972,0.4025942069290027,1.9305886366413192,2,19,-194.75283766242478,-330.58415858570424,135.83132092327946,135.83132092327946,68.16813659667969,78.84537506103516,121.04698638916017,174.03555297851562,10.0,0.1,2.0,117,0.031715486,False
6395,432,ok,True,False,20260907,5,analysis_activations,positive,False,4.413500997005637,4.853896260216332,0.006523068348138866,0.09489801409520955,0.08076551459712782,0.30805521273825176,0.4826062704632322,0.5173937295367678,0.4826062704632322,1.9556607352507929,2,27,246.28931806236682,63.98747378701967,182.30184427534715,182.30184427534715,71.52476501464844,91.75922393798828,201.72975463867184,348.3186340332031,10.0,0.1,2.0,84,0.10090857,False
6403,821,ok,True,True,20260907,5,analysis_activations,positive,False,4.42743015221136,4.8999985393687355,0.013147132264277335,0.0884213918078958,0.11466094480806154,0.2973573469882589,0.5027616442041662,0.49723835579583375,0.49723835579583375,2.0970080267048568,2,15,503.856891380417,275.03532437830745,228.82156700210953,228.82156700210953,70.05244445800781,97.03948974609375,199.76953125,333.1488952636719,10.0,0.1,2.0,148,0.10653354,False
6428,506,ok,True,True,20260907,5,analysis_activations,positive,False,4.281399961143507,4.818404309095,0.021426880844082237,0.11466738692821565,0.14637923638304115,0.33862573282049263,0.7479211099006867,0.25207889009931334,0.25207889009931334,2.0586043362302644,2,6,279.7482520117508,78.9291716561959,200.81908035555492,200.81908035555492,58.85877227783203,74.4655876159668,160.94232177734375,303.9814453125,10.0,0.1,2.0,217,0.09949513,False
6490,347,ok,True,False,20260907,5,analysis_activations,positive,False,4.437160126311457,4.774586108775216,0.007548593021710556,0.05187573125535684,0.08688263935741453,0.22776244478701232,0.6210110233846604,0.37898897661533953,0.37898897661533953,1.9575433705915386,2,8,-35.22796153935008,-153.9933432084396,118.76538166908952,118.76538166908952,73.4113998413086,88.88277435302734,153.62235565185546,246.75157165527344,10.0,0.1,2.0,164,0.051291745,False
6590,479,ok,True,False,20260907,5,analysis_activations,positive,False,4.3250168392077075,4.680404553977265,0.00273942705206863,0.06296233151836493,0.05233953622328564,0.2509229593288843,0.4996800556722059,0.5003199443277941,0.4996800556722059,1.9607801949290182,2,17,58.290116448336775,-230.6757887751208,288.9659052234576,288.9659052234576,68.89735412597656,80.6198501586914,145.46548309326164,345.96173095703125,10.0,0.1,2.0,148,0.06457911,False
6611,331,ok,True,False,20260907,5,analysis_activations,positive,False,4.234169357148923,4.6188940101154765,0.005489831467704086,0.08176940059711335,0.0740933969237751,0.28595349376623,0.4978018462540933,0.5021981537459067,0.4978018462540933,1.8418714710458342,2,29,118.21417084983628,-22.306658346105984,140.52082919594227,140.52082919594227,60.6399040222168,74.9513168334961,157.2866973876953,259.72210693359375,10.0,0.1,2.0,103,0.08104378,False
6639,397,ok,True,True,20260907,5,analysis_activations,positive,False,4.30788846828148,4.804066855671706,0.020060372110034162,0.05902098103897968,0.14163464304340997,0.24294234097616596,0.664727606998223,0.33527239300177714,0.33527239300177714,2.4952599451331605,2,6,173.68176600415896,90.94248645524533,82.73927954891363,82.73927954891363,59.10786056518555,80.73766326904297,152.3926574707031,245.46400451660156,10.0,0.1,2.0,121,0.088211685,False
6734,264,ok,True,True,20260907,5,analysis_activations,positive,False,4.266062907024851,4.537093965066934,0.004639570651939247,0.02310182208158233,0.06811439386751707,0.15199283562583576,0.6156383387828461,0.3843616612171537,0.3843616612171537,2.30128246327462,2,8,-173.2676500960983,-246.88604691981422,73.61839682371593,73.61839682371593,63.21656036376953,74.29039764404297,111.91793441772461,134.2515106201172,10.0,0.1,2.0,135,0.029227642,False
6789,708,ok,True,False,20260907,5,analysis_activations,positive,False,4.143510662673014,4.813948393315724,0.019376429970773972,0.23779052237755918,0.13919924558263227,0.48763769581274086,0.8343313171585577,0.16566868284144237,0.16566868284144237,1.8696739028490834,2,9,507.42747878015115,-50.24410453463665,557.6715833147878,557.6715833147878,51.40964889526367,62.588809967041016,145.09550628662103,603.4907836914062,10.0,0.1,2.0,277,0.11785547,False
6888,231,ok,True,False,20260907,5,analysis_activations,positive,False,4.433942987946272,4.803032601565977,0.016377108488031616,0.0812026539250239,0.12797307719997833,0.28496079366295973,0.7101023469843181,0.28989765301568193,0.28989765301568193,1.6709634243372764,2,5,28.583825387835017,-27.879297111967638,56.46312249980265,56.46312249980265,70.87269592285156,87.02355194091797,153.61937713623047,276.3134460449219,10.0,0.1,2.0,73,0.06348704,False
7072,421,ok,True,True,20260907,5,analysis_activations,positive,False,4.190304773197182,4.70921876142848,0.015631259083269136,0.0851763021037654,0.1250250338263067,0.29184979373603365,0.5202526685748968,0.4797473314251032,0.4797473314251032,2.311339928442732,2,12,300.65973940166805,196.44158580278452,104.21815359888353,104.21815359888353,54.55751037597656,76.80030059814453,161.88040161132812,270.39959716796875,10.0,0.1,2.0,176,0.11647864,False
7101,294,ok,True,True,20260907,5,analysis_activations,positive,False,4.300317266447706,4.665438105127266,0.0106089757077518,0.05189885938843448,0.10299988207639754,0.22781321161959522,0.7005399808037512,0.2994600191962488,0.2994600191962488,2.065305916955496,2,6,-29.568755804856046,-118.55680170537525,88.98804590051921,88.98804590051921,63.22747039794922,77.04923248291016,122.94902114868164,198.69317626953125,10.0,0.1,2.0,142,0.05111345,False
7103,495,ok,True,False,20260907,5,analysis_activations,positive,False,4.298231370243216,4.578758459533682,0.00475780541206012,0.036164176518939786,0.06897684692750257,0.19016881058401713,0.7224968659616903,0.27750313403830984,0.27750313403830984,1.96115298708062,2,8,-331.1163686254688,-574.0582255178324,242.9418568923636,242.9418568923636,65.7066879272461,74.40282440185547,111.47453308105467,183.75843811035156,10.0,0.1,2.0,211,0.029309412,False
7108,346,ok,True,False,20260907,5,analysis_activations,positive,False,3.8857954407712536,4.722599710579273,0.020688644349342433,0.4013996856264456,0.14383547667158625,0.6335611143579171,0.7392802169860357,0.26071978301396426,0.26071978301396426,1.821533710315368,2,10,520.6762457723145,201.97074204586752,318.705503726447,318.705503726447,39.920997619628906,49.17106628417969,233.53462982177734,519.31201171875,10.0,0.1,2.0,180,0.25565347,False
7129,202,ok,True,True,20260907,5,analysis_activations,positive,False,4.153801477990922,5.4251509139471,0.03611780118651237,0.23902404989964343,0.19004683945415238,0.4889008589679951,0.6544431498708768,0.3455568501291231,0.3455568501291231,3.427690534111198,2,8,432.1085792538301,287.1225239795968,144.9860552742333,144.9860552742333,49.943214416503906,72.89572143554688,394.46865844726557,521.94384765625,10.0,0.1,2.0,96,0.47410795,False
7148,576,ok,True,False,20260907,5,analysis_activations,positive,False,3.9015699451485655,4.686257693305424,0.02415503320310666,0.31453760866967007,0.15541889590106686,0.5608365257984452,0.7338462036098272,0.2661537963901727,0.2661537963901727,1.9068168839408275,2,12,779.6342044249552,346.35900583771746,433.27519858723775,433.27519858723775,39.390289306640625,50.440101623535156,189.39435577392578,431.38299560546875,10.0,0.1,2.0,264,0.222089,False
7154,631,ok,True,True,20260907,5,analysis_activations,positive,False,3.804474237474235,4.782767002078675,0.038876492111615625,0.37016403260900327,0.19717122536418855,0.6084110720631268,0.8038804774818726,0.19611952251812736,0.19611952251812736,2.1632199073325595,2,12,940.6797227203933,477.4777260990674,463.2019966213259,463.2019966213259,33.16065216064453,45.81232452392578,179.10501098632812,449.408447265625,10.0,0.1,2.0,260,0.2551381,False
7162,440,ok,True,False,20260907,5,analysis_activations,positive,False,3.903477196389004,4.57889770126901,0.03821291450631682,0.23776528803966165,0.19548123824632588,0.4876118210622684,0.7543042667427049,0.24569573325729502,0.24569573325729502,1.8182426809735657,2,5,485.7794909230286,309.6338785072638,176.14561241576484,176.14561241576484,37.24232482910156,50.30032730102539,127.55216293334949,340.92218017578125,10.0,0.1,2.0,214,0.17217821,False
7175,380,ok,True,True,20260907,5,analysis_activations,positive,False,4.3737272067112425,5.0913706375697405,0.02361609826179944,0.11236762656968591,0.15367530140461558,0.33521280788431385,0.5216455231656891,0.47835447683431087,0.47835447683431087,2.752201613125372,2,13,468.25006781310225,359.8006410115018,108.44942680160045,108.44942680160045,62.38121032714844,97.99311828613281,254.16622772216797,339.1077880859375,10.0,0.1,2.0,221,0.19509496,False
7249,249,ok,True,True,20260907,5,analysis_activations,positive,False,4.132534167462994,4.5657989842999385,0.002647652376689218,0.07912499312036474,0.05145534351930048,0.28129165135205264,0.41959184265483634,0.5804081573451637,0.41959184265483634,2.1427149384740964,2,21,125.58395905277112,-4.960287016675107,130.54424606944622,130.54424606944622,56.537235260009766,71.38294982910156,150.85480957031248,209.06333923339844,10.0,0.1,2.0,38,0.09312476,False
7268,310,ok,True,True,20260907,5,analysis_activations,positive,False,4.443444348229064,5.123040214183101,0.04174433248040352,0.13778374665881343,0.2043142982769525,0.37119233108836375,0.6620643370595126,0.33793566294048744,0.33793566294048744,2.268294992825477,2,5,355.3453577429219,294.42481160331283,60.92054613960909,60.92054613960909,63.730308532714844,96.53130340576172,246.38192596435562,476.129638671875,10.0,0.1,2.0,69,0.17810526,False
7304,229,ok,True,False,20260907,5,analysis_activations,positive,False,4.396843400973489,4.808790676519449,0.010241335309295727,0.08525267133813405,0.10119948275211552,0.2919806009620058,0.5417564066405125,0.4582435933594875,0.4582435933594875,1.8852483747709232,2,12,100.88095070595851,32.43531045487169,68.44564025108681,68.44564025108681,69.38127899169922,89.93421173095703,174.20303649902337,294.2005615234375,10.0,0.1,2.0,120,0.08712347,False
7310,704,ok,True,True,20260907,5,analysis_activations,positive,False,4.113337368162142,4.556625415393687,0.013600080764883123,0.06454732468323846,0.11661938417297153,0.2540616552792618,0.7330819587554599,0.2669180412445401,0.2669180412445401,2.2425582737529046,2,7,93.67542863724232,-175.29192015783173,268.96734879507403,268.96734879507403,50.827735900878906,63.2995548248291,115.97984275817872,194.8934783935547,10.0,0.1,2.0,290,0.06574168,False
7404,485,ok,True,True,20260907,5,analysis_activations,positive,False,4.491364329868242,5.023449026215764,0.02248839143716336,0.09624095947334228,0.14996129979819248,0.3102272706796459,0.5308692088085882,0.46913079119141177,0.46913079119141177,2.1838193969456445,2,13,390.17785735266887,299.3219214571632,90.85593589550564,90.85593589550564,72.260498046875,104.97639465332031,225.99576721191394,369.48773193359375,10.0,0.1,2.0,92,0.12785934,False
7406,550,ok,True,False,20260907,5,analysis_activations,positive,False,4.46907494037182,4.780849399555134,0.00876770127653874,0.043336437041180335,0.0936360041679414,0.20817405467824354,0.6781157420448455,0.3218842579551546,0.3218842579551546,1.9316099033298837,2,5,-181.8633342531332,-350.68214394051074,168.81880968737755,168.81880968737755,75.47948455810547,90.04863739013672,147.10110092163075,229.3897247314453,10.0,0.1,2.0,135,0.0411858,False
7421,208,ok,True,False,20260907,5,analysis_activations,positive,False,4.1740391534786365,4.867091864352988,0.059160786890620126,0.12844153437149722,0.24322990541999584,0.3583874082211835,0.4795152651236998,0.5204847348763002,0.4795152651236998,2.2628833166681717,2,5,281.3282135355873,281.055899565265,0.2723139703222728,0.2723139703222728,43.47332763671875,90.89732360839844,196.2319671630859,342.9036560058594,10.0,0.1,2.0,118,0.21613733,False
7433,800,ok,True,True,20260907,5,analysis_activations,positive,False,3.845470000600703,4.591656866945055,0.01912944212303669,0.2258094032470187,0.13830922645664925,0.47519406903602945,0.7023196353012443,0.29768036469875564,0.29768036469875564,2.13222860545198,2,10,984.2744894242172,393.537014723178,590.7374747010392,590.7374747010392,37.8804931640625,48.709651947021484,145.06070632934566,381.96258544921875,10.0,0.1,2.0,302,0.19730704,False
7517,386,ok,True,True,20260907,5,analysis_activations,positive,False,4.357049013588694,4.858470366443934,0.013371338774469764,0.08952948533394714,0.1156345051205295,0.2992147812758373,0.5302445409686539,0.46975545903134613,0.46975545903134613,2.2105909904128382,2,12,261.49232422343914,148.08266130829125,113.40966291514789,113.40966291514789,65.0184097290039,88.6767807006836,182.16523361206055,307.5552978515625,10.0,0.1,2.0,56,0.11206228,False
7564,600,ok,True,False,20260907,5,analysis_activations,positive,False,4.080933403485033,4.493367234881655,0.010821927761274629,0.09425072001769397,0.10402849494861795,0.30700280131896834,0.7199478520966712,0.28005214790332883,0.28005214790332883,1.799386435629832,2,6,106.80720277770925,-196.9816839579305,303.7888867356397,303.7888867356397,50.24448776245117,60.654136657714844,112.58574447631824,236.0857696533203,10.0,0.1,2.0,242,0.06859609,False
7603,1826,ok,True,True,20260907,5,analysis_activations,positive,False,3.9896394617322457,4.626330387273866,0.01864997366576538,0.17953041243840065,0.13656490642095934,0.42371029305222296,0.6571238161776511,0.3428761838223489,0.3428761838223489,2.0226154617342083,2,11,1908.5048280195404,861.8986473411055,1046.6061806784348,1046.6061806784348,43.883602142333984,57.37138366699219,163.95957946777344,398.8782958984375,10.0,0.1,2.0,393,0.16523765,True
7607,217,ok,True,True,20260907,5,analysis_activations,positive,False,4.641113101496572,5.419697695592287,0.04051297070108899,0.14768494035099064,0.2012783413611335,0.38429798379771735,0.5746567888020541,0.4253432111979459,0.4253432111979459,2.5381273246719265,2,7,311.6480217753555,270.73949491425867,40.908526861096846,40.908526861096846,76.5689926147461,125.8995590209961,387.41821899414043,492.1883239746094,10.0,0.1,2.0,92,0.23535106,False
7627,857,ok,True,True,20260907,5,analysis_activations,positive,False,3.661353428856151,4.336408380850022,0.026995768789636304,0.15235055669766567,0.164303891583968,0.3903210943539507,0.624424150079584,0.3755758499204161,0.3755758499204161,2.2542801336602247,2,13,980.4725104029663,660.237423936326,320.2350864666404,320.2350864666404,29.995319366455078,43.058895111083984,122.75090789794918,198.2611083984375,10.0,0.1,2.0,326,0.1811564,False
7633,364,ok,True,False,20260907,5,analysis_activations,positive,False,4.356330719617686,4.916776494809976,0.018323912291151368,0.1393738947273029,0.13536584610289026,0.3733281327830825,0.7012217462665506,0.2987782537334494,0.2987782537334494,1.9958861777070922,2,10,273.9052197927655,100.51922951004262,173.38599028272284,173.38599028272284,63.54216384887695,81.1727066040039,188.01435089111305,377.01409912109375,10.0,0.1,2.0,150,0.12062843,False
7704,698,ok,True,False,20260907,5,analysis_activations,positive,False,3.9331914296920796,4.586912694732051,0.03114868111012913,0.28738137179817075,0.17648988954081513,0.5360796319560842,0.8193996206981959,0.1806003793018041,0.1806003793018041,1.6380697993224007,2,4,624.8932008748587,234.41797998592426,390.4752208889345,390.4752208889345,39.70311737060547,50.5155143737793,105.86301460266102,445.8878173828125,10.0,0.1,2.0,295,0.14086644,False
7787,231,ok,True,True,20260907,5,analysis_activations,positive,False,4.766682399045789,5.67861156083687,0.07190208731723578,0.07478442803627544,0.26814564571746413,0.2734674167725937,0.618438759457915,0.3815612405420849,0.3815612405420849,3.3672937622550583,2,3,363.3263579408856,331.54718709713575,31.779170843749853,31.779170843749853,76.70315551757812,151.74871826171875,413.05963134765625,484.9009094238281,10.0,0.1,2.0,33,0.27040955,False
7803,875,ok,True,False,20260907,5,analysis_activations,positive,False,4.244069366457179,4.505314565419562,0.003389002078065123,0.03465216400690603,0.05821513615946563,0.1861509172873076,0.4680960202686731,0.531903979731327,0.4680960202686731,1.894246115274246,2,20,-387.81014566913245,-669.6752007350517,281.86505506591925,281.86505506591925,63.38151550292969,75.38855743408203,116.89085693359374,203.1735382080078,10.0,0.1,2.0,234,0.03705215,False
7833,294,ok,True,True,20260907,5,analysis_activations,positive,False,4.3466697065773685,4.645615730787978,0.005795840580825874,0.038439450003101255,0.0761304182362469,0.19605981231017552,0.49705913162244764,0.5029408683775523,0.49705913162244764,2.0101262616601914,2,13,-68.9463073714816,-133.47151027164543,64.52520290016383,64.52520290016383,68.01305389404297,84.07748413085938,130.627197265625,209.20941162109375,10.0,0.1,2.0,177,0.044706117,False
7862,463,ok,True,True,20260907,5,analysis_activations,positive,False,4.402080445428391,4.868923420896065,0.009132277149106728,0.09063625317546335,0.09556294862082651,0.3010585543967541,0.5220275576093344,0.47797244239066566,0.47797244239066566,2.0902057536559107,2,21,271.40272753724497,87.59370529472514,183.80902224251983,183.80902224251983,70.87165832519531,91.00485229492188,191.42152404785148,319.02685546875,10.0,0.1,2.0,163,0.10268938,False
7877,349,ok,True,True,20260907,5,analysis_activations,positive,False,4.475216952018708,5.052959537700484,0.024777319196583793,0.061106411734694784,0.15740812938531412,0.24719711109698428,0.7222803148197247,0.2777196851802753,0.2777196851802753,2.788007433007797,2,3,204.8229132529625,118.88165157937337,85.94126167358914,85.94126167358914,68.98817443847656,94.35515594482422,199.40596923828124,306.8956604003906,10.0,0.1,2.0,122,0.10211289,False
7917,867,ok,True,False,20260907,5,analysis_activations,positive,False,4.091255664460069,4.3781485919470375,0.006014220729696884,0.036234989786707736,0.0775514070130058,0.19035490481389686,0.7041730473939987,0.29582695260600134,0.29582695260600134,1.9739017903290559,2,10,-507.58040918491884,-862.7225770280966,355.14216784317773,355.14216784317773,52.61432647705078,60.80831527709961,94.99281311035155,141.96730041503906,10.0,0.1,2.0,238,0.032136187,False
7928,251,ok,True,False,20260907,5,analysis_activations,positive,False,4.4930062905603085,5.018739524931234,0.028237285334671628,0.15272046024137562,0.16803953503468053,0.3907946522681389,0.8476547995532692,0.15234520044673078,0.15234520044673078,1.747800427508461,2,4,98.317706791765,20.48082945431143,77.83687733745357,77.83687733745357,70.08470153808594,89.74243927001953,163.22425079345703,530.7509155273438,10.0,0.1,2.0,120,0.083224826,False
8010,333,ok,True,True,20260907,5,analysis_activations,positive,False,4.443849488033037,5.210225457177344,0.04262535296672614,0.07947808960328553,0.2064590830327553,0.28191858683542936,0.6860854358925116,0.3139145641074885,0.3139145641074885,3.1016509484812675,2,3,386.87181217223315,312.95796275796533,73.91384941426782,73.91384941426782,62.09626770019531,97.16751098632812,242.85089416503897,364.3978271484375,10.0,0.1,2.0,187,0.18123208,False
8011,520,ok,True,True,20260907,5,analysis_activations,positive,False,3.9312844995072322,5.081985811486198,0.04197251251585976,0.45265536141764584,0.20487194174864395,0.6727966716755114,0.8464535313878359,0.15354646861216426,0.15354646861216426,2.313866576281313,2,12,820.8954094657491,370.4015059792974,450.49390348645176,450.49390348645176,37.77987289428711,50.514034271240234,295.30322570800706,520.5487670898438,10.0,0.1,2.0,233,0.2776594,False
8214,337,ok,True,True,20260907,5,analysis_activations,positive,False,4.310248038749396,4.774423717451298,0.01901431867168553,0.07685941312036555,0.13789241702024635,0.2772353028031703,0.6660954303949148,0.33390456960508513,0.33390456960508513,2.1200571233791745,2,6,142.17981573942183,62.19780079881517,79.98201494060666,79.98201494060666,60.823211669921875,79.85436248779297,153.08906249999995,252.47677612304688,10.0,0.1,2.0,199,0.08650545,False
8248,358,ok,True,False,20260907,5,analysis_activations,positive,False,4.37160287973792,4.758258520579026,0.00911541053876193,0.09036769440471855,0.09547465914451819,0.30061219936110134,0.6909316749249728,0.30906832507502735,0.30906832507502735,1.7336630078255066,2,11,55.467098133513375,-127.09031553184273,182.5574136653561,182.5574136653561,68.46695709228516,81.90898132324219,143.88176803588865,312.3763122558594,10.0,0.1,2.0,167,0.066337734,False
8271,481,ok,True,True,20260907,5,analysis_activations,positive,False,4.343128800393548,4.674880947719128,0.012340200553781358,0.036202194070625755,0.11108645531198373,0.19026874170663388,0.6739265876505653,0.3260734123494347,0.3260734123494347,2.1294534076341645,2,4,-121.73651404251144,-202.46224645800783,80.72573241549638,80.72573241549638,64.0467300415039,81.4021987915039,130.9649658203125,183.77743530273438,10.0,0.1,2.0,179,0.044397853,False
8284,1826,ok,True,False,20260907,5,analysis_activations,positive,False,3.784913463324804,4.286409755485708,0.023573806224416002,0.13957113154797973,0.15353763781046,0.37359219952774675,0.7278263840577176,0.27217361594228245,0.27217361594228245,1.755884410192642,2,5,1080.9424431067823,390.4200994868615,690.5223436199208,690.5223436199208,34.526573181152344,45.201011657714844,94.86115455627441,331.6455993652344,10.0,0.1,2.0,432,0.10502233,False
8321,397,ok,True,False,20260907,5,analysis_activations,positive,False,4.148078703781154,4.425594419676166,0.0056538003493202755,0.03573590036631337,0.07519175719000239,0.1890394148486325,0.6283332421633014,0.3716667578366986,0.3716667578366986,1.9291075348236646,2,9,-194.36276608555804,-323.4032797415801,129.04051365602206,129.04051365602206,55.544437408447266,65.55308532714844,100.40628356933593,147.33792114257812,10.0,0.1,2.0,153,0.034906615,False
8355,371,ok,True,False,20260907,5,analysis_activations,positive,False,4.19827488357854,4.529916117065068,0.00390173289027929,0.05850583486459698,0.06246385266919813,0.24187979424622674,0.47174702116419603,0.5282529788358039,0.47174702116419603,1.8774349188209316,2,21,21.86163724904874,-126.48134906141053,148.34298631045925,148.34298631045925,59.826229095458984,72.07557678222656,125.92220306396484,276.94024658203125,10.0,0.1,2.0,141,0.060316768,False
8362,802,ok,True,True,20260907,5,analysis_activations,positive,False,4.361632041287135,4.875648418198415,0.01968821618437371,0.10189483577552033,0.14031470409181537,0.31920970501461937,0.7304449994328279,0.2695550005671721,0.2695550005671721,2.084756965583205,2,5,391.9327262362253,78.62546475232188,313.3072614839034,313.3072614839034,63.920387268066406,81.15383911132812,175.76231079101555,310.606201171875,10.0,0.1,2.0,254,0.093985856,False
8539,1067,ok,True,True,20260907,5,analysis_activations,positive,False,4.161284153747826,4.647774630187776,0.011212026698783987,0.07275374801900668,0.10588685800789438,0.2697290270234308,0.4630948617013587,0.5369051382986413,0.4630948617013587,2.3743142063565834,2,15,617.665987839091,332.32505610561344,285.3409317334776,285.3409317334776,53.43149185180664,75.75308227539062,153.22047424316403,288.5202331542969,10.0,0.1,2.0,356,0.10319575,False
8560,233,ok,True,True,20260907,5,analysis_activations,positive,False,4.359441225327494,4.75516611291169,0.01135948940846895,0.06669201399959025,0.1065809054590406,0.2582479699815475,0.6082895262942536,0.3917104737057463,0.3917104737057463,2.003169623537442,2,12,53.66868635294013,-11.158157915572968,64.8268442685131,64.8268442685131,66.48780822753906,83.63276672363281,150.50388488769528,243.83160400390625,10.0,0.1,2.0,64,0.07064915,False
8604,247,ok,True,True,20260907,5,analysis_activations,positive,False,4.354777551815144,4.744068204704172,0.01284546740846159,0.033119855193724186,0.11333784632002494,0.1819886128133411,0.693977432945561,0.306022567054439,0.306022567054439,2.567874636849264,2,4,-21.95246513338965,-67.9926915671418,46.04022643375215,46.04022643375215,65.24075317382812,82.4140625,134.8196868896484,180.08030700683594,10.0,0.1,2.0,55,0.051441643,False
8610,219,ok,True,True,20260907,5,analysis_activations,positive,False,4.524890944178805,5.288303955187694,0.03918882809803842,0.08018253146737889,0.19796168340878095,0.283165201723974,0.6953047968833606,0.30469520311663945,0.30469520311663945,3.1248162553812735,2,3,250.74806272400642,200.33517467076234,50.412888053244075,50.412888053244075,68.59419250488281,104.43266296386719,263.2730285644531,328.19024658203125,10.0,0.1,2.0,121,0.17595139,False
8711,2073,ok,True,True,20260907,5,analysis_activations,positive,False,4.444996545917018,4.827333331083426,0.014400257710698852,0.05271410973229216,0.12000107378977429,0.22959553508788486,0.5129743632108896,0.4870256367891103,0.4870256367891103,2.0871484097323605,2,10,373.06616403390154,58.93770648583785,314.1284575480637,314.1284575480637,70.17546081542969,96.76021575927734,167.66583557128897,339.1102294921875,10.0,0.1,2.0,86,0.06961336,False
8747,236,ok,True,False,20260907,5,analysis_activations,positive,False,4.204455528045286,4.703996787568644,0.012436070534299105,0.12552313586874214,0.11151713112476982,0.35429244399047255,0.5648922127291341,0.4351077872708659,0.4351077872708659,1.902002216117122,2,19,186.06333039272332,94.18042031514369,91.88291007757962,91.88291007757962,57.170127868652344,73.9198226928711,168.16808319091797,290.39306640625,10.0,0.1,2.0,86,0.123498015,False
8785,226,ok,True,False,20260907,5,analysis_activations,positive,False,4.398024268080656,4.727329555462818,0.009152229504306065,0.055061900941299396,0.0956672854444301,0.2346527241292958,0.7474780862548901,0.25252191374510996,0.25252191374510996,1.8378006412983001,2,5,-68.51115034096529,-148.43819300048887,79.92704265952358,79.92704265952358,70.02220153808594,82.58889770507812,128.84268951416016,233.0857696533203,10.0,0.1,2.0,75,0.041396506,False
8864,608,ok,True,False,20260907,5,analysis_activations,positive,False,4.161561916320148,4.372554024713998,0.0030974552175475636,0.02206174189973442,0.05565478611536984,0.14853195582006729,0.49517648978995316,0.504823510210047,0.49517648978995316,1.8811906906737184,2,17,-534.5362482319802,-687.1974312171852,152.66118298520507,152.66118298520507,58.31147766113281,67.98893737792969,95.21371002197266,136.48666381835938,10.0,0.1,2.0,215,0.023837658,False
8926,286,ok,True,True,20260907,5,analysis_activations,positive,False,4.043951838899602,5.2097231556539185,0.019963212315187457,0.16154321234144559,0.1412912322657972,0.40192438634828515,0.26201776180715314,0.7379822381928468,0.26201776180715314,3.869745129503415,2,12,551.6079973417889,460.4886459090346,91.11935143275429,91.11935143275429,46.610267639160156,155.60972595214844,332.6170196533203,421.1396484375,10.0,0.1,2.0,158,0.38859126,False
8969,655,ok,True,True,20260907,5,analysis_activations,positive,False,4.414356268879837,4.803341510620148,0.008287674959592853,0.04528871709709118,0.09103666821447748,0.21281145903614115,0.5820329194158831,0.4179670805841168,0.4179670805841168,2.37662898915684,2,10,35.091064991883364,-181.3859067792894,216.47697177117277,216.47697177117277,71.6983413696289,89.66361999511719,158.85573577880857,223.74964904785156,10.0,0.1,2.0,149,0.060653646,False
9010,434,ok,True,True,20260907,5,analysis_activations,positive,False,4.249806729530024,4.616944029605767,0.01013770914181014,0.056645280394139325,0.10068619141575542,0.2380026898884534,0.587262571869112,0.412737428130888,0.412737428130888,2.009141754959243,2,10,37.017543429162174,-82.67149229262515,119.68903572178732,119.68903572178732,59.54527282714844,74.78981399536133,134.1648773193359,226.63314819335938,10.0,0.1,2.0,207,0.06214646,False
9069,248,ok,True,True,20260907,5,analysis_activations,positive,False,4.375102663442297,4.948114063529936,0.015017300144793395,0.11011823112690838,0.12254509433181483,0.3318406712970976,0.5723703940385229,0.42762960596147714,0.42762960596147714,2.2908040344653484,2,11,220.12682709457715,128.38477580282984,91.74205129174732,91.74205129174732,65.84037017822266,89.43065643310547,212.52753448486325,343.8760681152344,10.0,0.1,2.0,45,0.13660072,False
9102,448,ok,True,False,20260907,5,analysis_activations,positive,False,4.2474992972332055,4.68633637568604,0.010814540451501502,0.11718592337961756,0.1039929827031685,0.34232429563152184,0.6170259776118506,0.38297402238814937,0.38297402238814937,1.7346527191453263,2,17,238.6431147240205,25.09402954885852,213.549085175162,213.549085175162,60.150184631347656,73.51749038696289,149.113703918457,398.0458984375,10.0,0.1,2.0,118,0.09727511,False
9107,234,ok,True,True,20260907,5,analysis_activations,positive,False,4.45272217563863,4.995825756548883,0.009337810372325213,0.08739451350078052,0.09663234640804917,0.29562563065603853,0.4522837029881367,0.5477162970118633,0.4522837029881367,2.469516052190215,2,19,188.68113899085034,115.73675260581808,72.94438638503226,72.94438638503226,73.45913696289062,104.4429931640625,222.55709533691402,268.029296875,10.0,0.1,2.0,115,0.12569572,False
9108,231,ok,True,True,20260907,5,analysis_activations,positive,False,4.45229497937487,4.9589303459963485,0.021438209203405206,0.06770377219705237,0.14641792650971808,0.2601994853896763,0.5395544442494214,0.4604455557505786,0.4604455557505786,2.399768561586391,2,11,149.10233612547668,122.6249502284918,26.477385896984885,26.477385896984885,69.0411148071289,101.11736297607422,191.93963623046875,273.7119445800781,10.0,0.1,2.0,164,0.106971286,False
9250,214,ok,True,True,20260907,5,analysis_activations,positive,False,4.395516402466213,4.816967614371073,0.008843003530917437,0.07003843723198785,0.09403724544518219,0.26464776067820384,0.5981123424163161,0.401887657583684,0.401887657583684,2.1221441839930244,2,13,66.92402720727594,-15.241300763421325,82.16532797069726,82.16532797069726,69.6748046875,86.09168243408203,167.81477279663085,258.23699951171875,10.0,0.1,2.0,99,0.07648868,False
9252,503,ok,True,False,20260907,5,analysis_activations,positive,False,4.318463059772584,4.57312079981964,0.0024537495217358996,0.03137689255776166,0.04953533609188394,0.17713523804641937,0.519851357110036,0.480148642889964,0.480148642889964,1.9580183529929867,2,17,-283.2223424969674,-508.1921850292647,224.96984253229726,224.96984253229726,69.0303726196289,78.74458312988281,120.79539184570312,179.95156860351562,10.0,0.1,2.0,202,0.032592062,False
9255,253,ok,True,True,20260907,5,analysis_activations,positive,False,4.291927514315537,4.871017769126634,0.015960625068033387,0.14226153680770845,0.12633536744725676,0.37717573729988046,0.6440699201440045,0.3559300798559955,0.3559300798559955,2.058863702942063,2,12,227.59715020093853,106.07085864597028,121.52629155496825,121.52629155496825,60.981231689453125,77.396240234375,200.13057556152341,368.2752380371094,10.0,0.1,2.0,97,0.1383366,False
9266,238,ok,True,False,20260907,5,analysis_activations,positive,False,4.48547672410259,4.894285461318336,0.010520998888907392,0.07654311166347112,0.10257192056750908,0.27666425801586864,0.6243340221240067,0.3756659778759934,0.3756659778759934,1.959366069894241,2,13,68.34707864931815,-16.748178639473235,85.09525728879139,85.09525728879139,76.62895965576172,93.74213409423828,183.23535766601555,303.2884826660156,10.0,0.1,2.0,114,0.074834354,False
9340,224,ok,True,True,20260907,5,analysis_activations,positive,False,4.284185950226928,4.558691068019172,0.00707980740256795,0.027421759914996735,0.08414159139550398,0.1655951687549994,0.6298671721574143,0.37013282784258567,0.37013282784258567,2.0899987739851147,2,8,-123.27992183819582,-161.54282421607437,38.26290237787855,38.26290237787855,62.80743408203125,75.89511108398438,113.92934265136716,156.39382934570312,10.0,0.1,2.0,160,0.032319743,False
9395,2161,ok,True,True,20260907,5,analysis_activations,positive,False,3.7194417271984745,4.399360799568467,0.022306019937992274,0.15102980211148923,0.1493520001137992,0.3886255294129417,0.45445301369284186,0.5455469863071581,0.45445301369284186,2.309553671963685,2,25,2745.8510877109725,2151.124060633222,594.7270270777503,594.7270270777503,32.135955810546875,53.35563659667969,144.48196411132812,214.2735595703125,10.0,0.1,2.0,443,0.20723881,False
9433,309,ok,True,False,20260907,5,analysis_activations,positive,False,4.294060291596316,4.6904846792150945,0.009132225175337443,0.0817415318015462,0.09556267668570949,0.28590476001904236,0.6371988386104682,0.3628011613895318,0.3628011613895318,1.8597566492252673,2,18,74.52131622284358,-62.85455255754282,137.37586878038638,137.37586878038638,62.89434051513672,76.41171264648438,142.1328582763672,348.24896240234375,10.0,0.1,2.0,83,0.07203706,False
9546,373,ok,True,True,20260907,5,analysis_activations,positive,False,3.9857380812400747,4.640937685994043,0.03485852742698415,0.04147328676883481,0.18670438513056983,0.20364991227308402,0.5739128275904066,0.42608717240959343,0.42608717240959343,3.3537897443978317,2,3,344.01180876078035,277.862665497576,66.14914326320434,66.14914326320434,40.445762634277344,66.70030975341797,130.12445068359375,162.67276000976562,10.0,0.1,2.0,209,0.14303584,False
9552,336,ok,True,False,20260907,5,analysis_activations,positive,False,4.40745901032207,4.850015996186738,0.019643357225912785,0.08570773289225103,0.14015476169546573,0.2927588305965356,0.6595174414879399,0.34048255851206016,0.34048255851206016,1.9282559560593697,2,6,141.2709369552169,64.30214635698901,76.9687905982279,76.9687905982279,66.23233032226562,87.86893463134766,169.06826782226562,299.940673828125,10.0,0.1,2.0,107,0.08637362,False
9691,432,ok,True,False,20260907,5,analysis_activations,positive,False,4.284620658423085,4.684367745810718,0.012832879310610862,0.08279589329122398,0.11328229919369955,0.28774275541049504,0.7247227963748707,0.27527720362512936,0.27527720362512936,1.8281255360917181,2,5,50.389111477747214,-121.16520719878824,171.55431867653544,171.55431867653544,61.46581268310547,74.66423034667969,137.72904205322266,248.9078369140625,10.0,0.1,2.0,179,0.064119145,False
9760,442,ok,True,False,20260907,5,analysis_activations,positive,False,4.43207657998878,4.7872775442799815,0.009260130727038667,0.059046460923248084,0.09622957303780719,0.24299477550607562,0.715258498743868,0.2847415012561319,0.2847415012561319,1.922019662261298,2,8,-65.33743537361337,-243.53948561590033,178.20205024228696,178.20205024228696,72.17178344726562,86.1358528137207,142.73532638549804,265.8099670410156,10.0,0.1,2.0,165,0.049242564,False
9811,397,ok,True,True,20260907,5,analysis_activations,positive,False,4.303993372071528,4.68275554069981,0.005413869492947633,0.05435743186496784,0.07357900171208925,0.23314680324844225,0.3680170027500227,0.6319829972499773,0.3680170027500227,2.190963974109463,2,17,81.23381846394076,-1.275061386586728,82.50887985052749,82.50887985052749,65.17323303222656,89.20466613769531,155.75157165527344,211.38656616210938,10.0,0.1,2.0,201,0.06988655,False
9817,402,ok,True,True,20260907,5,analysis_activations,positive,False,4.2951301905731265,4.754827691011534,0.01370056264378016,0.08524438833307606,0.11704940257763027,0.2919664164472963,0.7059968483600421,0.29400315163995794,0.29400315163995794,2.0667613024436533,2,9,130.36263115708175,-37.32304629569379,167.68567745277554,167.68567745277554,60.610591888427734,76.2373275756836,150.16382064819337,307.0203857421875,10.0,0.1,2.0,208,0.07879276,False
9879,273,ok,True,False,20260907,5,analysis_activations,positive,False,3.994747776374634,4.5739597357678825,0.014873172883569232,0.15548506140638052,0.12195561849939195,0.39431594110101675,0.6918246541879316,0.30817534581206846,0.30817534581206846,1.9845907062647536,2,9,228.41596508678674,69.68021874230496,158.73574634448178,158.73574634448178,45.02178955078125,56.97612762451172,135.3788574218749,337.7171325683594,10.0,0.1,2.0,151,0.13020903,False
9908,210,ok,True,False,20260907,5,analysis_activations,positive,False,4.360249962040159,4.691562577536902,0.01076595920176989,0.04882381582153141,0.1037591403287917,0.22096111834784737,0.5923166112180382,0.40768338878196175,0.40768338878196175,1.91940710422767,2,6,-11.064391441912298,-46.70163878245822,35.63724734054592,35.63724734054592,66.52953338623047,83.28821182250977,138.13415451049804,265.2460021972656,10.0,0.1,2.0,114,0.053039607,False
10041,1115,ok,True,False,20260907,5,analysis_activations,positive,False,3.936433190736677,4.436943808735236,0.02075082414323601,0.1500878071525965,0.14405146352340892,0.38741167658267156,0.7944892354343112,0.20551076456568887,0.20551076456568887,1.7125184193787264,2,4,471.29033378512275,-56.77483195647774,528.0651657416005,528.0651657416005,41.16399383544922,51.10620880126953,101.10575408935543,313.1780090332031,10.0,0.1,2.0,364,0.088311665,False
10073,445,ok,True,True,20260907,5,analysis_activations,positive,False,4.429870395047977,4.7750754659534795,0.011583496182554621,0.033109345662555426,0.10762665182265321,0.18195973637746188,0.6224014824088417,0.37759851759115837,0.37759851759115837,2.3092618409621437,2,6,-78.84761908776193,-147.01917377224544,68.17155468448351,68.17155468448351,70.20097351074219,89.89616394042969,142.1610717773437,198.74269104003906,10.0,0.1,2.0,55,0.047824346,False
10083,318,ok,True,False,20260907,5,analysis_activations,positive,False,4.164748962754848,4.443471343186556,0.008549059629773379,0.03392810292273528,0.09246112496489202,0.18419582764746675,0.5649646443635719,0.4350353556364281,0.4350353556364281,1.912533676328489,2,8,-120.28388348672253,-163.83278281307452,43.548899326351986,43.548899326351986,55.280128479003906,69.45207214355469,103.22196960449216,164.21762084960938,10.0,0.1,2.0,61,0.03880451,False
10150,630,ok,True,False,20260907,5,analysis_activations,positive,False,3.859310130006969,4.532374873889343,0.02583115466346493,0.31947753605984375,0.1607207350140763,0.5652234390573729,0.8441526594090305,0.15584734059096947,0.15584734059096947,1.6198249556916813,2,3,521.1675146138514,80.17482192022142,440.99269269363,440.99269269363,37.423866271972656,46.67131042480469,91.4348289489746,497.20428466796875,10.0,0.1,2.0,258,0.13140109,False
10157,669,ok,True,True,20260907,5,analysis_activations,positive,False,4.465301946790219,4.795898141255766,0.010534616567708543,0.040213940710711514,0.10263828022579365,0.20053413851689073,0.6695350876987591,0.3304649123012408,0.3304649123012408,2.075396106914035,2,5,-170.19828666396322,-332.8278009914859,162.62951432752268,162.62951432752268,74.5863037109375,91.52684020996094,150.26721496582033,219.7803192138672,10.0,0.1,2.0,66,0.044590358,False
10173,326,ok,True,True,20260907,5,analysis_activations,positive,False,4.2791519446942035,4.71099614823766,0.016037976301797603,0.055528488897681354,0.12664113195086976,0.23564483634843636,0.6492981814828622,0.3507018185171378,0.3507018185171378,2.282902211926576,2,9,80.5760318880627,12.722964351739272,67.85306753632344,67.85306753632344,59.411376953125,78.49560165405273,142.78813934326172,208.74838256835938,10.0,0.1,2.0,104,0.07257456,False
10243,235,ok,True,True,20260907,5,analysis_activations,positive,False,4.451097062684639,4.856369255888965,0.004486279649876674,0.06510075621995297,0.06697969580310643,0.25514849836899484,0.4550570856949227,0.5449429143050772,0.4550570856949227,2.1726893505373246,2,16,79.0653827012701,-13.545069168475742,92.61045186974584,92.61045186974584,76.89717102050781,96.52803039550781,189.61072235107417,245.62136840820312,10.0,0.1,2.0,84,0.07858066,False
10251,280,ok,True,True,20260907,5,analysis_activations,positive,False,4.23995747160808,4.529845250253204,0.006712210889697739,0.029892187311177872,0.08192808364472917,0.1728935722089687,0.565988062643011,0.434011937356989,0.434011937356989,2.1427833769893065,2,12,-114.12070113360997,-166.73419868302074,52.613497549410766,52.613497549410766,60.057899475097656,74.0739517211914,110.36859283447266,164.43748474121094,10.0,0.1,2.0,149,0.037548553,False
10313,10640,ok,True,True,20260907,5,analysis_activations,positive,False,3.3691863816579417,4.1175658955571075,0.07586165776681758,0.1308023184818439,0.2754299507439552,0.3616660316947721,0.5306816411592816,0.46931835884071843,0.46931835884071843,2.328115369646591,2,5,15079.285285334774,14320.815162627632,758.4701227071419,758.4701227071419,17.356882095336914,38.85906219482422,96.23724098205565,243.81448364257812,10.0,0.1,2.0,493,0.24115853,True
10386,344,ok,True,True,20260907,5,analysis_activations,positive,False,3.939460776537224,4.788157271420559,0.01466857447499238,0.24881970090934727,0.12111389051216372,0.4988183045051046,0.6567553505594083,0.34324464944059185,0.34324464944059185,2.338227472922127,2,8,521.0751737103401,222.6762344951279,298.3989392152122,298.3989392152122,42.32927322387695,54.672882080078125,237.40351562499976,339.7119140625,10.0,0.1,2.0,184,0.25816157,False
10395,321,ok,True,False,20260907,5,analysis_activations,positive,False,4.291755972669734,4.516670242015251,0.0036323932701544867,0.02434583178238039,0.060269339387075474,0.15603150894091997,0.6145321068633259,0.38546789313667407,0.38546789313667407,1.9016120803775758,2,9,-280.14424409138127,-384.14728911669926,104.00304502531799,104.00304502531799,66.31744384765625,75.57946014404297,105.81109619140625,164.7505340576172,10.0,0.1,2.0,182,0.023672532,False
10595,331,ok,True,False,20260907,5,analysis_activations,positive,False,4.450034885047862,4.854473765061625,0.012948231209971475,0.073763647820364,0.11379029488480762,0.2715946387916448,0.7158120436310147,0.28418795636898536,0.28418795636898536,1.9423549566136986,2,6,38.493037673627974,-76.6090763278286,115.10211400145658,115.10211400145658,71.73932647705078,88.36347198486328,153.27027130126953,308.50958251953125,10.0,0.1,2.0,104,0.06369706,False
10660,215,ok,True,True,20260907,5,analysis_activations,positive,False,4.394185755768375,4.778993477333815,0.007358337704093526,0.052109268910393615,0.08578075369273416,0.2282745472241564,0.5813549000189644,0.4186450999810357,0.4186450999810357,2.2316112696151253,2,8,23.50610379713452,-48.91437969867838,72.4204834958129,72.4204834958129,70.55683898925781,86.72592163085938,158.30568847656247,194.00088500976562,10.0,0.1,2.0,67,0.062421534,False
10696,634,ok,True,False,20260907,5,analysis_activations,positive,False,4.326887754527266,4.673522706202097,0.010854343585749004,0.05291972817105876,0.10418418107250738,0.2300428833306059,0.6243856921560005,0.3756143078439996,0.3756143078439996,1.9411776209906875,2,7,-28.670206687685468,-191.6322573194186,162.96205063173315,162.96205063173315,63.83786392211914,80.4412841796875,135.78121948242188,323.6775207519531,10.0,0.1,2.0,303,0.054920215,False
10710,548,ok,True,True,20260907,5,analysis_activations,positive,False,4.224539938613788,4.699385883751001,0.015174198942042734,0.08983038023675494,0.12318359851068945,0.2997171670704815,0.6512532966827631,0.34874670331723673,0.34874670331723673,2.0723524182763438,2,9,262.75880965025686,66.1372408816828,196.62156876857406,196.62156876857406,56.547786712646484,73.12925720214844,146.5022468566894,287.8028259277344,10.0,0.1,2.0,215,0.09258949,False
10809,576,ok,True,True,20260907,5,analysis_activations,positive,False,4.248443321206052,4.855335120100947,0.015253018779765377,0.10271692867378612,0.12350311242946624,0.32049481848196254,0.5584271301785793,0.4415728698214207,0.4415728698214207,2.4988522231633183,2,11,533.8512652069031,306.9107548476585,226.94051035924463,226.94051035924463,57.3187255859375,80.02357482910156,194.54522705078125,316.50262451171875,10.0,0.1,2.0,81,0.14494656,False
10836,889,ok,True,False,20260907,5,analysis_activations,positive,False,4.333601512267704,4.649950539656571,0.006995915712752564,0.04652502238986186,0.08364159080716102,0.21569659800252264,0.5999862610142633,0.40001373898573667,0.40001373898573667,1.9338360095489668,2,11,-185.0616770281738,-490.13354343639645,305.07186640822266,305.07186640822266,66.591552734375,79.97003173828125,129.11019592285155,252.19857788085938,10.0,0.1,2.0,309,0.04687848,False
10948,283,ok,True,True,20260907,5,analysis_activations,positive,False,4.150705116070373,4.8300221824785545,0.013688158608814569,0.05788767987349534,0.11699640425591963,0.24059858659912228,0.2442967541007217,0.7557032458992783,0.2442967541007217,3.590908186923188,2,13,241.95624212811643,196.3973147468197,45.55892738129674,45.55892738129674,52.56769561767578,111.69770812988281,173.1755218505859,223.93357849121094,10.0,0.1,2.0,174,0.13275298,False
11003,374,ok,True,True,20260907,5,analysis_activations,positive,False,4.278081395149292,4.519051282840036,0.005539012425414587,0.022515256132425814,0.07442454182199973,0.1500508451573193,0.7210417950019851,0.2789582049980149,0.2789582049980149,2.0345965232451557,2,5,-355.0325345382815,-450.70106835943267,95.66853382115119,95.66853382115119,63.98890686035156,73.49646759033203,103.1396026611328,141.32972717285156,10.0,0.1,2.0,73,0.02201208,False
11051,3883,ok,True,True,20260907,5,analysis_activations,positive,False,2.278537998356509,3.6166034349789644,0.3511086129984598,0.2523474105521615,0.5925441865367171,0.5023419259350761,0.3885688186131355,0.6114311813868645,0.3885688186131355,2.435956547734841,2,4,9739.308200176662,9452.03842674858,287.26977342808095,287.26977342808095,1.8482818603515625,23.661514282226562,74.8648811340332,138.57846069335938,10.0,0.1,2.0,419,0.71627975,False
11104,348,ok,True,True,20260907,5,analysis_activations,positive,False,4.263564943073824,4.763431221389066,0.013830883132491896,0.08097256116945417,0.11760477512623327,0.28455678022049335,0.5893788772806885,0.4106211227193114,0.4106211227193114,2.2959201491832064,2,15,204.4340964395495,87.61502842798498,116.81906801156453,116.81906801156453,59.52472686767578,78.77995300292969,175.7191452026367,234.64830017089844,10.0,0.1,2.0,141,0.10216376,False
11228,354,ok,True,True,20260907,5,analysis_activations,positive,False,4.422725419241733,4.903493617174457,0.014919437473301456,0.09857834285489522,0.12214514920086453,0.3139718822679751,0.7254339646198211,0.27456603538017876,0.27456603538017876,2.0181667456499826,2,9,139.20012874273013,-17.192691789688322,156.39282053241845,156.39282053241845,69.13063049316406,85.89305114746094,179.19694824218737,305.35443115234375,10.0,0.1,2.0,129,0.084164,False
11339,1126,ok,True,False,20260907,5,analysis_activations,positive,False,4.2737387909749724,4.50126892793065,0.0053830136116732276,0.023570518100349817,0.07336902351587642,0.15352692956074454,0.6223310431979265,0.37766895680207335,0.37766895680207335,1.8910506148475692,2,7,-970.6700622023523,-1231.734091456663,261.06402925431075,261.06402925431075,63.56034851074219,74.53050994873047,105.4459457397461,172.9200439453125,10.0,0.1,2.0,258,0.02444035,False
11364,235,ok,True,False,20260907,5,analysis_activations,positive,False,4.434546718475274,4.751267692873799,0.007271216059931205,0.0521529663086991,0.08527142581152965,0.2283702395425006,0.6474051821125871,0.3525948178874128,0.3525948178874128,1.8374275138090743,2,11,-45.803561876179174,-127.35886541140502,81.55530353522585,81.55530353522585,74.18583679199219,87.54300689697266,139.11655120849605,264.23516845703125,10.0,0.1,2.0,92,0.046190273,False
11428,505,ok,True,False,20260907,5,analysis_activations,positive,False,4.404630544579814,4.760470897843026,0.00962154615854801,0.07147482310356194,0.09808948036638797,0.2673477568702643,0.6641030499558862,0.3358969500441138,0.3358969500441138,1.7671340251400303,2,12,13.248161964360467,-189.02671774827553,202.274879712636,202.274879712636,70.38667297363281,84.6001968383789,144.8048187255858,401.790283203125,10.0,0.1,2.0,187,0.05875891,False
11636,1528,ok,True,True,20260907,5,analysis_activations,positive,False,4.190395322064796,4.624248967162839,0.01469021585286841,0.07795196675754675,0.12120320067089158,0.27919879433397765,0.59073635068932,0.40926364931068,0.40926364931068,2.015829791654349,2,11,603.6859075166797,156.86989188737957,446.81601562930007,446.81601562930007,54.64591979980469,71.99530029296875,142.44929656982413,255.8768310546875,10.0,0.1,2.0,237,0.08614381,False
11658,492,ok,True,False,20260907,5,analysis_activations,positive,False,4.3508030266823265,4.60526044467971,0.005297346984687207,0.031426451706753185,0.07278287562804321,0.17727507356296085,0.5769386101253801,0.42306138987462,0.42306138987462,1.877830180843749,2,13,-282.4724953939447,-415.0685838043579,132.5960884104132,132.5960884104132,69.24237823486328,81.22721862792969,122.15366287231446,195.45375061035156,10.0,0.1,2.0,166,0.032219883,False
11669,220,ok,True,True,20260907,5,analysis_activations,positive,False,3.987133224071395,5.0772330117935365,0.019460820102726928,0.276402124236272,0.1395020433639842,0.5257395973638204,0.5500425671653748,0.4499574328346252,0.4499574328346252,2.834235708808844,2,12,449.0248094925307,295.4972209799945,153.52758851253623,153.52758851253623,43.7412109375,63.40479278564453,298.2776565551757,387.3067626953125,10.0,0.1,2.0,127,0.43113583,False
11685,698,ok,True,False,20260907,5,analysis_activations,positive,False,4.158079648797931,4.554366852697646,0.013995623809910648,0.08302225604153077,0.11830310143825752,0.28813582915272923,0.6077479271730737,0.39225207282692637,0.39225207282692637,1.7992816764237416,2,10,217.8366174412064,17.395706228716016,200.4409112124904,200.4409112124904,53.24546432495117,68.43954849243164,124.59246749877927,297.12786865234375,10.0,0.1,2.0,159,0.07862082,False
11726,429,ok,True,True,20260907,5,analysis_activations,positive,False,4.004947093764039,5.066517693278991,0.04685769653710406,0.3138648820574345,0.2164663866218126,0.5602364519177903,0.7590087770941873,0.24099122290581268,0.24099122290581268,2.499638565552353,2,12,737.1674942917211,472.2898047252905,264.87768956643066,264.87768956643066,40.80548095703125,56.12487030029297,281.79699707031233,376.9079895019531,10.0,0.1,2.0,203,0.31807658,False
11757,314,ok,True,False,20260907,5,analysis_activations,positive,False,4.287350152683191,4.622168737106588,0.003101348390122231,0.06600841275621415,0.05568975121260851,0.25692102435615144,0.49572666646762087,0.5042733335323791,0.49572666646762087,1.8011706343192053,2,32,33.73547117533995,-129.35431662089212,163.0897877962321,163.0897877962321,66.36371612548828,78.25116348266602,145.83745117187493,250.4197998046875,10.0,0.1,2.0,114,0.06304729,False
11780,399,ok,True,True,20260907,5,analysis_activations,positive,False,3.8933778324217165,4.743915517406958,0.02333052172845855,0.31232490003627245,0.15274331975068026,0.5588603582615898,0.8208348344225691,0.17916516557743095,0.17916516557743095,2.076164330019925,2,8,463.3891368369788,109.93877604050766,353.45036079647116,353.45036079647116,38.85028839111328,48.78462219238281,155.92003173828118,439.7627258300781,10.0,0.1,2.0,205,0.18195222,False
11812,354,ok,True,False,20260907,5,analysis_activations,positive,False,4.444929107478931,4.976929923135794,0.015372716688623046,0.13441589781461982,0.12398676013439115,0.3666277373776019,0.7349273363534055,0.2650726636465945,0.2650726636465945,1.9439625501902866,2,8,208.45942306678586,13.694736632580815,194.76468643420503,194.76468643420503,70.41607666015625,87.36098098754883,187.86198883056633,486.1512756347656,10.0,0.1,2.0,147,0.102351785,False
11827,244,ok,True,False,20260907,5,analysis_activations,positive,False,4.318255397997705,4.5978753463958,0.004599496580715763,0.044775582889845775,0.0678195884735064,0.21160241702269322,0.7403967368851441,0.25960326311485593,0.25960326311485593,1.7796280618094513,2,9,-151.7032449588294,-283.80996263201723,132.10671767318783,132.10671767318783,66.93336486816406,75.98011779785156,110.60169296264648,207.21737670898438,10.0,0.1,2.0,152,0.030180393,False
11853,281,ok,True,True,20260907,5,analysis_activations,positive,False,4.345585188224392,4.536390026554305,0.0018125379097427843,0.014749544082102998,0.04257391113983756,0.12144770101612874,0.5067893781117738,0.49321062188822623,0.49321062188822623,2.0967512750813286,2,13,-331.43807293938204,-414.23871926464346,82.80064632526143,82.80064632526143,71.602294921875,80.52471923828125,108.67575073242188,140.9234619140625,10.0,0.1,2.0,91,0.0173539,False
12029,510,ok,True,True,20260907,5,analysis_activations,positive,False,4.238073791930072,4.696121902791435,0.00815465716365335,0.06544722647521173,0.09030314038644144,0.2558265554535176,0.3216084052857998,0.6783915947142002,0.3216084052857998,2.3877102821123155,2,19,247.3347169412245,169.5068880114972,77.8278289297273,77.8278289297273,60.168155670166016,91.00806427001953,155.29623870849608,335.3105773925781,10.0,0.1,2.0,65,0.092977665,False
12054,487,ok,True,False,20260907,5,analysis_activations,positive,False,4.32144642664746,4.758632329467701,0.008521199170156288,0.09474747557734076,0.09231034162084056,0.3078107788517822,0.6316334754540872,0.3683665245459128,0.3683665245459128,1.9239635746702264,2,11,192.50635237031906,-71.35469632124473,263.8610486915638,263.8610486915638,64.92118835449219,79.10697937011719,159.84428100585936,325.82745361328125,10.0,0.1,2.0,170,0.08492858,False
12189,1505,ok,True,True,20260907,5,analysis_activations,positive,False,3.2816018588974547,3.9823984227607174,0.06671421216394802,0.1410574052883664,0.2582909447966537,0.37557609786615337,0.5844930615261945,0.4155069384738055,0.4155069384738055,2.1742718905121308,2,5,1985.3528153163504,1855.1846657201654,130.168149596185,130.168149596185,16.409591674804688,32.38160705566406,84.69361724853515,163.90773010253906,10.0,0.1,2.0,299,0.21702032,False
12206,2342,ok,True,True,20260907,5,analysis_activations,positive,False,3.7662811005922086,4.477579123237503,0.03344319798672653,0.1813583506066289,0.18287481506956207,0.4258618914702616,0.6272957277891844,0.37270427221081565,0.37270427221081565,2.1704405525834294,2,10,2971.4897387651417,2138.0934027994754,833.3963359656664,833.3963359656664,32.197914123535156,48.33135795593262,143.60609512329097,270.13250732421875,10.0,0.1,2.0,463,0.20694707,True
12219,276,ok,True,True,20260907,5,analysis_activations,positive,False,4.453726952279225,4.724177002606794,0.00540259806953536,0.02847337397022908,0.07350236778182972,0.1687405522399079,0.646363514927153,0.35363648507284695,0.35363648507284695,2.078050902632062,2,9,-170.75853832558573,-249.68172550087866,78.92318717529292,78.92318717529292,76.38951110839844,89.76124954223633,131.1175537109375,193.19287109375,10.0,0.1,2.0,83,0.030389262,False
12246,276,ok,True,False,20260907,5,analysis_activations,positive,False,4.3909714324098434,4.697610612360696,0.003932004722620783,0.04471992927050641,0.06270569928340472,0.21147087097401004,0.3642850634258894,0.6357149365741106,0.3642850634258894,1.966041080601584,2,20,-23.44355491839929,-75.11201040978143,51.66845549138215,51.66845549138215,72.64593505859375,93.03475570678711,154.06419372558594,202.49676513671875,10.0,0.1,2.0,169,0.05182327,False
12323,386,ok,True,True,20260907,5,analysis_activations,positive,False,3.9575960902674,5.193091025729951,0.024947851584696923,0.011211888808616408,0.15794888915309574,0.10588620688558263,0.18393786359867065,0.8160621364013293,0.18393786359867065,9.188472405326605,2,2,561.0450577317408,-183.000978188861,744.0460359206019,744.0460359206019,43.094322204589844,174.94210815429688,209.21359252929688,244.55252075195312,10.0,0.1,2.0,240,0.24349526,True
12324,209,ok,True,False,20260907,5,analysis_activations,positive,False,4.134045525324545,4.86002648420017,0.020276172167752304,0.29097511262144793,0.14239442463717567,0.5394210902638568,0.7404544765349941,0.2595455234650059,0.2595455234650059,1.8402831580436487,2,8,258.7037738353617,105.18640095597316,153.51737287938852,153.51737287938852,51.37213897705078,63.74053192138672,211.5412658691406,447.67327880859375,10.0,0.1,2.0,126,0.1927451,False
12355,203,ok,True,True,20260907,5,analysis_activations,positive,False,4.3158279354999465,4.686282741644247,0.005252381303244891,0.05757326539928689,0.0724733144215503,0.23994429645083645,0.580355928274725,0.41964407172527496,0.41964407172527496,2.0901706614155344,2,8,17.715386431213904,-74.06569420363289,91.78108063484679,91.78108063484679,66.67951202392578,79.2071533203125,139.75406494140617,211.76353454589844,10.0,0.1,2.0,83,0.060930714,False
12416,626,ok,True,False,20260907,5,analysis_activations,positive,False,4.230797195045259,4.789892507763775,0.01473495139171014,0.15028205284639357,0.12138760806486855,0.3876622922678882,0.5560268228259416,0.44397317717405843,0.44397317717405843,1.9464197373559706,2,18,610.4090334778855,341.1851402389967,269.22389323888876,269.22389323888876,56.986236572265625,76.6641731262207,190.83252716064453,445.80230712890625,10.0,0.1,2.0,125,0.15232225,False
12512,645,ok,True,False,20260907,5,analysis_activations,positive,False,4.016980737563452,4.66133323741405,0.02312992708987921,0.23634483330717573,0.1520852625663618,0.4861530965726494,0.8628314104341894,0.13716858956581057,0.13716858956581057,1.788920149620386,2,4,367.8969038775618,-52.963114736558516,420.8600186141203,420.8600186141203,44.40517807006836,53.96171951293945,102.61110534667962,430.68170166015625,10.0,0.1,2.0,281,0.1016721,False
12538,247,ok,True,True,20260907,5,analysis_activations,positive,False,4.244224651656688,4.568766314642727,0.007393628113000168,0.03359391570948535,0.08598620885351423,0.1832864307838563,0.7132686719797491,0.2867313280202509,0.2867313280202509,2.2670416969197285,2,6,-106.06909906519418,-185.10750317616447,79.03840411097029,79.03840411097029,60.84896469116211,71.43621826171875,109.95604705810545,154.52700805664062,10.0,0.1,2.0,106,0.036594372,False
12653,856,ok,True,False,20260907,5,analysis_activations,positive,False,4.184914603421748,4.605915665872658,0.013074484374473004,0.09084934742460084,0.11434371156505724,0.3014122549343355,0.7343367058770698,0.2656632941229302,0.2656632941229302,1.8468882317213777,2,7,145.51692982306693,-242.62224372711077,388.1391735501777,388.1391735501777,55.13199996948242,66.84975051879883,122.29800605773926,297.77484130859375,10.0,0.1,2.0,226,0.06839278,False
12695,273,ok,True,True,20260907,5,analysis_activations,positive,False,4.346997040066205,4.602064949738539,0.0029652161974651078,0.027559225664747517,0.05445379874228343,0.1660097155733589,0.5137746427549877,0.48622535724501226,0.48622535724501226,2.0646524462029623,2,21,-160.84239746296032,-254.84138774588473,93.99899028292441,93.99899028292441,70.95914459228516,81.78237915039062,125.20337066650384,151.10153198242188,10.0,0.1,2.0,95,0.03128965,False
12708,1294,ok,True,True,20260907,5,analysis_activations,positive,False,4.074394111580608,4.469498824233192,0.008832866843363717,0.0663842383152821,0.09398333279557454,0.2576513891196438,0.542840147201044,0.45715985279895593,0.45715985279895593,2.037365276998786,2,15,315.3120902501789,-137.18143149184223,452.49352174202113,452.49352174202113,50.51896667480469,63.98622131347656,120.94230270385741,212.60107421875,10.0,0.1,2.0,283,0.07393964,False
12746,2359,ok,True,False,20260907,5,analysis_activations,positive,False,3.8069748681377606,4.193658877168462,0.012995584022533193,0.06703065099420809,0.11399817552282665,0.2589027829016291,0.6543710792336128,0.3456289207663872,0.3456289207663872,1.9331031024341527,2,8,279.73362412124914,-472.4000386295126,752.1336627507617,752.1336627507617,37.09947967529297,47.073577880859375,85.21282730102538,176.4029083251953,10.0,0.1,2.0,462,0.065516345,False
12780,326,ok,True,False,20260907,5,analysis_activations,positive,False,4.433733020570303,4.7310147554692525,0.0055791094627740505,0.04484394885854975,0.0746934365441439,0.21176389885565894,0.5707626542148843,0.4292373457851157,0.4292373457851157,1.8722706655310333,2,13,-80.94171875515941,-188.22788999761178,107.28617124245237,107.28617124245237,74.16604614257812,88.92415237426758,147.70386123657227,253.92544555664062,10.0,0.1,2.0,105,0.04421926,False
12822,399,ok,True,True,20260907,5,analysis_activations,positive,False,3.8315016938388218,4.473919003984079,0.011530283987224929,0.15984759321910239,0.10737915992977841,0.39980944613540886,0.47229570068353866,0.5277042993164612,0.47229570068353866,2.194597362514369,2,13,487.1964533913874,313.61858383017244,173.57786956121498,173.57786956121498,38.819366455078125,54.518516540527344,144.15807495117176,287.4835205078125,10.0,0.1,2.0,208,0.19313915,False
12836,296,ok,True,False,20260907,5,analysis_activations,positive,False,4.413696660437054,4.805675220567855,0.007225264134955412,0.08003648852113561,0.08500155372083155,0.2829072083230394,0.5217965016753497,0.4782034983246503,0.4782034983246503,1.8765724896127793,2,17,105.18539333107577,-3.576181256238577,108.76157458731436,108.76157458731436,73.05196380615234,89.93339538574219,185.23115158081055,286.4795227050781,10.0,0.1,2.0,108,0.08065416,False
12837,548,ok,True,False,20260907,5,analysis_activations,positive,False,4.341678372439298,4.67162407438348,0.008081608600163099,0.059463531996925736,0.089897767492653,0.24385145477713627,0.6964069521641933,0.30359304783580654,0.30359304783580654,1.7953966818021736,2,9,-111.35192238322759,-345.34156269598714,233.98964031275955,233.98964031275955,66.95366668701172,78.62732696533203,132.45623092651365,302.12371826171875,10.0,0.1,2.0,231,0.046781715,False
12885,262,ok,True,True,20260907,5,analysis_activations,positive,False,4.432020549968923,4.896047203115954,0.008047990573030142,0.09085544562593209,0.08971059342703147,0.30142237081200873,0.548783374916021,0.451216625083979,0.451216625083979,2.0866626100829775,2,16,148.03142624924982,28.871799208261393,119.15962704098843,119.15962704098843,72.8465347290039,90.66027450561523,191.1993339538574,283.82891845703125,10.0,0.1,2.0,73,0.09910712,False
12906,268,ok,True,True,20260907,5,analysis_activations,positive,False,4.06781021012266,4.692647194781704,0.020794755759076685,0.16050881604900497,0.14420386873824392,0.4006355152117757,0.7965018558771503,0.2034981441228496,0.2034981441228496,2.075288816412775,2,8,186.22365954675794,36.04679483571823,150.1768647110397,150.1768647110397,47.13368225097656,58.72308349609375,134.27897872924777,344.3574523925781,10.0,0.1,2.0,159,0.11292881,False
13114,384,ok,True,False,20260907,5,analysis_activations,positive,False,4.503259662482823,4.837155542568103,0.007450579625924988,0.05487489433367949,0.0863167401256847,0.23425390996454998,0.5839849221996617,0.41601507780033825,0.41601507780033825,1.8914430228055028,2,10,-17.288903468565557,-144.52860943059102,127.23970596202545,127.23970596202545,79.12312316894531,96.1162109375,163.94575424194332,313.4114685058594,10.0,0.1,2.0,166,0.05440578,False
13227,220,ok,True,False,20260907,5,analysis_activations,positive,False,4.2969313890421725,4.558201833950438,0.005070285151546856,0.031945728181595655,0.07120593480565265,0.1787336794831787,0.682866365837007,0.31713363416299306,0.31713363416299306,1.920482973541135,2,8,-148.57209757394926,-224.38135304949702,75.80925547554776,75.80925547554776,65.89710998535156,75.03793334960938,115.91022796630858,155.3575439453125,10.0,0.1,2.0,84,0.028504787,False
13229,311,ok,True,True,20260907,5,analysis_activations,positive,False,4.234443204216119,4.604779329328912,0.008068884493926698,0.05272476713536019,0.08982696974699023,0.22961874299664692,0.5321082918623149,0.46789170813768516,0.46789170813768516,2.1241342456012346,2,12,34.794163627136506,-48.270450109118045,83.06461373625456,83.06461373625456,59.098934173583984,76.11328125,134.50257873535156,190.81321716308594,10.0,0.1,2.0,98,0.06331139,False
13243,217,ok,True,False,20260907,5,analysis_activations,positive,False,4.31135534379448,4.636764303935604,0.006213806636128177,0.05568083175421662,0.07882770221266237,0.23596786169776726,0.6095450204634336,0.39045497953656627,0.39045497953656627,1.8497710998795098,2,11,-20.351641800228897,-104.19884505039839,83.84720325016949,83.84720325016949,65.88198852539062,77.89752197265625,137.70477600097655,207.05673217773438,10.0,0.1,2.0,92,0.050964348,False
13290,423,ok,True,True,20260907,5,analysis_activations,positive,False,3.79939254989075,4.71594971106376,0.019490288160555324,0.28152102344752394,0.1396076221434751,0.5305855477182958,0.6374369754626905,0.3625630245373094,0.3625630245373094,2.362561621071598,2,14,715.2507003164433,384.02004021176435,331.2306601046789,331.2306601046789,35.81542205810547,48.422119140625,217.72693481445305,332.883056640625,10.0,0.1,2.0,199,0.3093742,False
13347,226,ok,True,True,20260907,5,analysis_activations,positive,False,4.165129210815833,4.628192898442208,0.02066728790568443,0.07522011625806724,0.14376121836463557,0.2742628597861315,0.7051275473085908,0.2948724526914092,0.2948724526914092,2.114827470151341,2,4,85.13202445425277,36.851074862520385,48.28094959173239,48.28094959173239,51.248291015625,67.12834930419922,138.19033813476562,194.94552612304688,10.0,0.1,2.0,78,0.08169835,False
13367,207,ok,True,True,20260907,5,analysis_activations,positive,False,4.3324657417997745,4.706235872548549,0.009635329875020773,0.059879920797276165,0.09815971615189589,0.24470374087307323,0.58355874533505,0.4164412546649499,0.4164412546649499,2.0048391924240856,2,10,30.72876531930698,-24.463810271828244,55.192575591135224,55.192575591135224,64.94786071777344,81.78666687011719,146.24023284912107,265.78277587890625,10.0,0.1,2.0,53,0.064822026,False
13369,316,ok,True,False,20260907,5,analysis_activations,positive,False,4.3770538659717495,4.582128568331825,0.003370897037172274,0.021450948325003598,0.05805942677268071,0.1464614226511664,0.5608980942139459,0.43910190578605424,0.43910190578605424,1.8408146199814384,2,10,-302.62284448734266,-380.9499448559752,78.32710036863256,78.32710036863256,72.0799789428711,83.05424118041992,114.35868453979492,152.19908142089844,10.0,0.1,2.0,165,0.021735605,False
13497,404,ok,True,True,20260907,5,analysis_activations,positive,False,3.8527736305672313,4.611061557743948,0.012719418233845994,0.2498866878377003,0.11278039826958404,0.49988667499514355,0.7382544178293345,0.26174558217066535,0.26174558217066535,2.092650634240436,2,8,478.7695602079328,68.95622060017337,409.8133396077594,409.8133396077594,39.08553695678711,47.88554763793945,184.5097030639647,289.46502685546875,10.0,0.1,2.0,207,0.18636744,False
13514,218,ok,True,True,20260907,5,analysis_activations,positive,False,4.449854363202277,4.865884142575351,0.013730708896877318,0.06307069112708881,0.11717810758361528,0.251138788575339,0.5903135929616624,0.40968640703833753,0.40968640703833753,2.1230237269191985,2,7,67.06695564450831,23.429573856938084,43.63738178757023,43.63738178757023,70.68209838867188,93.98099136352539,168.86639785766596,269.3263244628906,10.0,0.1,2.0,130,0.07615136,False
13555,246,ok,True,False,20260907,5,analysis_activations,positive,False,4.265361331204214,4.762110822356842,0.005271587948155366,0.13631893465594183,0.07260570189837273,0.3692139415785133,0.45840390098377387,0.5415960990162262,0.45840390098377387,1.866961389306196,2,22,221.04710022283382,96.33129227893961,124.7158079438942,124.7158079438942,63.41392517089844,80.16722869873047,201.9962615966797,361.7665710449219,10.0,0.1,2.0,72,0.13806948,False
13562,236,ok,True,False,20260907,5,analysis_activations,positive,False,4.426208640163181,4.748302527654294,0.005326644534931223,0.048215958909925964,0.07298386489444926,0.21958132641444256,0.5550306413010808,0.4449693586989192,0.4449693586989192,1.9685558411402553,2,11,-26.17509554262933,-108.45762192638534,82.28252638375602,82.28252638375602,74.10984802246094,88.6719741821289,156.5283088684082,216.20094299316406,10.0,0.1,2.0,97,0.050244894,False
13571,358,ok,True,False,20260907,5,analysis_activations,positive,False,4.44399274319339,4.80284243988147,0.008658762893326049,0.059059167432039476,0.09305247386999471,0.24302091974157178,0.6996484108925612,0.3003515891074388,0.3003515891074388,1.950184692417091,2,8,-38.67365412616432,-188.56236519389302,149.8887110677287,149.8887110677287,73.48260498046875,87.78585052490234,148.56793365478515,322.3421325683594,10.0,0.1,2.0,134,0.05099849,False
13654,496,ok,True,True,20260907,5,analysis_activations,positive,False,3.915805343076031,5.205311046104423,0.038007980580830145,0.03718640527594245,0.1949563555794736,0.19283776931903784,0.12677385537119917,0.8732261446288008,0.12677385537119917,6.650366146409604,2,2,672.0675245433607,181.73545569096098,490.33206885239974,490.33206885239974,39.030120849609375,180.96619415283203,234.32440948486328,253.4433135986328,10.0,0.1,2.0,194,0.2218154,False
13822,2084,ok,True,True,20260907,5,analysis_activations,positive,False,3.8038796886405515,4.417686816704494,0.026661360755503242,0.14121701690387017,0.16328306940862927,0.375788526839059,0.7368036334234821,0.26319636657651796,0.26319636657651796,2.1186028079327426,2,7,1675.5733322108456,800.1723340470767,875.4009981637689,875.4009981637689,34.511505126953125,46.541996002197266,115.11078033447265,279.32916259765625,10.0,0.1,2.0,391,0.12993607,True
13879,230,ok,True,True,20260907,5,analysis_activations,positive,False,4.448558256108117,4.81861368105935,0.006791933018393894,0.04790973371561452,0.08241318473638726,0.21888292239371834,0.6752189647207464,0.32478103527925367,0.32478103527925367,2.2375950543682457,2,7,-24.621676558717617,-125.10554233847357,100.48386577975594,100.48386577975594,74.78666687011719,89.30081176757812,149.19380187988276,226.29281616210938,10.0,0.1,2.0,96,0.050395332,False
14023,431,ok,True,False,20260907,5,analysis_activations,positive,False,4.228865498311831,4.571682709731947,0.0062808433319816665,0.05944988742836336,0.07925177179080393,0.24382347595825007,0.5992314660447544,0.40076853395524553,0.40076853395524553,1.8910080840585135,2,11,-8.508141859017043,-195.6286598677211,187.12051800870407,187.12051800870407,60.72697448730469,71.873046875,123.8182373046875,225.57408142089844,10.0,0.1,2.0,140,0.055941813,False
14035,264,ok,True,True,20260907,5,analysis_activations,positive,False,4.401283015971955,4.676311986837706,0.006968440113965099,0.02232337806748656,0.08347718319376318,0.1494101002860468,0.7038022832429827,0.29619771675701717,0.29619771675701717,2.272585737140959,2,4,-190.4326588925348,-246.43364513969922,56.000986247164434,56.000986247164434,71.50856018066406,84.48368835449219,125.41415367126464,167.0054473876953,10.0,0.1,2.0,85,0.02738774,False
14078,318,ok,True,False,20260907,5,analysis_activations,positive,False,4.429854790513432,4.787125834082024,0.008055912041920073,0.05730386030849349,0.08975473269928486,0.23938224727095678,0.6609451059376733,0.3390548940623267,0.3390548940623267,1.9763212982120386,2,9,-18.009810696726497,-144.73920999313333,126.72939929640683,126.72939929640683,72.41407775878906,86.92011260986328,151.9759727478027,227.80477905273438,10.0,0.1,2.0,122,0.05352528,False
14196,370,ok,True,False,20260907,5,analysis_activations,positive,False,4.005515525706761,4.857581592393079,0.01740150634232781,0.35233441494824697,0.13191476923501708,0.5935776402023976,0.7412937248698781,0.2587062751301219,0.2587062751301219,1.9817206953847537,2,12,538.835880697185,168.5824963595983,370.2533843375867,370.2533843375867,45.0983772277832,55.925437927246094,249.4455734252931,475.83935546875,10.0,0.1,2.0,183,0.24394247,False
14247,238,ok,True,True,20260907,5,analysis_activations,positive,False,4.4046915792727335,4.793196342956172,0.012746009342606286,0.0510719636137508,0.11289822559547287,0.22599106976549052,0.699194532170261,0.30080546782973894,0.30080546782973894,2.1749027546288677,2,8,0.4268924716249476,-57.52470274029055,57.951595211915496,57.951595211915496,68.61325073242188,85.3662109375,144.18908004760735,290.7923583984375,10.0,0.1,2.0,138,0.056255117,False
14283,450,ok,True,False,20260907,5,analysis_activations,positive,False,4.4159633142156425,4.850712747615346,0.010099476843091704,0.09864029922496971,0.10049615337460287,0.3140705322454969,0.5863035302320171,0.4136964697679829,0.4136964697679829,1.864488913559842,2,15,218.36483821330154,26.102819593267263,192.26201862003427,192.26201862003427,70.73418426513672,87.78084564208984,183.50663146972641,331.6095886230469,10.0,0.1,2.0,149,0.0927776,False
14292,339,ok,True,True,20260907,5,analysis_activations,positive,False,4.4099249332791866,4.743178331188711,0.004639875985372252,0.04401786301006298,0.06811663515891145,0.20980434459291586,0.4822004068087415,0.5177995931912585,0.4822004068087415,2.136552760482822,2,12,-23.658849201939507,-131.6064024648421,107.94755326290259,107.94755326290259,73.65701293945312,89.66410827636719,150.47279205322263,227.63067626953125,10.0,0.1,2.0,148,0.05291407,False
14334,370,ok,True,False,20260907,5,analysis_activations,positive,False,4.113893578917772,4.622904942066517,0.02338962727512672,0.14467626192590427,0.15293667733780122,0.3803633288395508,0.7320465390786376,0.2679534609213624,0.2679534609213624,1.7559117566587166,2,5,233.9143939334708,102.13173241451344,131.78266151895735,131.78266151895735,48.433799743652344,62.80432891845703,130.36481781005858,342.1310119628906,10.0,0.1,2.0,110,0.10699917,False
14377,485,ok,True,True,20260907,5,analysis_activations,positive,False,4.263234165199425,4.574525565089117,0.007615192385239729,0.03917153929032754,0.08726506967418136,0.1979180115359073,0.698332372933059,0.3016676270669409,0.3016676270669409,2.035264072141538,2,7,-203.10229876612797,-364.96109917297116,161.8588004068432,161.8588004068432,61.753074645996094,73.10258483886719,113.85543212890624,189.2104949951172,10.0,0.1,2.0,158,0.037625175,False
14548,3833,ok,True,True,20260907,5,analysis_activations,positive,False,3.715899786631006,4.3926226408639595,0.04309521900298373,0.10656457112509991,0.20759387997478088,0.3264422937137587,0.5807451835427873,0.41925481645721274,0.41925481645721274,2.4738495022217113,2,5,4346.874449714708,3718.6690511879633,628.2053985267448,628.2053985267448,29.147829055786133,49.833953857421875,122.2663070678708,207.2223358154297,10.0,0.1,2.0,490,0.18125392,False
14589,247,ok,True,False,20260907,5,analysis_activations,positive,False,4.39532643515844,4.668457600520733,0.007500950294869951,0.05275579581107178,0.08660802673465058,0.22968629870123247,0.7265569876617917,0.2734430123382083,0.2734430123382083,1.5735603998583103,2,5,-118.22759354735194,-200.85623486705248,82.62864131970053,82.62864131970053,70.93055725097656,82.04877471923828,119.58885345458984,289.6523742675781,10.0,0.1,2.0,113,0.034836642,False
14618,486,ok,True,True,20260907,5,analysis_activations,positive,False,4.426827797340795,4.8616100525779355,0.02395980457707142,0.062041180610632116,0.15478954931477584,0.24908067088923644,0.5881368688276486,0.4118631311723515,0.4118631311723515,2.0966942084666575,2,5,196.01283147029253,149.60316951831086,46.40966195198166,46.40966195198166,64.90768432617188,94.3138427734375,172.69672393798828,258.89959716796875,10.0,0.1,2.0,107,0.0856097,False
14721,234,ok,True,True,20260907,5,analysis_activations,positive,False,4.44280314767296,4.949112524246644,0.012016649974345275,0.08700274025291838,0.10962048154585563,0.2949622692022123,0.638071021694721,0.36192897830527904,0.36192897830527904,2.275468586934168,2,10,132.28918674398875,32.346545074354566,99.94264166963418,99.94264166963418,71.4564208984375,90.80024337768555,199.5178413391113,294.4132385253906,10.0,0.1,2.0,58,0.09877767,False
14855,1366,ok,True,False,20260907,5,analysis_activations,positive,False,4.1871540857917315,4.558814240728169,0.010155350702679396,0.06885719511751184,0.10077375999078032,0.26240654549288944,0.6541284433222772,0.34587155667772274,0.34587155667772274,1.8698767164416872,2,9,86.22647661316495,-450.91157311045737,537.1380497236223,537.1380497236223,55.99899673461914,68.34494018554688,122.51544952392578,257.8929748535156,10.0,0.1,2.0,356,0.06175423,False
14878,264,ok,True,True,20260907,5,analysis_activations,positive,False,4.3818274219322895,4.757594333329257,0.009731006317296554,0.05004736468302789,0.09864586315348735,0.22371268333071304,0.5027366940087814,0.4972633059912186,0.4972633059912186,2.173509260695073,2,13,39.054791490759406,-9.413139792094725,48.46793128285413,48.46793128285413,68.5932388305664,90.81192016601562,162.14853210449218,205.12649536132812,10.0,0.1,2.0,157,0.065324455,False
14898,295,ok,True,True,20260907,5,analysis_activations,positive,False,4.38846743639622,4.945983545459363,0.007850764263922469,0.1218764657471485,0.08860453861920657,0.34910810037458095,0.521729071349876,0.478270928650124,0.478270928650124,2.1890558697824223,2,12,268.4268727287221,110.19799939890736,158.22887332981475,158.22887332981475,70.34440612792969,90.09442138671875,237.4991912841797,385.8725891113281,10.0,0.1,2.0,111,0.14042021,False
14947,284,ok,True,True,20260907,5,analysis_activations,positive,False,4.434538586647686,4.814153775489914,0.006256387015464609,0.05458266437621574,0.07909732622196916,0.23362933115560586,0.592071670347196,0.40792832965280407,0.40792832965280407,2.1765435516820655,2,15,21.88814645822287,-103.57739010826455,125.46553656648743,125.46553656648743,74.26312255859375,90.05098724365234,165.06381759643543,229.18402099609375,10.0,0.1,2.0,152,0.06098905,False
15015,210,ok,True,True,20260907,5,analysis_activations,positive,False,4.207966341234863,4.484334577546888,0.005394423283324226,0.021179711451718285,0.07344673773098588,0.14553250994784048,0.5974410928158218,0.40255890718417825,0.40255890718417825,2.397582491859497,2,12,-128.90732508026667,-172.94417104260145,44.03684596233478,44.03684596233478,59.92127990722656,71.02432250976562,106.34163894653318,126.79222106933594,10.0,0.1,2.0,101,0.030261692,False
15065,250,ok,True,False,20260907,5,analysis_activations,positive,False,4.324630612342917,4.7489611980949755,0.01054913403387352,0.08823282695248526,0.10270897737721625,0.2970401100061829,0.6176828772467727,0.3823171227532272,0.3823171227532272,1.9093278747974678,2,11,97.58496438272925,-0.2990981154747665,97.88406249820402,97.88406249820402,64.87516784667969,79.73757934570312,162.79227752685543,379.63629150390625,10.0,0.1,2.0,50,0.08310083,False
15127,612,ok,True,True,20260907,5,analysis_activations,positive,False,4.189492798129784,4.65392247932093,0.01579410609617616,0.05862071749776768,0.12567460402235672,0.24211715655394533,0.5419484145147366,0.4580515854852633,0.4580515854852633,2.40771587802982,2,14,268.7976366661234,146.27677709638502,122.5208595697384,122.5208595697384,54.16938781738281,75.6372299194336,144.0716911315918,197.59603881835938,10.0,0.1,2.0,61,0.089099735,False
15295,1887,ok,True,True,20260907,5,analysis_activations,positive,False,4.633538484742533,5.220436999474659,0.03450431169079836,0.1182130645917542,0.18575336252891456,0.3438212683819228,0.5944650127566194,0.40553498724338055,0.40553498724338055,2.123898612420704,2,6,1808.9316185352272,1446.2047982389981,362.7268202962291,362.7268202962291,78.27510070800781,119.92414093017578,283.3160675048828,543.2518310546875,10.0,0.1,2.0,85,0.1515692,False
15343,1553,ok,True,True,20260907,5,analysis_activations,positive,False,3.807597001018239,4.573530590079265,0.03398679852030885,0.09910212095476624,0.18435508813241053,0.3148048934733484,0.6738010241283228,0.32619897587167723,0.32619897587167723,2.9691706822640804,2,6,1794.3957449903,1255.7822146234507,538.6135303668493,538.6135303668493,33.534080505371094,50.12894058227539,137.7014190673828,193.1121063232422,10.0,0.1,2.0,414,0.18428776,False
15442,341,ok,True,True,20260907,5,analysis_activations,positive,False,4.233707203711385,4.448350387596587,0.00349565353036514,0.016038347145401883,0.05912405204622853,0.1266425960938968,0.6063411883757088,0.3936588116242913,0.3936588116242913,2.171883372206452,2,10,-364.4951201634896,-448.98399029213476,84.48887012864515,84.48887012864515,62.761619567871094,71.93232727050781,98.83851623535156,126.74360656738281,10.0,0.1,2.0,115,0.019486254,False
15484,264,ok,True,False,20260907,5,analysis_activations,positive,False,4.412340813174894,4.878381949237461,0.015464994347403106,0.11584859346827467,0.12435833043026553,0.34036538230007274,0.6618907661126697,0.3381092338873302,0.3381092338873302,1.8187977837743807,2,9,147.16465720717784,47.038938238028706,100.12571896914913,100.12571896914913,69.26822662353516,87.15855407714844,168.43651275634764,382.0982666015625,10.0,0.1,2.0,131,0.09838351,False
15605,325,ok,True,False,20260907,5,analysis_activations,positive,False,4.40033468898594,4.705946345416915,0.005171821179664036,0.05136388775171574,0.07191537512704801,0.226636024832143,0.5647743255894411,0.435225674410559,0.435225674410559,1.8177053749270449,2,14,-51.43173606690378,-178.22981264789058,126.7980765809868,126.7980765809868,72.97517395019531,85.99571228027344,141.4851806640625,242.4656219482422,10.0,0.1,2.0,126,0.048381392,False
15666,334,ok,True,False,20260907,5,analysis_activations,positive,False,4.471238687315804,4.954766516138592,0.01588624304621891,0.10568087631053988,0.1260406404546522,0.32508595218886327,0.6143257144677593,0.3856742855322407,0.3856742855322407,1.96122946487453,2,12,209.59003370339485,96.93421318858965,112.6558205148052,112.6558205148052,72.69284057617188,94.13190460205078,200.14831771850567,414.6570739746094,10.0,0.1,2.0,122,0.10622868,False
15814,328,ok,True,True,20260907,5,analysis_activations,positive,False,3.9034237357176345,4.706227261490314,0.01292340461656974,0.29652210645475074,0.11368115330418556,0.5445384343228223,0.731107939494311,0.2688920605056891,0.2688920605056891,2.04094910779734,2,11,439.57540474987024,88.71319504027989,350.8622097095904,350.8622097095904,41.745670318603516,50.02378463745117,211.2085472106933,336.60888671875,10.0,0.1,2.0,165,0.21654052,False
15825,1033,ok,True,False,20260907,5,analysis_activations,positive,False,3.9216384008143064,4.455361424120879,0.01809505794455103,0.13808943209216823,0.13451787221239797,0.3716038644742116,0.664765155303033,0.33523484469696696,0.33523484469696696,1.9099059571882318,2,9,770.5734740510596,306.8577976001911,463.71567645086856,463.71567645086856,40.858970642089844,53.36893844604492,124.2097915649414,339.5533447265625,10.0,0.1,2.0,321,0.12192012,False
15875,1284,ok,True,False,20260907,5,analysis_activations,positive,False,3.77507506659817,4.25948936293303,0.017911154014237665,0.14001080250894282,0.13383255961924087,0.3741801738587212,0.6461486650921164,0.3538513349078835,0.3538513349078835,1.723894530305591,2,8,878.485435958316,358.02297094284063,520.4624650154753,520.4624650154753,34.975685119628906,46.12994194030762,100.60086975097656,315.85638427734375,10.0,0.1,2.0,344,0.11485677,False
15910,531,ok,True,False,20260907,5,analysis_activations,positive,False,4.40000756607984,4.838350427620541,0.008806869027010104,0.10031563191252403,0.09384492009166029,0.3167264307135166,0.544452054924992,0.45554794507500795,0.45554794507500795,1.8766002973996625,2,16,286.8683199481073,55.17871912362289,231.6896008244844,231.6896008244844,70.78231048583984,89.00679779052734,181.3827133178711,456.3046569824219,10.0,0.1,2.0,123,0.098334044,False
15954,475,ok,True,True,20260907,5,analysis_activations,positive,False,3.884214191877883,4.692280401445986,0.029450054956251418,0.19978252295825777,0.1716101831368157,0.4469703826410177,0.7901150679744301,0.2098849320255699,0.2098849320255699,2.386842570635442,2,7,528.2738675808102,242.2652676586834,286.00859992212685,286.00859992212685,36.949119567871094,49.37512969970703,145.70820617675776,289.6177062988281,10.0,0.1,2.0,223,0.17384954,False
16062,241,ok,True,True,20260907,5,analysis_activations,positive,False,4.477997567842589,4.881238064793733,0.009904459478989809,0.057940057586874205,0.09952115091270704,0.24070741074357102,0.5562829732008081,0.44371702679919184,0.44371702679919184,2.189383100072781,2,11,58.63107697380319,-2.733403511040457,61.36448048484365,61.36448048484365,75.37007904052734,96.92384338378906,181.04888916015625,265.5404357910156,10.0,0.1,2.0,68,0.071650594,False
16186,312,ok,True,True,20260907,5,analysis_activations,positive,False,4.471489136306282,4.865805682521853,0.00823617496831181,0.05446180858785443,0.09075337441832017,0.2333705392457549,0.512885133082491,0.4871148669175091,0.4871148669175091,2.2270666385590294,2,15,65.41730662234545,-19.171069749237653,84.58837637158311,84.58837637158311,76.52693176269531,97.60740661621094,177.0378662109375,251.77236938476562,10.0,0.1,2.0,74,0.06982183,False
16268,571,ok,True,True,20260907,5,analysis_activations,positive,False,4.4462960508664136,4.825151502918927,0.010884300100494721,0.04986510159227839,0.10432784911275954,0.22330495201020148,0.6319536545751403,0.3680463454248596,0.3680463454248596,2.1737897510517543,2,10,13.317978663729575,-146.80816915823817,160.12614782196775,160.12614782196775,72.14149475097656,90.95831298828125,158.03892517089844,238.0074005126953,10.0,0.1,2.0,89,0.058716543,False
16292,217,ok,True,False,20260907,5,analysis_activations,positive,False,4.398223591481389,4.785204324922382,0.004919321826348671,0.0759967288625434,0.07013787725864443,0.27567504214662486,0.512103626585513,0.48789637341448705,0.48789637341448705,1.923919968952552,2,18,70.23951808068927,-27.39485380693133,97.6343718876206,97.6343718876206,71.97062683105469,87.13446044921875,183.13328857421868,267.1429138183594,10.0,0.1,2.0,105,0.07736987,False
16307,3424,ok,True,True,20260907,5,analysis_activations,positive,False,3.734260386545297,4.461098080654854,0.04526778852989618,0.12475445971177483,0.21276228173690978,0.35320597349390176,0.5826598693086978,0.4173401306913021,0.4173401306913021,2.4928696052696346,2,5,4338.644726372604,3687.8280244179277,650.8167019546763,650.8167019546763,29.380264282226562,50.763519287109375,135.21855392456052,212.40707397460938,10.0,0.1,2.0,481,0.20696369,False
