feature_id,source,level,n,activation_mean,pc1_mean,pc2_mean,pc3_mean,pc4_mean,pc5_mean,pc6_mean,pc7_mean,pc8_mean
175,fineweb-edu-sample,0,408,164.24697745080087,10925.241272129555,-289.00907028930504,-139.21799951342223,-26.010288275560466,-181.31592069051626,173.84591219656903,-7.792731563465277,-13.937201026422265
175,fineweb-edu-sample,1,366,295.02506047650115,12001.929261743257,-327.0104673636714,-138.00579641998968,-17.73063445780395,-144.7047967321275,193.57310567254618,-8.635997391662773,-32.06048953529895
175,fineweb-edu-sample,2,296,465.805684991785,13042.375787059875,-380.915174683932,-137.05445593882715,-7.223501621417425,-133.95055805833607,185.61965617280777,-15.580877337072417,-35.449149399263646
175,fineweb-edu-sample,3,214,723.5621463383469,13982.28635785495,-433.541808601639,-142.0768563235776,2.684343376019845,-111.61624971866306,187.11120056634456,-9.454853557069098,-18.284034780028463
175,wikimedia-en,0,656,159.2135239577875,11374.388249528818,-145.02135446859089,-181.33064439126522,62.52802241699145,-173.13056418321636,99.34665044435005,-35.57310375218515,12.582732166117466
175,wikimedia-en,1,523,298.7818001916714,11603.417400773298,-153.68376006068672,-186.93327251435,80.82891269318469,-141.99263099066653,122.47496383606942,-55.249813376155245,42.92525493049082
175,wikimedia-en,2,433,473.3598906977347,12648.451492865583,-218.51743226621417,-158.37321177209458,82.6033909811518,-131.61412160966074,123.06869373080173,-63.82145989878055,38.1246041017076
175,wikimedia-en,3,474,737.8028981655459,14087.713909966122,-322.8617856375612,-147.0646415431436,83.00577685691226,-101.45100718365039,127.13164318145124,-74.37820940407389,38.73217482769744
390,fineweb-edu-sample,0,540,165.77066469545719,3104.914450730509,-126.58502539515555,115.30407081930157,-290.28310111034443,-207.8608380223573,204.0758825314819,-19.59855124352276,-19.93354899740314
390,fineweb-edu-sample,1,603,323.4340860800166,3674.8631801749834,-110.96982735380571,123.86862694753718,-300.38840646554723,-187.3531360291734,249.03842522881226,-6.722144919493098,-26.279774293745547
390,fineweb-edu-sample,2,587,591.3649935616749,3711.0038849376365,-48.91714382637163,169.80484847310152,-383.6264865157713,-145.57772159740747,270.001832128582,-18.977000933639886,-33.94247769158884
390,fineweb-edu-sample,3,503,1366.815009357915,-2546.1996383029204,283.48401681573614,267.538942881042,-572.057189857391,-156.38078757432643,238.95376706567333,-133.0527809356813,48.58332140966362
390,wikimedia-en,0,500,164.4165546875,3400.9905067616755,378.93268657761905,139.17535846364868,-122.80889230024947,-162.1465529903933,51.746219630100676,-96.34967221089472,34.9513365869444
390,wikimedia-en,1,502,328.6609796166895,3377.7214735443163,403.64567390111876,148.6367460920965,-159.00668647435248,-92.64507083220474,18.80412465795028,-90.95768150327973,30.348668230350285
390,wikimedia-en,2,405,586.9828010464892,3573.9789428099652,491.219127338408,179.8772027831165,-289.37971444375535,34.463021445692746,-107.99619262438951,-87.31737646925336,24.463587581997167
390,wikimedia-en,3,423,1238.9296263205526,158.78677137664556,757.6368813958169,246.78692975148817,-488.9626454787565,99.91099624438007,-236.0759473116067,-118.72004724462985,115.00919565644729
932,fineweb-edu-sample,0,755,148.41320162135244,-2880.6439545270446,-335.39303870600247,-92.19438351608397,37.12435904233113,-79.00698231144668,-76.18781947265458,166.1385274130668,150.0926633498645
932,fineweb-edu-sample,1,685,223.87566176365763,-2735.6858958948656,-370.2383804725573,-102.15498297042937,69.44732287125369,-55.71618904369636,-92.98076841023301,171.0011374091264,142.7233235016422
932,fineweb-edu-sample,2,690,339.2186673813972,-2955.490413205529,-390.7488187713713,-101.42169678878784,58.38862654589137,-61.077694365170466,-109.0870593528048,172.6816492573102,153.43052148907472
932,fineweb-edu-sample,3,688,590.3091877782067,-3184.7876082189478,-414.62662599336585,-108.40973255027815,75.6828977147032,-51.37356755225374,-102.7655896610889,195.63339349638133,151.39618157103868
932,wikimedia-en,0,591,148.0448313033722,-1293.4860886612946,142.96951494395512,-44.8643983685716,174.1767365566881,11.779910746751009,-205.15836092989892,202.14527616599662,153.46474414752456
932,wikimedia-en,1,568,223.28755359918298,-1443.17724376772,119.91169683928709,-61.08795788243186,168.73014654808128,12.671246223604431,-225.6156085362775,218.94737815106882,137.6422110191957
932,wikimedia-en,2,476,336.6694928337546,-2031.8310191188903,88.84073183993182,-77.47286726541897,197.43675556991008,-32.85680834370793,-185.8834780779015,202.09831695609103,168.45499117779536
932,wikimedia-en,3,362,574.2140204498122,-2730.078793857242,27.403497051174636,-66.71102356776606,258.1630297036804,-49.3109216759497,-174.5199645885567,243.8704609131286,125.59415408735201
1734,fineweb-edu-sample,0,508,114.7682922843873,-528.4642059923783,-280.7054699715149,234.0035675754943,67.43779465983586,-126.60616200133241,-102.72559725589758,-15.47554869434079,141.87749884523595
1734,fineweb-edu-sample,1,502,142.47418674909736,-701.8873175839234,-305.10195371753485,249.31292850822135,66.81955946337143,-130.33964987636352,-107.8695523120412,-38.7817878805041,143.02915310659444
1734,fineweb-edu-sample,2,430,184.25500928302145,-201.71902915147479,-321.393715439151,232.09104798161192,99.17044013747902,-131.1364363907637,-125.13994479389964,-54.56852743038548,165.27038902934342
1734,fineweb-edu-sample,3,361,279.91134973245977,-320.84596946847313,-307.9703849345747,250.0168253221616,109.59561679148273,-163.79237580232018,-102.98956142138022,-94.6135447266714,209.29515813001606
1734,wikimedia-en,0,370,114.22019273912585,-226.1557581012598,123.78546543015099,285.65355235628317,333.4958991831885,-130.46465716272894,-165.99528626919354,0.3111237568597346,139.09499159119142
1734,wikimedia-en,1,361,141.93870295051724,-24.184046689006422,124.83702190345994,295.21338952511275,324.4486005500748,-133.49059811642158,-146.59490339700722,-2.724405860259641,175.90340210112726
1734,wikimedia-en,2,261,185.26291419719828,-110.50346957258458,73.21550112479852,284.55864000714644,336.8231304823899,-153.67042154752977,-141.78777524843971,-49.213037059248116,200.01835295506237
1734,wikimedia-en,3,168,274.54073442731584,-106.31909659569885,29.406718229424023,286.5568414415457,382.3225133475193,-175.34653605060632,-93.71347792512489,-102.98443030278038,274.63340819996546
2133,fineweb-edu-sample,0,575,128.38226976477583,-5251.332016832934,-170.33870559318385,156.20459464021243,-4.677434002406226,-86.92950391654566,49.083847162812496,-45.22443823744865,37.92940214189519
2133,fineweb-edu-sample,1,488,163.58166428863026,-5312.987451053039,-127.40230875013374,156.33285818132754,24.34601799000706,-109.01394270530179,60.647246189988316,-36.65380802039922,58.49616698876187
2133,fineweb-edu-sample,2,416,222.36964504535382,-5455.111389673159,-104.64742661574611,118.15362255606159,64.11321026172054,-116.43687687351442,74.66763567206449,-56.281341619766245,60.79033708574869
2133,fineweb-edu-sample,3,231,363.23960724537505,-5533.193718806407,-48.52685818950094,102.08323595903234,143.17152163553135,-157.66454943457657,113.8964844664851,-70.49105858433471,99.80281845039698
2133,wikimedia-en,0,368,128.58103785307512,-4241.4128469212155,381.84477195218665,80.98937662461523,282.69300864764546,-64.80221438653408,21.23461177829028,-40.86650206013037,45.994561238950325
2133,wikimedia-en,1,335,165.4019951208314,-4472.314762468513,388.83031403562205,85.00523346066882,246.8792202373539,-84.4163999974065,61.11099419707082,-64.20664158860572,48.00791604885654
2133,wikimedia-en,2,325,222.25641883263222,-5054.846649944057,400.66257174406866,109.35162418485727,306.92009974708225,-118.03441799836831,74.85039551449098,-37.75626194972468,63.07194569360959
2133,wikimedia-en,3,232,371.81187780972186,-5856.494359806627,455.9438875106348,105.92606463963044,323.37066287736366,-182.12112285312304,108.51265455278514,-85.4238572414157,125.14903418618715
2264,fineweb-edu-sample,0,118,119.7337074926344,6267.308270059312,-358.01124124577854,31.904864917197987,-59.26582518219593,54.18542243738623,-99.1362128726916,-232.26908493873523,-133.63933855197143
2264,fineweb-edu-sample,1,87,166.81106093834185,6013.023377383162,-384.26213299485096,23.0588247886393,-58.836200383141566,56.16446080737297,-100.21044792220479,-254.94894220177432,-115.44592474015313
2264,fineweb-edu-sample,2,86,249.16568418990735,5094.400777307909,-317.2457680083199,48.39833101093457,-20.821145547658805,66.99623703922029,-37.59987262908581,-201.40524930034553,-109.82870397789156
2264,fineweb-edu-sample,3,59,520.200267209845,5458.317279613427,-259.9247231737085,24.937165712888163,-135.6688104890816,46.03697671590355,9.177071349713023,-272.2915710012849,-122.8659415380294
2264,wikimedia-en,0,145,121.1883995319235,7654.943621587291,-5.1847371082596,109.9660509921638,32.54234733952998,231.3833448729974,-199.42617773161604,-138.99719406052412,-125.98932738050316
2264,wikimedia-en,1,117,164.3922852084168,6282.099957698702,30.57547042035866,73.4537711685379,45.87374549853789,179.57333294206668,-161.55988021856078,-210.91001560914324,-99.44715168591163
2264,wikimedia-en,2,76,250.56518333836607,5805.210638374605,-7.469413058909686,64.57202687746826,49.19540482199127,159.20760389733152,-104.20693361742201,-259.1226127237632,-65.89365275548883
2264,wikimedia-en,3,27,452.5104731807002,6899.231168766023,-59.36509941182366,49.53463815712607,83.09181710166952,72.97430231657398,-83.89480379742865,-325.066549663508,-115.02546439200297
2482,fineweb-edu-sample,0,326,131.43040307167848,-2233.9721351862327,-384.23926412750643,-537.5051422331034,46.83256962245602,39.92741227869546,-11.943491076415702,-213.56617216268356,148.5659994751588
2482,fineweb-edu-sample,1,312,158.16126955472507,-1959.5350444387593,-390.5799335650146,-529.6558404572559,36.477007507346656,70.086771354836,-2.6412370658131263,-217.52903246912925,162.88682414169602
2482,fineweb-edu-sample,2,224,199.2973733629499,-1862.4268320124763,-407.7452372933929,-525.8035517461137,31.058011710332245,60.54907471184983,-35.658337244631994,-235.0409086148438,188.40550366884554
2482,fineweb-edu-sample,3,140,292.7389173235212,-1735.7669375434468,-402.1882856306882,-503.268867781197,57.94076219724261,85.78370080147238,-68.64560774389088,-292.0582808328666,209.49711292844742
2482,wikimedia-en,0,125,131.7699677734375,-218.0580510589602,57.28178707334068,-466.5161319482177,64.16698151725646,-3.1195928792346885,-96.10085325580283,-267.9633099868425,85.83084177571112
2482,wikimedia-en,1,102,159.73179357192095,-797.4138301713291,31.997088494652136,-496.0105528719714,73.68560677622177,-16.38079723407887,-75.39455402322345,-244.63515377894802,88.97635083375712
2482,wikimedia-en,2,82,202.39415759575076,-420.6604731013452,1.5408312357842842,-489.1942186879825,115.85914694953867,-46.48338551917852,-178.22240228677794,-249.94612011272892,79.71665674724271
2482,wikimedia-en,3,68,296.0908777573529,-885.2673180429109,-133.27765781840594,-503.48604222153614,164.4338991088413,87.39658678609257,-267.591941225423,-235.07649432025286,112.77050086963385
2581,fineweb-edu-sample,0,100,132.58204940795898,6075.7961321882785,-42.976951166849055,102.30718198890295,-287.0638606270232,-30.23755786456134,89.68816964945562,-115.69674151574381,-187.67860268060846
2581,fineweb-edu-sample,1,102,170.31702213661345,6165.1806756847955,-74.04164611008021,113.73733187227623,-210.371779377475,-33.99452384748864,127.25174613956528,-126.08322457197569,-179.76532233334783
2581,fineweb-edu-sample,2,104,240.77315623943622,4676.167964129456,3.767825429835834,96.61937342166745,-337.579685406174,-20.80113317706154,152.1585074624722,-104.69227548143206,-163.75932561006695
2581,fineweb-edu-sample,3,99,395.85891538677794,4083.2951794171036,82.18225450921987,67.83828885817813,-319.24752174168316,1.3898715953319618,173.64130750778713,-38.82781221718631,-188.78808979470216
2581,wikimedia-en,0,215,131.25426316372184,7030.752851314085,144.17770229930287,102.58185119714886,-38.22722824001127,50.923372103690916,-3.9614026915640985,-73.03431356686313,-100.8653869120892
2581,wikimedia-en,1,174,171.44091393481725,6923.985050621646,156.0665133212482,98.3216298337829,-41.09225740744731,79.07049775575246,-52.27177341751543,-55.36156494683606,-116.0428560892231
2581,wikimedia-en,2,105,237.48253624325707,6033.553718149061,213.0850705775097,59.80308138789561,-92.23673946344154,47.9191343603403,-11.195350850228012,-51.756444346941585,-121.17033381420441
2581,wikimedia-en,3,138,396.1567185996235,5115.545620792547,248.1753413498033,57.17230913460725,-91.04669215406858,2.4006052643942035,42.82221280684827,-82.80217259384037,-122.40988051502785
3096,fineweb-edu-sample,0,473,107.90972990717495,-3290.8441685361868,-192.0640964446737,340.5000386924945,-141.68548491076805,-32.87186124810208,109.45976625118806,0.8475935317229406,-35.56540225015556
3096,fineweb-edu-sample,1,462,127.74927576899013,-3639.692500801897,-170.4395230968314,324.36591593590987,-165.12388648852377,-51.91522420742477,118.19182478567106,2.797176875425041,-34.30214932870537
3096,fineweb-edu-sample,2,424,160.84276516032668,-4184.331976401923,-124.5727484209947,358.1433672818364,-155.61876861537772,-84.55591257473347,144.94738175520985,-3.2029570451587532,-55.22172494228937
3096,fineweb-edu-sample,3,335,250.32513108894005,-4712.348979136133,-79.53004927582705,354.4380619495608,-207.79964885880364,-100.13656651065344,190.15941220435585,-2.7089058052235186,-51.68273932134635
3096,wikimedia-en,0,142,107.1654463217292,-3666.210109504398,158.94765691895233,326.40314634048764,174.60633239294603,9.102208122482892,38.67708955217183,8.9927251406881,-18.487820352529763
3096,wikimedia-en,1,128,127.686842918396,-3796.5357395327687,173.18468333142025,339.82715296497076,209.04076529601446,18.09399130544145,69.07303336280424,-30.509174683063584,27.63077320148834
3096,wikimedia-en,2,101,159.42414251648555,-3959.2113340779483,138.67003128499618,333.7435114014523,191.21297208501977,-17.474719057142043,78.82924714813457,9.081606199482467,46.22738463430657
3096,wikimedia-en,3,89,250.75989918226605,-4557.199491443943,192.8118179532303,393.45452632551667,178.48442505737236,-64.90305688222108,87.9788252619727,-25.06475794747033,66.75540684898353
3186,fineweb-edu-sample,0,470,127.37253314079122,-1795.2622299124848,-275.4421851853744,251.5796961533696,28.100766459759797,-55.82227493016838,-98.1006962716301,120.36523613233264,22.47109305485168
3186,fineweb-edu-sample,1,468,172.31414090670071,-1791.158424787337,-295.90107900329224,247.09162388307408,7.897677273224378,-57.53193964103749,-110.43047018785026,121.05972154046717,29.654609628233146
3186,fineweb-edu-sample,2,422,247.0865539261515,-2102.7327355864686,-306.1576422392605,245.86452641656913,2.0470444987087997,-62.86670746322105,-159.1849030378929,116.85198782401767,36.489201826111675
3186,fineweb-edu-sample,3,436,414.9283087494176,-3106.694061464926,-297.2899275624693,262.0832477859675,-47.481016169717044,-61.400354584331495,-157.4602646038391,138.64492021379152,26.614029198216734
3186,wikimedia-en,0,394,126.69738785022406,-282.45031446566804,164.93450502673153,261.64747521739014,185.96004884179283,5.401647755129354,-179.1680491274671,121.8567107280464,55.57605349081887
3186,wikimedia-en,1,356,172.40895234868768,-417.90032716446797,203.43143632179422,261.7485941019781,144.9803300846672,-9.810798245276466,-194.52925706485462,144.17317244944354,33.88849443196857
3186,wikimedia-en,2,319,244.6971670886192,-1075.4763144538454,144.08189411724646,281.994175200527,131.4242488817766,-30.968272603045534,-224.24258388970475,140.1677878491054,28.080038950877004
3186,wikimedia-en,3,245,416.76517508370534,-2256.022790242704,209.10526763436152,301.99277126885903,75.10223422037488,0.7248561365801697,-215.63892752262072,121.90513427610163,81.46952859403218
3610,fineweb-edu-sample,0,260,129.41332664489747,-998.9038788061436,-301.00795221438216,-5.006625277398032,-67.79474527342093,-20.1166996336317,3.673799935373522,48.61533729764528,53.717904370689126
3610,fineweb-edu-sample,1,259,135.0022568868394,-980.4680412604291,-307.5744475561472,-58.904428709932496,-92.01829098152065,-44.33225234918849,-26.283240052118426,11.63968959841372,47.164913454945975
3610,fineweb-edu-sample,2,213,144.03179265411808,-1583.641750017011,-291.60511505941247,-32.82665608769169,-82.05451866906537,-8.056988831866331,-28.45246536125047,11.595824120226588,49.59986290830222
3610,fineweb-edu-sample,3,169,161.92101147894323,-1548.4440866747718,-296.13138661567854,-87.63715030508806,-78.25617037966087,-58.94107744656325,-32.861786373031336,-32.733323197190934,47.93174285891566
3610,wikimedia-en,0,186,129.21569418138074,1796.1481810350647,264.7793099892622,-98.02770763433655,-11.726704136878256,84.90566518215915,-167.46936002414458,-59.643052123834856,123.66230084542646
3610,wikimedia-en,1,180,135.113650004069,1548.7390733698535,263.04615339149274,-102.05247232791727,-40.742176064931165,127.24197718512556,-181.39242910309898,-34.527766944636284,129.71857519085194
3610,wikimedia-en,2,146,143.29218678931667,1570.300935086219,256.6385796184741,-70.69660741956413,-33.87666269759472,51.76056806954292,-191.71564714887384,-53.92528048392093,105.68197758445375
3610,wikimedia-en,3,132,164.24885443485144,1155.9722041263994,187.26177281997175,-167.9495751322868,-34.53240987821518,154.72699654155696,-241.31242976428712,-50.505887902083956,155.20629846895676
3781,fineweb-edu-sample,0,125,106.55055444335937,1576.6369104471407,-14.077431276303269,177.19482664185188,-389.34520640514626,-106.83146639301371,183.0815763011411,33.17118848436279,-46.386188200157804
3781,fineweb-edu-sample,1,120,119.58396574656169,1199.0851831455245,-58.79350367222172,148.6069304976974,-389.452629231367,-65.69134046821014,176.91734725330087,-6.087380725530594,-13.899423827499426
3781,fineweb-edu-sample,2,77,140.6591608617213,195.16077539312107,40.53897961335607,111.67300420630237,-445.35951006930554,-77.30462602510698,224.75188751951623,23.854253759385326,-42.12143564274068
3781,fineweb-edu-sample,3,73,206.31699632618526,-762.9521709157754,89.55107664389985,177.39636500902236,-461.0650786826006,-116.2142849650534,247.33661039143004,30.063386086651363,-29.35545498907128
3781,wikimedia-en,0,50,106.74161895751953,1460.1402694146675,266.54502904102685,-43.945429717297756,-215.75046907148302,-155.12566265042904,56.707312567928874,50.633742267899734,-34.358381588196856
3781,wikimedia-en,1,53,119.81040522737324,1273.161283801461,255.22478866386152,-23.4304018314697,-211.98203431699707,-125.03719842986118,40.14597486631002,86.9864639082429,-57.39060060237612
3781,wikimedia-en,2,18,140.9353959825304,309.7806146297696,260.08588729595454,74.07359665893028,-336.999180409744,-103.19855487216623,111.66945819781111,113.35261862768454,-10.166952807279342
3781,wikimedia-en,3,21,180.48780532110305,283.0183587188957,285.53710019472516,133.5265535654794,-400.2426329740142,-299.5776134667787,132.4881426072421,150.8217229599763,-25.761701558124937
4926,fineweb-edu-sample,0,132,114.84941286029238,-193.9297494622343,-308.95317064704574,86.61611905318549,27.048303890859607,-40.98355251045525,12.209375130175623,-5.7956825192609385,19.997634507914103
4926,fineweb-edu-sample,1,102,125.90255228678386,-692.1992504183697,-294.8772895181496,58.43021633259637,-9.170492576134347,-51.88579736545118,-22.00813916391681,29.568761488171308,-2.9375877739039944
4926,fineweb-edu-sample,2,67,144.09452842598532,-749.7806985381111,-328.2288978598822,19.460696553470445,76.42051621275645,-60.297507985278074,-24.619966420434373,36.54385826543789,8.776023872030045
4926,fineweb-edu-sample,3,29,180.9436087772764,-445.9396174040228,-408.1932219258741,-10.155443047410943,-22.104158844096155,-9.485134642260036,23.73726074019219,-13.707519390114163,-20.079791426270376
4926,wikimedia-en,0,51,114.3816806568819,-1327.5449574679635,158.31907330878275,112.0477085561474,226.3345283501212,6.567792966399544,-38.75735876528005,-54.72749577656795,199.01245146012778
4926,wikimedia-en,1,39,125.51281112279648,-126.57521164319867,81.60729554238439,104.92831757522877,247.20737905083269,-54.63705779375802,-125.97397819724779,-144.96342330439464,167.5744103113393
4926,wikimedia-en,2,15,146.43376566569012,-1339.5539482663494,36.83487740026278,72.86099008157204,180.29165863034103,69.90296024421153,-83.64264615263686,-25.601936885395858,104.39156056401718
4926,wikimedia-en,3,3,171.06611124674478,3020.233314944698,183.28292742178067,171.73756417139734,-193.51240707668765,70.43276751966346,-142.8684406050821,73.73446817679617,-84.74001484566001
5054,fineweb-edu-sample,0,427,118.66249023723378,-2489.9190221107947,-249.8071880848003,-39.31777241001907,-151.6619183461163,33.82069448069898,83.22288169022971,58.49458699041708,29.816261673927176
5054,fineweb-edu-sample,1,370,132.18664010537637,-2654.62266756873,-248.6803252711786,-11.004836197023641,-161.97058941521175,83.07965173795724,103.46273662440859,61.572528118117035,32.369066841802436
5054,fineweb-edu-sample,2,274,156.5184376291985,-2545.33818006085,-215.9363520109975,30.270979419556806,-207.92218287805267,68.01368820174545,104.37936003078967,70.7199935443525,50.36976327628163
5054,fineweb-edu-sample,3,161,253.97064284804446,-1889.5075644701449,-155.23192394680876,57.93766221407125,-331.5852803071462,146.81213509081164,163.41385453108694,60.8740997811144,99.94951652178865
5054,wikimedia-en,0,169,119.01267869938054,-1861.9622142558337,60.12135106323538,-13.754574667426986,88.76725530751924,69.26407503469943,-31.523211907235332,115.423772184909,25.21055505609311
5054,wikimedia-en,1,172,132.31966719516487,-1716.771633591771,136.22056572300858,-29.41495622859443,-61.29095752687493,90.66192787924055,-32.04467270661748,142.06053098655786,32.47093246717718
5054,wikimedia-en,2,115,156.42774790888248,-2414.8819756968255,60.09921493975895,-33.67499376356329,29.50461502933572,65.46668314737683,20.64637530194436,87.71935857183048,105.4747488837579
5054,wikimedia-en,3,41,229.09363537299924,-3534.150221415449,83.12874268860634,-119.32571489361555,-56.30551985961622,20.573902381557136,72.94022794666265,166.65455937983268,125.80192785795272
5105,fineweb-edu-sample,0,287,129.50410169009962,-1700.2999862485653,-42.848111087675875,202.83748602024644,-362.6809359057098,-94.40180177178566,122.99736334196851,37.88993313000218,-93.62281069229574
5105,fineweb-edu-sample,1,207,145.82988882755888,-2171.329663444954,-25.18043207276308,271.7419434119278,-451.67961423897714,-78.26088855591513,128.02148214250116,53.09190610665455,-95.87154798649516
5105,fineweb-edu-sample,2,202,173.8862226127398,-2816.516185843303,28.035709636263128,290.6083164338229,-468.7423300585808,-126.66336720984596,114.46201003338966,67.54945231120702,-125.00899116491397
5105,fineweb-edu-sample,3,116,253.97050305070547,-3633.598969051766,64.32707472969139,310.96668352404714,-547.7176021663548,-105.34104751402174,159.1064487188938,111.61409721904626,-179.1381875062937
5105,wikimedia-en,0,82,129.19597011659204,-814.4376745255526,141.85369347866194,119.55168855746234,-105.78193458498603,-82.21268521844055,-42.80761392559724,-34.25641529909483,-43.683333659101805
5105,wikimedia-en,1,52,146.70161291269156,-814.0324303286638,240.40763361662664,217.53673884895548,-159.99524616332909,-98.94460246179769,-35.11361737293588,-1.9500204604876237,-75.36442149667378
5105,wikimedia-en,2,21,172.69547017415366,-2036.333306097034,316.3829998700249,265.0420248835857,-114.54483619566108,-33.52513425486217,-49.864830404481594,74.37573878971362,-26.449759740328464
5105,wikimedia-en,3,12,246.67169316609701,-3360.9841108804644,337.7056737704338,249.37327393430482,-311.0336620778307,41.85363964668794,-149.20744568198583,50.77358443433142,-116.94687726575165
5868,fineweb-edu-sample,0,383,100.97555163510475,-1991.4410812706485,-380.00338744893406,25.571986819115313,-35.581122686099604,108.09760804283792,63.66920506915452,88.86975565999832,48.005936585773696
5868,fineweb-edu-sample,1,412,142.99282066567432,-2272.800482845113,-422.04108981252904,48.903208472786964,-35.38004960482643,93.34967244651193,44.519786908048125,84.09577565124657,75.23123256075148
5868,fineweb-edu-sample,2,417,230.48792305267114,-2427.5717152558595,-426.99021823968104,98.73435054497055,-43.466260517042336,89.41159162064744,52.99987957649618,74.79197503155935,76.93614254035765
5868,fineweb-edu-sample,3,419,439.37510036568654,-1319.4666854974726,-399.1258375419401,150.86710762721077,-16.59167295653278,46.66514746393823,-2.944335555323862,90.32577190377962,31.463209694323414
5868,wikimedia-en,0,245,100.3359700728436,578.9594682869632,89.96715275793294,-1.7626218087097851,115.55732116613845,51.07634087640764,-53.98529642962341,102.92502710247891,29.667097801294002
5868,wikimedia-en,1,202,141.19575243657178,318.8784360749085,43.03842836239043,43.24491988705219,171.2136120546125,60.37443564538473,1.3314886669348334,50.87803541784025,52.84296785245167
5868,wikimedia-en,2,157,227.29091542237884,-360.33811147177465,-2.5101613583454814,98.38092895819828,120.59841894857298,82.45867023907324,-21.403586818754096,66.2168158985818,87.28514748650626
5868,wikimedia-en,3,142,475.6564894125495,-72.28407107700453,-62.225598344849814,168.75569176668992,244.71110799161792,83.41353571810578,-131.47057118997958,91.46455243181445,74.45940612524404
6277,fineweb-edu-sample,0,33,102.20349352287523,-332.79227058951227,-166.2398266143965,-9.67812531035052,137.87597130838546,120.29189983124618,177.59740258976893,22.396206767001836,126.04538398674157
6277,fineweb-edu-sample,1,10,127.21617584228515,1132.8101023695276,-111.86118261558991,-204.9608200689423,-89.06803401306989,-32.78295943958707,169.9658727712819,-3.5003440497531373,164.98846437465062
6277,fineweb-edu-sample,2,1,173.2606201171875,-263.4099949022646,275.51841010477153,-217.90360032420085,325.00629185339,51.14550261099,120.90533299877458,-62.06731116562596,415.63018500078084
6277,wikimedia-en,0,193,103.97370392794436,2396.1454236942436,526.913233616252,76.05719395120543,2.1869177489646825,313.6425234918262,-86.2166348599076,-64.77707754277424,215.0240618462611
6277,wikimedia-en,1,96,131.51777625083923,3320.6048806605886,503.4522645183584,101.36816454044562,7.066973526836214,291.34199447704435,-121.58655536110503,-47.17932528724227,230.65391276391063
6277,wikimedia-en,2,32,179.47078561782837,2993.974358575278,540.4729244169746,4.854678753984338,2.274631406678864,401.518174106186,-228.4897068081556,25.83809476968798,395.5360659743533
6277,wikimedia-en,3,12,284.3863983154297,3801.021298632366,334.7860790384602,107.72098972165207,95.79311978304816,242.63697939807557,-24.636052598474908,-55.10856413656071,310.80405706279134
6339,fineweb-edu-sample,0,425,103.19533483168658,-1108.962617486478,-365.85126340972863,231.2484400121868,7.666072516250937,38.06848944485389,45.80836669244935,42.49984199087614,124.08291110139157
6339,fineweb-edu-sample,1,416,125.73304205674391,-1069.801417098079,-368.7431807156943,250.3351791628176,4.315113863565218,49.74195519301519,69.41383851679176,49.81392457395156,127.69468261025551
6339,fineweb-edu-sample,2,426,161.82136757720804,-1245.452623545185,-388.902333823223,241.5406531532964,-8.294021226975145,48.02253845294974,78.38048831000279,22.36624032558049,171.10220825953743
6339,fineweb-edu-sample,3,427,264.6372637067522,-1276.050399796443,-380.8628505022465,224.16134501224155,6.225918026086304,43.817957404019026,102.79824435183,11.592707304858864,210.22898090594265
6339,wikimedia-en,0,275,103.34094715465199,539.245996103817,139.09244502062478,291.0079819486827,233.88731030609944,89.50888747030577,37.777525900861555,75.425693601381,194.75338278030733
6339,wikimedia-en,1,269,125.64718718688285,565.0440884711962,145.07407071671128,303.81922991923426,258.23735414483315,82.64385443265984,51.64242011725516,67.09072036551984,192.7733481557117
6339,wikimedia-en,2,248,161.9468273039787,546.2584493052325,96.1601149287283,296.9368848545885,291.29539977855717,89.80035236575334,46.91576634779108,49.22479593962372,238.38308311261338
6339,wikimedia-en,3,219,256.1670044502711,412.3817208282295,94.41566526289144,296.89432558888575,269.3729419582305,90.95554752715778,80.23766084677067,49.05211173257778,250.85345627740574
6476,fineweb-edu-sample,0,45,124.70913526746962,79.36548679245476,-102.06463625995518,166.97719903146606,-178.1933414940884,-43.846941275534604,30.37719186181222,7.710839864589663,-25.300735547230175
6476,fineweb-edu-sample,1,40,135.91377601623535,132.55273162915063,-140.62436512326354,167.14065885560032,-173.22055682339268,12.953777403231985,11.372711071580337,-24.603030122278582,-60.50364831513211
6476,fineweb-edu-sample,2,18,160.4791734483507,-666.9062213898449,-68.4300391496425,194.74736972714032,-133.03270732479078,37.914348583016015,34.063166041625664,-56.41395770352008,-94.01719580788927
6476,fineweb-edu-sample,3,16,208.5848846435547,-1169.5565598262408,-22.854873523005267,242.37554366299196,-298.0502640314039,60.25797487434077,-6.88300270929067,-5.091846994818725,-49.09733468565177
6476,wikimedia-en,0,67,123.73104949495685,-1648.7942443711672,366.1737962778956,223.72535902911022,22.570598466746308,53.94240072269064,-118.30284637926283,-18.371599602852786,-176.61755567326946
6476,wikimedia-en,1,52,137.45379873422476,-653.7428201151031,239.85678048017164,133.4820138863674,142.21100438273814,29.902761267045978,-125.65655678036268,-42.8776689441693,-160.92097285832992
6476,wikimedia-en,2,35,159.86028616768974,-1538.5420879206201,215.10601093300392,121.15252963429835,45.204282937868435,91.00812505016822,-132.2032240170566,-14.069919954160005,-197.52020382857714
6476,wikimedia-en,3,19,210.17365545975534,-3068.9372603020925,299.54774455357045,178.7446727289208,-9.035355412827569,-68.20912611469474,-66.71638317714277,-41.18870383266121,-141.6936471483572
6780,fineweb-edu-sample,0,51,99.17700314989277,5530.361687818814,-171.6100606669956,166.81182620972984,-198.72140705554125,22.70205059264558,106.84134582453049,-224.00492039601562,-150.6161014972535
6780,fineweb-edu-sample,1,31,116.81956088158393,4029.0330107894897,-107.69686982862684,211.4012745249486,-214.03569429453424,17.568144994256837,175.02526640176137,-257.5628443211487,-233.3337615787779
6780,fineweb-edu-sample,2,29,159.79990360654634,7636.566180614539,-202.68618532842174,210.37394621267504,-219.83339824573346,49.52274177529874,122.02083228009242,-293.18748175643,-196.12971035697294
6780,fineweb-edu-sample,3,20,266.88561859130857,7637.418519381781,-185.70714452028696,227.1003322335238,-237.9692148193407,75.02169088982244,181.36815541132148,-302.93306366925333,-207.84653845692324
6780,wikimedia-en,0,79,99.69711129876632,6722.504410666392,219.06647576895645,273.2200556940503,-65.389765646792,110.40763268431725,172.30392196908323,-313.79369678868545,-169.86889046871516
6780,wikimedia-en,1,70,117.28150460379464,7312.465582777043,155.76287006973584,282.3757431667305,-108.44831122677722,131.52644127422124,103.20553103170171,-341.83413036650376,-194.1501139742119
6780,wikimedia-en,2,38,155.6744962993421,7989.754421660887,97.33922084382368,239.02963859336217,-154.67040639061307,189.67936536225315,111.17874435556163,-296.70115784381585,-201.249287816949
6780,wikimedia-en,3,26,349.53807185246393,7999.8747961016115,74.03764901976092,264.8459832623221,-178.86869116445584,186.51650375783723,103.29627962900278,-309.3987737646314,-154.46396339561585
7986,fineweb-edu-sample,0,495,128.1232248633799,-2356.9310475653147,-231.38425220455719,45.90923805086982,-208.01390171479537,-40.947296079077994,101.1786232874829,-4.169428272329163,68.0300187789271
7986,fineweb-edu-sample,1,277,151.9645882616835,-2638.5330992695735,-242.5149420869803,47.067834394946686,-239.72023786822163,-2.4439589802323836,124.90676653070486,-0.9239051505673934,104.93956058810286
7986,fineweb-edu-sample,2,161,190.0748381051958,-3265.5441550752885,-241.8068571341547,97.72652130196248,-271.49149602709724,16.67526627462151,148.19972197219244,10.928334010059553,119.04797109548527
7986,fineweb-edu-sample,3,95,298.3110611765008,-3673.392960228559,-194.2190741523725,126.59092125897553,-422.10983516438506,-39.68341929474541,170.44110113022893,-16.166515093788888,156.90872426048193
7986,wikimedia-en,0,110,128.27263932661577,-2051.031423996799,104.5811314163016,18.25223719092292,55.42343719163492,-1.532880932496245,22.849836836751155,24.597990283113145,117.36367570437456
7986,wikimedia-en,1,48,150.85458691914877,-2489.078170471164,124.60692061349384,82.49998129974276,-2.8711959031169534,8.210660768320489,-4.005818459714383,-4.049111112710978,188.91504080262715
7986,wikimedia-en,2,15,191.5857391357422,-2973.0416338112223,-1.6600910744395643,-45.49033376799307,54.908960195581905,35.189152352253586,42.739156695397085,-8.614289947016353,181.95446888834067
7986,wikimedia-en,3,1,247.19354248046875,481.26046387515424,-179.0590099831622,-332.67823135513004,471.5594655970359,-126.01638263205815,-39.597951264525825,117.21588063127663,369.82893175437573
8076,fineweb-edu-sample,0,558,71.94269806509804,795.8496664105677,-211.24232571114177,-272.94225758476864,-37.47088777032905,-109.82544083248361,80.22701617303709,-19.28080513639573,-19.387806046351063
8076,fineweb-edu-sample,1,492,81.4858482019688,772.2854281900986,-187.15836322027067,-247.46704271445125,-13.840091212106868,-80.9159964796109,94.97808558094005,4.125326217452213,-26.497858150510925
8076,fineweb-edu-sample,2,491,97.71378508216252,698.9640864952398,-208.81359416133964,-259.74449051520685,-6.943400145446502,-114.6797364719826,77.28268507164196,0.28665016565042717,-23.404694540611825
8076,fineweb-edu-sample,3,426,216.9564230475627,682.3471347385464,-200.97441354601833,-160.32046932077816,27.32413680329138,-41.23558166198627,68.62117858463918,30.104272173993877,-65.02534643087998
8076,wikimedia-en,0,589,72.03279367650912,4161.826156260239,165.46326764859108,-287.51211079273816,71.37822729380825,-106.71704094554059,33.3047770240762,-25.34020964743267,-10.020381108527715
8076,wikimedia-en,1,555,81.609973034558,4084.1261818535904,161.07596063033142,-311.3811197784388,46.984327793080524,-102.13913788072593,27.110753442565493,15.278640095245256,-15.457987371896849
8076,wikimedia-en,2,543,97.98585824983994,4179.246937948247,162.28381165694898,-294.47968548509755,62.24883309209988,-102.96718134343112,42.226702024421314,-2.0168944977636123,-5.6671291995327255
8076,wikimedia-en,3,460,208.23367913287618,3451.9729497354692,131.79944402483468,-223.7887191327195,112.65037159852682,-26.74923841470482,-49.99497871074581,58.08186120310518,-65.3074690229687
8963,fineweb-edu-sample,0,165,148.68024070046164,-1043.1692900512437,-131.2323531980679,-24.899528202821205,-142.69922018524966,109.97619619896793,107.19928126906541,110.60056079064313,-143.99470336283707
8963,fineweb-edu-sample,1,196,179.05002017897002,-1172.3555453053468,-122.80975327748567,-57.67026868307727,-122.63039371038333,58.59608166409783,30.06090206196344,88.54584266285772,-138.1550613104395
8963,fineweb-edu-sample,2,154,219.6413597998681,-906.9390303926621,-84.66936255114855,-34.10535910184268,-143.50305895794642,53.276124931053786,57.28340625086739,105.85877299836227,-155.43165636727684
8963,fineweb-edu-sample,3,165,311.2690213290128,-558.746516546479,-129.04155379414772,-39.62944295409438,-132.31455423235542,89.29826026754611,13.294519441802315,100.43867719668349,-176.06570885431876
8963,wikimedia-en,0,201,148.11996004474696,3355.0272564844076,192.11050966083096,-68.90083264952683,56.13364667885985,189.7442086993128,-36.59380313500524,155.75526718245374,-103.35810830784597
8963,wikimedia-en,1,187,178.69197221235797,2074.627757391061,246.02485079741558,-80.46870624646138,55.37013965076302,125.83045136222457,-29.420221990646336,145.91573144319415,-103.92885216941737
8963,wikimedia-en,2,158,219.06121478503263,2703.0437257255594,215.74206170823481,-39.25397514626263,14.916351855287404,152.32222877168985,-91.34662234107282,93.39849378350512,-97.57695433367957
8963,wikimedia-en,3,157,308.01718275714074,1452.529923268864,187.178401752585,-36.87500205944252,17.502691572172303,114.83520190788178,-82.57457503614002,96.69609336191692,-149.4832156199961
9222,fineweb-edu-sample,0,148,117.17267010663006,1846.6718761423006,-274.5245386932086,185.4133550180016,112.73962029605522,-6.611675996888119,-123.04986178187849,81.98110037288237,68.26047625641255
9222,fineweb-edu-sample,1,93,143.27203303511425,1221.895324120235,-321.7931585798456,198.9858685349558,92.13944786806357,26.237700962334465,-93.21365520475851,105.79907379564855,83.42481214736749
9222,fineweb-edu-sample,2,42,191.33116513206846,928.4408778216081,-273.8999468119129,214.80926736246897,95.86955912522794,-27.960321718830155,-118.78189425617977,91.78218351792546,74.5911972449511
9222,fineweb-edu-sample,3,22,308.09169977361506,2245.444809394578,-468.1715972588859,170.47807663307736,56.373433487753616,27.33869129524143,-158.9827951034946,82.2746338705958,40.21504574105145
9222,wikimedia-en,0,137,118.02470275433394,2491.9228624212437,29.61798194370953,196.7665781076746,182.33386805775154,-3.32457655436241,-142.5441986551752,108.9425982467984,19.254115567325357
9222,wikimedia-en,1,76,144.83273877595602,1788.4128532641425,3.8268038534855995,186.41049330276067,229.14596152125546,-30.798158628491784,-90.37780415745696,140.22659155407828,59.848374642039374
9222,wikimedia-en,2,41,191.56918409394055,2659.4852035224694,88.07321684615482,195.82817976003042,161.39258122199624,-90.82083242111314,-33.586662968671554,147.55451416268411,13.230987371721293
9222,wikimedia-en,3,9,262.18707275390625,3208.0546881660866,257.05950027134634,159.81691639931648,197.56867209723984,-9.131627421217328,1.5887732655260594,163.92624615792877,41.00698566993672
9536,fineweb-edu-sample,0,540,122.94599631980613,-3517.3021786155336,-266.32280869982185,123.9648475592521,-4.326772870090311,54.55314099529665,59.92797113214039,-10.46209283693516,-59.72204584960272
9536,fineweb-edu-sample,1,480,137.9790033976237,-3628.410706248233,-274.041931870532,145.65311628261344,1.8580501985627444,73.48906154439285,76.23749260898593,-19.31109414847791,-63.80341540536411
9536,fineweb-edu-sample,2,384,164.26563254992166,-4154.328917920158,-265.2923346343279,194.52253677087083,-26.60448780785649,64.81557420612502,90.81517840501408,-27.631626141659797,-79.76723501604758
9536,fineweb-edu-sample,3,263,238.2333358938703,-4371.6002176475,-245.68949504288227,268.2707914923385,-11.736935019159406,100.41796548552648,127.463777206221,-20.13976281283974,-74.64995699318065
9536,wikimedia-en,0,322,123.14650399344308,-3023.317184406217,206.1496490282636,135.76680803420652,199.36725924549975,125.47536614975692,10.923531520937411,-71.64983328839706,-50.232036544474056
9536,wikimedia-en,1,283,138.27087283724188,-3142.2417416190433,212.75116386933377,186.8334545175233,209.45432114994685,115.47937188335221,28.30419324668676,-59.35475535145137,-72.65519575658956
9536,wikimedia-en,2,205,164.53800123261243,-3886.123450478963,245.92064710686046,217.33918846315476,263.3613810974323,127.78720377365609,82.28937086700151,-62.48094899007943,-72.06828324482953
9536,wikimedia-en,3,162,238.9923031653887,-4006.572920533473,193.84997180397792,268.5297952398059,239.1260155628466,135.83576726811873,106.8725215344042,-54.916179938775166,-58.13262279722448
9672,fineweb-edu-sample,0,396,80.50642294835562,4214.08017698393,-178.09157279134564,-174.84343772559527,-96.10605186470781,-178.47024989935127,92.38836212430586,38.476047491736615,7.474986753460739
9672,fineweb-edu-sample,1,418,94.6571204080536,3520.2642772609556,-240.0323600523359,-117.33760710252564,-60.76425103073117,-149.8236985443745,64.32845762874084,21.350455304921464,13.488472120273597
9672,fineweb-edu-sample,2,556,128.64170639806514,1532.4323537930907,-317.67108135788857,52.78418147551597,-48.05424111092491,-57.93082217766831,-9.069289265680569,-39.028865074159555,36.87058560986015
9672,fineweb-edu-sample,3,705,251.48150520054162,1034.310760380118,-302.6547977231442,201.76525654396252,-67.46611054840187,23.604497976475667,-19.57015889596332,-77.17869475801358,-20.756350819868164
9672,wikimedia-en,0,639,80.30091919995996,6847.09082643238,119.19759280300569,-281.2986674888436,-8.838205097773129,-145.74800731403937,46.21472770834892,39.92930956046385,-0.24911723838762728
9672,wikimedia-en,1,529,94.19240196530896,6544.509938046857,136.76055105825773,-283.4703889396217,8.23037941269067,-157.31729500647154,46.18184328522654,29.640347560964997,11.845423960847237
9672,wikimedia-en,2,503,126.36639480135787,5473.8904144576245,67.19864224821688,-200.21784331932554,46.84558867266806,-150.11285555641808,17.75231219108103,4.224771884818183,4.990696015883877
9672,wikimedia-en,3,328,264.64774438811514,3010.164647548881,39.2937224652319,115.27722686086116,-11.4637016116331,-54.64336884869879,-134.40236819868593,-43.10012568769542,-62.37515388967781
9844,fineweb-edu-sample,0,514,100.70973248611628,1770.3592008063756,-324.6163035442076,63.91956326641214,44.52711804068598,-50.41494886257458,-16.8525668801909,104.56104735948712,22.710797831420635
9844,fineweb-edu-sample,1,580,122.09165983528926,1564.089067479294,-329.5363619588759,70.90749683421241,26.065193512093156,-41.71791130490914,-13.095902605071982,108.47044016927458,6.27669333378293
9844,fineweb-edu-sample,2,551,150.6234667270889,1259.8047174930293,-313.9359294251276,77.19681639906838,65.02801929001234,-34.26883761431643,-12.435461183000383,150.99126346103193,6.9188956746553965
9844,fineweb-edu-sample,3,605,216.19015354124969,1163.4954291055244,-318.068987380124,95.84164250237704,74.97179660885772,-4.368133764029965,5.991472147140326,152.15709554909103,1.376910914933794
9844,wikimedia-en,0,598,101.37010376588955,4513.602365651527,120.55174016363367,57.02755892586291,103.26554975385093,15.915920158109175,-47.877668250381404,75.28058366386146,-6.999671214148366
9844,wikimedia-en,1,574,121.72681000340691,3971.141174844163,89.21097308885143,50.17321805375664,113.5836179251874,13.743136435155225,-91.38616483168069,124.02640010324274,-26.489193024009726
9844,wikimedia-en,2,504,150.96720416962154,3430.7535468334304,109.47503048757936,82.84307034668676,145.69282837600443,18.886721931779853,-76.32115658194124,129.92850660361879,-30.73623826797658
9844,wikimedia-en,3,450,218.7377284749349,2624.134988652467,128.87443512192573,103.45097833398134,224.40031951884723,59.90495412161607,-45.54398744993746,140.435975848973,-23.603786446964975
9985,fineweb-edu-sample,0,87,129.27172746329472,1749.816542817617,-95.81378783263203,-118.81851915347052,1.884349761000347,-193.09387867722023,92.9364111298043,242.13891195969853,72.71638168478827
9985,fineweb-edu-sample,1,82,146.59094145239854,477.85253340298937,-94.78997025524062,-103.95177604583316,42.422460689266934,-233.21072215257385,17.936909642924732,196.63582606734272,115.88605293053537
9985,fineweb-edu-sample,2,102,175.13542010737402,471.1810302517172,-56.490789351090065,-165.0588188705578,28.17271021718074,-250.21319205366635,76.60314490187213,219.17384574354801,111.80737875381384
9985,fineweb-edu-sample,3,95,265.507395051655,-756.2180486158678,-44.47368652464763,-165.15837665564862,41.26087501877315,-250.7734081072539,76.89665562563097,214.45520495316683,153.15497178481704
9985,wikimedia-en,0,139,129.8471887163121,2516.7815685484666,367.94772592146893,-125.48543857473065,100.08581270057005,-33.79266284061218,-147.11236641024078,224.32091606868403,279.1784764739369
9985,wikimedia-en,1,140,145.91312757219586,2526.0405732967843,364.31156616985993,-144.66474301965283,103.95138226430888,-71.81272344199509,-111.04272615472667,230.77729202426255,258.2958165165713
9985,wikimedia-en,2,113,172.86592493648024,2007.165437853946,361.27974574124573,-145.02852112590597,119.87921200323888,-58.38182426944793,-118.50854871593798,210.7272549990667,256.5963012302453
9985,wikimedia-en,3,62,263.6297873220136,887.3986932823254,338.2648602093731,-168.1969489302325,234.14936071786462,-183.7483504643734,-8.498859546495124,114.23412864360283,240.09246077906104
10012,fineweb-edu-sample,0,52,134.1032744187575,-1519.3448402647462,-276.49366028213905,-109.72992382915744,-74.93978083672135,40.21142033007422,-87.99771046692238,3.448229022630807,-87.46477471512459
10012,fineweb-edu-sample,1,65,139.35628568209134,-517.5010727431282,-284.7731352040593,-153.56037522714277,-132.3942375528805,76.61118979092888,-59.19611255929692,-52.7183513854992,-64.39838321156049
10012,fineweb-edu-sample,2,51,147.8644843008004,-1043.9694909511938,-270.9511562343009,-46.520342610589374,-1.1463427245727256,46.749562428699704,-72.59490139532602,-79.86681559688866,-96.46383321829411
10012,fineweb-edu-sample,3,44,169.02467727661133,-354.7766282698561,-185.49126107905983,-18.344473410541898,-98.6019122852958,112.41238118712309,-46.69904748217782,-18.473763195410466,-99.77315570775706
10012,wikimedia-en,0,37,133.86279420594911,2218.1892720589544,90.79448758147295,-128.09116580422534,70.11091274468006,101.34115538469797,-93.59067624532267,-1.176946000337108,-33.1695414776831
10012,wikimedia-en,1,46,139.36432481848675,2433.378537003573,208.3098608612623,-151.65284383564895,8.513977012748896,83.57398439608617,-111.09701113278444,-40.404680762231045,-17.46825239094999
10012,wikimedia-en,2,45,147.15842725965712,948.4984126622687,198.44968981598916,-131.61505240567485,-15.541524496283824,183.40073610358712,-205.96392115287486,8.551249243760529,-61.84491835700464
10012,wikimedia-en,3,32,168.3680338859558,349.8264562329423,221.69104173231733,-161.02054014284798,-19.866300216376565,187.9869191228898,-227.1237359528134,-25.08976114404502,-156.79279502904475
10223,fineweb-edu-sample,0,100,127.8819588470459,-618.6896639041797,-254.17083497316938,-198.06413005308596,-45.59847622304395,-139.97814097456933,-136.87737016637516,-43.26058578396839,-25.247174596345776
10223,fineweb-edu-sample,1,102,139.6105062447342,195.7926597984414,-209.9219803047026,-185.2742881828313,6.665024553867754,-139.71228196417852,-91.04957687139692,-17.241123681863616,1.6236200026427823
10223,fineweb-edu-sample,2,106,157.72817330990196,-248.67568788642063,-229.38128529880575,-271.8631248690349,-20.644057574948867,-187.11469036306818,-133.58274190652705,-19.295503313091746,29.927199540173977
10223,fineweb-edu-sample,3,78,205.3616908146785,-825.3640419261952,-165.41625666905733,-224.8842979409892,-35.38234290777297,-184.14336379368987,-125.75575330559346,-2.087325351920916,11.730103002729837
10223,wikimedia-en,0,167,128.2908332048062,1696.7504157455132,238.22684676326293,-215.8476998431324,73.75653997907398,-214.3162612293656,-74.90455193402195,26.459174927197125,-37.250890819996094
10223,wikimedia-en,1,164,139.79857970447074,2050.983030769239,179.25601481890288,-201.03335089748472,68.84816372768175,-174.30767117062535,-70.11008837179297,-4.5525721085714315,6.779705266068202
10223,wikimedia-en,2,146,158.8253823894344,1854.440330472965,244.35985496732934,-234.51673418854435,62.19224224104617,-253.4101441689439,-82.36288292530722,4.011719988506634,-3.246359993935413
10223,wikimedia-en,3,133,202.95990976892915,2092.5648696604185,210.65569194476737,-240.41029660835866,25.23580706371025,-229.3654916810284,-80.44580741973793,9.704363419413847,-53.79286836280086
11245,fineweb-edu-sample,0,183,103.89115814042222,911.0108148092016,-60.954041124925276,-246.39220946234283,-117.80813842933439,-147.73952324032115,136.02160384923027,-129.53785821995888,-123.77400177789191
11245,fineweb-edu-sample,1,173,118.68312328537075,1711.8820773037316,9.429666880774263,-185.25434036964688,-148.08031311728212,-109.09275835591683,196.80009517130657,-148.7979253041559,-134.91759064088217
11245,fineweb-edu-sample,2,142,146.69407868721115,3614.375475220292,40.73156236871737,-87.31356459148088,-137.89161996078033,-44.13916334621477,265.51819832894415,-128.13893063621683,-146.8420643255964
11245,fineweb-edu-sample,3,222,254.1158994382566,3343.6785089356426,56.35145685056822,-84.11426604965207,-256.9015456453587,9.421908969868761,290.58038605120714,-107.0626018743853,-136.42011954095597
11245,wikimedia-en,0,357,104.03611879322041,4704.536331627872,381.0361666500406,-121.44969260816256,-168.19502958336278,10.216790040482906,-22.518121640232966,-137.2685434694416,26.797492555009505
11245,wikimedia-en,1,354,119.67673169152211,4585.010394814358,426.361330447492,-91.8276317602776,-183.65166137071054,65.43188454167094,-52.445019812696756,-144.21078487867476,33.03837220071398
11245,wikimedia-en,2,340,145.20535296271828,4697.044122832948,483.96631583981895,-86.35592113593637,-169.9564419078225,144.9932217726794,-95.17128973614597,-151.88705920978947,29.23354780144009
11245,wikimedia-en,3,216,240.22705862257214,5025.952346536646,317.4618099610754,-107.4847987077452,-63.53141892325969,158.45607409732162,36.748451982615045,-119.06998875166273,-31.933188956270428
11472,fineweb-edu-sample,0,117,147.42661826630942,-3825.1938476908326,-344.7168924845502,-11.465878068112344,108.87885612626465,84.24759255423858,-29.64338242014046,42.291226865964994,155.87578682211623
11472,fineweb-edu-sample,1,92,158.38893558668053,-3696.611888070196,-322.7271155142422,-48.17422725352708,111.0734975194746,50.27235546176362,-44.400268622699556,15.101130811497127,120.53358980584035
11472,fineweb-edu-sample,2,79,176.60106301609474,-4625.445194714218,-262.2874864041574,-38.63748049255907,181.8511286705402,66.09278710999757,18.423010960013844,48.38520693100907,139.15753534069063
11472,fineweb-edu-sample,3,29,217.10925608667833,-3658.65194950053,-271.0009956303198,-66.60212791881284,88.64696971034913,83.66176939118225,1.882059599811753,32.13663800145793,155.54655170147703
11472,wikimedia-en,0,51,147.32926372453278,-3696.4357710693753,-38.21582569763953,-74.06369326105506,309.47154104799955,89.35289355493421,-32.54009088434358,74.78406638527157,101.39889810785544
11472,wikimedia-en,1,31,158.42363812846523,-3100.9562485764463,51.347309208267596,-169.04954335008298,294.6193689050119,19.62376395110859,6.252207128642343,94.29764329492795,98.99759916442946
11472,wikimedia-en,2,21,173.8812517438616,-3190.3529053725997,55.61059262755204,-4.627561021231939,331.89823200527303,25.9754051639348,8.318284734096768,223.99956435497114,156.8612244440662
11472,wikimedia-en,3,19,208.52221197831003,-2875.1240357691363,-26.165302441000787,-144.0184464074407,239.73193122740176,61.344402866122614,-46.50570333843026,99.1197154011075,85.78260429768136
13290,fineweb-edu-sample,0,135,128.82877242476852,4045.9510076218257,-80.35151448316715,187.38766493251399,-52.93427101170226,12.128144376352724,150.10965143454138,-189.3611618309494,-224.93713984458898
13290,fineweb-edu-sample,1,118,154.33985487081236,4522.398656938438,-40.00783912779491,224.34936348342927,-36.373028266006926,32.49287650667252,148.09414432569653,-182.15259696038785,-252.22683840389467
13290,fineweb-edu-sample,2,104,213.44686596210187,4160.123238515707,5.851780101251478,256.5457805143659,-16.725081888156947,7.903027855242756,207.57666220383732,-206.10427921809216,-245.846869774011
13290,fineweb-edu-sample,3,69,489.9096224135247,4999.825894309498,80.9376789288598,282.7967723616994,-81.48629768306736,-0.8203307707293798,311.04302589464635,-245.6327754413402,-275.69329738942287
13290,wikimedia-en,0,249,129.3027570180625,6208.389835726764,245.02711066327691,257.49651697033005,17.23061080812869,114.58910001650541,99.58101094487287,-240.3956056616671,-147.96383733759058
13290,wikimedia-en,1,238,154.91522165506828,5391.385678924558,291.3368256058632,257.54344357138433,58.10286097575744,94.65094795530965,146.63621421118563,-277.22651180808685,-131.50700317218508
13290,wikimedia-en,2,194,209.68963984853212,5379.382535077856,291.84223687887834,269.84130821144834,16.7941577521961,106.12865149400322,202.36036441486115,-315.5560664231119,-122.53627814099791
13290,wikimedia-en,3,146,537.2262642220275,5073.48764452049,294.18420384163153,298.2602393762355,-6.022229574220521,85.0720109368292,251.51512423852924,-351.58813804400626,-190.79662406867544
13617,fineweb-edu-sample,0,35,157.80114528111048,4974.331747845914,8.029287150347457,53.62009115487719,69.53228445259747,-68.0112395761694,-4.359826519435856,-183.2056493903327,-228.37181535103034
13617,fineweb-edu-sample,1,30,184.76473134358724,3067.6659598902033,33.065866997864774,6.313430580123861,116.08776872655815,15.829241240975648,0.29325815968265945,-170.21336255892945,-240.59930844090374
13617,fineweb-edu-sample,2,16,222.93299293518066,1891.2130516496738,242.12401645920679,52.23393611608695,124.37065425593498,-109.6584889894678,-49.799276602952844,-211.36196859382864,-227.66090040965938
13617,fineweb-edu-sample,3,9,317.45967949761285,2412.4721087142657,164.08779115015125,121.30898415880928,1.0986431428008308,-46.791293223931554,-42.843008885934665,-84.96200348362021,-208.9239198393408
13617,wikimedia-en,0,44,156.4580386768688,9371.545347116671,-46.957943480161134,6.109433680591732,116.46930645851485,-68.44248725780626,-32.65877404866939,-147.0843125569519,-229.33811322595577
13617,wikimedia-en,1,22,180.88774455677378,5103.72513850699,161.22820054728743,50.38743359060126,112.59896270877539,-15.987804264553109,57.005379897399365,-88.71352221417568,-212.43592620311347
13617,wikimedia-en,2,13,225.08455716646634,4652.553201687904,285.29317347047623,63.31089620387635,206.96763165512945,41.32384862379903,50.15358309075756,-292.39091403103737,-215.8765834848089
13617,wikimedia-en,3,6,454.51964314778644,-493.46918064169364,641.0030323571017,6.9000308521046305,146.85341593163358,-30.41812887985222,122.09872254834686,-340.07214901114963,-363.77884968564416
15592,fineweb-edu-sample,0,49,122.11232850989516,-2373.479773020694,-423.5056423923527,144.8934092581237,88.38793485216266,60.432005218695394,-72.33968908420519,-120.12614148135546,50.59233958976164
15592,fineweb-edu-sample,1,48,135.1616096496582,-2874.687169114255,-387.9927731753616,172.04488546716968,94.18505569503878,71.63114227418372,-46.46049395013435,-145.30712932977994,-8.510511296537013
15592,fineweb-edu-sample,2,23,157.48433585788894,-3043.229946135136,-305.1387850974555,154.4575107770238,56.9676305039669,-20.85167008566392,-119.30356996484409,-131.75321323322387,-34.61314034090814
15592,fineweb-edu-sample,3,7,213.63939121791296,-1866.1736472301352,-419.0888661708295,171.22049190861202,134.0004932467877,167.7638867804321,70.71374726322854,-156.3861711711037,69.45496561034656
15592,wikimedia-en,0,75,120.34748301188151,20.363455998616516,288.7083127612901,101.28947057801595,155.54813317503823,305.1165346721539,-57.89221229613752,-87.15885089492856,16.323341592464338
15592,wikimedia-en,1,68,136.49888655718635,45.233178979807796,298.31756157775993,87.35934465646997,126.80831969336292,275.6660316185599,-119.99757455824206,-86.80214753063504,12.829383661012505
15592,wikimedia-en,2,40,160.651452255249,897.1879186647691,201.96502149330846,59.121110102172324,108.93862742322456,234.1863471926336,-47.27397675196793,-224.9993565600824,16.916587237644798
15592,wikimedia-en,3,42,238.6191664196196,2574.860602300146,167.72122137571765,197.955389498348,153.24542335512913,228.82726113630565,-0.3956338554934972,-241.4056010250368,18.508396300340603
16634,fineweb-edu-sample,0,320,109.16148571968078,-1085.4633299081015,-217.1794223907153,0.49029074516715293,-9.507932015947768,43.684365322150825,178.34508636680562,47.74109213023216,-18.189486678606947
16634,fineweb-edu-sample,1,301,122.4624254347082,-1174.338656094698,-222.75916616853002,9.43614396032619,-28.244655287337824,73.23313572518823,164.48452182861587,50.65418877740666,-33.21436371683099
16634,fineweb-edu-sample,2,257,146.98604503587063,-2184.295310189114,-179.34554510111516,-12.007665040283037,16.92791746313512,105.82510349024011,213.17441817386901,58.45587391309325,-57.493089060603715
16634,fineweb-edu-sample,3,241,252.9182378365291,-3304.3851185782282,-154.8837158182626,-50.09096106613363,-6.79392849342739,112.35000291299413,260.4513343135076,71.82272960382618,-66.57708975572903
16634,wikimedia-en,0,288,109.14954580201044,2339.2976448406653,160.44927951751254,-87.12103880165593,116.31961351780618,-5.312698690310666,93.84195500071391,23.225151787726375,68.09513540359734
16634,wikimedia-en,1,261,122.16536692184506,777.3951077471182,218.2945699515402,-33.76005402529732,113.16224750826082,35.882939910279575,94.71526418176039,24.573026759281472,45.00778749345795
16634,wikimedia-en,2,235,147.8164839724277,-307.817309020599,210.0341800704048,-50.81486848222484,136.0847886096289,52.41561672274998,172.30182944969187,16.78322371561748,41.87441034303513
16634,wikimedia-en,3,148,247.03769147718276,-1810.7317379633594,227.76669081299514,-47.6690449699115,243.37727851733695,133.0589816444193,190.41660596166392,-26.819405699492453,-48.027310128877176
18791,fineweb-edu-sample,0,663,86.703844602651,-2095.2770091196244,-239.99277937292962,-105.63386116624535,-51.35162494444124,30.415415608362746,75.62982354276701,25.731024717127735,-31.98387558417264
18791,fineweb-edu-sample,1,689,97.54719171399475,-1953.6765477541294,-233.48008607312786,-90.51560529196978,-46.860104522576144,18.106223889145387,64.61242726698539,22.91528302375389,-34.96966810879988
18791,fineweb-edu-sample,2,690,115.64929800724637,-2174.0720805267015,-236.89014601131262,-75.54555496859915,-52.66265897237188,23.56481240270157,68.71861228139949,30.061412308033944,-19.968306593550228
18791,fineweb-edu-sample,3,714,168.75067288267846,-2493.4436554556537,-221.58877657242778,-51.39254842662574,-36.14023257578196,4.223812995587695,57.612362189225436,2.6275702278233566,-13.40415510031207
18791,wikimedia-en,0,649,86.48581155973883,1647.5467166127817,192.76448831197627,-169.55671903960373,96.64757352922493,22.574084198533708,7.686177693769966,63.30976470239738,-9.787343691462514
18791,wikimedia-en,1,553,97.47408086352495,1311.5422217151988,191.53614515945608,-134.77996763198146,111.88273844011026,27.22560830332027,-25.30694335671346,43.8348482248717,-6.034131019266779
18791,wikimedia-en,2,566,115.29993748749102,866.9191554735089,185.08751547919218,-146.62750141406417,120.12911676857712,17.091312694064754,-18.75122915591496,40.956501808101656,-17.351901856099396
18791,wikimedia-en,3,451,164.8284569717035,-223.5250245548767,203.58504078154047,-103.35742209160325,129.6990759780562,75.88833759482468,-2.6902829767174183,23.22054504855349,-35.8497476221614
19452,fineweb-edu-sample,0,273,186.2867673098386,-9357.22796092849,-32.73171605818612,-145.2476995515888,-165.84474169228494,-19.57354976974841,124.34470713462515,45.114164029415484,-184.9965309303806
19452,fineweb-edu-sample,1,212,208.02346053213444,-9530.000508669638,-27.099806206641112,-112.96919536799636,-145.12973415505797,-33.56137894320325,111.42286901614227,33.623443288657334,-182.15052045999468
19452,fineweb-edu-sample,2,219,239.56125198433932,-10015.036671783246,-15.007575875869751,-136.12485136664554,-196.8054751205487,-42.97528800373925,82.70008362531811,15.18895599445423,-198.15727579451934
19452,fineweb-edu-sample,3,218,312.17994395964735,-10153.992701954101,29.51580679912078,-92.13703334538778,-183.05789131912556,-67.68808005888636,101.37622882584822,31.09004134285281,-205.76944160126502
19452,wikimedia-en,0,112,186.23193141392298,-8895.926948315868,499.33369967462664,-99.51587718202654,96.7226389357512,-35.60846328010439,-32.278459712604715,-2.173576763036622,-191.66717906335995
19452,wikimedia-en,1,110,208.73130548650568,-9055.962717085797,431.7380173067871,-122.5105848851516,100.66841143383922,-9.16762682011826,15.343629557942995,-6.3261499563861,-172.08905174355988
19452,wikimedia-en,2,137,240.8682567290146,-9510.384758432676,454.48569203384574,-126.11960069270657,93.02572509893287,-56.15363411563422,-31.139387819680802,-25.50342725770104,-176.50532614873967
19452,wikimedia-en,3,129,310.32809377271076,-10135.53424927435,500.9075253647475,-84.27299563050218,86.8504232813851,-60.97210556480666,-3.3168056287620016,-6.629374757265176,-175.39437934236983
19677,fineweb-edu-sample,0,99,138.1569728658657,-1792.0922051574653,-293.42928891782503,-314.23656309642905,-58.930101373950116,-73.83457890478734,17.941113261140973,16.88617027421624,88.86066728526558
19677,fineweb-edu-sample,1,95,143.70522203947368,-2597.50249555789,-292.6569021479676,-342.6874400615461,-38.294815514664755,-85.29083824910023,-0.3955733022510063,-5.732678534710334,70.06895871382494
19677,fineweb-edu-sample,2,121,152.52123569456998,-2573.2446260010624,-301.92688904051977,-305.2455667690065,-61.11980923467385,-43.83286126780872,8.596663737338258,-29.6688015009065,26.65095283159805
19677,fineweb-edu-sample,3,94,171.24009818219125,-3337.1816605046934,-283.54005932270974,-375.3901229412828,-125.6757523544104,-48.56025562039972,37.988645721211796,6.940014294262803,61.94207454447588
19677,wikimedia-en,0,86,138.32748750198718,817.9125234216086,281.6183633842978,-230.03026759618888,18.203301558620385,-59.99838427551711,-134.5548662388812,5.798229218730027,52.966161472867526
19677,wikimedia-en,1,98,143.5951871288066,487.1401835980418,306.00477036488934,-319.5008169365847,27.01126901594436,-10.192049629268599,-93.83111512238946,-8.117692234578147,46.52803020550146
19677,wikimedia-en,2,91,152.84313327663548,253.82654634901124,306.0508343623286,-298.82168658110373,59.0752786778853,-9.546010358678163,-90.46992108378242,31.492332033495035,70.33657361681158
19677,wikimedia-en,3,89,170.33906315149886,2314.2399408383276,281.78706429145336,-296.4416085775631,51.511157489355384,109.1868629209468,-173.82689894601393,64.54541305973075,7.334161310370519
20053,fineweb-edu-sample,0,116,131.79367867831527,-2247.6820519828307,-390.6989595110967,-218.30100795604693,70.58972571424847,-129.27678399305955,-194.12311321598773,-86.44835777998252,-73.131110093423
20053,fineweb-edu-sample,1,101,150.99018648355315,-1810.7195908957856,-450.67671881462354,-271.4144797532409,57.64477883997346,-119.33620548814905,-222.55675616518067,-15.631774558220052,-43.35758262201586
20053,fineweb-edu-sample,2,53,181.1264311592534,-2395.2001257193233,-428.2257366519324,-260.3650830698507,100.68594199379902,-98.54569940293044,-233.90901536905363,-65.30328752996905,-67.02022537621403
20053,fineweb-edu-sample,3,24,271.8405106862386,-2246.8564648283814,-417.54997399821826,-262.5846868140373,119.6816310268023,-110.90404182162978,-203.30118849338712,-4.639741132841034,-71.8100095786327
20053,wikimedia-en,0,64,131.49443340301514,338.2883164423653,73.00254241365627,-193.23740700740328,114.74518859891754,9.09366943559316,-405.5333136679957,84.15213182373299,-206.462431753992
20053,wikimedia-en,1,47,150.76398159595246,-139.15651660102967,79.7914367151004,-149.61036846605657,96.722189956919,-24.027379632003722,-325.24548878253796,54.31204548798953,-237.25291843884114
20053,wikimedia-en,2,24,179.03143692016602,-602.4709977698618,67.16085250816768,-233.8955592465903,147.5283461522586,-117.83387032006253,-333.21386748470303,-95.82741942348453,-102.25301937005975
20053,wikimedia-en,3,8,275.0099239349365,-1007.9348932660973,67.43030947111717,-468.556055017169,96.0388122685599,-157.40930204612076,-329.12780233447006,61.76178789906362,-350.75873385048754
20166,fineweb-edu-sample,0,187,111.107613140249,-1817.5027695303334,-438.6594766190717,-73.85811747533918,112.61426887117076,-16.937586992774662,-5.037640666778695,27.240670297962264,91.03963381864305
20166,fineweb-edu-sample,1,139,119.42161099001657,-1776.5358861479788,-451.91870693474266,-102.22260315942324,87.403117648467,-80.22627666613351,-29.540951828308902,0.503392674424105,94.60002798553134
20166,fineweb-edu-sample,2,112,131.8345170702253,-1532.8639557596032,-474.23795333715543,-93.84949950753024,105.10385937084104,-55.700298844141386,-13.135543362849587,86.99133949965123,107.3752068764163
20166,fineweb-edu-sample,3,45,160.7558390299479,-2239.6605610429538,-480.305876672936,-3.705154656301756,97.35109884245743,12.978486071791728,-1.396616674408704,67.52907216791967,105.59130274969262
20166,wikimedia-en,0,66,111.43444789539684,-871.7974482739261,-134.89864785418408,-3.4857272248367197,312.7992509414777,-19.773102369702162,-52.699433709855114,69.76147428689141,181.13281555356642
20166,wikimedia-en,1,47,119.56484011386303,-1192.1142827059382,-84.57933026954181,7.786571625466657,296.91801647884586,-58.433720653312,-14.24342352998459,84.26111197763048,179.33642707147982
20166,wikimedia-en,2,34,131.31723246854895,-1372.5276378829108,-187.32122032148484,66.91381677505053,235.6239137643033,-39.32850251124998,-49.48975599249976,24.210975444788893,258.4671538332384
20166,wikimedia-en,3,18,152.79908752441406,-1965.4888271730351,-128.69622214685575,41.61787290870981,301.3153716354703,-44.06574629307151,-57.02291211184862,115.98201636899972,147.0325486128307
20532,fineweb-edu-sample,0,46,73.10102578868036,1470.0035100788493,-131.0120120833657,-44.708942278726624,-101.42579820012597,-41.874091345879926,94.04140845622457,-80.2518758459704,-40.46031457631662
20532,fineweb-edu-sample,1,41,78.64969802484279,661.0788769008091,-193.38938758715236,-3.9380734982713577,-74.89639306345865,-56.587080118704684,62.64669185896528,-26.471153838278557,-13.40035351018609
20532,fineweb-edu-sample,2,30,87.71467157999675,816.478961366684,-77.53104119546032,-106.84029016178108,-128.6980253122231,-101.23589163613647,18.90847462508492,-82.81671879253331,-70.4325586938868
20532,fineweb-edu-sample,3,43,107.72048063056414,218.0797057420614,-152.52992158517935,-20.027112582845454,-134.6233669316749,-18.883519742717088,18.261452929116253,-87.345148793237,-61.084974004103216
20532,wikimedia-en,0,78,73.24469708173703,5769.799401867546,105.64210640439957,-59.55645934289909,17.12715547065458,-40.89826528758599,-46.895055727837736,-113.00582622764938,-130.62020892781268
20532,wikimedia-en,1,62,78.8998292492282,5723.065292082881,127.2925721894912,-154.96685580669913,116.07397096982166,-22.35810613384393,-1.544704059072094,-84.4713008194696,-72.32698046772292
20532,wikimedia-en,2,90,88.23806779649523,4882.235069171151,114.2340432744935,-72.7344261143245,51.50810593110313,30.667026606894368,-55.99175695100933,-141.15386566623977,-99.59668484066457
20532,wikimedia-en,3,75,107.57004150390625,3462.3354195390484,161.2033885626429,-105.60815633115796,102.1720801769899,53.72402599302249,-42.21647022140434,-162.53771696719767,-136.00025663278103
20644,fineweb-edu-sample,0,287,124.04603986042302,556.1068404869521,-1.6651560179242089,106.56918887176323,-231.49141809530187,-127.31519437478352,245.62484294441677,57.68286763185341,-75.53843961711512
20644,fineweb-edu-sample,1,265,134.67496884903818,229.1994200580582,39.30842586049797,95.59142144904524,-260.73967033123796,-141.7056672177827,265.5009093970749,74.24984164610302,-90.33571138673057
20644,fineweb-edu-sample,2,190,151.68121048776726,-8.260390396832554,56.860429394706436,84.87770635739608,-230.22515551873317,-137.76897953142546,265.02599172411095,64.56124383421654,-71.35501575344162
20644,fineweb-edu-sample,3,145,193.17770817197604,-679.9876110403644,129.2876255290554,116.38667731395017,-273.5341845929186,-161.15890493827044,298.6971175315479,70.72203358266542,-38.32043710797281
20644,wikimedia-en,0,242,123.94148437247789,2157.119826176125,252.98482129351967,75.51049206061317,37.751515587772474,-104.69479734930175,84.47284760275151,29.2240372941013,66.15381572701331
20644,wikimedia-en,1,217,135.08682461927563,2333.4250033815233,252.19911487314522,75.03302066107727,31.039446638751663,-91.23011291164417,99.59397625284777,13.775032904596465,72.08761230868602
20644,wikimedia-en,2,138,152.66252445829087,388.0711462835232,346.34191984614637,87.32858894056655,23.881490708189002,-95.37412543533468,114.95157613380191,27.344864501551164,85.90097522481145
20644,wikimedia-en,3,83,193.3747913406556,-358.7899585460343,398.6059155154089,10.335959346024392,5.228719731930564,-103.00453299123463,89.10581297775039,33.53010645490336,96.2615309791874
20647,fineweb-edu-sample,0,350,131.19073612758092,-2432.4043447736626,-342.2282210808785,-87.43833054542046,77.2968325298667,-71.77207272582838,-25.06082079281605,-16.606005552050938,17.882415133700484
20647,fineweb-edu-sample,1,290,142.32597540493668,-2796.651093965059,-387.78888512048104,-87.50809948921507,57.65551725617395,-65.03226090737621,-68.0313029548897,-31.216125506739136,11.528762860448808
20647,fineweb-edu-sample,2,240,162.65074704488117,-2663.1281929184315,-408.7113381314806,-60.25389022499357,97.69453228235064,-44.51959084872739,-64.48116532685818,-64.91136009006415,35.89182088430786
20647,fineweb-edu-sample,3,185,228.02433150007917,-3135.6354887714892,-487.126686013407,-103.57930626164436,66.27827342643313,-25.075936204514658,-82.93853740886995,-81.29031386979729,32.17324872301143
20647,wikimedia-en,0,249,130.91833526733888,-325.7182230070754,104.34305954559709,-82.88332679339815,164.45417074301443,-30.169829076256963,-124.8998647278654,33.64050942674907,3.3197947874584215
20647,wikimedia-en,1,153,142.08833263122958,-1046.6558670710783,97.49602072388237,-113.54587145561831,162.43469767916633,-58.27771699052688,-93.8054551324116,62.884778014418174,-12.677615230950744
20647,wikimedia-en,2,88,162.63888359069824,-2943.3333831481864,115.19425876896342,-47.47396802148739,281.6543942262587,-19.055312580624047,-70.55237459308366,23.797445071909326,-29.26761499873586
20647,wikimedia-en,3,65,212.4119823749249,-1946.090117307021,-117.28571344545065,-10.103383306610104,277.4585476601433,-63.224997204665094,-78.6568415380752,-26.106888640492336,0.5554786323533073
21268,fineweb-edu-sample,0,410,131.33751622641958,-3598.3126867610918,-313.9220935034062,93.49589715797046,-69.36777088583948,13.188276379766313,-15.001181845264442,-41.322551941711836,-35.11409771139919
21268,fineweb-edu-sample,1,338,146.780095252765,-4023.3868624230754,-315.29999736702734,132.47716651667196,-28.69277235543845,29.00843803663699,-0.3201522404449196,-12.785746022748974,-80.5893428076259
21268,fineweb-edu-sample,2,268,172.39903025840644,-4124.033745266954,-329.1439210110508,129.84926103256424,-59.99205650970809,38.19404067849611,-2.172844985834167,-38.99588052183964,-77.27137594851264
21268,fineweb-edu-sample,3,172,253.26629008803258,-4397.533724765757,-354.1673235488752,186.02140369699967,-76.45298760481995,55.12077938353721,-21.78340269459628,-56.17943305626397,-62.108939229952135
21268,wikimedia-en,0,148,131.47735781282992,-2225.9768518241053,134.68857747545582,5.910999431880917,75.14106355698091,134.59346572596985,-192.0577563997806,53.125730670360184,-81.48856262059417
21268,wikimedia-en,1,117,147.21519065922143,-2530.2289916483974,87.24500569827542,86.33900812648979,52.93296439853774,96.07015390296714,-199.62688117463622,17.92804042231914,-54.66172046692843
21268,wikimedia-en,2,75,175.8581630452474,-2729.352416263936,93.4208133619148,84.53226199943639,38.9460972624105,141.3944137905984,-197.8575429473776,16.452779714036865,-125.70414297376772
21268,wikimedia-en,3,40,251.74205741882324,-4041.407264734799,-0.4542651273664376,197.4891319968283,135.9672949152929,122.72169873516346,-124.55770771949574,32.03898134672013,-172.81421204921477
21367,fineweb-edu-sample,0,126,149.16962396530877,1721.2336592095833,-384.7001820730837,165.30957063552535,-7.446037139954203,46.34699881464685,-53.52705042996565,101.94411515264697,-31.518661503573377
21367,fineweb-edu-sample,1,113,171.23775840016592,2100.9928694601117,-444.9718540639115,149.96931116537598,-32.32574270248517,52.96278023868391,-32.440349250496126,130.1864592509099,-21.24490652280023
21367,fineweb-edu-sample,2,118,201.582123578605,1126.621063617069,-431.9484181054873,158.53763897687057,6.266255518222007,53.82803699234953,-40.57948418610534,138.55416796269728,-29.340798842647636
21367,fineweb-edu-sample,3,119,275.06720509248623,2045.4288793299115,-401.4974181120535,153.6385873383447,-30.245680231691214,68.0235451155227,-36.77555809751399,180.80177755468654,-44.99958379754984
21367,wikimedia-en,0,75,148.3070332845052,3199.390955206556,-98.12582449788447,156.3406187560888,111.78540300359727,77.81141772285767,-83.42150936962884,116.45038983203075,-27.578276161611434
21367,wikimedia-en,1,82,170.06483012873952,2448.345908727046,-117.84217617427974,150.30416045385493,123.90483792246138,37.11918203679279,-144.8616943909735,145.78204666535922,-9.13756656253377
21367,wikimedia-en,2,77,201.79969807414267,3632.5328077882286,-161.92890112179717,152.80010981175957,68.88299906972726,108.52915205485414,-146.60137978215545,167.05515456106912,-69.52561544362227
21367,wikimedia-en,3,55,272.1933554909446,3404.0214608943847,-140.58722473544904,184.550764385376,79.08623137960043,89.07272811222693,-84.57304102555692,124.2374724754426,-74.75429372075966
21836,fineweb-edu-sample,0,129,139.73904726486796,-2544.1588695648165,-268.61870021499783,-90.76079262318763,236.30753967941723,112.29108748213872,18.958108509125932,-71.38243121263288,57.40320575836665
21836,fineweb-edu-sample,1,85,163.58444698558134,-2734.5227736059205,-273.2489991421729,-108.08877740227746,275.62466240090225,101.76810158050624,13.088871899612663,-105.93140256850339,70.99487127309925
21836,fineweb-edu-sample,2,45,208.57996080186632,-2696.584504334301,-215.5000687613513,-81.2443761564091,339.05761524351936,191.22175115654517,43.00662693139065,-162.57592262307563,33.37121786758841
21836,fineweb-edu-sample,3,24,371.4252052307129,-2587.435043116374,-199.9505251299718,96.57284826115621,294.75222710318536,119.99935892683116,-6.550348984240184,-110.01116189638411,-37.076374435876595
21836,wikimedia-en,0,99,140.81632348262903,-3459.5044338775733,236.47437628217233,13.375888046130502,420.2816471837844,93.17206378076506,18.64768198096227,-192.40836021555845,139.58742331715467
21836,wikimedia-en,1,70,166.8281254359654,-3186.9101594248455,177.7009418563332,50.87343507716131,528.3195523579088,100.87363315191283,3.777296642686523,-190.6446766926524,122.1825683322718
21836,wikimedia-en,2,59,210.44247048588122,-4208.670614332418,228.41806365146158,59.896174376292485,544.3243027542362,14.912807598231085,-25.78048760465347,-229.42420453018946,144.84291010106173
21836,wikimedia-en,3,23,407.3987254267154,-200.5609239768369,80.47320365488234,131.8793986704413,470.94599846825446,37.89608859980638,-89.56041582371714,-265.20907872301143,119.68212055608222
24107,fineweb-edu-sample,0,652,127.62904277169632,-2782.253154276146,-238.5509825307177,-223.01918129150616,22.808468129579538,-23.355494994923205,-17.909647198232747,23.51924733765547,-25.964144857280324
24107,fineweb-edu-sample,1,681,142.81187978960168,-3170.984081083921,-237.83289501864425,-235.7675773964189,-16.075488381153207,-29.014295904230913,-24.423526076029894,14.419686672724927,-18.769632678224283
24107,fineweb-edu-sample,2,658,167.87568977611042,-2861.380788402544,-273.9299610777952,-249.0133304335887,6.882261128424357,-12.363995266734486,-41.40442016781415,20.391138835739092,-10.595297864070925
24107,fineweb-edu-sample,3,683,231.1949563200966,-2893.5568399901913,-284.51622216367065,-274.3709602195252,16.058844751577467,-25.43870435059028,-50.64492786209442,47.97182445403566,0.9109818745416716
24107,wikimedia-en,0,595,127.24982911438501,-963.4062730543346,342.5425332189043,-197.09988221882233,114.20444209877645,74.33088060903485,-117.3872961360406,32.47353803762301,-42.70860579898354
24107,wikimedia-en,1,595,143.02912754090895,-1137.0742564792772,364.2866819157017,-219.47541177836126,132.8113902941772,49.932849858715215,-108.07954004859847,35.13591171658721,-49.66487164666644
24107,wikimedia-en,2,562,167.36689500367515,-601.8655161887841,330.47351562167466,-205.15536191377183,109.26562247616056,66.20957333655507,-150.42256451500984,74.83820749224215,-39.18710440016682
24107,wikimedia-en,3,567,230.15476029007525,-1518.8218197768797,314.8035198407285,-241.26187578712634,161.1090291298305,20.908887779381832,-96.09432616828641,79.41983795659665,-27.253917544205787
24120,fineweb-edu-sample,0,160,142.3661714553833,-2473.4442820665095,-0.5985512717333549,356.2489811863403,-491.1952150485662,-205.7955822516476,56.190304747289346,116.66371434705619,-128.39385233652828
24120,fineweb-edu-sample,1,131,187.55784828244273,-2348.486607951564,23.949836154813855,355.75511573555536,-534.5976814567651,-214.24805325619027,110.68180495536245,107.36928573353613,-117.08558187957509
24120,fineweb-edu-sample,2,130,260.2479276216947,-2383.468178187098,49.2211876717814,366.1753235512478,-575.6208175007289,-221.87709189425763,123.10413837866567,128.44273091459772,-124.2139605447721
24120,fineweb-edu-sample,3,151,471.6956609258589,-2678.9132850345322,35.75559997294416,387.74413573094904,-573.5677496236098,-194.56862784650122,151.86837718632285,163.4267827381874,-181.6703045086355
24120,wikimedia-en,0,18,144.4943593343099,-2369.6536180519406,354.289434951447,343.29668714241416,-384.91118731434443,-149.07658526961313,-208.3905871936886,60.111217952027715,-95.63284819707363
24120,wikimedia-en,1,15,184.45244547526042,-1570.4173199755533,266.5803853082292,381.2148817135662,-453.4925347322813,-179.6138466798711,-190.03694318024128,130.7329612650208,-187.615434554602
24120,wikimedia-en,2,10,259.94733276367185,-1994.2670652495606,242.1771842170847,349.1917728568932,-541.8256100723739,-265.3057670340544,-299.2473867637115,141.59768801509702,-191.34920232275095
24120,wikimedia-en,3,7,368.99979073660717,-1860.163331420644,153.12487396649388,360.0337186108521,-481.3523988120698,-73.62168231119719,-86.08571944089309,130.35978644791766,-115.31870611568995
24180,fineweb-edu-sample,0,90,124.8849973042806,-2906.0019498105607,-330.5203265652229,159.07268943937837,-48.2043823369214,67.02984336713185,96.58941889338827,-92.5086892536526,54.69834514182314
24180,fineweb-edu-sample,1,88,136.62664413452148,-3089.068446257946,-328.8830192406684,197.39181786028865,-85.92332604090063,43.48466612908905,109.14071164749829,-113.93899598871425,14.163445236810018
24180,fineweb-edu-sample,2,62,159.45599562121976,-3096.140472087984,-294.5047460138749,235.42227721036133,-101.06105763708783,-12.691903902332797,74.9456583580456,-141.65819830493479,21.021840975048185
24180,fineweb-edu-sample,3,50,255.75816802978517,-3942.251535099116,-243.44690697820025,275.71919265542067,-160.9822260316373,50.14893469399336,153.54133444596906,-154.0720071696415,44.62552481364091
24180,wikimedia-en,0,16,124.37856197357178,-2694.2438234474653,-60.703185005178376,-34.79051934330881,141.76771215284043,53.76609674808594,99.98193070320045,-126.39952745305068,24.685089304860316
24180,wikimedia-en,1,6,134.91226959228516,1256.8574399443728,-208.35754063459544,-41.46116723063554,95.9735372528761,-8.458097447344604,18.248062217393894,-90.98034202359594,126.11492535480589
24180,wikimedia-en,2,5,153.40917053222657,2517.3419156603386,-252.27133892172978,91.89816585052415,285.5118026885751,206.3023933057973,188.50619681065223,-94.18342945412034,148.31201351667028
24180,wikimedia-en,3,2,388.32484436035156,5977.390857746048,-10.607789175908199,-63.284321162403934,-220.49859039093096,-65.0994810730817,255.83342088118928,-347.1780637786313,221.51645572077297
24553,fineweb-edu-sample,0,51,104.14690922755821,419.85830258456826,-190.39766285648543,-189.904889479881,95.16595894866478,124.12997871284313,18.962947909899963,-150.42545158535023,-98.19182406006438
24553,fineweb-edu-sample,1,41,123.74652490383241,-617.2787858301956,-140.85025265257315,-170.8036433427589,-40.3875222084936,141.77954124192595,47.796166967473354,-116.95721276008891,-146.40077107975165
24553,fineweb-edu-sample,2,36,155.368044535319,-1761.494360394145,-93.34144176249737,-248.1439756637019,75.31168059534217,193.5004003245171,75.64051619060363,-156.5943730754046,-21.072378454089563
24553,fineweb-edu-sample,3,4,257.51205825805664,-1217.5722728857058,-44.99532903336868,-284.19371861749715,146.58102485343866,268.12865917469946,-29.477624028506355,-221.72102505522162,-108.5230430612092
24553,wikimedia-en,0,182,105.06840213314517,5308.6770511472105,234.06821609200816,-131.19371144648605,37.224914854874555,227.19484823925106,-114.80678033295014,-91.10937704991423,117.9816303614461
24553,wikimedia-en,1,166,123.64822134914168,3573.9514160238114,270.4952930404299,-142.93354124787467,1.4509329545533205,257.5116468506361,-114.2097043122506,-73.03936015391854,153.76194069706037
24553,wikimedia-en,2,107,168.10634534604083,401.3337599416304,441.28679680616693,-192.5803180727552,49.58275207473816,443.1560977351157,-136.0227601392738,-98.57947302823534,85.63821639502781
24553,wikimedia-en,3,50,372.10151245117186,228.3272076643151,338.69263197374204,-171.22277278075467,46.559301877699575,380.3787242408378,-182.1254180759211,-281.72243978982107,121.68247491211928
28448,fineweb-edu-sample,0,61,127.25464042288358,104.38526271341757,58.54441119111045,-356.54750438957694,-149.37059946678406,-207.9153704725168,203.36117041808077,106.46100451008799,-17.8552329282604
28448,fineweb-edu-sample,1,35,140.007859148298,549.3630730093993,184.5732510482362,-321.20591288066174,-112.69766252920157,-243.6680900695451,220.84335183596622,75.7396154945754,25.487707531456767
28448,fineweb-edu-sample,2,24,154.73397509256998,745.0500213214892,286.5610845051082,-422.915799858536,-192.8652823761098,-297.5173550553348,279.9436768395789,69.3290764491587,19.11666071631075
28448,fineweb-edu-sample,3,17,212.0557071461397,-220.13299962180238,259.02507527547624,-353.85189314303426,-271.25261010322686,-224.40983275789054,351.29697263114446,38.450132483798626,-1.138342261932153
28448,wikimedia-en,0,179,127.17529706049231,3139.588663785467,497.8204235494607,-281.9428804151607,-41.29843794876695,-60.37646218507046,42.818578793906255,22.03625670535441,127.45783989510235
28448,wikimedia-en,1,145,138.4969673945986,3008.1443885180306,484.7028896361279,-322.6663913004396,-58.949278740548685,-70.38287431873998,36.67473975137335,27.960727295303602,69.66701711127232
28448,wikimedia-en,2,112,155.94995185307093,3025.7574586560004,515.1479243839337,-317.78285789777436,-88.69681647224353,-55.00605357474141,52.80591306015721,30.317617681899016,125.55780193716173
28448,wikimedia-en,3,63,193.5660935659257,2778.145448959996,513.2761372315031,-388.8708425453144,-86.95131361892774,-135.52543450658095,76.02482953999836,18.475080317248178,89.93390562569986
30162,fineweb-edu-sample,0,334,138.8079329622006,-2934.5190143190293,-333.00056956834135,33.79472896466173,-14.270328967835768,-18.163151734595164,-72.26600800213299,20.764404851636208,16.82934933515892
30162,fineweb-edu-sample,1,320,152.32925562858583,-2889.231399327885,-327.6419168161911,27.295370465346213,13.506355529813401,-38.636097611114934,-107.47726473331902,25.79056632918534,8.420467190793634
30162,fineweb-edu-sample,2,262,175.48108975941898,-3546.4366864953554,-348.584629913894,74.80561222305687,-6.503657514025744,6.793552197421998,-105.6578880150854,54.084229128919084,-22.56048656814654
30162,fineweb-edu-sample,3,120,240.26829668680827,-3717.330527124642,-350.72975468531524,-8.186335583320895,-8.49560985194295,48.65454821680721,-111.55291660641251,64.08668745446333,-13.203327317054766
30162,wikimedia-en,0,201,139.0514665290491,78.04481195314705,164.12782464697815,27.960146314064758,75.05390226268295,103.37854322544905,-253.78990794811733,88.11077179084305,49.98440318931938
30162,wikimedia-en,1,150,151.911828511556,-1501.6251463853785,59.40235348842919,49.10689785110654,93.70566237312858,39.702366402499415,-196.21209450346038,65.2510526385941,-32.67406109986719
30162,wikimedia-en,2,117,174.19218001406418,-2984.125240859881,27.747813571683533,18.401025074706844,77.62384834822448,5.995965707324149,-204.41896522600845,76.68105570991185,-94.7379151927972
30162,wikimedia-en,3,62,234.8864278485698,-3186.341465829579,17.915158413907314,-22.516910276010467,45.11256571123439,34.484030138528624,-274.5741490284119,52.66924313876607,-170.0922939519734
31578,fineweb-edu-sample,0,42,147.93526095435732,-3524.548200899928,-244.8965652476579,-39.90763578552186,62.10078281359124,-52.348130891030365,39.95232552502133,-141.97440128016405,70.94656595392232
31578,fineweb-edu-sample,1,51,153.7279369877834,-4444.024482581772,-271.3498688507304,-103.91238788984845,63.36577744428031,-93.14626268301777,-35.379370390800915,-180.59421203085142,49.994181440604905
31578,fineweb-edu-sample,2,49,163.46165684291296,-4454.3963614821305,-285.7194102321272,-100.90941271174367,58.019506122002035,-5.926647482166473,23.65373847073553,-132.73315991827897,53.91016567922629
31578,fineweb-edu-sample,3,28,187.3877830505371,-3710.5726088770725,-226.61508864398235,-71.56525182291706,31.278462260349553,-87.94072313632314,8.74093333553731,-201.3265973383493,100.07124504965074
31578,wikimedia-en,0,38,147.9678914923417,-3386.7527345488156,242.48320071379376,40.26544563371714,300.95024031790365,-91.37083313273308,77.45761312387795,-184.00188378050024,129.75205336050212
31578,wikimedia-en,1,25,154.2151934814453,-4494.627933286573,500.1113330028266,51.049048112362314,204.64256838179358,-222.0624908406366,22.081569709838213,-245.82749234793792,81.14789472681505
31578,wikimedia-en,2,27,163.87991785120082,-4031.7536543036676,190.54420726567065,25.20351902775649,304.1695627117838,-75.94873300433483,1.2549923207068079,-214.75296238851985,76.5530779903438
31578,wikimedia-en,3,31,186.72786884923136,-4309.892473110642,444.4336780264359,21.676920774314922,260.377885474613,-157.9703609968706,21.915860161223776,-230.4987188245436,55.063265145523566
32626,fineweb-edu-sample,0,188,134.20414920563394,-1701.5847158120496,-307.37219412410394,5.248032290620963,63.26440331796871,4.609289582684052,0.06538635096225343,-33.66122091672463,-7.376724985913786
32626,fineweb-edu-sample,1,215,152.12576890102653,-1907.2184948518304,-336.3018132240822,20.760301935649277,127.98860492343188,34.20221447806837,11.434785910010008,-34.91615524191236,28.422175281111393
32626,fineweb-edu-sample,2,153,190.9008749170241,-1618.5377977590758,-333.07232726626523,45.26388535193804,107.2768869930572,51.31517246503609,18.29450865786793,-59.38351917281558,35.630688403053554
32626,fineweb-edu-sample,3,124,354.30180371192193,-1583.8942334856815,-273.0021548207808,155.0544031851831,44.00735351322219,63.396165427528366,103.106746841067,-42.764115406246965,-13.872490199252846
32626,wikimedia-en,0,96,133.33995580673218,-131.28277595385725,14.737646973564848,58.97573518697043,239.85359097020373,34.840886373350216,-144.12919133297362,39.1891673627809,-58.59305100595395
32626,wikimedia-en,1,94,152.89540765640584,-373.92216780155036,5.544195870593307,36.061130950912585,220.77666352904953,22.127365980536815,-95.15300930072932,-9.258309064294867,-38.30245924919263
32626,wikimedia-en,2,88,191.46360432017934,-724.2500446029701,-14.112512447725296,63.23559296572901,273.28484879362156,80.48884093916618,-136.08283845329643,0.5460892140654594,-65.68338154592125
32626,wikimedia-en,3,59,323.29191149695447,231.50898273074424,-65.9290829706659,79.31890672870605,233.49820540706844,122.66786477859979,-136.42586210996478,23.66916993611484,-72.8554952266574
36728,fineweb-edu-sample,0,513,115.91280797768755,1602.9419318017717,-56.567211161113285,-19.039080026290026,-162.40011103952875,-82.24479904358296,158.82640241771165,151.92376859062102,-7.947704569301847
36728,fineweb-edu-sample,1,421,132.66040057184577,2112.9560073644934,-48.21507943429485,-30.275522703962476,-183.37050356587815,-84.53556736308236,168.13501620331854,155.04398623086234,-21.392131334627585
36728,fineweb-edu-sample,2,376,159.511535725695,2487.007327637841,-24.448219948477103,-0.1487245317231796,-155.79239249018102,-104.76799911648521,214.78165322104294,197.33445816207566,-14.558353853497971
36728,fineweb-edu-sample,3,240,231.61634508768717,3071.3023157083285,8.941029877239936,-21.83796794773532,-173.0033684625745,-146.99502591905352,247.5401157578318,223.48486623876113,-42.608748449234476
36728,wikimedia-en,0,556,115.83124321313213,4569.954203365435,336.2261502678636,-66.82673261654713,-53.2210789088917,19.43282836782124,-99.7724907497793,132.96538194108837,31.203727447335467
36728,wikimedia-en,1,468,133.14430626437195,4686.906239021261,372.3027769206236,-45.81478912098964,-68.9169333006656,17.850492582297406,-117.2864606119401,130.06105584300641,34.63805341779981
36728,wikimedia-en,2,448,161.36926582881384,5021.528231169986,367.7033290468876,-28.7809587034889,-64.84606282709386,9.92333454799829,-89.24438949266218,207.1314585341824,28.39053835743723
36728,wikimedia-en,3,353,229.80631521943607,5969.818913779833,312.0188801202477,-9.992074794752625,-71.67120177084037,31.840168997375574,-94.06907737148053,241.5621621097048,-17.098611927617736
40051,fineweb-edu-sample,0,373,141.55649188248785,-3845.7805418767175,-152.5203796873872,-299.04935314366924,-74.21175576046768,42.66084589211289,64.02431489073183,-62.14799703199661,-109.14549577611903
40051,fineweb-edu-sample,1,378,152.9291758461604,-3380.6521245308454,-96.19469139586636,-264.4139180743505,-110.80262459288544,40.88670255218312,123.65396440568097,-54.03863413561605,-143.23315195315246
40051,fineweb-edu-sample,2,347,171.41314363067363,-5002.100784936797,-103.17399523810398,-308.6580984911471,-69.93856937675864,16.887283878636357,108.70680561923632,-29.537933552172397,-162.98598916481356
40051,fineweb-edu-sample,3,322,229.98116918528302,-5161.574979989991,-36.52592776523955,-292.0382080720101,-113.27343199023223,55.71275528706346,149.80213791302126,-19.584167746841388,-184.35125700617058
40051,wikimedia-en,0,378,141.7175575135246,-1003.3945487106168,446.20778136164256,-291.36297445158004,-4.387764684132263,188.49967233225658,-120.90356510453059,-58.92410313000979,-49.30903174279012
40051,wikimedia-en,1,354,153.10951573431154,-1579.0533147496444,463.87017695983457,-333.02522427662154,2.9558787671919426,141.08982509536926,-99.31559019935754,-70.28149950143047,-91.90911802844698
40051,wikimedia-en,2,315,171.7751748221261,-1840.3647349931484,475.2876050225495,-334.36429296133826,-16.7507295677936,144.4275470191294,-92.30229620159827,-118.43438582272495,-101.45851157401418
40051,wikimedia-en,3,273,222.08565233391283,-3504.858903750403,507.8791555100439,-380.65477085912437,69.8597030516581,68.48601050548231,-3.5439149698682644,-135.93526795616927,-167.36898387603753
42476,fineweb-edu-sample,0,54,96.59581417507596,-4204.250632403414,-169.17273104221937,52.616197639877456,-185.82469807138028,84.78857327564239,235.11977085527886,23.87758890314171,23.147664869219415
42476,fineweb-edu-sample,1,49,104.66373443603516,-3601.8290161028817,-103.01822345592214,-7.903185342310912,-128.94383987017306,-8.289865671994235,219.2408463898066,38.42106806971595,28.115194616073325
42476,fineweb-edu-sample,2,37,116.92831441518423,-4624.898368800707,-152.37897090170796,-35.99740533674965,-183.66587513548305,3.6667397827569075,202.58278405975568,97.71734998518981,154.3709829316244
42476,fineweb-edu-sample,3,19,153.16214792351974,-3617.21832300401,-108.31939253171176,-198.33085725849773,-134.61450492749185,46.70094273656285,215.96195244593133,-21.06955910660979,172.5312718609255
42476,wikimedia-en,0,45,96.90758887396919,-1121.5951899114027,411.052242333143,-208.00166677203003,2.254450375734775,-21.104159948716635,134.15285521281797,-8.286810546407446,202.96971938130653
42476,wikimedia-en,1,34,103.42817239200367,-1696.3965109926191,426.6226521180531,-69.88712300020524,7.732237954881066,-4.13104204454821,111.09816789819794,9.39946913590264,117.47345990172246
42476,wikimedia-en,2,27,117.07816314697266,-1375.8828086037627,297.6938113523199,-102.4110215840251,-29.55522317340686,34.139975476398774,136.10864009844755,54.1507982357316,211.39912009179184
42476,wikimedia-en,3,18,155.64976162380643,-2762.5332277731427,289.1396056155583,-111.70625324001684,132.3763284941368,94.7346891432962,174.45966111122746,-41.05217009891136,175.44873011885437
48511,fineweb-edu-sample,0,252,142.46605173746744,-3662.2404180673125,-311.87349819453567,176.50851676367583,14.281844732136218,73.02479464057951,104.38411318307563,17.055138071367992,-23.64911823863935
48511,fineweb-edu-sample,1,203,160.56083363500136,-3645.932098059619,-318.99432557650726,189.16113442984312,9.91948415695545,62.487676943414016,125.30965587217864,-28.383102635795368,17.470319826493586
48511,fineweb-edu-sample,2,196,194.40252109449736,-3947.1975191359415,-307.78480357361315,202.10706801952244,-27.49976487173659,80.367616437734,134.95386909833292,12.427943858002992,-31.351303646146565
48511,fineweb-edu-sample,3,151,306.5196063313263,-4686.889809068619,-281.07137910127904,216.08501454619247,-69.37401819930975,107.82766185236976,160.70920091324405,15.795462003043381,-11.947526695551394
48511,wikimedia-en,0,101,142.66884937852916,-2863.5052555687207,86.75842301417354,199.66414165999797,234.25358460281902,51.99064216647696,33.72017955961015,-37.61178760576341,33.93562103902587
48511,wikimedia-en,1,74,160.0477532051705,-3442.6287850658773,56.18334325262175,242.07166333413477,252.39627660865423,83.8540986899095,35.00311408073365,-27.009509040449593,43.38812942356033
48511,wikimedia-en,2,58,195.32919785072065,-3375.613228931667,103.85135524753842,179.7037977320375,212.66548738171804,86.06514620207929,41.67177971177429,10.9318580259392,6.82714456913439
48511,wikimedia-en,3,25,312.34363830566406,-4021.263784349659,37.106928341852424,272.60239988406175,224.3388011858855,51.47971007823278,74.37707158537116,-20.160266509583067,113.27963566585653
48879,fineweb-edu-sample,0,75,99.9340023803711,-1487.6088733131041,-85.34350548657333,-180.49702803194123,-103.79341073226263,-34.97545989228687,102.2391887794852,-41.24396524508618,-74.03430377249528
48879,fineweb-edu-sample,1,73,150.67731256354344,-770.352036642243,-46.013238115120096,-176.4770225188799,-26.464727721856992,-82.30788709966119,101.31487016979659,-11.640733474696901,-13.92405351446935
48879,fineweb-edu-sample,2,85,310.12962610581343,-2536.5174184668417,-89.46903313533505,-375.1053184620255,-187.874904357102,-33.033306239859215,171.4020391589359,11.37253368857472,16.9364106530366
48879,fineweb-edu-sample,3,136,494.4121836493997,-2927.159230506584,-71.84606849745221,-250.31346604242862,-334.6500479313622,-58.32419517578897,137.4161273720877,-15.418188103343251,-76.97932590121151
48879,wikimedia-en,0,129,100.82238479732543,377.73376263474114,412.15798359020374,-96.85699219810428,58.96094105187473,26.74020070028414,87.1361924866457,0.5893375091079096,-21.178923205565262
48879,wikimedia-en,1,109,149.54499452923417,1466.6660268457608,329.80367903782764,-176.95233039691428,146.84322582679002,-16.411915254397496,115.97344166331663,33.68212998720942,11.968147839266239
48879,wikimedia-en,2,68,285.4806146060719,-1131.9439891940783,296.81772024299283,-330.0499614974078,99.86299635095453,21.642625093502808,107.50087145263922,87.73351090981177,63.5969048579997
48879,wikimedia-en,3,41,499.8610035966082,-422.71403433576586,216.2861298085861,-272.77285219239354,12.07094896847164,-14.0345935725401,-12.310716512203088,40.27193343627015,-38.80211498679583
51351,fineweb-edu-sample,0,100,120.88647590637207,-2942.8934662246465,-223.00729477508125,-167.72721519839078,-71.19445823168604,-50.098345423252276,119.95938810782776,-0.45154117909438296,7.676851310773438
51351,fineweb-edu-sample,1,99,150.5217855434225,-3654.2273555180072,-206.09522564347358,-57.126611206464105,-29.472495930438615,-24.314158308577657,106.81023740882128,10.528972823247875,28.74753422318123
51351,fineweb-edu-sample,2,134,230.82785330245744,-4280.668846018047,-185.7514911896067,21.259058698083443,-33.115786339016054,45.224141488484285,151.97423597647315,2.1753948921479234,-40.437950245554305
51351,fineweb-edu-sample,3,155,372.385547859438,-4765.2945246085155,-177.3569100154856,21.640144613458503,-51.141061432176095,91.26791345778057,196.7184235069887,5.9579664940999475,-45.35935904767605
51351,wikimedia-en,0,77,121.31776230056565,2052.63676952071,88.61064251613071,-286.5985747588302,117.16718631675377,-110.4967673903698,-2.1528262420995268,27.74913089224813,108.09597842867912
51351,wikimedia-en,1,43,147.90110530409703,1335.4194934336294,104.13716596931613,-289.227648188933,74.69467979152644,-85.29417274649721,119.61986602277703,37.64044364021731,116.89050990867409
51351,wikimedia-en,2,43,216.63941352311954,1140.7964592491282,60.21821724138824,-47.017851718309984,124.45592990258908,-17.40089008126056,156.98135828126576,-79.28338980356483,139.92048667209662
51351,wikimedia-en,3,26,356.06908005934497,-1665.0672962308022,135.521862958671,6.450432941399496,245.8077906119677,-8.441264003593288,122.21440667861467,-65.85138125302426,98.30546725990699
55280,fineweb-edu-sample,0,213,137.90395043601453,-4207.350001208872,-184.2192348530942,282.3095448424089,-95.65295369013583,-5.808442505893053,53.73306727176765,-83.26484517285309,-161.30559910668788
55280,fineweb-edu-sample,1,168,155.58452642531623,-5136.6107725679885,-181.64571287184887,330.0506275716765,-153.6987995447286,-70.50703921590778,102.16928215656509,-65.64569683335027,-149.16078854650522
55280,fineweb-edu-sample,2,218,190.5621019415899,-5554.24361073152,-155.02774132328537,391.936871267205,-212.00741508397513,-84.87016504639129,144.48373411507697,-86.68157169069325,-157.30555503505553
55280,fineweb-edu-sample,3,144,298.08071994781494,-6278.821862923673,-131.4969922177162,418.9868121115955,-257.97079777943213,-102.66684671801704,192.01243208912084,-104.54728100529945,-139.47165214152503
55280,wikimedia-en,0,120,137.54924761454265,-3631.3775182123236,251.78526786174774,328.627821489323,143.09612318358725,22.28497637706481,-72.97480418444655,-69.38108571691552,-184.48218731526424
55280,wikimedia-en,1,68,155.57174278708067,-4004.391702862572,241.70146259310215,377.0607237842967,157.54709978589267,-54.038214781183456,-33.57873703143475,-105.22278174920592,-204.99908366546123
55280,wikimedia-en,2,55,188.15768793279474,-4608.467221375884,311.99592976089656,396.32495584025116,91.2606172048627,-2.053142794732347,-65.80920047703502,-73.19891516631931,-225.68919083002066
55280,wikimedia-en,3,22,269.778979214755,-6127.003984061345,264.6242816334277,442.2995350739991,79.62317784568677,-24.049668796178324,8.268464959875947,-173.33670119837524,-197.69121391982497
59930,fineweb-edu-sample,0,96,129.2994678815206,-702.7735256355041,-222.93070947073656,-100.58140728506127,-202.6031549265604,27.036067369581914,203.38458339624904,61.76881655792341,160.72117947295166
59930,fineweb-edu-sample,1,77,147.72741560502485,-2312.733999544525,-324.606483001799,-150.13911281473577,-143.69378280269567,126.4551334291754,177.4000260754264,42.949497351452344,166.3419949662875
59930,fineweb-edu-sample,2,47,182.66774506264545,-1433.0861127615474,-301.96072497930794,-172.04626430064107,-181.48431116162303,123.12555620605326,232.93702520320383,-8.096131063904075,234.36235894973274
59930,fineweb-edu-sample,3,16,321.209415435791,-2544.567358098972,-311.1792490894217,-324.7032926102145,-341.4747886335515,113.97847679723155,295.3693542430697,129.2314281619558,276.80272115475503
59930,wikimedia-en,0,53,130.50730766440338,2236.145489267429,158.2091466768427,-123.01224041589622,102.5499528529519,23.364849811416843,172.90040986814003,35.50729603421341,242.55320015643434
59930,wikimedia-en,1,33,147.62511282256156,1090.249824419514,175.0547964118445,-56.23759775197895,110.27137048649205,122.58143251481822,226.0057881032229,32.291013951521364,171.95302429551907
59930,wikimedia-en,2,23,183.9345703125,-22.274202989809293,81.33937060609874,-303.2767580797782,106.0259716233022,137.03097447084284,138.38640192036758,65.50580963090954,382.53850584237335
59930,wikimedia-en,3,10,269.4142181396484,-2666.891217504547,102.39351108022663,-499.9562709641994,107.96121010199866,240.7853862340393,238.08731953074593,8.553952543306327,367.52226795574114
62248,fineweb-edu-sample,0,340,126.02886819278493,-971.343450351169,-187.57754496228662,252.78935985531882,61.165012323453006,-0.7607425734848463,-2.1440141326356366,66.68611835805565,13.578613983128124
62248,fineweb-edu-sample,1,261,142.59581338582825,-1456.4800517491146,-130.70793631871513,264.12606548003816,102.10523661363969,3.362330679385996,17.82326999850884,62.2840172086604,3.8687838325396755
62248,fineweb-edu-sample,2,227,169.57088594814755,-1492.0898969359616,-71.43579273879688,279.9350383492864,105.1804642778516,22.68217445315029,-3.6349962867753796,100.01956280516112,-60.83531329266418
62248,fineweb-edu-sample,3,193,231.767466016384,-2887.0187731346155,-9.730291590916343,293.6073429668495,82.24391635278994,15.94260533999819,49.21905977009884,125.08666363875824,-30.209270755633348
62248,wikimedia-en,0,362,125.83991551267508,136.17073844346112,357.02100111600834,263.84947933393573,213.79497808571477,104.01634187079674,-72.80393809918411,124.05024499543488,56.80904040055703
62248,wikimedia-en,1,376,142.8682566703634,-476.1929591165629,379.3532170222739,285.83663315999394,229.01921677600393,113.75368255238433,-71.49351881996286,111.3943165349323,50.67522385182544
62248,wikimedia-en,2,353,169.91002484286474,-472.7912298448502,410.3633428895343,296.2423288118351,193.29756869171894,156.45797857928275,-105.07823398326262,106.836085522624,42.381725679978224
62248,wikimedia-en,3,297,230.49377025257456,-971.5840749287518,463.32801069781107,327.7016802599025,162.763738172816,142.43615676791387,-126.73474229849577,117.18855011425507,62.04586190717035
