feature_id,n_points,fit_status,converged,is_bimodal_candidate,gmm_random_seed,gmm_n_init,activation_population,activation_storage_mode,rank_censored,log_mean_low,log_mean_high,log_variance_low,log_variance_high,log_std_low,log_std_high,component_weight_low,component_weight_high,minimum_component_weight,mode_separation,n_iter_1,n_iter_2,bic_1,bic_2,delta_bic,bimodality_score,activation_min,activation_p50,activation_p95,activation_max,candidate_delta_bic_threshold,candidate_min_component_weight,candidate_min_separation,n_documents,discovery_variance_log1p,selected_candidate
11,1350,ok,True,True,20260908,5,analysis_activations,positive,False,4.875528279189082,5.926149220100581,0.10439932003866224,0.19053502791257695,0.3231088362126023,0.436503182018845,0.5229459137635396,0.4770540862364604,0.4770540862364604,2.735888375003932,2,4,2677.1842730332455,2525.796855062744,151.3874179705017,151.3874179705017,77.45822143554688,198.55194854736328,674.5363281249997,1285.817138671875,10.0,0.1,2.0,413,0.42117167,False
20,1251,ok,True,True,20260908,5,analysis_activations,positive,False,5.114963820812776,6.167401664437474,0.10459058814509402,0.2015419091762941,0.32340468169940584,0.44893419247846794,0.577780119055023,0.42221988094497703,0.42221988094497703,2.6900276050297505,2,4,2466.4203925120582,2291.599858313563,174.82053419849535,174.82053419849535,97.5379638671875,236.2616424560547,829.7037353515625,1508.26318359375,10.0,0.1,2.0,263,0.4160623,False
48,5739,ok,True,True,20260908,5,analysis_activations,positive,False,6.469314670682397,6.698844061178529,0.01008728468885545,0.0038064544437305067,0.10043547525080693,0.06169647026962326,0.511959510401302,0.48804048959869795,0.48804048959869795,2.7538718777367523,2,5,-6094.5465422243915,-6794.30869002526,699.7621478008687,699.7621478008687,112.77487182617188,738.8846435546875,879.0357177734375,1038.217529296875,10.0,0.1,2.0,5738,0.020187492,False
53,36450,ok,True,True,20260908,5,analysis_activations,positive,False,5.274713207269552,5.967186248326802,0.06673187990182813,0.10887990593074266,0.25832514376620047,0.32996955303594705,0.5180818406593085,0.48191815934069154,0.48191815934069154,2.3369048963916104,2,5,46010.270787037276,43593.86416650836,2416.4066205289128,2416.4066205289128,126.1165771484375,263.7176513671875,601.9415832519531,1305.3004150390625,10.0,0.1,2.0,5545,0.20677045,False
55,19585,ok,True,True,20260908,5,analysis_activations,positive,False,5.18615324532758,6.083805488632793,0.09727448355801632,0.16208624995428872,0.31188857554905136,0.4025993665597212,0.5439196306295098,0.4560803693704902,0.4560803693704902,2.492705692733473,2,4,33690.99977616034,31882.62054025782,1808.3792359025174,1808.3792359025174,106.72381591796875,254.87506103515625,746.627795410156,1556.36083984375,10.0,0.1,2.0,1920,0.32674035,False
68,2950,ok,True,True,20260908,5,analysis_activations,positive,False,4.830423025238913,5.48993519173385,0.0451288504726322,0.10733929638732546,0.21243552074131153,0.3276267638446613,0.599211688902751,0.4007883110972491,0.4007883110972491,2.388626513589149,2,5,3237.8356636841268,2797.748311590107,440.08735209401993,440.08735209401993,90.17472839355469,150.66891479492188,360.884829711914,623.3474731445312,10.0,0.1,2.0,334,0.17457822,False
72,153959,ok,True,True,20260908,5,analysis_activations,positive,False,5.027749373362566,5.756938410321746,0.06589805100697102,0.10909073232016314,0.2567061569323397,0.330288861937794,0.5311161578195489,0.468883842180451,0.468883842180451,2.465187873061241,2,4,202818.6086617311,189822.20088035392,12996.407781377173,12996.407781377173,99.082275390625,206.08981323242188,486.97041625976584,1002.8975830078125,10.0,0.1,2.0,3046,0.21855758,True
89,2402,ok,True,True,20260908,5,analysis_activations,positive,False,4.866337725264134,5.282264120330984,0.016062045252130477,0.06807740704140955,0.12673612449546687,0.2609164752203462,0.5385608940611979,0.4614391059388021,0.4614391059388021,2.0278304468058344,2,12,855.3503333610616,375.5927627236614,479.75757063740025,479.75757063740025,107.31071472167969,148.34044647216797,270.4076904296874,510.6671142578125,10.0,0.1,2.0,1073,0.08308906,False
92,1255,ok,True,True,20260908,5,analysis_activations,positive,False,4.615757669188195,5.429562853452849,0.0802194817967975,0.08159576985615107,0.2832304393895499,0.28564973281302236,0.39010874374227794,0.6098912562577219,0.39010874374227794,2.8610518172658255,2,4,1777.589196979832,1651.1222549664008,126.46694201343121,126.46694201343121,63.115936279296875,172.66836547851562,338.3491271972656,472.8560485839844,10.0,0.1,2.0,1249,0.238821,False
94,5838,ok,True,True,20260908,5,analysis_activations,positive,False,5.32043137656713,6.275253465108975,0.11281233404537953,0.16573503488639196,0.3358754740158613,0.4071056802433392,0.5451556744967476,0.45484432550325243,0.45484432550325243,2.5585147485499538,2,4,10668.03878136057,10156.414377172536,511.62440418803453,511.62440418803453,115.32546997070312,298.45013427734375,893.6279479980464,1547.1700439453125,10.0,0.1,2.0,600,0.36300743,False
100,6333,ok,True,True,20260908,5,analysis_activations,positive,False,5.038714385571099,5.540298795168883,0.024683914018459093,0.07680153820306511,0.1571111517953423,0.2771309044532297,0.5607901103519302,0.4392098896480699,0.4392098896480699,2.226676529104349,2,7,3984.6002006250696,2923.025350129521,1061.5748504955486,1061.5748504955486,120.9881591796875,180.06329345703125,358.36932373046875,690.4169921875,10.0,0.1,2.0,2410,0.109557785,False
101,46956,ok,True,True,20260908,5,analysis_activations,positive,False,4.95623180965125,5.6244814230310505,0.03932761749439993,0.12032609373832,0.19831191969823683,0.3468805179572932,0.5905892047519125,0.40941079524808754,0.40941079524808754,2.3651800373564917,2,7,52877.42662054169,43258.57202711753,9618.854593424163,9618.854593424163,104.79016876220703,169.91360473632812,420.91590881347656,1060.4534912109375,10.0,0.1,2.0,2833,0.18046586,False
104,15958,ok,True,True,20260908,5,analysis_activations,positive,False,5.272858960396896,6.266849735398829,0.13034527370950794,0.1963817033297822,0.3610336185308896,0.4431497527132134,0.5160389661869278,0.48396103381307215,0.48396103381307215,2.459262312356582,2,4,31041.195839772317,29931.55973452679,1109.6361052455286,1109.6361052455286,104.4241943359375,303.18951416015625,953.797521972656,1966.9739990234375,10.0,0.1,2.0,4372,0.4090794,False
107,53851,ok,True,True,20260908,5,analysis_activations,positive,False,5.270408538069861,6.214873249579228,0.13753136205115682,0.16045430658356957,0.37085221052483536,0.40056748068654996,0.46133435734116857,0.5386656426588314,0.46133435734116857,2.4468257644507676,2,4,99527.6538219211,96779.29565354329,2748.3581683778175,2748.3581683778175,99.6463623046875,327.0054931640625,867.3652038574219,1694.27197265625,10.0,0.1,2.0,5438,0.37155426,False
109,4881,ok,True,True,20260908,5,analysis_activations,positive,False,5.073309956259899,5.426428000375486,0.012988861989581386,0.04889624708372372,0.11396868863675402,0.2211249580751203,0.598981262735906,0.401018737264094,0.401018737264094,2.007436552607744,2,6,-85.02683318583978,-1100.5931900547002,1015.5663568688605,1015.5663568688605,133.96580505371094,173.58676147460938,294.2832336425781,538.777099609375,10.0,0.1,2.0,1192,0.05735051,False
113,11325,ok,True,True,20260908,5,analysis_activations,positive,False,4.914720176405467,5.439102306925565,0.026749233334175736,0.08793218548420946,0.16355192855535436,0.29653361611157925,0.6168786945421193,0.38312130545788065,0.38312130545788065,2.189860010394757,2,6,7681.025865717074,5320.534428231911,2360.4914374851633,2360.4914374851633,105.73385620117188,153.99264526367188,320.1903442382812,729.5310668945312,10.0,0.1,2.0,1690,0.11518664,False
117,45041,ok,True,True,20260908,5,analysis_activations,positive,False,5.0713708417416505,6.011499185023873,0.10647447797774315,0.17598114898439904,0.32630427208012946,0.41950107149374366,0.548241862936533,0.451758137063467,0.451758137063467,2.5016527648127767,2,4,81421.00784246274,77163.53734875126,4257.4704937114875,4257.4704937114875,92.3421630859375,229.244873046875,703.6348876953125,1569.31298828125,10.0,0.1,2.0,3209,0.35678333,False
118,17164,ok,True,True,20260908,5,analysis_activations,positive,False,4.841912542874356,5.20629481831279,0.012912252224832664,0.04947708935587792,0.1136320915271415,0.22243446081009552,0.6006605433857811,0.3993394566142188,0.3993394566142188,2.063084613845835,2,7,255.75194874605657,-3576.5654506330334,3832.31739937909,3832.31739937909,106.22372436523438,138.05938720703125,235.00895385742183,547.6353149414062,10.0,0.1,2.0,4055,0.059364833,False
137,26903,ok,True,True,20260908,5,analysis_activations,positive,False,5.289524896293458,6.413617333168375,0.18776526291575127,0.2036055220907624,0.43331889286731,0.4512266859248934,0.46638636988318133,0.5336136301168186,0.46638636988318133,2.541106235825463,2,4,58288.93361059615,56575.40576620685,1713.5278443892967,1713.5278443892967,91.0091552734375,367.3726806640625,1109.0190917968746,2050.030517578125,10.0,0.1,2.0,2917,0.5107019,False
155,29019,ok,True,True,20260908,5,analysis_activations,positive,False,5.178501828645311,6.0344626870814215,0.08588265268891061,0.137639484892197,0.29305742216997444,0.37099795807011793,0.5317675126816114,0.4682324873183886,0.4682324873183886,2.5604047984737064,2,4,46704.46081957288,43973.040192833934,2731.4206267389454,2731.4206267389454,109.4921875,252.89141845703125,680.9497314453124,1239.9066162109375,10.0,0.1,2.0,3636,0.29255256,False
161,96002,ok,True,True,20260908,5,analysis_activations,positive,False,5.056156720042234,5.784488845219529,0.058301645597775585,0.11475355480330607,0.24145733701375816,0.33875294065632267,0.5609964570630424,0.4390035429369577,0.4390035429369577,2.4760085310680844,2,4,124328.15911440997,113068.27571464564,11259.883399764323,11259.883399764323,105.88526916503906,202.87156677246094,499.8628875732422,1119.988525390625,10.0,0.1,2.0,2808,0.21372548,False
165,2437,ok,True,True,20260908,5,analysis_activations,positive,False,4.950310421965777,5.608844328707352,0.03609368558253666,0.17643106533808742,0.1899833823852409,0.42003698091726094,0.5971014839486511,0.40289851605134896,0.40289851605134896,2.0201721554885927,2,10,2972.0039225634728,2297.3580401131107,674.645882450362,674.645882450362,105.92449951171875,162.52536010742188,436.6820312499995,1204.2760009765625,10.0,0.1,2.0,532,0.19704269,False
168,30467,ok,True,False,20260908,5,analysis_activations,positive,False,4.940359669862176,5.21539207254632,0.006642298932021417,0.03241042705203577,0.08150030019589755,0.1800289617034875,0.6224485661545788,0.3775514338454212,0.3775514338454212,1.968217928974688,2,9,-16407.58817480276,-25400.852099160005,8993.263924357245,8993.263924357245,123.50334930419922,146.90280151367188,223.65648803710934,398.2059020996094,10.0,0.1,2.0,3594,0.034147788,False
172,974,ok,True,True,20260908,5,analysis_activations,positive,False,4.901932493754732,5.231698676589354,0.006810541857519611,0.042349062164413864,0.0825260071584686,0.2057888776499203,0.536999465518733,0.46300053448126705,0.46300053448126705,2.103376061885539,2,13,-134.1333214264843,-419.678707500129,285.54538607364475,285.54538607364475,117.78294372558594,146.43598175048828,247.29864501953114,364.7466125488281,10.0,0.1,2.0,468,0.050353106,False
175,20243,ok,True,True,20260908,5,analysis_activations,positive,False,5.330074370864679,6.294188516764215,0.12622781332993396,0.09925641676337435,0.3552855377438462,0.31504986393168677,0.4328621960019453,0.5671378039980547,0.4328621960019453,2.8713449258493897,2,4,35576.144581085035,32925.18504245012,2650.9595386349174,2650.9595386349174,109.7593994140625,380.45269775390625,828.1520263671872,1356.2132568359375,10.0,0.1,2.0,3438,0.33913556,False
184,19463,ok,True,True,20260908,5,analysis_activations,positive,False,5.306217399773701,6.507296411027195,0.22254113779471404,0.14383691254034556,0.47174266056263564,0.37925837174721083,0.38780545932845134,0.6121945406715487,0.38780545932845134,2.806220881735423,2,4,42407.60166664668,39417.35300532414,2990.248661322541,2990.248661322541,84.94873046875,474.6244812011719,1117.8370727539059,1739.5,10.0,0.1,2.0,3272,0.5168719,False
204,23027,ok,True,True,20260908,5,analysis_activations,positive,False,5.414667652488781,6.096570320014968,0.05634584050306783,0.10870451953612457,0.2373727880424962,0.3297036844442667,0.5333180909011298,0.46668190909887025,0.46668190909887025,2.3737181426373968,2,5,27902.1431148543,25741.20248313508,2160.9406317192224,2160.9406317192224,152.80747985839844,295.5428771972656,684.9674316406255,1529.62451171875,10.0,0.1,2.0,1720,0.19651742,False
213,1745,ok,True,True,20260908,5,analysis_activations,positive,False,5.055490655863205,6.0778941732819645,0.13365553987467987,0.1433997914466213,0.3655893049238173,0.3786816492076442,0.5122750219285839,0.48772497807141624,0.48772497807141624,2.7469710151739717,2,4,3366.2499412277402,3225.784418945812,140.46552228192832,140.46552228192832,79.00830078125,254.12234497070312,708.8062866210937,1317.384521484375,10.0,0.1,2.0,510,0.39980322,False
226,3362,ok,True,True,20260908,5,analysis_activations,positive,False,5.269515146521541,5.87217233622572,0.028638901113535183,0.1299252453028731,0.16923031972295977,0.36045144652625977,0.5445640945123186,0.4554359054876814,0.4554359054876814,2.140340369495723,2,10,3496.338366396399,2723.986904822032,772.351461574367,772.351461574367,146.69911193847656,229.1396713256836,561.8963012695309,1234.1796875,10.0,0.1,2.0,405,0.16489457,False
227,17388,ok,True,True,20260908,5,analysis_activations,positive,False,5.0796585718026765,5.793837228348195,0.05782532765000039,0.14815014676140406,0.24046897440210532,0.38490277572577214,0.5839839300670947,0.41601606993290535,0.41601606993290535,2.225430874558292,2,5,22982.747150999938,20564.356484836793,2418.3906661631445,2418.3906661631445,110.09320068359375,199.18536376953125,518.4300842285155,1356.023681640625,10.0,0.1,2.0,3820,0.21932799,False
236,3498,ok,True,False,20260908,5,analysis_activations,positive,False,4.911550770208224,5.597956405720931,0.042699568914846504,0.19451818129782117,0.2066387401114479,0.44104215365180366,0.628920364725301,0.3710796352746989,0.3710796352746989,1.9930685995448936,2,7,4467.250002371704,3511.5680207847063,955.6819815869976,955.6819815869976,98.84024047851562,154.67027282714844,437.777569580078,1000.9243774414062,10.0,0.1,2.0,1031,0.20905215,False
238,23719,ok,True,True,20260908,5,analysis_activations,positive,False,5.289966049011925,6.572844793834758,0.18303505383427765,0.2288947716493702,0.4278259620853761,0.4784294845109049,0.5045488035586394,0.49545119644136065,0.49545119644136065,2.8267603341375884,2,4,55884.54496911876,53208.86448096072,2675.680488158039,2675.680488158039,96.202392578125,364.9141845703125,1352.526831054686,2248.73193359375,10.0,0.1,2.0,4347,0.61719203,False
241,56913,ok,True,True,20260908,5,analysis_activations,positive,False,4.976858858898151,5.450091186165506,0.0224677269926115,0.07348511022394756,0.14989238470519942,0.27108137196042736,0.597150396165833,0.402849603834167,0.402849603834167,2.16053094847517,2,6,28690.39274716304,17623.38875174119,11067.003995421852,11067.003995421852,114.97222900390625,163.70945739746094,318.5672485351562,779.304931640625,10.0,0.1,2.0,2250,0.09689308,False
268,17802,ok,True,True,20260908,5,analysis_activations,positive,False,5.057128655089554,5.850888325922566,0.0713653612241406,0.1437871386954081,0.2671429602743456,0.37919274610072395,0.5480450198425357,0.45195498015746416,0.45195498015746416,2.420086166016238,2,5,26569.464671140177,24611.262374377908,1958.2022967622688,1958.2022967622688,102.81817626953125,210.88682556152344,564.2446777343755,1182.05908203125,10.0,0.1,2.0,3401,0.2601695,False
271,57014,ok,True,True,20260908,5,analysis_activations,positive,False,5.272003312375706,6.232536529816026,0.11765791842576341,0.16291660799121144,0.3430130003742765,0.4036292952589188,0.5083513085161523,0.49164869148384777,0.49164869148384777,2.56450332754566,2,4,105211.31407592958,100685.91337821208,4525.400697717501,4525.400697717501,108.86846923828125,304.24542236328125,876.2700012207031,1774.5028076171875,10.0,0.1,2.0,5075,0.370508,False
273,4156,ok,True,True,20260908,5,analysis_activations,positive,False,4.941383889029522,5.58855827855609,0.04782536639761371,0.11742513042151739,0.21869011499748614,0.34267350411363495,0.6009392832139226,0.3990607167860773,0.3990607167860773,2.251463618763273,2,5,4591.730781221873,4012.788314583785,578.9424666380883,578.9424666380883,98.08990478515625,168.26239013671875,394.1371765136719,932.840576171875,10.0,0.1,2.0,1328,0.17608269,False
285,21579,ok,True,True,20260908,5,analysis_activations,positive,False,5.442817744707356,6.660116203770205,0.21905181552510525,0.1709454943237915,0.46802971649790065,0.41345555302086767,0.4302284391343149,0.569771560865685,0.4302284391343149,2.7566476852437067,2,4,48548.46216929062,46081.29165229463,2467.1705169959896,2467.1705169959896,98.76092529296875,498.44097900390625,1377.9158691406246,2025.989990234375,10.0,0.1,2.0,4582,0.55490774,False
293,12045,ok,True,True,20260908,5,analysis_activations,positive,False,4.84670989146052,5.159468885921814,0.008612114107750585,0.038624156459293416,0.09280147686190444,0.19653029399889835,0.6154855117476189,0.38451448825238116,0.38451448825238116,2.0351058619135656,2,8,-3615.176145613124,-6895.03901918292,3279.862873569796,3279.862873569796,110.45582580566406,135.5890350341797,216.790103149414,374.3612060546875,10.0,0.1,2.0,3208,0.04330475,False
296,25811,ok,True,True,20260908,5,analysis_activations,positive,False,5.8477364415744235,7.536123198900324,0.4949467872637412,0.05327247521144707,0.7035245463121675,0.2308083083674569,0.37965926921392457,0.6203407307860753,0.37965926921392457,3.2248520101660634,2,8,70328.5910869025,49216.06576097761,21112.525325924886,21112.525325924886,101.96533203125,1547.483642578125,2532.416015625,3226.713134765625,10.0,0.1,2.0,4422,0.8923674,True
326,1162,ok,True,False,20260908,5,analysis_activations,positive,False,4.472859318226168,4.641892700137654,0.0028005189349809526,0.013179361693080137,0.05291992946878286,0.11480140109371548,0.7095310041731425,0.2904689958268574,0.2904689958268574,1.8910399903835327,2,5,-1856.751859704012,-2212.287203406129,355.53534370211673,355.53534370211673,80.38408660888672,88.88726806640625,114.46033477783205,166.89309692382812,10.0,0.1,2.0,759,0.011712939,False
327,44071,ok,True,True,20260908,5,analysis_activations,positive,False,5.368569549464641,6.618144660667743,0.24260795759636683,0.2292581292700513,0.4925524922242977,0.4788090739220084,0.4489134612814823,0.5510865387185176,0.4489134612814823,2.5725746241786047,2,4,104130.88837762926,100991.43688069422,3139.451496935042,3139.451496935042,86.33154296875,445.0108642578125,1443.4583740234375,3011.291015625,10.0,0.1,2.0,4608,0.6215439,False
375,37415,ok,True,True,20260908,5,analysis_activations,positive,False,4.878886459469822,5.222166435918388,0.0114935914654111,0.040982585821750156,0.10720816883713245,0.20244156149800405,0.61704325763038,0.3829567423696199,0.3829567423696199,2.1192508901504987,2,6,-5415.452111983006,-13710.145515116326,8294.69340313332,8294.69340313332,111.377685546875,141.74948120117188,231.28020324707023,475.9292907714844,10.0,0.1,2.0,3585,0.05063226,False
376,11436,ok,True,True,20260908,5,analysis_activations,positive,False,5.180318407044742,5.889577343666727,0.05240975208782841,0.12898918366939244,0.2289317629509466,0.3591506420283729,0.5658543152332888,0.43414568476671134,0.43414568476671134,2.3550625534321528,2,5,14583.39292789643,12970.833057159703,1612.5598707367262,1612.5598707367262,123.98233032226562,224.2388153076172,571.4350891113281,1046.5281982421875,10.0,0.1,2.0,2234,0.20925388,False
384,29436,ok,True,True,20260908,5,analysis_activations,positive,False,4.918345438005622,5.302767378966995,0.014646008909084894,0.055606832372265096,0.12102069620145513,0.23581100986227319,0.6060276332715184,0.3939723667284815,0.3939723667284815,2.0511207034420242,2,7,3575.820756173464,-2997.969917330709,6573.790673504172,6573.790673504172,113.51304626464844,149.41082763671875,261.3894348144531,563.3919677734375,10.0,0.1,2.0,2670,0.06606788,False
389,15204,ok,True,True,20260908,5,analysis_activations,positive,False,5.203960570580745,6.041678878124664,0.08869561464880545,0.12682124299289232,0.2978180898615889,0.35611970317983294,0.5144042172076624,0.48559578279233767,0.48559578279233767,2.5519512946830325,2,4,23947.622775146843,22753.411170921485,1194.2116042253583,1194.2116042253583,109.79052734375,264.95452880859375,678.6256469726561,1226.6873779296875,10.0,0.1,2.0,3383,0.28252462,False
390,9901,ok,True,True,20260908,5,analysis_activations,positive,False,5.387137465588779,6.536866827506027,0.18334022784262957,0.3354061637878919,0.4281824702654577,0.579142610924021,0.40697280492698423,0.5930271950730158,0.40697280492698423,2.2575276384343392,2,7,22934.800976140985,22601.66598202122,333.1349941197659,333.1349941197659,105.60009765625,437.4990234375,1361.278564453125,10319.99609375,10.0,0.1,2.0,4052,0.59260786,False
396,770,ok,True,True,20260908,5,analysis_activations,positive,False,4.835074701964291,6.194927730192322,0.17044271862603116,0.3017904135976789,0.412847088673314,0.549354542711425,0.5119456158326781,0.48805438416732194,0.48805438416732194,2.7985221164276592,2,4,1920.0502073714697,1836.9525281667466,83.09767920472314,83.09767920472314,64.68499755859375,224.54186248779297,1027.2304748535155,1696.36328125,10.0,0.1,2.0,107,0.6974887,False
400,29152,ok,True,True,20260908,5,analysis_activations,positive,False,4.901443985090244,5.320339047003171,0.01684529670420827,0.0670251270328695,0.12978943217461225,0.2588921146595035,0.6382961962263982,0.3617038037736017,0.3617038037736017,2.0455769437788955,2,6,7435.184910185783,27.577950970589214,7407.606959215194,7407.606959215194,110.16726684570312,145.4481964111328,269.616372680664,729.7623901367188,10.0,0.1,2.0,3010,0.07550923,False
403,31094,ok,True,True,20260908,5,analysis_activations,positive,False,5.4466586244559885,6.53228206484677,0.13335683502242046,0.12484858563054885,0.36518055126528914,0.35333919345375325,0.45226890357059096,0.5477310964294091,0.45226890357059096,3.021423007913097,2,3,61336.03496139896,56833.17928396062,4502.85567743834,4502.85567743834,124.2403564453125,439.3675842285156,1081.5932983398438,1960.564697265625,10.0,0.1,2.0,4282,0.4206657,False
408,662,ok,True,True,20260908,5,analysis_activations,positive,False,5.22170880342563,6.455684432751178,0.1605085870664912,0.20126474469172237,0.4006352294375661,0.4486253946130584,0.5748267317069916,0.42517326829300833,0.42517326829300833,2.9013712659337574,2,3,1495.8782108921391,1425.5795952067751,70.29861568536398,70.29861568536398,95.09375,287.1968994140625,1128.194580078125,1777.888671875,10.0,0.1,2.0,540,0.55081636,False
419,15035,ok,True,True,20260908,5,analysis_activations,positive,False,5.4749338266805045,6.971087680965728,0.2532014720300818,0.19359256036673014,0.5031912877128158,0.43999154579006416,0.4776367093062111,0.522363290693789,0.4776367093062111,3.1654654057474763,2,3,38961.94111175002,36229.47755412589,2732.463557624127,2732.463557624127,99.35205078125,552.0509033203125,1856.367578125,3006.538818359375,10.0,0.1,2.0,3193,0.78061444,False
433,3180,ok,True,True,20260908,5,analysis_activations,positive,False,5.388367989341177,6.674498925111588,0.27624674509699254,0.2280684095435715,0.5255918046326374,0.4775650840917618,0.5138676339405498,0.48613236605945026,0.48613236605945026,2.5612334963871484,2,4,7748.207665405631,7532.204594694886,216.0030707107453,216.0030707107453,79.0777587890625,407.8890686035156,1442.9870666503905,2122.37255859375,10.0,0.1,2.0,2001,0.66625,False
452,12025,ok,True,True,20260908,5,analysis_activations,positive,False,5.231204357704146,5.942061137256176,0.054299662788652184,0.14700689902485667,0.2330228803972953,0.3834147871755296,0.6135812124847765,0.38641878751522346,0.38641878751522346,2.240619657496262,2,5,15373.627849933317,13358.50112671115,2015.1267232221671,2015.1267232221671,128.80148315429688,224.35635375976562,599.4605834960937,1530.7188720703125,10.0,0.1,2.0,3724,0.20994958,False
471,41897,ok,True,True,20260908,5,analysis_activations,positive,False,5.483540876934864,6.813663628373862,0.21623212610066467,0.19423998965920522,0.46500766241070124,0.44072666093532986,0.49761843751400037,0.5023815624859996,0.49761843751400037,2.936059753397835,2,3,100708.51589643299,95379.40857684946,5329.107319583534,5329.107319583534,105.4046630859375,474.7210693359375,1596.2255615234374,2604.9404296875,10.0,0.1,2.0,5270,0.64749444,False
521,31105,ok,True,True,20260908,5,analysis_activations,positive,False,5.04897495750409,6.063280666596648,0.1422864078164018,0.18537505030699714,0.37720870591279015,0.4305520297327573,0.4994088651032981,0.5005911348967019,0.4994088651032981,2.5059429980145604,2,4,61387.571121282694,59306.3885788878,2081.1825423948903,2081.1825423948903,81.12759399414062,254.48782348632812,775.3202392578124,1436.4669189453125,10.0,0.1,2.0,3679,0.4210719,False
531,20798,ok,True,True,20260908,5,analysis_activations,positive,False,4.9907563473039165,5.4627242276405505,0.021106284786911185,0.07484427658488128,0.1452800219813832,0.2735768202623923,0.6186813456215896,0.3813186543784105,0.3813186543784105,2.1547837001785934,2,6,9898.60370444362,5198.504219853978,4700.099484589642,4700.099484589642,117.87518310546875,163.42294311523438,321.070307922363,737.4271240234375,10.0,0.1,2.0,1629,0.09415158,False
534,6132,ok,True,True,20260908,5,analysis_activations,positive,False,5.370538582146492,5.970480044642443,0.03685801993599568,0.09749199410410446,0.19198442628503928,0.3122370799634541,0.6485876262159738,0.3514123737840263,0.3514123737840263,2.314754927205358,2,4,5371.870068722259,4219.500431044224,1152.3696376780354,1152.3696376780354,159.10198974609375,246.01058959960938,542.94736328125,1148.4219970703125,10.0,0.1,2.0,1282,0.1402236,False
536,4608,ok,True,True,20260908,5,analysis_activations,positive,False,4.9560793576211735,5.711443925095916,0.06043502986953271,0.13917529542866794,0.24583537147760634,0.3730620530537352,0.5798463763775524,0.4201536236224477,0.4201536236224477,2.3910029160640693,2,5,6371.819671620696,5740.735971830061,631.0836997906345,631.0836997906345,95.6287841796875,179.19338989257812,475.55056152343667,942.4207153320312,10.0,0.1,2.0,2393,0.23257399,False
559,22332,ok,True,True,20260908,5,analysis_activations,positive,False,4.966029979954929,5.393195401163645,0.01680596700341021,0.06597737191034381,0.12963783014001048,0.25686060793812626,0.6230251624337614,0.3769748375662387,0.3769748375662387,2.099614763917859,2,7,6481.917718632798,917.3289706122605,5564.588748020537,5564.588748020537,117.73027038574219,156.9770965576172,291.8394226074219,637.7489013671875,10.0,0.1,2.0,4434,0.07820055,False
567,18369,ok,True,True,20260908,5,analysis_activations,positive,False,5.10622218742078,5.828643014810455,0.05054455159919969,0.14407721412144933,0.2248211546967938,0.37957504412362164,0.6111465953639378,0.3888534046360621,0.3888534046360621,2.3158453370970054,2,5,23563.08300432737,20065.577096182238,3497.5059081451327,3497.5059081451327,116.90872192382812,197.8332061767578,538.3822387695312,1028.2265625,10.0,0.1,2.0,3514,0.21095055,False
571,5219,ok,True,True,20260908,5,analysis_activations,positive,False,4.875234636603723,5.232155031235545,0.011963612606193622,0.05170660891050842,0.10937830043566055,0.22739087253121754,0.6135307669530565,0.3864692330469435,0.3864692330469435,2.0004061539126745,2,8,-74.75762718314844,-1391.9572290290273,1317.1996018458788,1317.1996018458788,110.94424438476562,141.03121948242188,238.9375976562499,438.8583984375,10.0,0.1,2.0,2156,0.057539105,False
575,163960,ok,True,True,20260908,5,analysis_activations,positive,False,5.235699325940939,5.9377303375734485,0.05753248788561336,0.1223342861903746,0.23985930852400406,0.3497631858706325,0.5410551353555787,0.4589448646444214,0.4589448646444214,2.3409698598935624,2,5,209167.4786222999,192097.90044422902,17069.578178070893,17069.578178070893,127.385986328125,245.0478515625,586.2985534667968,4031.744873046875,10.0,0.1,2.0,5984,0.20964931,True
603,3552,ok,True,True,20260908,5,analysis_activations,positive,False,4.809986057813607,5.055998346670526,0.004733526598474932,0.02389713598212721,0.0688006293465033,0.15458698516410496,0.6594951210095702,0.34050487899042986,0.34050487899042986,2.0561561832351556,2,9,-3027.9664068461598,-4239.334498378005,1211.3680915318455,1211.3680915318455,110.3187484741211,126.68701171875,180.67611389160155,302.4012756347656,10.0,0.1,2.0,1524,0.024855781,False
611,6615,ok,True,True,20260908,5,analysis_activations,positive,False,4.947643031284816,5.806205771268805,0.08473255454302263,0.16150516726747619,0.2910885682108156,0.40187705491540093,0.5563992764664374,0.44360072353356267,0.44360072353356267,2.4468635000205836,2,4,10841.853573766075,10158.118638744429,683.7349350216464,683.7349350216464,86.4808578491211,191.87472534179688,557.1510192871094,1123.62939453125,10.0,0.1,2.0,3411,0.3007714,False
612,551,ok,True,False,20260908,5,analysis_activations,positive,False,4.8423806346342,5.606477850085904,0.09412285888095702,0.3274363523086319,0.3067944896522052,0.5722205451647396,0.5768217141481075,0.4231782858518924,0.4231782858518924,1.6643103855281978,2,6,974.3157128131108,910.9092683688086,63.406444444302224,63.406444444302224,77.66287231445312,160.80294799804688,513.2138671875,1267.020751953125,10.0,0.1,2.0,150,0.3359808,False
620,15964,ok,True,True,20260908,5,analysis_activations,positive,False,5.586766539460582,6.807962947862333,0.14769784208204795,0.11478072327513343,0.38431476953409943,0.33879303900041013,0.3764049707868545,0.6235950292131455,0.3764049707868545,3.3709599625183793,2,3,33513.382820373336,29347.556033991346,4165.826786381989,4165.826786381989,154.37625122070312,639.9470520019531,1360.6490600585935,2001.451904296875,10.0,0.1,2.0,4270,0.47724882,False
623,13411,ok,True,True,20260908,5,analysis_activations,positive,False,5.361123211478139,6.692826593597323,0.23019601281136728,0.28788084403619896,0.4797874662924901,0.5365452861000635,0.5904536408588619,0.4095463591411382,0.4095463591411382,2.6165281076174742,2,4,32958.17512666412,31602.488435527557,1355.686691136565,1355.686691136565,92.9739990234375,340.9548034667969,1567.4218139648438,2281.530029296875,10.0,0.1,2.0,4282,0.6827206,False
625,19055,ok,True,True,20260908,5,analysis_activations,positive,False,5.166603457733828,5.993578083524915,0.07127289731742098,0.13034538324463596,0.26696984346068187,0.3610337702274345,0.562934869013282,0.437065130986718,0.437065130986718,2.60460715176223,2,4,28815.33012692826,26405.794924906277,2409.5352020219834,2409.5352020219834,114.01806640625,234.878662109375,633.5584228515623,1160.606689453125,10.0,0.1,2.0,4480,0.26536816,False
629,5964,ok,True,False,20260908,5,analysis_activations,positive,False,6.398237868826343,8.115627570558201,0.8184187941948975,0.00039875258743626504,0.9046650176694673,0.01996879033482662,0.03865721082851755,0.9613427891714825,0.03865721082851755,2.684048021896337,2,4,5285.591809825063,-26060.22290144548,31345.81471127054,31345.81471127054,147.91021728515625,3350.5565185546875,3428.4521484375,3525.2158203125,10.0,0.1,2.0,5746,0.14165333,False
634,6737,ok,True,True,20260908,5,analysis_activations,positive,False,5.403567612906917,5.80656029749673,0.01847332797732674,0.053371403012680174,0.13591662141668598,0.23102251624610137,0.6044348299861011,0.39556517001389885,0.39556517001389885,2.1262518227891993,2,5,1326.61413114011,266.5171220499589,1060.097009090151,1060.097009090151,179.0375213623047,247.35081481933594,435.40599975585934,842.2955322265625,10.0,0.1,2.0,1638,0.07111677,False
641,985,ok,True,True,20260908,5,analysis_activations,positive,False,5.462290304875528,5.98002873626378,0.02740155404360928,0.0885833028372707,0.16553414766630262,0.297629472393563,0.7142376588632318,0.28576234113676824,0.28576234113676824,2.1499321587601132,2,4,537.0428590645685,307.0843426006814,229.95851646388707,229.95851646388707,180.64991760253906,252.4423370361328,517.6565673828125,847.875244140625,10.0,0.1,2.0,575,0.09969535,False
642,3871,ok,True,True,20260908,5,analysis_activations,positive,False,4.989415150407212,5.6592320984640505,0.044949672083345965,0.09332473490502904,0.2120133771330148,0.30549097352463467,0.5874447849966028,0.4125552150033972,0.4125552150033972,2.5474180845656127,2,4,4224.688897512222,3678.645598398968,546.0432991132539,546.0432991132539,104.50645446777344,180.25845336914062,417.95921325683594,735.5277099609375,10.0,0.1,2.0,2312,0.17368372,False
645,57915,ok,True,True,20260908,5,analysis_activations,positive,False,5.298762973360315,6.055967416572989,0.0651416821469782,0.1680427877149685,0.2552286859798056,0.4099302229830932,0.5920150487078599,0.40798495129214,0.40798495129214,2.2175751182460197,2,5,83063.8357810608,74660.1471566461,8403.688624414703,8403.688624414703,133.407958984375,249.70053100585938,693.449114990234,1781.531982421875,10.0,0.1,2.0,5254,0.24561033,False
660,5832,ok,True,True,20260908,5,analysis_activations,positive,False,5.215669814604442,5.920075512319529,0.0538944941888614,0.13540111590891113,0.2321518774183431,0.36796890617131106,0.5879792566032146,0.41202074339678535,0.41202074339678535,2.2896420201035017,2,5,7401.414217085996,6575.172024978833,826.2421921071627,826.2421921071627,126.28411865234375,226.23480224609375,578.7190338134765,1263.11474609375,10.0,0.1,2.0,2304,0.2077174,False
665,164828,ok,True,True,20260908,5,analysis_activations,positive,False,5.268460213761377,6.2149802845955975,0.11452638511995061,0.16443259277339914,0.33841747165291364,0.4055028887361952,0.5127824206759792,0.4872175793240207,0.4872175793240207,2.534397046687997,2,4,300606.51543501666,287841.5556015752,12764.959833441477,12764.959833441477,108.92071533203125,298.34100341796875,856.5448669433591,1983.398193359375,10.0,0.1,2.0,5832,0.36266705,True
670,28757,ok,True,True,20260908,5,analysis_activations,positive,False,5.204917929533226,6.219869589471204,0.11081875781186086,0.17218525982706986,0.33289451454155994,0.41495211751124955,0.5295623426950243,0.4704376573049757,0.4704376573049757,2.6981373602817973,2,4,55013.68128501504,51841.62855703316,3172.052727981878,3172.052727981878,105.033203125,277.2388916015625,867.5863037109375,1823.3560791015625,10.0,0.1,2.0,5368,0.39633122,False
684,16362,ok,True,False,20260908,5,analysis_activations,positive,False,4.859324465852816,5.128760403303748,0.006006279855635085,0.03105660773896977,0.0775001926167612,0.17622885047281495,0.5907560415896034,0.4092439584103966,0.4092439584103966,1.9792510918050434,2,10,-8966.309346803973,-13686.082734907239,4719.7733881032655,4719.7733881032655,114.20631408691406,136.3018798828125,205.66274871826172,394.33868408203125,10.0,0.1,2.0,3622,0.03380997,False
709,23327,ok,True,True,20260908,5,analysis_activations,positive,False,5.387069949785598,6.638680550993148,0.24022961668416795,0.1845867841617136,0.49013224407721634,0.4296356411678547,0.42993457877510705,0.570065421224893,0.42993457877510705,2.715711261601542,2,4,54007.86913549561,51446.04428620997,2561.8248492856364,2561.8248492856364,89.2313232421875,480.2733459472656,1355.5465087890627,2199.37744140625,10.0,0.1,2.0,3740,0.59247696,False
710,71452,ok,True,True,20260908,5,analysis_activations,positive,False,4.996144815703928,5.455481916107264,0.021372371799878314,0.06943533356376347,0.14619292664105987,0.26350585109967384,0.6071475239112475,0.39285247608875246,0.39285247608875246,2.155684363928128,2,6,31199.52263880062,17019.081387500555,14180.441251300064,14180.441251300064,117.74955749511719,165.4917449951172,316.2667816162109,754.6768188476562,10.0,0.1,2.0,2341,0.090579584,True
722,4647,ok,True,True,20260908,5,analysis_activations,positive,False,4.947906039525848,5.996419221376558,0.17184765395429885,0.2566486373886205,0.4145451169104502,0.5066050112154641,0.5352290993246203,0.46477090067537974,0.46477090067537974,2.265245930534474,2,5,9839.414136811261,9600.545765276835,238.86837153442684,238.86837153442684,67.63568115234375,218.6234588623047,793.083959960937,1877.1661376953125,10.0,0.1,2.0,572,0.48484316,False
751,31310,ok,True,True,20260908,5,analysis_activations,positive,False,5.097396173339622,5.8175180937715805,0.05493414562979992,0.14905058047636666,0.23438034394931653,0.3860706936253601,0.5987464916963079,0.40125350830369216,0.40125350830369216,2.254873610647738,2,5,41078.50110079377,35929.32822848809,5149.17287230568,5149.17287230568,113.28143310546875,199.59466552734375,533.6108337402344,1343.5216064453125,10.0,0.1,2.0,5254,0.21729127,False
752,17241,ok,True,True,20260908,5,analysis_activations,positive,False,4.797200271981719,5.152904380077362,0.012294499209776849,0.047764709435173254,0.11088056281322191,0.21855138854551634,0.6235078028757138,0.37649219712428605,0.37649219712428605,2.052646088730427,2,6,-949.7510025206886,-5060.829095698536,4111.078093177847,4111.078093177847,102.05392456054688,130.28265380859375,218.61532592773438,453.812255859375,10.0,0.1,2.0,3379,0.055352483,False
761,3736,ok,True,False,20260908,5,analysis_activations,positive,False,5.868098380624117,6.038862494544402,0.003159496962884897,0.012684714481265657,0.05620940279779618,0.11262643775448843,0.5927450783592885,0.40725492164071153,0.40725492164071153,1.918564004119862,2,7,-5308.614997588457,-6079.160748989848,770.5457514013906,770.5457514013906,325.21929931640625,368.5622253417969,476.99156188964844,732.0384521484375,10.0,0.1,2.0,1428,0.014080743,False
763,6596,ok,True,True,20260908,5,analysis_activations,positive,False,4.78182519915412,5.783387520372989,0.09311017584757621,0.23654407382483286,0.30513960058893735,0.48635796880983956,0.6640103401161435,0.3359896598838565,0.3359896598838565,2.4669686836479645,2,4,12090.196959702213,10694.312422751216,1395.8845369509963,1395.8845369509963,73.00177001953125,145.2655029296875,574.0689392089844,1346.38720703125,10.0,0.1,2.0,1860,0.36515528,False
766,24447,ok,True,True,20260908,5,analysis_activations,positive,False,5.164485684900253,6.021762722056779,0.09024787369947067,0.19105445747352265,0.30041283877269737,0.43709776649340437,0.5804986833345929,0.4195013166654071,0.4195013166654071,2.2858594481643477,2,5,40884.20042881838,38085.10176082205,2799.0986679963316,2799.0986679963316,107.44903564453125,232.0177001953125,710.1295166015625,1634.8916015625,10.0,0.1,2.0,4785,0.31151646,False
784,23889,ok,True,True,20260908,5,analysis_activations,positive,False,5.280379318473969,6.28797495266534,0.1177283513941086,0.1896730169253175,0.34311565308815134,0.4355146575321174,0.5520570573364463,0.4479429426635537,0.4479429426635537,2.570090265874009,2,4,45985.5058320064,43509.34684847578,2476.158983530615,2476.158983530615,112.3929443359375,289.00274658203125,960.4095458984374,1767.2518310546875,10.0,0.1,2.0,3404,0.40103135,False
786,17189,ok,True,True,20260908,5,analysis_activations,positive,False,5.233279641659231,6.393968797923802,0.1412247116329671,0.20950841316080265,0.37579876481032654,0.4577208900201111,0.5600258334866195,0.4399741665133805,0.4399741665133805,2.7716764554054323,2,4,36995.352480510686,34786.70631156045,2208.6461689502394,2208.6461689502394,100.70263671875,287.47052001953125,1086.353515625,1778.7705078125,10.0,0.1,2.0,4137,0.50324225,False
793,26792,ok,True,True,20260908,5,analysis_activations,positive,False,5.167188471125746,6.005975961620158,0.08843475997446418,0.14413624308404324,0.2973798244240254,0.379652792804219,0.5275599908823828,0.4724400091176173,0.4724400091176173,2.459739751265908,2,4,42897.463624550735,40729.94471601307,2167.5189085376624,2167.5189085376624,106.87860107421875,249.36859130859375,664.2300842285156,1438.9947509765625,10.0,0.1,2.0,4236,0.2901168,False
797,851,ok,True,False,20260908,5,analysis_activations,positive,False,4.724940587125208,5.360063381225226,0.01376302365493509,0.18820716519654682,0.11731591390316613,0.43382849744633745,0.5007686731220328,0.49923132687796723,0.49923132687796723,1.9986146273935077,2,15,1066.0764063297224,671.1677660653522,394.9086402643702,394.9086402643702,93.98109436035156,132.82406616210938,397.3402099609375,844.4720458984375,10.0,0.1,2.0,340,0.20193264,False
801,20157,ok,True,True,20260908,5,analysis_activations,positive,False,5.152137033799102,6.110566109727411,0.09436658137403905,0.15386256827470393,0.3071914409192402,0.39225319409114306,0.539708797437023,0.460291202562977,0.460291202562977,2.7204991123033735,2,4,36058.72124278295,33567.078081471256,2491.6431613116947,2491.6431613116947,104.8614501953125,252.1448974609375,752.5489746093754,1408.1072998046875,10.0,0.1,2.0,3857,0.34996593,False
802,72688,ok,True,True,20260908,5,analysis_activations,positive,False,4.808830840527749,5.0455776554489,0.005149339852024804,0.020572835445954656,0.07175890085574614,0.14343233751826906,0.6055190990404602,0.39448090095953986,0.39448090095953986,2.0875904235223555,2,8,-62946.21690515429,-80594.52979530404,17648.312890149755,17648.312890149755,109.30606079101562,128.72952270507812,182.2611709594726,308.05767822265625,10.0,0.1,2.0,3105,0.024621,True
809,33159,ok,True,False,20260908,5,analysis_activations,positive,False,4.960875739301881,5.333806432222958,0.012167766893933379,0.06026495452252609,0.11030760125183295,0.2454892146765843,0.6025846234373118,0.3974153765626883,0.3974153765626883,1.9596374233162843,2,9,3274.905241171169,-6103.6146107364775,9378.519851907648,9378.519851907648,120.67607879638672,154.27981567382812,272.6606719970703,673.3966064453125,10.0,0.1,2.0,2562,0.06458853,False
815,2150,ok,True,True,20260908,5,analysis_activations,positive,False,4.975608961595123,6.000393354232439,0.08491796977396829,0.4087285893132286,0.2914068801074681,0.6393188479258441,0.6929564558190793,0.3070435441809207,0.3070435441809207,2.062716028322206,2,6,4188.205112150552,3433.4360227591096,754.7690893914423,754.7690893914423,95.76565551757812,164.6851348876953,954.2450500488276,1666.946533203125,10.0,0.1,2.0,517,0.4079757,False
817,54145,ok,True,True,20260908,5,analysis_activations,positive,False,4.986566640223126,5.505131935551801,0.02724779928402199,0.08447588041273348,0.16506907428110812,0.29064734716273166,0.6018516284546355,0.3981483715453646,0.3981483715453646,2.1940465159779117,2,6,36322.4558282439,26086.209050251728,10236.246777992175,10236.246777992175,113.28955078125,167.12075805664062,344.62365112304684,857.9993896484375,10.0,0.1,2.0,2740,0.11447175,False
820,11165,ok,True,True,20260908,5,analysis_activations,positive,False,5.197689464639004,5.971161593341977,0.06219486069873767,0.16063645488256648,0.24938897469362528,0.4007947790111125,0.588467649354472,0.41153235064552807,0.41153235064552807,2.3172428704106864,2,5,16117.330544127184,14369.460138816716,1747.8704053104684,1747.8704053104684,122.26669311523438,226.69528198242188,647.8773437499998,1649.4381103515625,10.0,0.1,2.0,2590,0.24761055,False
826,1292,ok,True,True,20260908,5,analysis_activations,positive,False,4.724680063046181,5.3934065454403095,0.04002992576576761,0.1787715984047911,0.20007480042665945,0.4228139051696279,0.5777988949741302,0.4222011050258698,0.4222011050258698,2.021800727535579,2,12,1650.2663652723108,1348.4773820062708,301.7889832660401,301.7889832660401,83.30585479736328,134.81680297851562,360.6361114501957,1023.5335693359375,10.0,0.1,2.0,294,0.2078587,False
827,47768,ok,True,True,20260908,5,analysis_activations,positive,False,5.372678724958756,6.536672023790377,0.17093050517286593,0.110613623823813,0.4134374259460141,0.3325862652362737,0.3855413370888325,0.6144586629111676,0.3855413370888325,3.10236034232481,2,3,97948.89694196901,87964.91095527422,9983.985986694795,9983.985986694795,104.20333862304688,509.0248260498047,1076.0529907226567,1790.482421875,10.0,0.1,2.0,3616,0.45484698,False
828,30511,ok,True,True,20260908,5,analysis_activations,positive,False,4.881715839173102,5.447213019754144,0.03368764402405621,0.09791238495388266,0.1835419407766416,0.3129095475594867,0.6013613428934647,0.39863865710653523,0.39863865710653523,2.2045372900120705,2,5,25723.46830443277,20460.309584149516,5263.1587202832525,5263.1587202832525,98.71728515625,153.0355224609375,332.45855712890625,798.5081176757812,10.0,0.1,2.0,1681,0.1359548,False
844,73066,ok,True,True,20260908,5,analysis_activations,positive,False,5.156099810485719,5.9402821247617315,0.06979418226076083,0.13637550464943288,0.26418588580914165,0.3692905423232944,0.5626334945673651,0.4373665054326349,0.4373665054326349,2.4424159955633025,2,4,106152.88893449395,97971.20341156598,8181.685522927975,8181.685522927975,112.99139404296875,228.80276489257812,602.8906860351562,1397.9691162109375,10.0,0.1,2.0,5504,0.2502392,False
851,8029,ok,True,True,20260908,5,analysis_activations,positive,False,5.067925585427993,5.854901403291586,0.06529837320080839,0.23347947092779173,0.25553546368519653,0.48319713464360664,0.6453328863271014,0.3546671136728987,0.3546671136728987,2.0361144723471645,2,5,12191.835883542108,10395.854610826496,1795.9812727156113,1795.9812727156113,107.11447143554688,185.62313842773438,578.3456787109371,1456.4993896484375,10.0,0.1,2.0,3040,0.26673058,False
855,39987,ok,True,True,20260908,5,analysis_activations,positive,False,4.939286242938495,5.177348365962748,0.0052665457956433785,0.022992576394241564,0.07257097075031708,0.1516330320024023,0.6220061764666286,0.3779938235333715,0.3779938235333715,2.002746431052744,2,8,-33545.625344629574,-44206.23358436292,10660.608239733345,10660.608239733345,124.80335998535156,145.9796600341797,208.38719482421868,393.4537353515625,10.0,0.1,2.0,4292,0.025291258,False
860,49856,ok,True,True,20260908,5,analysis_activations,positive,False,5.786322238593343,6.849367702736145,0.21879882624653238,0.12327113732025709,0.4677593678875201,0.35109989649707546,0.3401555436785054,0.6598444563214946,0.3401555436785054,2.5704512158963633,2,4,96983.20038431998,89457.42379325804,7525.776591061935,7525.776591061935,130.2620849609375,743.117431640625,1553.1107177734375,2559.16650390625,10.0,0.1,2.0,5613,0.40941688,False
863,103902,ok,True,True,20260908,5,analysis_activations,positive,False,4.944288963126996,5.2500242050054355,0.009210350135258762,0.0336310791332325,0.09597056910979929,0.18338778348961116,0.6177245838838059,0.38227541611619403,0.38227541611619403,2.088952306675437,2,6,-37970.82837798818,-61302.871378702104,23332.043000713922,23332.043000713922,120.86048889160156,149.89004516601562,233.02964935302734,461.37841796875,10.0,0.1,2.0,5016,0.0406174,True
867,18337,ok,True,True,20260908,5,analysis_activations,positive,False,5.305130910836763,6.507004602653254,0.12420385178456288,0.23060492940737376,0.352425668453027,0.480213420686442,0.5685333576315232,0.4314666423684767,0.4314666423684767,2.853491918249482,2,4,40223.05669643897,37025.62078424695,3197.4359121920206,3197.4359121920206,117.53033447265625,301.51495361328125,1246.931298828125,2120.23046875,10.0,0.1,2.0,4231,0.5244802,False
871,23053,ok,True,True,20260908,5,analysis_activations,positive,False,5.074787095611198,5.9211084121009785,0.08221313509245781,0.1545661533551454,0.28672832976958834,0.39314902181634054,0.5164238412728999,0.4835761587271001,0.4835761587271001,2.459678935944767,2,5,37382.6571648522,35211.079990497834,2171.5771743543664,2171.5771743543664,99.72161865234375,229.09765625,627.853637695312,1522.3232421875,10.0,0.1,2.0,4202,0.29608425,False
876,15323,ok,True,True,20260908,5,analysis_activations,positive,False,5.143408911300925,5.727692047837323,0.03797709543461656,0.0787569038486956,0.19487712907013116,0.28063660461296847,0.5632235316681872,0.4367764683318129,0.4367764683318129,2.418464224987534,2,5,13352.107189159151,11526.692711296197,1825.4144778629543,1825.4144778629543,125.21652221679688,209.72689819335938,434.9824584960937,853.3256225585938,10.0,0.1,2.0,4100,0.1397786,False
882,1660,ok,True,True,20260908,5,analysis_activations,positive,False,4.515204780859119,5.3022436307931455,0.04353044570504876,0.2494370074582656,0.2086395113708062,0.49943669014026754,0.6358903450444107,0.36410965495558933,0.36410965495558933,2.0563710473961065,2,10,2501.7828225193352,1905.4561423505093,596.326680168826,596.326680168826,67.41212463378906,104.49418258666992,360.5024780273436,904.39013671875,10.0,0.1,2.0,499,0.26207882,False
884,2434,ok,True,True,20260908,5,analysis_activations,positive,False,5.025098284549842,5.796653021363259,0.06653565235535697,0.15396239104646656,0.2579450568538908,0.392380416237185,0.5170886808453097,0.48291131915469043,0.48291131915469043,2.3236963170870073,2,5,3619.7887353613246,3396.988039873324,222.80069548800066,222.80069548800066,99.01300048828125,204.81057739257812,567.9857269287108,1006.3253173828125,10.0,0.1,2.0,984,0.25751004,False
909,10868,ok,True,True,20260908,5,analysis_activations,positive,False,5.021863015218974,5.961907497348225,0.11364340978736437,0.1460494823731333,0.33711038220049583,0.3821642086500688,0.4778218734024713,0.5221781265975286,0.4778218734024713,2.6087554588235635,2,4,19483.735911155396,18661.66454306327,822.0713680921253,822.0713680921253,86.01348876953125,246.8316192626953,650.1580108642578,1266.472900390625,10.0,0.1,2.0,3133,0.3510834,False
910,8031,ok,True,True,20260908,5,analysis_activations,positive,False,5.225264541378089,6.076850905832741,0.07866300617216508,0.11238869399998125,0.28046926065464833,0.3352442303753806,0.5161687278425744,0.48383127215742566,0.48383127215742566,2.7552958833889765,2,4,12472.841982439937,11611.077457007543,861.7645254323943,861.7645254323943,116.70318603515625,271.32818603515625,682.0610961914062,1068.841064453125,10.0,0.1,2.0,1908,0.27612442,False
911,5873,ok,True,True,20260908,5,analysis_activations,positive,False,5.1102672228841435,5.586539880949159,0.01323396740779165,0.08703506521379484,0.11503898212254683,0.29501705919115057,0.5276164945879726,0.4723835054120274,0.4723835054120274,2.1270967083645553,2,14,3427.0116664085276,1546.7422863183851,1880.2693800901425,1880.2693800901425,138.995361328125,188.88577270507812,403.49522094726547,923.9129638671875,10.0,0.1,2.0,2111,0.10464915,False
913,19857,ok,True,True,20260908,5,analysis_activations,positive,False,5.108667000697742,6.046024340168169,0.09976285930441316,0.1848200384665035,0.31585259109972985,0.4299070114181711,0.558765525141438,0.441234474858562,0.441234474858562,2.4849392932592145,2,4,35746.217875580354,33604.21006490721,2142.0078106731453,2142.0078106731453,98.0174560546875,231.47601318359375,733.3415039062504,1521.34912109375,10.0,0.1,2.0,4504,0.35393503,False
930,23517,ok,True,True,20260908,5,analysis_activations,positive,False,5.174838663757851,6.143024438259794,0.10409413386554124,0.18538144397414236,0.3226362252840515,0.43055945463332046,0.5705808654822133,0.4294191345177866,0.4294191345177866,2.544882471119415,2,4,43292.329763523565,40514.94155444572,2777.3882090778425,2777.3882090778425,104.4747314453125,247.361083984375,813.9318847656251,1374.75634765625,10.0,0.1,2.0,3805,0.36869034,False
932,24795,ok,True,True,20260908,5,analysis_activations,positive,False,5.254260155705868,6.1023604952839525,0.08310908052736693,0.13396349846050096,0.28828645567797134,0.3660102436551482,0.5318913234823517,0.4681086765176483,0.4681086765176483,2.574303528223279,2,4,39347.96497349399,36967.34088571202,2380.6240877819655,2380.6240877819655,117.73175048828125,271.03204345703125,723.7152954101562,1364.1953125,10.0,0.1,2.0,4806,0.28601292,False
939,1579,ok,True,True,20260908,5,analysis_activations,positive,False,4.829484757266631,5.812481357354699,0.1192154616109257,0.21248532520359037,0.3452759209833864,0.46096130553831777,0.5998497007186829,0.4001502992813171,0.4001502992813171,2.4137582030252,2,4,3002.7434063742294,2856.108078760519,146.63532761371016,146.63532761371016,70.04544067382812,172.16270446777344,568.0820556640623,1247.052001953125,10.0,0.1,2.0,254,0.3887198,False
945,8739,ok,True,True,20260908,5,analysis_activations,positive,False,4.94084130198867,5.586788109533568,0.04365499186968682,0.10409963775966628,0.20893777032812144,0.3226447547375694,0.5850231235835297,0.41497687641647024,0.41497687641647024,2.376518531652138,2,5,9334.908227883712,8046.29318519687,1288.6150426868426,1288.6150426868426,100.42919921875,169.6978759765625,397.92435913085967,757.1646118164062,10.0,0.1,2.0,1748,0.1700521,False
946,5738,ok,True,True,20260908,5,analysis_activations,positive,False,6.668487813749133,6.823504240829693,0.005058698626093896,0.0032720198941494885,0.071124529004373,0.05720157247969227,0.47928636852321416,0.520713631476786,0.47928636852321416,2.4018810196468805,2,4,-10052.385059813229,-10367.323438186044,314.93837837281535,314.93837837281535,619.709716796875,857.7623291015625,965.660888671875,1118.2469482421875,10.0,0.1,2.0,5738,0.010126274,False
984,8197,ok,True,True,20260908,5,analysis_activations,positive,False,5.5151404685080365,7.075078018726411,0.3051011901204564,0.18508217519959422,0.5523596564924491,0.4302117794756371,0.43287303368226454,0.5671269663177356,0.43287303368226454,3.150960258337014,2,3,21796.298049599118,20073.453563230778,1722.8444863683399,1722.8444863683399,88.79345703125,697.115234375,2040.8425781249994,2874.83642578125,10.0,0.1,2.0,2081,0.834525,False
1015,53576,ok,True,True,20260908,5,analysis_activations,positive,False,4.955660282303135,5.556600272819863,0.03791209691920967,0.07542611598630368,0.19471028971066134,0.2746381546440765,0.5591182972766923,0.4408817027233077,0.4408817027233077,2.524398557783247,2,4,48039.3050070983,41366.75974447236,6672.545262625943,6672.545262625943,103.94223022460938,175.20518493652344,365.7747344970703,657.5848388671875,10.0,0.1,2.0,2030,0.1434711,False
1019,14547,ok,True,True,20260908,5,analysis_activations,positive,False,5.174745875017707,6.089262431405139,0.09304069717226959,0.2138490313000958,0.3050257319838272,0.46243813780882714,0.5861668084214346,0.41383319157856535,0.41383319157856535,2.3346156566168106,2,5,25859.00125687367,23902.950830812384,1956.050426061287,1956.050426061287,108.90411376953125,235.025634765625,772.6852294921863,2027.9093017578125,10.0,0.1,2.0,3683,0.34593272,False
1040,47558,ok,True,True,20260908,5,analysis_activations,positive,False,5.523230444823983,6.609932419709028,0.2028214080694995,0.14844198232272418,0.4503569784842903,0.3852816921717462,0.42299940821050763,0.5770005917894924,0.42299940821050763,2.593038767209733,2,4,98021.21293287116,93510.43052233837,4510.782410532789,4510.782410532789,104.2481689453125,504.65625,1252.4037719726562,2264.691162109375,10.0,0.1,2.0,5206,0.45967895,False
1059,734,ok,True,True,20260908,5,analysis_activations,positive,False,4.705488532234817,5.209143155502496,0.028972381713187178,0.09505329405212558,0.17021275426121033,0.30830714239557533,0.6387635871813279,0.36123641281867225,0.36123641281867225,2.0225162595754353,2,5,485.1754600599711,352.4352698355689,132.74019022440223,132.74019022440223,84.87600708007812,123.35459899902344,262.5996124267578,393.381591796875,10.0,0.1,2.0,206,0.11152659,False
1068,3364,ok,True,True,20260908,5,analysis_activations,positive,False,5.065321161288658,6.008518100000829,0.13019505823938163,0.14130374781892202,0.3608255232648899,0.3759039076930726,0.4786213741208101,0.5213786258791899,0.4786213741208101,2.5599614082412985,2,4,6107.1379407429595,5904.481737636533,202.6562031064268,202.6562031064268,81.6314697265625,260.2908935546875,686.6829956054685,1132.0528564453125,10.0,0.1,2.0,110,0.35809097,False
1076,6713,ok,True,True,20260908,5,analysis_activations,positive,False,5.8761017074600135,8.260712818384148,0.7370323968004294,0.00019384026918171433,0.858505909589695,0.013922653094209966,0.1475193668129772,0.8524806331870227,0.1475193668129772,3.92764447884226,2,4,17768.708570672643,-24585.27957090735,42353.98814157999,42353.98814157999,105.00555419921875,3867.0146484375,3927.525634765625,4119.03662109375,10.0,0.1,2.0,5773,0.8241192,True
1086,6134,ok,True,True,20260908,5,analysis_activations,positive,False,4.968386235708668,5.6909709619302475,0.04698509096513771,0.1429434255966779,0.21676044603464376,0.378078597115306,0.6180769208673084,0.3819230791326916,0.3819230791326916,2.344815558359955,2,5,7760.309392724736,6463.723917858458,1296.5854748662787,1296.5854748662787,102.95610046386719,170.64222717285156,457.8035705566406,1025.208984375,10.0,0.1,2.0,995,0.20691921,False
1090,12108,ok,True,True,20260908,5,analysis_activations,positive,False,5.23335145905001,6.2691242746679645,0.11081974946667668,0.19926327743714214,0.33289600398123836,0.44638915470376533,0.5721444931954055,0.4278555068045945,0.4278555068045945,2.6305133426065432,2,4,23622.15697570049,22045.250816830885,1576.9061588696059,1576.9061588696059,108.5013427734375,267.7564697265625,917.6154296874997,1988.676513671875,10.0,0.1,2.0,3057,0.41131616,False
1104,8269,ok,True,True,20260908,5,analysis_activations,positive,False,5.370988063041136,6.781246102086939,0.23651008693901476,0.2167743846762058,0.486323027358375,0.4655903614511428,0.562849184087877,0.4371508159121229,0.4371508159121229,2.9622940151929793,2,4,20736.202199203883,19582.166531706116,1154.0356674977666,1154.0356674977666,90.5494384765625,374.76953125,1472.27919921875,1971.29150390625,10.0,0.1,2.0,2027,0.71731836,False
1108,3465,ok,True,True,20260908,5,analysis_activations,positive,False,5.367111284447378,6.3841693975510205,0.12896735807016116,0.2098577702956524,0.35912025572245454,0.45810235788047676,0.547496720540817,0.452503279459183,0.452503279459183,2.471001224416379,2,4,6858.784091350878,6565.248499965396,293.5355913854819,293.5355913854819,118.6385498046875,318.45574951171875,1077.60986328125,1826.621826171875,10.0,0.1,2.0,279,0.42195976,False
1116,31707,ok,True,True,20260908,5,analysis_activations,positive,False,5.817626497492051,7.293492288248996,0.3707191647751806,0.44011760978219666,0.6088671158595943,0.6634136038567469,0.6580216723969827,0.34197832760301716,0.34197832760301716,2.317902401518263,2,5,86113.56865450539,83888.92993064917,2224.6387238562165,2224.6387238562165,96.23486328125,509.9361572265625,3046.3345703125,4110.80810546875,10.0,0.1,2.0,5192,0.88463247,False
1118,15751,ok,True,True,20260908,5,analysis_activations,positive,False,4.956291532435548,5.4876118092481505,0.03189870207056971,0.07450465865181398,0.17860207745311843,0.27295541513553817,0.5694972279325268,0.4305027720674731,0.4305027720674731,2.303529166127027,2,5,11250.302016903754,9259.856796423837,1990.4452204799163,1990.4452204799163,106.66975402832031,168.60694885253906,338.7573699951172,692.596435546875,10.0,0.1,2.0,4209,0.11945877,False
1119,3630,ok,True,True,20260908,5,analysis_activations,positive,False,4.955095470716679,5.868012479725998,0.10574690113308274,0.20962439025749055,0.325187486126208,0.4578475622491514,0.5672769266671469,0.4327230733328531,0.4327230733328531,2.298980133240835,2,5,6561.367753258606,6229.2717738805995,332.09597937800663,332.09597937800663,82.20121765136719,194.88846588134766,610.5613281249999,1331.826171875,10.0,0.1,2.0,1591,0.35537678,False
1122,23149,ok,True,True,20260908,5,analysis_activations,positive,False,5.05765662455058,6.072114586785667,0.1425273935729486,0.21645533821995688,0.37752800369369766,0.46524760958005673,0.513885785462464,0.486114214537536,0.486114214537536,2.394485844304478,2,4,46473.74502681132,45003.394500682596,1470.350526128721,1470.350526128721,81.809814453125,247.424072265625,810.9349365234372,1622.791259765625,10.0,0.1,2.0,2892,0.43556336,False
1126,59729,ok,True,True,20260908,5,analysis_activations,positive,False,5.36265927362535,6.518582994406644,0.15262960245956442,0.20692892202122884,0.39067838749995426,0.45489440755105887,0.5295145794224345,0.47048542057756554,0.47048542057756554,2.7262104555363478,2,4,129430.39086709282,123098.33295470147,6332.0579123913485,6332.0579123913485,110.32513427734375,349.23065185546875,1231.2697265624997,2302.62060546875,10.0,0.1,2.0,5664,0.5110552,False
1149,19079,ok,True,True,20260908,5,analysis_activations,positive,False,4.99289252371921,5.398697495834552,0.015037318382709249,0.0524448477015952,0.12262674415766427,0.22900840094109037,0.5988645246795988,0.4011354753204012,0.4011354753204012,2.209214345001263,2,7,3318.659007574982,-839.3597047147093,4158.018712289691,4158.018712289691,121.739990234375,162.57498168945312,287.5825378417968,614.0858154296875,10.0,0.1,2.0,3183,0.069605134,False
1164,734,ok,True,True,20260908,5,analysis_activations,positive,False,5.063706196647311,6.5543277393102,0.20376239444412267,0.28181835863726146,0.45140048121831094,0.5308656691077899,0.5669958069137657,0.4330041930862344,0.4330041930862344,3.0251830548832124,2,3,1916.7161151900634,1805.7568655445857,110.95924964547771,110.95924964547771,77.49871826171875,264.23313903808594,1346.122204589844,1854.6075439453125,10.0,0.1,2.0,309,0.78414345,False
1188,22910,ok,True,True,20260908,5,analysis_activations,positive,False,5.185116563154552,6.153237150639083,0.10461556256791783,0.1651084494631445,0.323443291115951,0.40633539036508315,0.5382010393085567,0.4617989606914433,0.4617989606914433,2.636238195072197,2,4,41976.97397098964,39534.89667330416,2442.0772976854787,2442.0772976854787,104.3680419921875,265.113037109375,795.7306518554686,1477.131591796875,10.0,0.1,2.0,4700,0.3655123,False
1190,31540,ok,True,True,20260908,5,analysis_activations,positive,False,4.983265051739021,5.2615940983529725,0.007185768697695919,0.030267509144133377,0.08476891351017729,0.17397559927798317,0.6322106579839583,0.36778934201604185,0.36778934201604185,2.0338953978629255,2,7,-17413.852352944232,-25797.991037039483,8384.138684095251,8384.138684095251,127.90011596679688,153.54517364501953,231.13469085693356,440.88677978515625,10.0,0.1,2.0,4345,0.03368743,False
1193,9935,ok,True,True,20260908,5,analysis_activations,positive,False,4.791310765155985,5.058005883395881,0.0064508394251624095,0.026859840137336013,0.0803171178838136,0.16388971943760236,0.6005778628403347,0.3994221371596653,0.3994221371596653,2.066513837228495,2,8,-6088.7059852286875,-8537.423615646561,2448.717630417874,2448.717630417874,106.29254150390625,127.6724853515625,189.75787353515622,345.1334533691406,10.0,0.1,2.0,3141,0.03166692,False
1201,14191,ok,True,True,20260908,5,analysis_activations,positive,False,4.977075988853269,5.394072049618605,0.017600513118449145,0.06455472793396012,0.13266692548803996,0.25407622465307556,0.6224117364656546,0.3775882635343453,0.3775882635343453,2.057450110056162,2,6,3757.2223293478282,576.1703410771594,3181.051988270669,3181.051988270669,118.47012329101562,158.78289794921875,292.4461975097656,623.25439453125,10.0,0.1,2.0,2649,0.07619998,False
1206,13106,ok,True,True,20260908,5,analysis_activations,positive,False,4.962746259009775,5.639267957141374,0.054792516470062835,0.08671391942505585,0.23407801364088604,0.294472272761046,0.5283668747314678,0.47163312526853224,0.47163312526853224,2.5433646563500982,2,4,15018.87715495576,13867.3471602177,1151.5299947380609,1151.5299947380609,96.302734375,189.71542358398438,410.1841735839844,750.5198364257812,10.0,0.1,2.0,367,0.18391244,False
1207,3261,ok,True,True,20260908,5,analysis_activations,positive,False,5.374711559866934,5.912426394863988,0.030494393917958117,0.08160531519478498,0.1746264410619369,0.2856664404419689,0.6067581177012119,0.3932418822987881,0.3932418822987881,2.2712491270050177,2,5,2344.9186066741036,1815.0975360723485,529.8210706017551,529.8210706017551,165.9429168701172,249.8871612548828,514.1199340820312,988.9624633789062,10.0,0.1,2.0,983,0.1196177,False
1225,18093,ok,True,True,20260908,5,analysis_activations,positive,False,5.365794021514976,6.5953075074794665,0.178324036500364,0.1998985786843858,0.42228430766530267,0.4471001886427535,0.4877045604330273,0.5122954395669727,0.4877045604330273,2.827317282589828,2,4,41101.74681520298,39129.81824804284,1971.9285671601465,1971.9285671601465,103.0211181640625,402.0069580078125,1327.5459960937492,2172.360107421875,10.0,0.1,2.0,4503,0.5671037,False
1232,25475,ok,True,True,20260908,5,analysis_activations,positive,False,5.3334718727899615,6.463558017620344,0.16802053553193055,0.1694982070589297,0.4099030806567945,0.4117015995340918,0.4467666908545611,0.5532333091454389,0.4467666908545611,2.7509177210865405,2,4,53854.62328513435,51391.77317839008,2462.8501067442703,2462.8501067442703,100.283935546875,401.4573974609375,1120.3134521484374,2019.8289794921875,10.0,0.1,2.0,3925,0.484509,False
1240,6417,ok,True,True,20260908,5,analysis_activations,positive,False,4.825037491073163,5.59635743426098,0.06682942058291567,0.1619261247343749,0.25851386922738917,0.40240045319852075,0.5713348996871461,0.42866510031285376,0.42866510031285376,2.2806767911482244,2,5,9416.470819268676,8607.281867262613,809.1889520060631,809.1889520060631,82.572998046875,159.03927612304688,436.76263427734364,1213.386962890625,10.0,0.1,2.0,2230,0.2533389,False
1260,2419,ok,True,True,20260908,5,analysis_activations,positive,False,5.578055249216334,6.357493106091449,0.04963093457802874,0.09246866455006535,0.22278001386576116,0.3040866069889717,0.6171469810841483,0.38285301891585155,0.38285301891585155,2.924152828089314,2,4,3100.288263044536,2612.3720558633277,487.9162071812084,487.9162071812084,189.94068908691406,323.1787109375,825.1563049316405,1241.62890625,10.0,0.1,2.0,511,0.20966044,False
1282,11969,ok,True,True,20260908,5,analysis_activations,positive,False,5.100975087400132,5.435766543494985,0.010042202748404743,0.036509380941382084,0.10021079157657993,0.19107428121383077,0.6316018375222671,0.36839816247773294,0.36839816247773294,2.1944320314599786,2,6,-2901.991699500665,-5854.744443987954,2952.7527444872885,2952.7527444872885,141.1380615234375,175.6211395263672,284.6729614257813,495.57977294921875,10.0,0.1,2.0,3285,0.045875505,False
1295,11647,ok,True,True,20260908,5,analysis_activations,positive,False,4.814789700561388,5.13199292882487,0.00870859941279975,0.03857194646456854,0.09331987683660835,0.19639741969936503,0.6016051709451177,0.3983948290548823,0.3983948290548823,2.0630576089523385,2,9,-3119.4532308614057,-6190.4089892074835,3070.955758346078,3070.955758346078,106.69012451171875,131.98162841796875,211.91817626953124,375.6676330566406,10.0,0.1,2.0,2870,0.04472443,False
1297,23673,ok,True,True,20260908,5,analysis_activations,positive,False,5.430223929837561,6.897116480343935,0.23374609974924834,0.20357238872911965,0.4834729565852141,0.45118996966812064,0.5233534411435558,0.47664655885644436,0.47664655885644436,3.136999010443123,2,3,60583.69887028447,56611.47448307189,3972.2243872125764,3972.2243872125764,99.466064453125,449.0679931640625,1696.5123535156247,2821.964111328125,10.0,0.1,2.0,4158,0.7561632,False
1298,35110,ok,True,False,20260908,5,analysis_activations,positive,False,4.900360074254752,5.115354339528698,0.004213163714186512,0.0198177747669127,0.06490888779039826,0.1407756185101408,0.6410079437192723,0.3589920562807277,0.3589920562807277,1.9613563586822962,2,7,-36909.95381659044,-47224.64264810871,10314.688831518273,10314.688831518273,121.43171691894531,138.86585235595703,191.38198242187488,400.997314453125,10.0,0.1,2.0,4013,0.020451276,False
1300,15352,ok,True,True,20260908,5,analysis_activations,positive,False,5.394630483483351,6.756084407067141,0.16077054104510413,0.24462292086420995,0.4009620194545914,0.494593692705649,0.6474480082781907,0.3525519917218093,0.3525519917218093,3.0239846031312205,2,3,36083.8371649196,32968.70092994192,3115.1362349776755,3115.1362349776755,115.17129516601562,304.3621063232422,1499.4246643066406,3222.17919921875,10.0,0.1,2.0,2918,0.6134619,False
1308,24906,ok,True,True,20260908,5,analysis_activations,positive,False,4.956727730479697,5.51904772394427,0.03223346931269739,0.11275698289058515,0.17953681882192685,0.3357930655784678,0.6245142670001843,0.3754857329998157,0.3754857329998157,2.088472787836537,2,6,21123.084359865876,15700.663025006666,5422.421334859209,5422.421334859209,108.38677978515625,161.10665893554688,361.9875183105469,925.3184814453125,10.0,0.1,2.0,2345,0.13662164,False
1315,3548,ok,True,True,20260908,5,analysis_activations,positive,False,4.6349611833306605,5.361933696251565,0.034318062397215306,0.20950542548588813,0.1852513492453302,0.45771762636574104,0.6429559641755792,0.35704403582442085,0.35704403582442085,2.082069481470771,2,11,4683.675529066192,3262.4529666775234,1421.2225623886688,1421.2225623886688,79.14349365234375,115.27336120605469,357.9604034423828,1003.8184814453125,10.0,0.1,2.0,945,0.21825074,False
1326,84857,ok,True,True,20260908,5,analysis_activations,positive,False,5.318711824024414,6.407295750282249,0.12669557530086978,0.17088063324510672,0.355943219209005,0.4133771077903404,0.5152625216592917,0.4847374783407084,0.4847374783407084,2.822135177182565,2,4,171955.70748507557,161905.11698183432,10050.590503241256,10050.590503241256,113.10101318359375,333.2752685546875,1035.022216796875,2053.662109375,10.0,0.1,2.0,5735,0.44409066,False
1332,5738,ok,True,True,20260908,5,analysis_activations,positive,False,5.622734102044069,5.970049118055848,0.009765153402158975,0.015159410747329545,0.09881879073414618,0.12312355886397024,0.5148011612411916,0.4851988387588083,0.4851988387588083,3.1111773740864614,2,3,-1819.3846482481763,-2731.3891288737527,912.0044806255764,912.0044806255764,193.65228271484375,319.0635528564453,459.8109786987304,601.3408813476562,10.0,0.1,2.0,5738,0.04251923,False
1333,37158,ok,True,True,20260908,5,analysis_activations,positive,False,5.172211690951285,6.112288134762593,0.10302708727927139,0.20114739475520402,0.32097832836388096,0.44849458720836755,0.5564412630663405,0.4435587369336595,0.4435587369336595,2.4105535273791916,2,4,67987.17173586974,64088.43752437572,3898.7342114940184,3898.7342114940184,104.22808837890625,248.2122802734375,804.7249023437506,2071.850830078125,10.0,0.1,2.0,4797,0.3646776,False
1341,38575,ok,True,True,20260908,5,analysis_activations,positive,False,5.307306787740882,6.390556043803889,0.1885102007018017,0.20017120373483716,0.4341776142338544,0.4474049661490551,0.42602573105546504,0.573974268944535,0.42602573105546504,2.45723399849696,2,4,81350.83158704256,79313.57765411965,2037.253932922904,2037.253932922904,93.17282104492188,389.3087158203125,1124.529711914062,2084.000244140625,10.0,0.1,2.0,4115,0.4821481,False
1351,39666,ok,True,True,20260908,5,analysis_activations,positive,False,5.255212228051914,6.219635471135284,0.1089086019326651,0.16244322493456811,0.3300130329739495,0.4030424604611382,0.527143110737456,0.4728568892625439,0.4728568892625439,2.618281224693932,2,4,72726.24236160582,68983.38898066178,3742.8533809440414,3742.8533809440414,110.22662353515625,288.73712158203125,854.3352355957031,1679.57763671875,10.0,0.1,2.0,4987,0.36607373,False
1353,18514,ok,True,True,20260908,5,analysis_activations,positive,False,5.378136529990023,6.593743928852505,0.18614400352183783,0.21968641941750514,0.43144409084125585,0.4687071787561026,0.5179027889800222,0.48209721101997777,0.48209721101997777,2.6985845666456196,2,4,42194.09535043714,40476.73796023162,1717.3573902055214,1717.3573902055214,102.0296630859375,378.124267578125,1339.381115722656,2647.1533203125,10.0,0.1,2.0,4619,0.57129514,False
1384,9820,ok,True,True,20260908,5,analysis_activations,positive,False,5.08585664555717,5.8601517628282025,0.06407447250141339,0.14434981424461457,0.2531293592245147,0.37993396037287136,0.5612799207897702,0.4387200792102299,0.4387200792102299,2.3985421590971505,2,5,14151.340858634443,12895.414161689498,1255.9266969449454,1255.9266969449454,108.22842407226562,209.833984375,566.8698181152341,1258.1982421875,10.0,0.1,2.0,1022,0.24694866,False
1392,5706,ok,True,True,20260908,5,analysis_activations,positive,False,4.828623436519816,5.1579266195120255,0.009813453840051752,0.041596674867122825,0.09906287821405026,0.20395262897820862,0.6211717378737655,0.3788282621262345,0.3788282621262345,2.0539344573894827,2,7,-1191.6449739975956,-2676.3248252359494,1484.6798512383539,1484.6798512383539,107.25386047363281,132.97801208496094,217.27080535888672,404.76593017578125,10.0,0.1,2.0,1992,0.047379185,False
1396,23195,ok,True,True,20260908,5,analysis_activations,positive,False,4.921514735546056,5.209711314824499,0.007800666343580537,0.03153139427816864,0.08832138101037901,0.1775708148265605,0.6170594231521184,0.3829405768478817,0.3829405768478817,2.055088218877795,2,7,-10932.603417691042,-16665.220381870084,5732.616964179042,5732.616964179042,119.69718933105469,145.6037139892578,222.08484191894527,423.14031982421875,10.0,0.1,2.0,2474,0.036514834,False
1438,20833,ok,True,False,20260908,5,analysis_activations,positive,False,4.872479335270152,5.08981972521633,0.0039096679611882144,0.020258298168127752,0.0625273377107023,0.14233164851194463,0.6055943945845589,0.3944056054154412,0.3944056054154412,1.9771307376028218,2,9,-20716.718048098493,-26973.368784565464,6256.650736466971,6256.650736466971,118.31669616699219,135.9547882080078,190.53096008300778,320.21270751953125,10.0,0.1,2.0,3769,0.02164027,False
1447,22599,ok,True,True,20260908,5,analysis_activations,positive,False,5.290759028837451,6.229368678076947,0.097037150543751,0.21237133535566116,0.3115078659420192,0.46083764533256305,0.5338797133716191,0.46612028662838095,0.46612028662838095,2.3863486881299902,2,5,41686.054552632544,39163.990447156626,2522.064105475918,2522.064105475918,120.9556884765625,285.20660400390625,947.9097900390619,1843.9482421875,10.0,0.1,2.0,4737,0.3700483,False
1454,2134,ok,True,True,20260908,5,analysis_activations,positive,False,4.944845862437636,5.688518260515362,0.04621871153568965,0.16796772148718328,0.21498537516698582,0.40983865299308125,0.5816224900606605,0.4183775099393396,0.4183775099393396,2.27248320028825,2,9,2951.0858923387445,2480.3903340926977,470.69555824604686,470.69555824604686,101.61529541015625,172.06532287597656,481.0874145507811,1043.0714111328125,10.0,0.1,2.0,1052,0.23184116,False
1503,17667,ok,True,True,20260908,5,analysis_activations,positive,False,5.257645395327502,6.46152097802437,0.16416816632426268,0.20049327012862206,0.40517670999733274,0.44776474864444393,0.4318096576592656,0.5681903423407344,0.4318096576592656,2.8193674712272814,2,4,39283.1443165642,37533.85928519854,1749.28503136566,1749.28503136566,98.013671875,401.209228515625,1213.2471191406266,2367.360107421875,10.0,0.1,2.0,1819,0.54042596,False
1510,672,ok,True,True,20260908,5,analysis_activations,positive,False,4.962869112692743,5.820146122930743,0.06635450291874238,0.12752289289208876,0.257593677947931,0.35710347644917817,0.6464935947690861,0.35350640523091403,0.35350640523091403,2.753420784209709,2,4,1004.2539680953793,891.7950664346633,112.45890166071592,112.45890166071592,96.2711181640625,175.20884704589844,524.0947784423828,718.2928466796875,10.0,0.1,2.0,210,0.25631747,False
1514,27830,ok,True,True,20260908,5,analysis_activations,positive,False,5.461902322084085,6.968447830918896,0.2195757261779908,0.21915316343531605,0.4685890803016976,0.4681379747844817,0.5036764249070297,0.49632357509297037,0.49632357509297037,3.216615397108308,2,3,72323.85458150152,67156.9279162557,5166.926665245817,5166.926665245817,108.120849609375,494.9169464111328,1888.1526428222655,2531.71484375,10.0,0.1,2.0,3618,0.78678024,False
1518,4851,ok,True,False,20260908,5,analysis_activations,positive,False,4.849935681854769,5.0226965381996065,0.00307357159534524,0.013414961707257374,0.05543980154496623,0.11582297573131754,0.6585743451600838,0.34142565483991616,0.34142565483991616,1.902695684057903,2,5,-7167.492301511796,-8474.891620628125,1307.399319116329,1307.399319116329,117.24641418457031,130.71206665039062,169.7625961303711,275.3386535644531,10.0,0.1,2.0,1726,0.013317225,False
1527,18441,ok,True,True,20260908,5,analysis_activations,positive,False,5.084229195967699,5.752784800220574,0.05310129378337747,0.1160711155524258,0.2304371796897746,0.34069211254800985,0.5826402913244294,0.4173597086755707,0.4173597086755707,2.298728944314444,2,5,21539.159649189656,19307.883568193192,2231.276080996464,2231.276080996464,111.55584716796875,199.8951416015625,477.47943115234375,1265.9293212890625,10.0,0.1,2.0,3946,0.18808034,False
1530,29837,ok,True,True,20260908,5,analysis_activations,positive,False,5.1401178830688785,5.868688775828707,0.06976453289609263,0.12719088830165898,0.26412976525960236,0.3566383158070077,0.5179436490458792,0.48205635095412075,0.48205635095412075,2.3216825911654553,2,5,40840.93112940321,38620.1652795725,2220.7658498307064,2220.7658498307064,109.73284912109375,233.24945068359375,564.975317382812,1429.990966796875,10.0,0.1,2.0,4870,0.2299857,False
1531,23717,ok,True,True,20260908,5,analysis_activations,positive,False,5.350912402878634,6.578418680208695,0.22248675662016576,0.16122781769332134,0.471685018439388,0.40153183895342764,0.3672558584048427,0.6327441415951572,0.3672558584048427,2.802428700601667,2,4,52441.06902157138,49090.31145889946,3350.757562671919,3350.757562671919,89.29315185546875,522.4066772460938,1278.0848388671877,2087.27099609375,10.0,0.1,2.0,3490,0.533889,False
1540,6096,ok,True,True,20260908,5,analysis_activations,positive,False,4.858453131254524,5.332787564031058,0.023146682681835996,0.08410650019451026,0.15214033877258193,0.29001120701536737,0.6025811444055121,0.3974188555944878,0.3974188555944878,2.0483046700999425,2,6,3356.4773612068834,2108.5122293398904,1247.965131866993,1247.965131866993,102.09024047851562,144.74588012695312,286.3259048461914,635.0989990234375,10.0,0.1,2.0,1839,0.10126953,False
1546,12928,ok,True,True,20260908,5,analysis_activations,positive,False,5.180447258659619,5.8472061368266655,0.05257216018948997,0.10389909616096589,0.22928619711942969,0.3223338272055322,0.5549722114471706,0.4450277885528294,0.4450277885528294,2.38378191292022,2,5,14907.077881367923,13555.158217135442,1351.9196642324805,1351.9196642324805,122.1212158203125,226.56854248046875,523.6908874511718,1035.6025390625,10.0,0.1,2.0,3486,0.18522547,False
1561,3239,ok,True,False,20260908,5,analysis_activations,positive,False,4.8576308815075455,5.519433105730868,0.02542566345942061,0.23560072569731483,0.15945426761118878,0.4853871915258115,0.6978973865540653,0.30210261344593475,0.30210261344593475,1.8318968353678164,2,9,3676.4436457088655,1874.7292140337624,1801.714431675103,1801.714431675103,102.82503509521484,135.98416137695312,384.3176147460937,1519.9005126953125,10.0,0.1,2.0,606,0.18131776,False
1567,709,ok,True,True,20260908,5,analysis_activations,positive,False,5.174205431586578,5.914415082638834,0.029927537614183954,0.08181313400745456,0.1729957733997682,0.2860299529899877,0.5839710667399359,0.416028933260064,0.416028933260064,3.131584266095184,2,6,827.3840015512484,626.214903512042,201.16909803920635,201.16909803920635,125.28765869140625,208.40826416015625,473.7835693359375,820.5986328125,10.0,0.1,2.0,661,0.18488756,False
1578,29604,ok,True,True,20260908,5,analysis_activations,positive,False,4.868533031537294,5.159222760414811,0.007439172669674189,0.034516889311160946,0.08625063866241334,0.18578721514453286,0.5914985428769627,0.4085014571230373,0.4085014571230373,2.0069997829361683,2,9,-12070.959145672183,-19869.189223019384,7798.230077347202,7798.230077347202,113.66787719726562,138.64224243164062,215.54643707275378,404.68231201171875,10.0,0.1,2.0,4489,0.03891829,False
1593,17880,ok,True,True,20260908,5,analysis_activations,positive,False,5.253526007895505,6.159563234962769,0.10142990085464369,0.16290631073544257,0.31848061299652713,0.4036165392243516,0.5535760372406846,0.4464239627593154,0.4464239627593154,2.4921989535651803,2,4,31032.12710203563,29426.337669720513,1605.7894323151158,1605.7894323151158,111.79327392578125,270.77130126953125,802.8850524902343,1554.8968505859375,10.0,0.1,2.0,3862,0.33176005,False
1606,515,ok,True,False,20260908,5,analysis_activations,positive,False,4.882022553866886,5.388872121778247,0.026224221129154367,0.11461089407468161,0.16193894259613517,0.33854230765841015,0.6796146878097493,0.3203853121902507,0.3203853121902507,1.9100230211172882,2,6,339.47816834459786,210.31633017784998,129.16183816674788,129.16183816674788,103.49609375,142.40408325195312,300.4633605957031,732.3202514648438,10.0,0.1,2.0,123,0.110692255,False
1609,17866,ok,True,True,20260908,5,analysis_activations,positive,False,5.173267772027667,6.015308677592971,0.06248380742348836,0.10536193214446431,0.24996761274910867,0.32459502791087896,0.546535615012386,0.4534643849876138,0.4534643849876138,2.906651917308455,2,4,26492.00961589515,23625.915661327443,2866.0939545677065,2866.0939545677065,119.28748321533203,242.12445068359375,617.4561462402344,1026.0438232421875,10.0,0.1,2.0,3974,0.25766283,False
1619,34509,ok,True,False,20260908,5,analysis_activations,positive,False,4.91688777384565,5.409553665773165,0.02216314177006302,0.09930595818452856,0.14887290475456916,0.3151284788535123,0.6358243397656622,0.36417566023433773,0.36417566023433773,1.9991003143962067,2,7,20652.823724606933,10886.39440739951,9766.429317207423,9766.429317207423,109.43463134765625,149.7432861328125,314.95229492187497,811.46630859375,10.0,0.1,2.0,3349,0.10646038,False
1635,61550,ok,True,True,20260908,5,analysis_activations,positive,False,4.918934126683383,5.252611873000477,0.009746376586090353,0.0448171796475764,0.09872373871612822,0.2117006840980359,0.605324745811465,0.394675254188535,0.394675254188535,2.0201839079465658,2,9,-9464.132378970822,-26245.18356367025,16781.051184699427,16781.051184699427,117.65340423583984,146.7067108154297,242.3085021972656,523.8301391601562,10.0,0.1,2.0,4500,0.05018796,True
1642,3187,ok,True,True,20260908,5,analysis_activations,positive,False,5.255987083031222,6.00074965314531,0.045516316011540506,0.16936174128670872,0.21334553196994893,0.41153583232412305,0.5948245870276231,0.40517541297237697,0.40517541297237697,2.272148988440779,2,9,4367.915945720322,3617.7026527470384,750.2132929732838,750.2132929732838,138.91839599609375,230.84420776367188,682.8257873535154,1204.4757080078125,10.0,0.1,2.0,788,0.229447,False
1645,43188,ok,True,True,20260908,5,analysis_activations,positive,False,6.115356922866442,7.496582853223414,0.5466792637534098,0.03781772474407431,0.7393776191861705,0.1944677987330404,0.5732968668424394,0.42670313315756064,0.42670313315756064,2.554986335763006,2,22,112743.11898781802,91608.82751164158,21134.29147617644,21134.29147617644,109.26849365234375,1062.1013793945312,2230.185437011719,2703.087158203125,10.0,0.1,2.0,4215,0.7962599,True
1657,723,ok,True,True,20260908,5,analysis_activations,positive,False,4.5589147414534805,5.6781886588992325,0.14082823852200613,0.31879388260660785,0.37527088685642285,0.5646183512839517,0.5081116104185985,0.4918883895814014,0.4918883895814014,2.3348066412694535,2,5,1621.4249562122332,1567.7210261100918,53.703930102141385,53.703930102141385,51.9693603515625,152.0224609375,610.2667419433593,1420.340576171875,10.0,0.1,2.0,263,0.5422279,False
1678,1000,ok,True,True,20260908,5,analysis_activations,positive,False,4.834887312422393,5.705488858917344,0.046499034954339595,0.29917900913037165,0.21563634887082372,0.5469725853554012,0.5315316702077229,0.4684683297922772,0.4684683297922772,2.0941053875832805,2,12,1812.1143120146378,1520.8206624762042,291.29364953843356,291.29364953843356,89.164794921875,158.5008544921875,570.3242187499999,2103.41650390625,10.0,0.1,2.0,365,0.35395762,False
1685,28524,ok,True,True,20260908,5,analysis_activations,positive,False,5.124725352872186,5.898843664090922,0.06631924432466083,0.1461606357258743,0.2575252304623002,0.38230960715874546,0.5712357238109211,0.42876427618907886,0.42876427618907886,2.3749990053478407,2,5,41118.63526272055,37487.18235256162,3631.4529101589287,3631.4529101589287,111.29339599609375,216.52999877929688,590.2077270507813,1292.0078125,10.0,0.1,2.0,4978,0.24733356,False
1696,3928,ok,True,True,20260908,5,analysis_activations,positive,False,5.246482752457071,6.035124886860388,0.07736599384497526,0.15450232925527263,0.27814743185040425,0.39306784306945364,0.5519339493475116,0.44806605065248845,0.44806605065248845,2.3161904331030696,2,5,5958.184204545407,5588.839915789523,369.344288755884,369.344288755884,122.1693115234375,254.80480194091797,712.4767456054688,1269.648193359375,10.0,0.1,2.0,770,0.26580617,False
1701,21885,ok,True,False,20260908,5,analysis_activations,positive,False,4.890392086994851,5.086963334305847,0.0035146542216365974,0.017003893620992507,0.05928451924100083,0.1303989786040999,0.6317732695485803,0.3682267304514197,0.3682267304514197,1.9407146337737202,2,8,-26447.756412365758,-32847.14703846419,6399.3906260984295,6399.3906260984295,121.13145446777344,137.23472595214844,184.45733947753905,341.3271484375,10.0,0.1,2.0,3309,0.017470634,False
1703,38111,ok,True,True,20260908,5,analysis_activations,positive,False,5.348547592102243,6.399128995532831,0.12115902606416722,0.15406492914616793,0.3480790514583824,0.39251105608144077,0.46548992686598256,0.5345100731340174,0.46548992686598256,2.8320543975980415,2,4,74507.00737421417,70290.86435513623,4216.143019077936,4216.143019077936,119.9962158203125,372.59185791015625,1033.8023681640625,1741.67822265625,10.0,0.1,2.0,5116,0.41337085,False
1706,2318,ok,True,True,20260908,5,analysis_activations,positive,False,5.081204728039726,6.613016250737965,0.2649599605764795,0.26136597559224284,0.5147426158542534,0.5112396459511359,0.48734136096565733,0.5126586390343428,0.48734136096565733,2.986021594150437,2,3,6215.209576621387,5921.483786451445,293.72579016994223,293.72579016994223,64.3525390625,357.6672668457031,1487.0537841796877,1977.721435546875,10.0,0.1,2.0,1307,0.8497183,False
1729,11593,ok,True,True,20260908,5,analysis_activations,positive,False,5.051446834193401,5.785241092560045,0.06554638655208779,0.12993408689707978,0.25602028543083805,0.3604637109295189,0.5446415962772456,0.4553584037227543,0.4553584037227543,2.3471325484530103,2,5,15799.611880456452,14681.226127692697,1118.3857527637556,1118.3857527637556,103.30596923828125,206.67425537109375,513.7048706054687,1089.013671875,10.0,0.1,2.0,3206,0.2284258,False
1734,12421,ok,True,True,20260908,5,analysis_activations,positive,False,4.912768661203579,5.473256540966149,0.03091342219184712,0.07747835393873394,0.1758221322582772,0.27834933795274946,0.5820076002702899,0.41799239972971014,0.41799239972971014,2.407592917609778,2,5,9616.984616605161,7632.198381835616,1984.7862347695454,1984.7862347695454,103.0447998046875,160.485595703125,334.60491943359375,604.7308349609375,10.0,0.1,2.0,2995,0.12681016,False
1739,5031,ok,True,True,20260908,5,analysis_activations,positive,False,5.161272019120314,5.8054302162852816,0.04424224721082948,0.07601127077855639,0.21033841116360436,0.27570141598939313,0.5787983078715412,0.4212016921284588,0.4212016921284588,2.626991335384418,2,4,5036.209903170554,4396.701891267693,639.5080119028607,639.5080119028607,125.40745544433594,218.423095703125,457.5823516845703,732.81787109375,10.0,0.1,2.0,906,0.15881246,False
1751,94339,ok,True,True,20260908,5,analysis_activations,positive,False,5.113849205314375,5.82695693497187,0.06214436361573135,0.10268412203851418,0.24928771252456738,0.32044363316894625,0.536354284050169,0.46364571594983095,0.46364571594983095,2.4840138185704976,2,4,119339.25091874559,111062.23847749096,8277.012441254628,8277.012441254628,109.8106689453125,221.810546875,513.3008544921872,1116.5283203125,10.0,0.1,2.0,5346,0.20739782,False
1766,19574,ok,True,False,20260908,5,analysis_activations,positive,False,4.912941748771423,5.117797787565313,0.00364791122935269,0.01834038811716273,0.06039794060522834,0.13542668908735356,0.6328833380169856,0.36711666198301435,0.36711666198301435,1.9537453084643528,2,8,-22225.85240377863,-28240.645798038426,6014.793394259796,6014.793394259796,123.69062805175781,140.4791259765625,191.5159698486328,309.47259521484375,10.0,0.1,2.0,3903,0.018792154,False
1816,7518,ok,True,True,20260908,5,analysis_activations,positive,False,4.904439946603,5.474908072519759,0.03468592118281863,0.10711806577594435,0.18624156674281558,0.32728896372463334,0.5988886490141134,0.4011113509858865,0.4011113509858865,2.142407898831702,2,6,6673.877043034001,5346.006688872541,1327.8703541614595,1327.8703541614595,100.76187133789062,156.55126953125,344.05908813476555,1000.2080078125,10.0,0.1,2.0,589,0.14193304,False
1822,7668,ok,True,True,20260908,5,analysis_activations,positive,False,5.016387394735829,5.754966009270122,0.05932666860676677,0.1483857076716719,0.2435706645036852,0.38520865472062266,0.5788534653774513,0.42114653462254875,0.42114653462254875,2.29182018059729,2,5,10503.096396973766,9440.213641180117,1062.8827557936493,1062.8827557936493,102.645263671875,189.66671752929688,500.2911926269529,1256.183349609375,10.0,0.1,2.0,1978,0.22984521,False
1834,12413,ok,True,False,20260908,5,analysis_activations,positive,False,4.8846346324215295,5.102575581569611,0.003724648277661619,0.021028684892897064,0.06102989658898022,0.14501270597053578,0.6055110143116874,0.3944889856883126,0.3944889856883126,1.9590115301245594,2,11,-12190.431716101655,-16211.048848869685,4020.6171327680295,4020.6171327680295,120.1024169921875,137.54501342773438,192.6892456054687,299.2207946777344,10.0,0.1,2.0,2502,0.02189739,False
1844,108571,ok,True,True,20260908,5,analysis_activations,positive,False,6.182517813783898,7.020976474461608,0.25791889757959374,0.07025747717825942,0.5078571625758505,0.2650612706116445,0.19912637031100688,0.8008736296889931,0.19912637031100688,2.0698696482388548,2,4,143614.52614490292,110306.16978427225,33308.35636063067,33308.35636063067,169.2474365234375,1047.8485107421875,1657.1224365234375,2414.77978515625,10.0,0.1,2.0,5895,0.21973462,True
1845,25458,ok,True,True,20260908,5,analysis_activations,positive,False,5.4706897941390675,6.734495331496306,0.2177782866898246,0.1691920529137574,0.4666672119292554,0.4113296158967373,0.4685244764439126,0.5314755235560874,0.4685244764439126,2.8731375122954548,2,4,58820.40342106836,55495.6030594902,3324.8003615781636,3324.8003615781636,104.47390747070312,487.5294952392578,1427.6396484375,2266.451904296875,10.0,0.1,2.0,4585,0.5896968,False
1858,27648,ok,True,True,20260908,5,analysis_activations,positive,False,4.880574393756128,5.568306257668278,0.05157544750437947,0.13796120961687644,0.2271022842341738,0.3714312986500686,0.5739589842069075,0.4260410157930924,0.4260410157930924,2.2340224649483442,2,5,34536.58150713309,30556.72629256567,3979.8552145674184,3979.8552145674184,91.76025390625,162.64398193359375,410.39756774902327,1157.750244140625,10.0,0.1,2.0,3385,0.2040417,False
1890,11245,ok,True,True,20260908,5,analysis_activations,positive,False,5.086956986102478,5.7739082195945075,0.041455544023374126,0.10564464309020409,0.20360634573454267,0.3250302187338957,0.6124632793298064,0.38753672067019357,0.38753672067019357,2.5329947691908075,2,5,12543.30453670796,10326.909108995249,2216.3954277127104,2216.3954277127104,117.67326354980469,192.325927734375,478.2372985839843,906.3141479492188,10.0,0.1,2.0,4358,0.17835331,False
1892,78052,ok,True,True,20260908,5,analysis_activations,positive,False,4.983417767770902,5.530633506057506,0.03066047152137703,0.08301453227156175,0.17510131787447242,0.28812242583936737,0.5970625570354077,0.40293744296459233,0.40293744296459233,2.2953086250873804,2,5,58463.890529844495,45305.89460135645,13157.995928488046,13157.995928488046,110.87100219726562,169.65953063964844,355.1409698486327,867.1445922851562,10.0,0.1,2.0,4874,0.12379568,True
1895,41300,ok,True,True,20260908,5,analysis_activations,positive,False,5.349959073730006,6.40966695187006,0.15457188530329635,0.18540567717974848,0.3931563115394389,0.43058759524601786,0.4844677979728754,0.5155322020271246,0.4844677979728754,2.5702539361999985,2,4,84333.48277553366,81398.85442204453,2934.6283534891263,2934.6283534891263,104.9676513671875,362.39739990234375,1102.0054931640623,1872.4990234375,10.0,0.1,2.0,4729,0.45094964,False
1903,61517,ok,True,True,20260908,5,analysis_activations,positive,False,5.042369724098757,5.449146378226135,0.01665175055611413,0.056500988998991274,0.12904166209451168,0.23769936684600418,0.6090486743272532,0.39095132567274676,0.39095132567274676,2.126942357059911,2,6,12425.22477048733,-282.776186963786,12708.000957451115,12708.000957451115,126.91896057128906,170.47605895996094,304.6121459960938,661.9157104492188,10.0,0.1,2.0,2520,0.07163052,True
1908,33096,ok,True,True,20260908,5,analysis_activations,positive,False,5.049593711727367,5.580332620920117,0.03181864869712852,0.07802670509919352,0.17837782568785987,0.27933260658074544,0.5761087387005172,0.42389126129948285,0.42389126129948285,2.2646707942075173,2,5,23824.447539963825,19414.883702322022,4409.563837641803,4409.563837641803,117.25265502929688,184.14901733398438,370.00762939453125,954.900634765625,10.0,0.1,2.0,4815,0.120197706,False
1909,4662,ok,True,True,20260908,5,analysis_activations,positive,False,5.198378116904236,6.014771310481789,0.09261886290829305,0.1973001075701296,0.30433347319723647,0.4441847673774165,0.5795803454958894,0.42041965450411056,0.42041965450411056,2.1442531473048803,2,5,7619.080071124861,7177.3241532547,441.7559178701613,441.7559178701613,109.99063110351562,237.61760711669922,715.601754760742,1670.928955078125,10.0,0.1,2.0,706,0.29909563,False
1914,41162,ok,True,True,20260908,5,analysis_activations,positive,False,5.294859186433051,6.464812469716857,0.1693409019637356,0.21138040204925196,0.4115105125798557,0.45976124461425844,0.5288162821735554,0.47118371782644464,0.47118371782644464,2.681513135521411,2,4,90717.33781456426,86835.35991137211,3881.97790319215,3881.97790319215,97.3992919921875,331.6180419921875,1178.4598022460932,2105.622802734375,10.0,0.1,2.0,4587,0.5302204,False
1916,7153,ok,True,True,20260908,5,analysis_activations,positive,False,5.049644658712166,5.6238273703948956,0.033289497531709004,0.08655800402649284,0.1824540970537768,0.29420741667485684,0.590021151145866,0.4099788488541341,0.4099788488541341,2.3455819850523087,2,5,5986.832398024721,4836.088900870082,1150.743497154639,1150.743497154639,117.1466064453125,183.83204650878906,397.49294433593747,733.91015625,10.0,0.1,2.0,1434,0.1348966,False
1922,14396,ok,True,True,20260908,5,analysis_activations,positive,False,4.9381774552101305,5.59529009803139,0.043559175042836365,0.12093409306046027,0.20870834924083984,0.34775579515007404,0.6170772026483131,0.3829227973516869,0.3829227973516869,2.291293675478137,2,5,15799.312646841267,13155.328783345045,2643.9838634962216,2643.9838634962216,100.39584350585938,163.75196838378906,401.2738952636719,925.989013671875,10.0,0.1,2.0,1133,0.17522942,False
1925,89448,ok,True,True,20260908,5,analysis_activations,positive,False,5.2312187676750375,5.988231506187379,0.0698125866918024,0.11664640201561405,0.2642207158642229,0.341535359832059,0.5320449250335378,0.46795507496646227,0.46795507496646227,2.4792854015151495,2,4,124103.0791488373,116368.49418739982,7734.584961437489,7734.584961437489,120.18096923828125,255.20477294921875,621.6003845214842,1512.06396484375,10.0,0.1,2.0,5173,0.23440616,False
1928,1517,ok,True,True,20260908,5,analysis_activations,positive,False,5.2151548328941315,6.024472266715127,0.06726438826499691,0.1145355986011203,0.2593537897640921,0.33843108397592603,0.5772248680429259,0.42277513195707395,0.42277513195707395,2.684336581420383,2,4,2198.9444987094294,2017.0054659673065,181.9390327421229,181.9390327421229,122.17578125,241.05540466308594,627.8487060546876,1138.77197265625,10.0,0.1,2.0,443,0.247254,False
1932,49651,ok,True,True,20260908,5,analysis_activations,positive,False,5.414787744057655,6.535670058204916,0.15119964109593112,0.21885710549499382,0.3888439804033632,0.46782165992501223,0.5581624462110969,0.44183755378890316,0.44183755378890316,2.6057986296681293,2,4,105601.31593309766,100609.28565197978,4992.030281117884,4992.030281117884,115.55181884765625,343.84783935546875,1263.58154296875,2282.1318359375,10.0,0.1,2.0,5474,0.49094355,False
1933,29228,ok,True,True,20260908,5,analysis_activations,positive,False,5.559299451159363,6.695041525336316,0.1932035562953435,0.22187027749434568,0.43954926492413054,0.4710310791172337,0.4957913285907593,0.5042086714092406,0.4957913285907593,2.4930560028669775,2,4,64415.9480236957,62644.87912795746,1771.0688957382445,1771.0688957382445,118.99853515625,457.0755615234375,1539.3498535156239,2881.15478515625,10.0,0.1,2.0,5062,0.5301282,False
1936,2958,ok,True,True,20260908,5,analysis_activations,positive,False,4.9455473061234585,5.253602666294561,0.007448775076098684,0.038560743770658046,0.08630628642282487,0.1963688971570041,0.5579015467607844,0.44209845323921565,0.44209845323921565,2.031046759360804,2,12,-788.441494339664,-1572.114400331921,783.6729059922569,783.6729059922569,123.53855895996094,152.0923309326172,242.25105895996094,441.280029296875,10.0,0.1,2.0,497,0.044623785,False
1956,18819,ok,True,True,20260908,5,analysis_activations,positive,False,5.23565123346083,6.011752647417428,0.06670211533000624,0.10733522457835186,0.2582675266656771,0.32762054968873955,0.5516668745402599,0.4483331254597401,0.4483331254597401,2.6309479377089797,2,4,26083.786479820574,24028.63676316422,2055.149716656353,2055.149716656353,123.11004638671875,252.66334533691406,621.1504699707029,1143.33544921875,10.0,0.1,2.0,4299,0.23390555,False
1993,32946,ok,True,True,20260908,5,analysis_activations,positive,False,5.239905129824087,6.160755975157327,0.11074066661167155,0.14272747325942917,0.3327772026621889,0.37779289731204474,0.4993392220454573,0.5006607779545426,0.4993392220454573,2.5866793742668923,2,4,57853.2449402714,55349.528114967055,2503.716825304342,2503.716825304342,106.42254638671875,293.92706298828125,787.6953430175781,1530.511962890625,10.0,0.1,2.0,4788,0.33875316,False
2002,5731,ok,True,True,20260908,5,analysis_activations,positive,False,5.192651599522634,5.913622377397289,0.0755370188644419,0.05680330850592823,0.2748399877464011,0.23833444674643284,0.41830625222605133,0.5816937477739488,0.41830625222605133,2.8027641765233495,2,4,6797.195269529855,5993.7965741870385,803.3986953428166,803.3986953428166,114.14043426513672,284.66448974609375,508.7099914550781,623.0359497070312,10.0,0.1,2.0,5731,0.19115259,False
2005,22209,ok,True,True,20260908,5,analysis_activations,positive,False,4.83409325448889,5.126683613330995,0.007569321431854192,0.03258357344966485,0.08700184728989489,0.180509205996993,0.6089244101590399,0.39107558984096014,0.39107558984096014,2.06498346506454,2,8,-9734.79421095615,-15551.131865024905,5816.337654068755,5816.337654068755,109.72886657714844,133.56028747558594,205.87746276855466,394.92633056640625,10.0,0.1,2.0,4195,0.037739016,False
2013,68361,ok,True,True,20260908,5,analysis_activations,positive,False,5.194220698921518,6.49253568580584,0.23374775634622527,0.1940787765173369,0.4834746698082799,0.44054372826921157,0.4473155516474312,0.5526844483525688,0.4473155516474312,2.8071215007812955,2,4,162279.5531386852,154238.57916213642,8040.97397654879,8040.97397654879,75.63162231445312,393.12237548828125,1181.62939453125,1961.756103515625,10.0,0.1,2.0,5190,0.62855226,False
2019,1218,ok,True,True,20260908,5,analysis_activations,positive,False,5.011225729006112,6.007058811055449,0.15510140439220005,0.24440966559844618,0.39382915635107574,0.49437805938213536,0.4867626788592887,0.5132373211407113,0.4867626788592887,2.228112620987617,2,5,2494.594223479866,2459.5416664783174,35.052557001548394,35.052557001548394,77.6534423828125,243.807373046875,823.3281158447262,1529.401123046875,10.0,0.1,2.0,555,0.44905224,False
2027,15246,ok,True,True,20260908,5,analysis_activations,positive,False,5.375529067863361,6.555438801488222,0.20734841477347832,0.3080926492035312,0.4553552621563501,0.5550609418825388,0.5090271817351978,0.4909728182648021,0.4909728182648021,2.32420416048009,2,5,35617.54606911735,34784.00796041182,833.5381087055284,833.5381087055284,98.0899658203125,368.9742431640625,1508.4298095703125,2978.87646484375,10.0,0.1,2.0,3620,0.60478276,False
2029,31120,ok,True,True,20260908,5,analysis_activations,positive,False,5.399989111377892,6.354372248058259,0.11081626692350928,0.09718739752956297,0.3328907732628065,0.31174893348584687,0.44788997093355404,0.5521100290664459,0.44788997093355404,2.959390407855703,2,3,53694.82044401366,49596.96852355873,4097.85192045493,4097.85192045493,122.0526123046875,393.5048522949219,869.4637542724608,1414.212890625,10.0,0.1,2.0,5105,0.32853854,False
2038,11265,ok,True,True,20260908,5,analysis_activations,positive,False,4.784159760285293,5.5873031530195725,0.031901851441569436,0.18324325632996827,0.17861089396106117,0.42806921908725026,0.5330634323559067,0.4669365676440932,0.4669365676440932,2.4487381716429355,2,15,16947.035982176072,13093.739959284128,3853.2960228919437,3853.2960228919437,91.15652465820312,149.09259033203125,469.3096557617186,1042.0283203125,10.0,0.1,2.0,1178,0.26314527,False
2046,16308,ok,True,True,20260908,5,analysis_activations,positive,False,4.930498982674691,5.330743905771629,0.015114861977068555,0.05901382201720692,0.12294251492900475,0.2429276065357886,0.6438272890688547,0.35617271093114533,0.35617271093114533,2.078967425362493,2,6,2335.483746978815,-1860.8717251066034,4196.355472085418,4196.355472085418,114.8438720703125,148.82460021972656,267.68552093505855,546.1002197265625,10.0,0.1,2.0,2776,0.067488626,False
2054,14497,ok,True,True,20260908,5,analysis_activations,positive,False,5.136333431131783,5.8799405407379135,0.06039322405738814,0.12447168915546937,0.24575032870250274,0.35280545511013484,0.5691092247101037,0.4308907752898962,0.4308907752898962,2.445858259962915,2,4,19444.860044901165,17689.23831466071,1755.6217302404548,1755.6217302404548,115.16415405273438,218.61476135253906,557.7640380859373,1153.2618408203125,10.0,0.1,2.0,3252,0.22361603,False
2069,32601,ok,True,True,20260908,5,analysis_activations,positive,False,5.18275205053651,6.143914020365793,0.10944111363493368,0.15357536605229025,0.33081885320358284,0.3918869301881478,0.5386516050145148,0.46134839498548513,0.46134839498548513,2.6504529323274926,2,4,59175.30468848769,55924.5022207589,3250.8024677287904,3250.8024677287904,101.74305725097656,264.51434326171875,776.4926147460938,1374.5355224609375,10.0,0.1,2.0,5033,0.35938856,False
2072,39080,ok,True,True,20260908,5,analysis_activations,positive,False,5.078311927377791,5.845011376758753,0.06505334023105681,0.12502049951156766,0.2550555630270722,0.3535823800920624,0.5604609753660151,0.439539024633985,0.439539024633985,2.487018266885305,2,4,54533.00784488166,50062.37181976822,4470.636025113439,4470.636025113439,106.45135498046875,210.80084228515625,542.033642578125,1090.230224609375,10.0,0.1,2.0,3871,0.23622312,False
2075,3789,ok,True,True,20260908,5,analysis_activations,positive,False,4.872397818930933,5.175827342466099,0.00792487026893365,0.037669061641312625,0.08902174042858098,0.19408519171052857,0.6351793273910289,0.36482067260897116,0.36482067260897116,2.009644828377192,2,8,-1416.7089193403922,-2539.00390281682,1122.2949834764277,1122.2949834764277,113.81141662597656,137.51026916503906,216.007925415039,360.2567138671875,10.0,0.1,2.0,1272,0.040120687,False
2076,21885,ok,True,True,20260908,5,analysis_activations,positive,False,5.027051607439014,5.623865141856129,0.03700652897801568,0.0938029175675356,0.1923708111383213,0.30627261968307845,0.5831267360452372,0.4168732639547629,0.4168732639547629,2.3336413268048117,2,5,20206.14623160562,16889.577303370108,3316.5689282355124,3316.5689282355124,113.01400756835938,182.51263427734375,399.38994140625,908.5850219726562,10.0,0.1,2.0,2848,0.14727426,False
2078,9900,ok,True,True,20260908,5,analysis_activations,positive,False,5.304511958919929,6.258514827401112,0.1236197446930871,0.13573373750688358,0.3515959964121991,0.36842059864628035,0.49081917384575696,0.509180826154243,0.49081917384575696,2.6492237309042843,2,4,17922.860754072863,17133.21155006259,789.6492040102712,789.6492040102712,111.06268310546875,325.35206604003906,854.9181335449213,1562.423095703125,10.0,0.1,2.0,1757,0.3572765,False
2083,7205,ok,True,True,20260908,5,analysis_activations,positive,False,4.923736833827774,5.551985467454949,0.0447947034110447,0.11591276468865727,0.21164759249999682,0.34045963738548696,0.5822051765328538,0.41779482346714636,0.41779482346714636,2.2162998704670502,2,5,7719.442857987302,6732.653708263433,986.7891497238688,986.7891497238688,97.85894775390625,166.5567626953125,381.9126098632811,954.8306274414062,10.0,0.1,2.0,2498,0.17053683,False
2085,17499,ok,True,True,20260908,5,analysis_activations,positive,False,4.982252486266141,5.734904272702837,0.036439308802752236,0.19716442148043695,0.190890829540741,0.4440320050181484,0.7321594949946593,0.26784050500534085,0.26784050500534085,2.2022631295489634,2,8,20671.363558727164,12678.217286287985,7993.146272439179,7993.146272439179,110.26248168945312,155.21697998046875,473.97109985351534,1393.072509765625,10.0,0.1,2.0,3326,0.19058502,False
2090,3224,ok,True,True,20260908,5,analysis_activations,positive,False,4.955746317624445,5.5816155048226666,0.04248277598893015,0.10983584691935816,0.2061135026846377,0.3314149165613373,0.5880326474288132,0.4119673525711868,0.4119673525711868,2.2678904195535345,2,5,3358.8094304902943,2886.860556061989,471.9488744283053,471.9488744283053,103.16583251953125,170.49664306640625,397.3178436279297,801.5431518554688,10.0,0.1,2.0,1022,0.16517234,False
2096,1468,ok,True,True,20260908,5,analysis_activations,positive,False,5.038617916702661,6.1074088561855016,0.15612675406035034,0.20184638705352317,0.39512878161474185,0.44927317642334624,0.5404174427005867,0.4595825572994134,0.4595825572994134,2.526286143663593,2,4,3043.353224797031,2954.3800814212,88.97314337583111,88.97314337583111,78.22683715820312,238.26161193847656,803.5963378906248,1536.3388671875,10.0,0.1,2.0,287,0.46116403,False
2109,21845,ok,True,True,20260908,5,analysis_activations,positive,False,5.305819205453501,6.203074324292453,0.10640935502709235,0.14664307922833186,0.3262044681286453,0.3829400465194674,0.5066858527656166,0.4933141472343834,0.4933141472343834,2.522468100534963,2,4,37627.67801113228,36050.84680851917,1576.8312026131098,1576.8312026131098,116.0789794921875,306.21240234375,825.6144775390625,1669.4493408203125,10.0,0.1,2.0,4719,0.32750148,False
2115,10627,ok,True,True,20260908,5,analysis_activations,positive,False,5.056150723554699,5.660832625481473,0.036415920948979275,0.08297918474219783,0.19082955994546358,0.28806107814523957,0.616852792697555,0.3831472073024449,0.3831472073024449,2.474848999806191,2,4,9333.735703623417,7591.445766072054,1742.2899375513634,1742.2899375513634,116.23982238769531,183.4892578125,400.4995697021484,792.2559814453125,10.0,0.1,2.0,3728,0.14068592,False
2119,1281,ok,True,True,20260908,5,analysis_activations,positive,False,4.819159406534753,5.548385055378606,0.03801966580464693,0.21900215563663486,0.1949863220963125,0.4679766614230189,0.5427717092909796,0.4572282907090205,0.4572282907090205,2.0341919667638084,2,13,1887.744834774346,1541.6437283636799,346.10110641066603,346.10110641066603,90.73670959472656,149.64663696289062,457.27337646484375,1126.6505126953125,10.0,0.1,2.0,608,0.25293642,False
2133,16052,ok,True,True,20260908,5,analysis_activations,positive,False,5.062876890890557,5.738720614109325,0.043560437249937085,0.11940748089670249,0.20871137307280857,0.3455538755341958,0.6058978117840067,0.39410218821599335,0.39410218821599335,2.3676103167843845,2,5,18270.176410890494,15311.464358678768,2958.7120522117257,2958.7120522117257,114.0582275390625,187.9832000732422,467.0648284912108,1021.9775390625,10.0,0.1,2.0,3069,0.18253121,False
2142,21340,ok,True,True,20260908,5,analysis_activations,positive,False,5.000341939898663,5.6635583063072055,0.04884220819377246,0.11056600318884013,0.22100273345316898,0.33251466612593217,0.5687362315937399,0.43126376840626024,0.43126376840626024,2.3491723921352383,2,5,24379.509792178444,21675.01431006961,2704.495482108832,2704.495482108832,104.6573486328125,184.91659545898438,432.469970703125,984.8728637695312,10.0,0.1,2.0,2914,0.18335497,False
2149,24810,ok,True,True,20260908,5,analysis_activations,positive,False,4.999774798495403,5.576540639242283,0.03046453438989062,0.12183041843237684,0.1745409246849879,0.3490421442066514,0.6582885304452415,0.3417114695547586,0.3417114695547586,2.090122659851024,2,6,21023.14688083287,14178.279797145258,6844.86708368761,6844.86708368761,114.05842590332031,163.45205688476562,381.49258422851545,918.2042236328125,10.0,0.1,2.0,3297,0.13652018,False
2154,15169,ok,True,False,20260908,5,analysis_activations,positive,False,4.762903509423591,4.99474630753097,0.004641009611996099,0.02403751454263897,0.06812495586784699,0.15504036423666892,0.5622892160158941,0.43771078398410596,0.43771078398410596,1.9361108040967836,2,11,-12086.480153521103,-16070.243951144284,3983.7637976231817,3983.7637976231817,105.33050537109375,123.75091552734375,176.7313537597656,323.208740234375,10.0,0.1,2.0,2123,0.026361004,False
2166,10642,ok,True,True,20260908,5,analysis_activations,positive,False,4.9249106016980555,5.437242975809111,0.026692356509405348,0.07733147680834285,0.16337795600816332,0.27808537683298423,0.5960696336114178,0.40393036638858204,0.40393036638858204,2.246468693366379,2,5,6762.69796734901,4910.172293617023,1852.525673731987,1852.525673731987,106.59298706054688,158.27301025390625,317.5000762939452,631.1202392578125,10.0,0.1,2.0,3250,0.11035479,False
2174,31773,ok,True,True,20260908,5,analysis_activations,positive,False,5.14879794612174,5.872841312787868,0.054332502553199644,0.13810279756114188,0.23309333442464553,0.3716218475293694,0.5794512333247515,0.42054876667524854,0.42054876667524854,2.3341953855936683,2,5,41689.53897464922,36844.20492097529,4845.334053673934,4845.334053673934,119.76153564453125,214.7701416015625,564.7234741210934,1195.010009765625,10.0,0.1,2.0,4496,0.21731697,False
2180,7591,ok,True,True,20260908,5,analysis_activations,positive,False,4.798138694092942,5.184678049489737,0.014324019881444971,0.05896281709977078,0.11968299746181565,0.24282260417796936,0.6037755126369588,0.3962244873630412,0.3962244873630412,2.019276201283694,2,7,1126.2061318629926,-671.7424811806213,1797.948613043614,1797.948613043614,101.09793090820312,132.19000244140625,235.31903076171875,473.1005554199219,10.0,0.1,2.0,1919,0.06776312,False
2188,26796,ok,True,True,20260908,5,analysis_activations,positive,False,4.991521960357646,5.615269027189663,0.041698063960746476,0.10394221799578032,0.20420103809909115,0.32240071029044015,0.581426503442059,0.4185734965579409,0.4185734965579409,2.311440713743246,2,5,27363.243733353615,23461.695546760857,3901.5481865927577,3901.5481865927577,106.6668701171875,178.18701171875,409.8822479248047,836.822998046875,10.0,0.1,2.0,5161,0.1624424,False
2194,1238,ok,True,True,20260908,5,analysis_activations,positive,False,4.770636845828521,5.772555869832595,0.09436700828312795,0.22244845447083605,0.3071921357768261,0.47164441528638507,0.603751113699567,0.39624888630043303,0.39624888630043303,2.517354833093481,2,6,2346.7258256243663,2150.811058903198,195.91476672116823,195.91476672116823,73.5367431640625,154.67345428466797,559.578540039062,1456.931640625,10.0,0.1,2.0,247,0.3855848,False
2256,12668,ok,True,True,20260908,5,analysis_activations,positive,False,5.002473121139176,5.590655483567824,0.03665280973218099,0.09133852435168324,0.19144923539199887,0.30222264036912133,0.5822605800531249,0.41773941994687513,0.41773941994687513,2.3250736389625954,2,5,11387.98310505267,9534.176216008906,1853.8068890437644,1853.8068890437644,109.90562438964844,177.1059112548828,387.02032165527345,840.7940063476562,10.0,0.1,2.0,2698,0.14365602,False
2260,4564,ok,True,True,20260908,5,analysis_activations,positive,False,5.311186456160519,6.821358009258768,0.1790272802645895,0.1549138681262476,0.4231161545776638,0.39359099091092975,0.6518511510078504,0.3481488489921496,0.3481488489921496,3.695781736112817,2,4,11263.449976400889,9921.725215274286,1341.724761126603,1341.724761126603,103.0084228515625,283.02685546875,1371.2107666015625,1685.513427734375,10.0,0.1,2.0,1830,0.6883477,False
2261,4015,ok,True,True,20260908,5,analysis_activations,positive,False,4.955211342582194,5.639121591395965,0.061893541022001376,0.09162493077009423,0.24878412534163302,0.3026961029978652,0.53440664229627,0.46559335770373006,0.46559335770373006,2.468503745465608,2,4,4787.279969065675,4502.893562318881,284.3864067467939,284.3864067467939,93.0408935546875,188.30783081054688,413.4911285400391,692.877685546875,10.0,0.1,2.0,1509,0.19216266,False
2263,10394,ok,True,True,20260908,5,analysis_activations,positive,False,5.161968329429468,5.942789479657235,0.07239597155877339,0.1258024618634204,0.2690649950453856,0.3546864275150945,0.5463017030272495,0.4536982969727505,0.4536982969727505,2.4803699302975426,2,4,15011.80744454475,14032.060615840062,979.7468287046868,979.7468287046868,112.60807800292969,236.57787322998047,605.561102294922,1103.1533203125,10.0,0.1,2.0,3745,0.24776247,False
2264,2749,ok,True,True,20260908,5,analysis_activations,positive,False,5.083227954131079,6.003524513836221,0.07700818085195116,0.16937241130930686,0.2775034789907167,0.41154879578162645,0.6364226874080398,0.3635773125919603,0.3635773125919603,2.6220414267849472,2,4,4566.927115821518,4052.369339706504,514.5577761150139,514.5577761150139,104.83392333984375,200.62075805664062,669.5347412109375,1040.913818359375,10.0,0.1,2.0,668,0.3066741,False
2266,11778,ok,True,True,20260908,5,analysis_activations,positive,False,5.21806753072656,5.999182163395804,0.05735244295968496,0.14109695192391353,0.23948370082259243,0.3756287421429749,0.5909800313051654,0.4090199686948347,0.4090199686948347,2.4797327732208703,2,5,16589.909228792043,14568.378674215457,2021.530554576586,2021.530554576586,127.29873657226562,231.58232879638672,637.6127197265624,1189.9674072265625,10.0,0.1,2.0,951,0.23911002,False
2275,3105,ok,True,True,20260908,5,analysis_activations,positive,False,4.936866732506749,5.3737210451190345,0.021760152718346314,0.06968738741870649,0.1475132289604777,0.26398368778904974,0.5962576722841745,0.4037423277158255,0.4037423277158255,2.042987038638571,2,5,1247.5946312370952,728.7604325774525,518.8341986596427,518.8341986596427,110.722900390625,156.43222045898438,299.27669067382806,651.058349609375,10.0,0.1,2.0,1343,0.08707962,False
2286,56362,ok,True,True,20260908,5,analysis_activations,positive,False,4.966843529572895,5.384251826499901,0.01605825922908599,0.05387537243515108,0.1267211869778925,0.232110690049276,0.5977017004941788,0.4022982995058212,0.4022982995058212,2.232199642906559,2,7,12581.767210714255,601.9974537159621,11979.769756998294,11979.769756998294,118.12632751464844,159.19898986816406,286.4084655761718,587.1373291015625,10.0,0.1,2.0,3389,0.073165834,True
2296,50884,ok,True,True,20260908,5,analysis_activations,positive,False,5.027691389597285,5.773597953734362,0.05136911010986959,0.17235272289028697,0.22664754600451686,0.41515385448082615,0.6150783729872092,0.38492162701279076,0.38492162701279076,2.2302073481961338,2,6,69566.68742453976,58213.97778537715,11352.709639162611,11352.709639162611,108.67961120605469,182.03627014160156,526.1017120361328,1465.4658203125,10.0,0.1,2.0,2884,0.22966726,False
2313,7734,ok,True,True,20260908,5,analysis_activations,positive,False,5.00125971925186,5.5664276693271875,0.031835892107738684,0.0774566108717474,0.17842615309348203,0.27831027805625036,0.5954632708553035,0.40453672914469657,0.40453672914469657,2.417671758317665,2,5,6020.584632119315,4800.429369182808,1220.155262936507,1220.155262936507,111.99665832519531,174.0758514404297,362.84158172607414,639.7401733398438,10.0,0.1,2.0,1933,0.12724976,False
2323,6064,ok,True,True,20260908,5,analysis_activations,positive,False,4.926790019490956,5.741208972626139,0.07410361587982477,0.1434055356448971,0.2722197933285248,0.3786892336004512,0.5845428329031717,0.4154571670968283,0.4154571670968283,2.4695857055338397,2,4,9149.622600837773,8430.138692364546,719.4839084732266,719.4839084732266,87.83322143554688,179.75194549560547,502.13509826660135,886.8447875976562,10.0,0.1,2.0,358,0.26401675,False
2327,1825,ok,True,True,20260908,5,analysis_activations,positive,False,4.588267161390207,5.089561628708176,0.025707262536586905,0.09394216730568355,0.16033484504806467,0.3064998650989647,0.5762807910146167,0.42371920898538334,0.42371920898538334,2.049522037985035,2,6,1262.4863181515682,923.7605609467619,338.7257572048063,338.7257572048063,76.71025085449219,112.35050201416016,237.705093383789,461.025390625,10.0,0.1,2.0,558,0.11604411,False
2340,10484,ok,True,True,20260908,5,analysis_activations,positive,False,4.980349865473979,5.631012997908468,0.040373417577753576,0.08974933635984622,0.20093137529453575,0.29958193597052246,0.6039677047009565,0.39603229529904344,0.39603229529904344,2.5509066994427334,2,4,10635.802377339007,8902.720793629664,1733.0815837093432,1733.0815837093432,105.4431381225586,173.8374786376953,400.39958496093755,697.1473999023438,10.0,0.1,2.0,3659,0.16120642,False
2344,21229,ok,True,True,20260908,5,analysis_activations,positive,False,5.329085548210123,6.101640582751302,0.08765699740142006,0.10469843108122116,0.29606924426799225,0.3235713693781036,0.46869501387260887,0.5313049861273912,0.46869501387260887,2.491105963208962,2,4,30435.752648518224,29201.549499480458,1234.2031490377667,1234.2031490377667,123.24609375,311.67010498046875,697.022705078125,1148.6612548828125,10.0,0.1,2.0,4839,0.24534845,False
2350,14402,ok,True,True,20260908,5,analysis_activations,positive,False,4.782472425330206,5.593611293368989,0.07194661118477559,0.16185750658438408,0.268228654667572,0.40231518313926967,0.5617285445623427,0.43827145543765733,0.43827145543765733,2.3723793347560727,2,5,22209.802330693576,20391.547626575153,1818.2547041184225,1818.2547041184225,77.6609878540039,157.48094940185547,447.3860427856443,1053.28173828125,10.0,0.1,2.0,2911,0.27334926,False
2351,7120,ok,True,True,20260908,5,analysis_activations,positive,False,4.782618693105497,5.474609044314441,0.03995592075912684,0.14041975772620166,0.1998897715220237,0.37472624371159496,0.5960354815410668,0.40396451845893316,0.40396451845893316,2.3042311738275645,2,8,8614.390515550778,6954.823147616113,1659.5673679346655,1659.5673679346655,88.49887084960938,141.36180114746094,377.1361022949218,824.4530029296875,10.0,0.1,2.0,2429,0.19586276,False
2367,21784,ok,True,True,20260908,5,analysis_activations,positive,False,4.971434910256596,5.381942192748592,0.01855014123855845,0.052312241967014866,0.13619890322083525,0.22871869614663087,0.5839136532803862,0.4160863467196138,0.4160863467196138,2.1808610030022093,2,5,4985.532041763113,1635.5150462218448,3350.016995541268,3350.016995541268,116.40611267089844,162.30787658691406,284.85786895751954,626.1512451171875,10.0,0.1,2.0,3573,0.07354264,False
2374,7219,ok,True,True,20260908,5,analysis_activations,positive,False,4.711283110413988,5.235964908855998,0.027324124218057626,0.08812146236003697,0.16530010350286423,0.29685259365556665,0.5983004524799904,0.4016995475200096,0.4016995475200096,2.183847605802551,2,6,5071.260095935194,3687.0982598500655,1384.1618360851285,1384.1618360851285,85.7501220703125,126.97125244140625,264.6650634765623,590.2965087890625,10.0,0.1,2.0,2082,0.11792427,False
2377,87391,ok,True,True,20260908,5,analysis_activations,positive,False,4.869459078311969,5.720827076022206,0.07526090707371869,0.18179220897419054,0.27433721416118284,0.4263709757642874,0.572110543422239,0.42788945657776095,0.42788945657776095,2.3747663299301625,2,5,142309.1933957922,129736.35638359745,12572.837012194737,12572.837012194737,84.47209167480469,170.9933319091797,516.865234375,1699.941650390625,10.0,0.1,2.0,3504,0.29828075,True
2382,44642,ok,True,True,20260908,5,analysis_activations,positive,False,4.863077794731273,5.268440384361821,0.0149741409678742,0.0639624324428813,0.1223688725447538,0.2529079525101599,0.6032130945507125,0.3967869054492876,0.3967869054492876,2.0404197969784037,2,8,10319.027672350108,-952.4982896832128,11271.525962033322,11271.525962033322,107.32575988769531,141.66509246826172,258.34221496582023,593.709228515625,10.0,0.1,2.0,3346,0.07374197,False
2389,2866,ok,True,True,20260908,5,analysis_activations,positive,False,5.123309383210672,6.075456195971721,0.08221019849791612,0.14510627384351382,0.28672320885815317,0.3809281741267162,0.5817935631276768,0.41820643687232306,0.41820643687232306,2.8242521103686715,2,4,4963.965563369039,4508.571945327719,455.3936180413202,455.3936180413202,107.25884246826172,230.67745208740234,694.7904968261719,1365.1246337890625,10.0,0.1,2.0,228,0.329209,False
2397,6876,ok,True,True,20260908,5,analysis_activations,positive,False,4.872964412818072,5.38929752666697,0.022239909412980978,0.09094535719027931,0.14913051134151248,0.3015714794046004,0.5193696886445538,0.48063031135544615,0.48063031135544615,2.1704512074670173,2,12,5054.96469023986,3689.668109162466,1365.296581077394,1365.296581077394,103.45797729492188,155.32200622558594,327.58961486816406,620.6743774414062,10.0,0.1,2.0,3091,0.12182856,False
2420,23793,ok,True,True,20260908,5,analysis_activations,positive,False,4.922263585217284,5.373671127627039,0.019873584966382155,0.06578539324109445,0.14097370310232385,0.25648663364997104,0.6082503605672704,0.39174963943272967,0.39174963943272967,2.1812094185856967,2,6,9281.79357624003,4360.873796740234,4920.919779499796,4920.919779499796,110.5859375,153.13571166992188,289.5250183105467,582.2540283203125,10.0,0.1,2.0,3624,0.086416475,False
2453,9633,ok,True,True,20260908,5,analysis_activations,positive,False,5.390468793089844,6.18746948895326,0.07963387446131805,0.09774832830524843,0.2821947456302439,0.3126472905771749,0.4826926520515442,0.5173073479484558,0.4826926520515442,2.6762006789086725,2,4,13909.13589332882,13088.776004093921,820.3598892348982,820.3598892348982,135.47906494140625,330.7408447265625,736.2203369140625,1274.501953125,10.0,0.1,2.0,3747,0.24764092,False
2454,12961,ok,True,True,20260908,5,analysis_activations,positive,False,5.073447711636304,6.009569803723909,0.11099219702483357,0.14791302044031782,0.3331549144539723,0.3845946183194947,0.5149328980956283,0.48506710190437174,0.48506710190437174,2.6018190617540444,2,4,23111.671646615196,22072.27759936319,1039.3940472520044,1039.3940472520044,89.10028076171875,244.31793212890625,674.8638305664062,1287.45068359375,10.0,0.1,2.0,4224,0.3478124,False
2469,3426,ok,True,True,20260908,5,analysis_activations,positive,False,5.272050526343712,6.154706118359691,0.11135356266471254,0.15538950247973235,0.3336968124880916,0.39419475196878556,0.5049440069037661,0.495055993096234,0.495055993096234,2.416905701226284,2,4,5918.7372732192425,5744.523472160743,174.21380105849948,174.21380105849948,109.0587158203125,295.3399658203125,802.799072265625,1558.1417236328125,10.0,0.1,2.0,1533,0.32799932,False
2482,4752,ok,True,True,20260908,5,analysis_activations,positive,False,5.041902685791315,5.5565131757687825,0.026043589318042105,0.07764448321893051,0.16138026309943265,0.27864759682963447,0.6002225756998926,0.3997774243001073,0.3997774243001073,2.2601082046564622,2,6,3022.9368957008865,2151.184068389484,871.7528273114026,871.7528273114026,120.38848876953125,176.53643798828125,360.8074981689453,664.1566772460938,10.0,0.1,2.0,1309,0.11024065,False
2489,707,ok,True,True,20260908,5,analysis_activations,positive,False,5.165135641920587,5.978370066345678,0.05983301053072996,0.10075169164971871,0.24460787095007788,0.31741406970977,0.5003126290904425,0.49968737090955756,0.49968737090955756,2.8699786545254713,2,4,1026.8832367531854,947.5761058211817,79.3071309320037,79.3071309320037,122.2437744140625,253.0179443359375,606.9509277343749,849.380859375,10.0,0.1,2.0,202,0.2459638,False
2492,2037,ok,True,True,20260908,5,analysis_activations,positive,False,5.091692900980611,5.615210563887742,0.028940982657573472,0.06650213097366588,0.17012049452542005,0.2578800709121701,0.5916861710169166,0.40831382898308355,0.40831382898308355,2.3964812602440113,2,5,1308.8374604520898,1030.2682413577786,278.56921909431117,278.56921909431117,125.39364624023438,189.59341430664062,377.2480285644528,582.7115478515625,10.0,0.1,2.0,1338,0.11054465,False
2493,2444,ok,True,True,20260908,5,analysis_activations,positive,False,4.872351418414577,5.54165316914943,0.044867812095807966,0.13395359562111653,0.21182023533130154,0.3659967153146549,0.5612250933314602,0.43877490666853985,0.43877490666853985,2.238345918596164,2,6,2946.8324587775073,2568.9794398505883,377.85301892691905,377.85301892691905,93.6236343383789,160.92483520507812,408.28867950439445,886.7363891601562,10.0,0.1,2.0,219,0.1943469,False
2500,6528,ok,True,True,20260908,5,analysis_activations,positive,False,4.8379718803039955,5.332987358388703,0.02305382582353573,0.08720831480929243,0.15183486366291415,0.295310539617692,0.6301023502623309,0.36989764973766903,0.36989764973766903,2.108242512695519,2,6,3761.4424828889887,2197.2427263831396,1564.199756505849,1564.199756505849,99.68696594238281,139.75221252441406,285.44500122070315,709.892822265625,10.0,0.1,2.0,1689,0.103911854,False
2501,9054,ok,True,True,20260908,5,analysis_activations,positive,False,5.212240310025439,6.037834080035838,0.0842435131310207,0.13016500839011513,0.29024733096278543,0.36078388044661186,0.5259585823572375,0.4740414176427625,0.4740414176427625,2.5215081943455426,2,4,14055.117795490565,13311.080646058035,744.03714943253,744.03714943253,113.1531982421875,261.34417724609375,669.9006713867188,1305.5546875,10.0,0.1,2.0,3358,0.27598363,False
2522,1817,ok,True,True,20260908,5,analysis_activations,positive,False,5.215876957524124,5.71413895498692,0.026373144435294996,0.09194487113879928,0.1623981047774111,0.30322412690747297,0.6411873500002194,0.3588126499997805,0.3588126499997805,2.0485535638582273,2,5,1110.8680061078512,734.9683059937038,375.89970011414744,375.89970011414744,142.17340087890625,205.12893676757812,414.65875244140597,973.2552490234375,10.0,0.1,2.0,421,0.10707627,False
2537,16921,ok,True,True,20260908,5,analysis_activations,positive,False,4.96142809357625,5.5148386510015595,0.030417120801441103,0.0812182028665643,0.17440504809620938,0.2849880749550133,0.5937451180699655,0.4062548819300345,0.4062548819300345,2.3424030227913666,2,5,12843.296595708,9971.766691468803,2871.529904239196,2871.529904239196,108.46279907226562,166.3402099609375,348.95989990234375,804.309326171875,10.0,0.1,2.0,635,0.12493604,False
2542,14413,ok,True,True,20260908,5,analysis_activations,positive,False,5.1021701738699,5.906148533089284,0.08219688879639388,0.15891809480483496,0.2866999979009311,0.39864532457415697,0.5204668860385151,0.47953311396148485,0.47953311396148485,2.315513178078323,2,5,22590.20834367735,21444.545941524884,1145.6624021524658,1145.6624021524658,102.29415893554688,229.71490478515625,611.0630371093749,1565.287109375,10.0,0.1,2.0,4277,0.2803295,False
2555,12739,ok,True,True,20260908,5,analysis_activations,positive,False,5.367514436421558,5.969931229842607,0.053391874541532595,0.06453244584000549,0.23106681834814058,0.2540323716379578,0.4627004118480236,0.5372995881519764,0.4627004118480236,2.4809063854370637,2,4,11969.048575743325,11291.615208251827,677.4333674914978,677.4333674914978,142.000244140625,296.9735412597656,549.8180114746091,1005.316162109375,10.0,0.1,2.0,3854,0.14960991,False
2569,11835,ok,True,True,20260908,5,analysis_activations,positive,False,4.931212072635653,5.481680805376655,0.030197097026418145,0.0748662000539917,0.17377311940118398,0.27361688554252583,0.5887861183097658,0.4112138816902341,0.4112138816902341,2.4017187058107723,2,5,8700.539956584595,6818.153507530689,1882.3864490539054,1882.3864490539054,105.498291015625,162.22418212890625,332.534094238281,741.1846313476562,10.0,0.1,2.0,2855,0.12193973,False
2573,11031,ok,True,False,20260908,5,analysis_activations,positive,False,4.84634432777353,5.42828756129991,0.031196498586167867,0.14009233661586387,0.17662530562229148,0.37428910833186674,0.6643962181536598,0.33560378184634027,0.33560378184634027,1.9885251706596392,2,6,9888.446089210907,6618.886862697445,3269.559226513462,3269.559226513462,97.5560302734375,139.29104614257812,332.4942626953125,892.2332153320312,10.0,0.1,2.0,2113,0.14326599,False
2581,2404,ok,True,True,20260908,5,analysis_activations,positive,False,5.077119658730836,5.74620981283755,0.04389652417186274,0.09825035760142377,0.20951497362208443,0.3134491308034268,0.5595789290312178,0.4404210709687823,0.4404210709687823,2.5097529211185954,2,5,2690.8229176885166,2367.150737056924,323.6721806315927,323.6721806315927,115.6148681640625,201.71318817138672,465.02326354980465,783.7440795898438,10.0,0.1,2.0,1027,0.17823935,False
2595,8256,ok,True,False,20260908,5,analysis_activations,positive,False,4.815652784963761,5.188607809982103,0.01149216672030419,0.0616298136974122,0.10720152387118473,0.24825352705935963,0.6113552439066283,0.38864475609337157,0.38864475609337157,1.9505068876307465,2,9,756.212438869933,-1779.3190995961706,2535.5315384661035,2535.5315384661035,104.72669982910156,132.34335327148438,236.39423370361328,613.4962158203125,10.0,0.1,2.0,1176,0.0640339,False
2597,7109,ok,True,True,20260908,5,analysis_activations,positive,False,4.899052818027345,5.552239521963679,0.05186001125455011,0.099055082554291,0.22772793253035542,0.3147301742036995,0.5371465257798768,0.4628534742201233,0.4628534742201233,2.377858430296294,2,5,7992.927474537825,7340.064270589435,652.86320394839,652.86320394839,92.5501708984375,173.45513916015625,385.49035644531233,726.4041748046875,10.0,0.1,2.0,1811,0.17980316,False
2612,5685,ok,True,True,20260908,5,analysis_activations,positive,False,5.057625949689491,5.717881792801905,0.0475625307479607,0.08806090008604586,0.2180883553699296,0.2967505688049239,0.5601113312499785,0.43988866875002147,0.43988866875002147,2.535478241325669,2,4,6169.4445703903,5523.684436430553,645.7601339597468,645.7601339597468,110.61370849609375,199.44891357421875,443.83845825195317,836.885498046875,10.0,0.1,2.0,2171,0.17281611,False
2617,8309,ok,True,True,20260908,5,analysis_activations,positive,False,4.752182175330828,5.291122283838104,0.029505847300693916,0.0818010833732409,0.171772661680181,0.2860088868780844,0.6008372730470954,0.3991627269529046,0.3991627269529046,2.2845170293809267,2,5,5983.460539209661,4567.057071699586,1416.4034675100747,1416.4034675100747,88.44276428222656,133.49868774414062,273.9740112304687,555.1253662109375,10.0,0.1,2.0,3018,0.12005434,False
2626,13496,ok,True,False,20260908,5,analysis_activations,positive,False,4.812621003199743,5.221486905168582,0.012311967752841125,0.07445967932414675,0.11095930674279253,0.27287300951934906,0.6209163129686726,0.37908368703132744,0.37908368703132744,1.9629397542293532,2,10,3400.0806661553315,-1433.2326797319251,4833.313345887256,4833.313345887256,103.98214721679688,131.9395980834961,250.40953063964844,694.75732421875,10.0,0.1,2.0,1858,0.07522458,False
2630,29092,ok,True,True,20260908,5,analysis_activations,positive,False,4.859831472219686,5.305067497268176,0.016480193752451803,0.07433376930165823,0.12837520692272245,0.272642200148213,0.5894023191704577,0.41059768082954223,0.41059768082954223,2.0894355542341807,2,10,11943.046472465725,4194.408163694411,7748.638308771314,7748.638308771314,106.00858306884766,143.15725708007812,278.3639038085934,528.8368530273438,10.0,0.1,2.0,1902,0.088210925,False
2641,11383,ok,True,True,20260908,5,analysis_activations,positive,False,4.876642145110925,5.285549582974626,0.015245739073585209,0.0674300509262631,0.12347363716026676,0.25967296918675054,0.668722243502079,0.33127775649792107,0.33127775649792107,2.011179489724266,2,6,1982.3426984778866,-1411.7376424381941,3394.080340916081,3394.080340916081,108.86508178710938,139.45396423339844,254.07190856933585,546.0413818359375,10.0,0.1,2.0,989,0.069580056,False
2645,13757,ok,True,True,20260908,5,analysis_activations,positive,False,5.297128136772995,6.136363515509809,0.09695717186685275,0.12163788637252619,0.31137946603276967,0.34876623456482453,0.45631206151906994,0.54368793848093,0.45631206151906994,2.5385084398442865,2,4,21796.322305977963,20956.22874267771,840.0935633002518,840.0935633002518,117.03289794921875,318.54876708984375,749.9830810546873,1466.46435546875,10.0,0.1,2.0,4126,0.28512993,False
2663,6878,ok,True,True,20260908,5,analysis_activations,positive,False,4.943531100094934,5.476729499941244,0.02712351140968681,0.08538002637954303,0.1646921716709292,0.2921986077645529,0.5736687841200628,0.4263312158799372,0.4263312158799372,2.248126502872226,2,6,5038.367102887485,3785.220538924379,1253.146563963106,1253.146563963106,108.37066650390625,163.75521850585938,343.5200866699217,773.394775390625,10.0,0.1,2.0,1155,0.12150861,False
2666,15517,ok,True,True,20260908,5,analysis_activations,positive,False,4.870584185787185,5.450744966136595,0.031993412738710314,0.11775248313801497,0.17886702529731496,0.34315081689836463,0.6107019406212484,0.38929805937875156,0.38929805937875156,2.120244279771351,2,7,14133.727949794362,10598.154079179696,3535.573870614666,3535.573870614666,99.07862854003906,148.76614379882812,344.9769775390624,836.2333374023438,10.0,0.1,2.0,629,0.14541006,False
2675,20495,ok,True,False,20260908,5,analysis_activations,positive,False,4.894673100021287,5.232202528370259,0.00938076237748717,0.04913376996265573,0.09685433587345055,0.22166138581777325,0.5999375053241733,0.40006249467582655,0.40006249467582655,1.9733075271391916,2,10,-2165.858806839826,-8293.456700412153,6127.597893572327,6127.597893572327,115.31442260742188,143.04428100585938,240.20028381347655,516.3369750976562,10.0,0.1,2.0,4066,0.052629717,False
2685,11457,ok,True,True,20260908,5,analysis_activations,positive,False,5.195562993514283,6.695232276115947,0.28618892976311916,0.14723027449222326,0.5349662884361212,0.38370597401164247,0.26186974418509024,0.7381302558149098,0.26186974418509024,3.221487263181429,2,3,27024.641515473882,23096.174855817648,3928.4666596562347,3928.4666596562347,76.32376098632812,673.423583984375,1324.5246582031245,1661.9952392578125,10.0,0.1,2.0,3838,0.618391,False
2686,2147,ok,True,True,20260908,5,analysis_activations,positive,False,4.878184676250404,5.267136587629498,0.012525285745668841,0.05670682306920916,0.11191642303821563,0.23813194466347676,0.5901628080366639,0.40983719196333607,0.40983719196333607,2.0905334821463617,2,10,311.91107434194896,-239.89125342557162,551.8023277675206,551.8023277675206,110.7017822265625,143.40048217773438,257.5755889892577,397.67657470703125,10.0,0.1,2.0,1062,0.067253895,False
2688,710,ok,True,True,20260908,5,analysis_activations,positive,False,4.550306443298684,4.988967572535746,0.020015572604011347,0.07328437679989612,0.14147640299361355,0.27071087307290803,0.634617068755825,0.3653829312441749,0.3653829312441749,2.03096970832625,2,5,270.21572525081814,127.49171180784629,142.72401344297185,142.72401344297185,76.23211669921875,102.93128204345703,197.99283752441406,364.54620361328125,10.0,0.1,2.0,555,0.084215455,False
2690,20861,ok,True,True,20260908,5,analysis_activations,positive,False,5.110643324268888,5.8659119714335555,0.08030470237163335,0.1416390404298932,0.28338084333919494,0.37634962525541754,0.4808059423907016,0.5191940576092985,0.4808059423907016,2.26722698295852,2,5,30677.25857030546,29523.75573909072,1153.5028312147406,1153.5028312147406,103.96835327148438,240.106201171875,591.442138671875,1420.098876953125,10.0,0.1,2.0,2467,0.25455862,False
2693,7493,ok,True,False,20260908,5,analysis_activations,positive,False,4.880322848768178,5.286455485471719,0.01616267233894744,0.07029158227625872,0.12713249914536975,0.26512559717284695,0.6540163115914971,0.34598368840850297,0.34598368840850297,1.9533933419663565,2,6,1589.4069215319644,-453.81947326431566,2043.2263947962801,2043.2263947962801,108.59915161132812,141.20477294921875,258.1307800292969,720.2119140625,10.0,0.1,2.0,1842,0.07222236,False
2705,13156,ok,True,True,20260908,5,analysis_activations,positive,False,5.292385669701054,6.173563149482371,0.12475351049761506,0.07344435061070154,0.353204629779417,0.2710061818680554,0.30860277183472534,0.6913972281652746,0.30860277183472534,2.7991676187158716,2,4,19374.00981077385,16788.420840741463,2585.588970032386,2585.588970032386,108.23095703125,409.1512451171875,701.6004638671875,1169.759521484375,10.0,0.1,2.0,4119,0.2549707,False
2712,5451,ok,True,True,20260908,5,analysis_activations,positive,False,4.937611352409672,5.72050161959788,0.04026033384209244,0.15645151283377678,0.20064977907312143,0.3955395212033518,0.4946149528846729,0.5053850471153272,0.4946149528846729,2.496322172074561,2,14,7977.373453003867,6821.402602681205,1155.970850322662,1155.970850322662,102.31427001953125,188.38015747070312,528.1582336425781,1057.707763671875,10.0,0.1,2.0,281,0.25223836,False
2731,29647,ok,True,False,20260908,5,analysis_activations,positive,False,4.858840824094819,5.0784091554850885,0.004143311148376046,0.02113907968852267,0.06436855714070377,0.14539284607064637,0.6302363901725258,0.3697636098274743,0.3697636098274743,1.9528803202687446,2,8,-29458.55636155711,-38630.95208744127,9172.395725884158,9172.395725884158,116.47806549072266,133.4889373779297,186.19930572509764,327.4370422363281,10.0,0.1,2.0,4069,0.0216622,False
2732,19450,ok,True,True,20260908,5,analysis_activations,positive,False,4.96365993017799,5.425205994855388,0.02059382376340192,0.07253988815298311,0.14350548339140884,0.2693323006120564,0.6057482374546291,0.394251762545371,0.394251762545371,2.1388316100401936,2,7,8798.126432149236,4601.734996740804,4196.391435408433,4196.391435408433,114.82460021972656,159.68856811523438,309.5730865478515,641.2326049804688,10.0,0.1,2.0,4343,0.09195091,False
2742,27543,ok,True,True,20260908,5,analysis_activations,positive,False,4.962403651626287,5.929036571426798,0.11477911137785406,0.16373441627096785,0.3387906601101247,0.4046410956279254,0.534445931141856,0.46555406885814404,0.46555406885814404,2.5903200803393056,2,4,50803.54263585551,48300.87411094295,2502.6685249125658,2502.6685249125658,80.22222900390625,213.825439453125,638.7826171874998,1158.3768310546875,10.0,0.1,2.0,3625,0.3700682,False
2752,9975,ok,True,True,20260908,5,analysis_activations,positive,False,5.268202177130062,6.86392656031149,0.30722529238208474,0.04914842914690131,0.554279074458061,0.22169444996864787,0.6716192436872381,0.32838075631276187,0.32838075631276187,3.7802458293866343,2,16,25899.66494760448,21957.230334914762,3942.434612689718,3942.434612689718,79.65008544921875,289.1046142578125,1201.8100463867188,1506.9705810546875,10.0,0.1,2.0,3850,0.7841415,False
2755,5749,ok,True,True,20260908,5,analysis_activations,positive,False,4.886862118100256,5.527587704051064,0.042087749276549784,0.08452637986814147,0.20515298992836975,0.2907342082867812,0.589273968741455,0.410726031258545,0.410726031258545,2.546513475129034,2,4,5756.296232784449,4943.150321522657,813.1459112617922,813.1459112617922,95.95538330078125,161.38525390625,358.62238769531245,690.4610595703125,10.0,0.1,2.0,2553,0.15890574,False
2762,4564,ok,True,True,20260908,5,analysis_activations,positive,False,4.846513022331097,5.5066814043354295,0.022917623281397674,0.16976097301793297,0.15138567726637045,0.4120205978078438,0.7057189310674526,0.29428106893254735,0.29428106893254735,2.1269289445055195,2,10,4508.194052105154,2067.8999257363917,2440.294126368762,2440.294126368762,92.70050048828125,130.21873474121094,370.88031921386704,923.6427001953125,10.0,0.1,2.0,3344,0.15667547,False
2771,16424,ok,True,True,20260908,5,analysis_activations,positive,False,5.213675203699514,6.522821929866187,0.20534684594790426,0.10586617259975745,0.45315212230321095,0.32537082321523153,0.35613578062725215,0.643864219372748,0.35613578062725215,3.318749277432582,2,3,36333.821322694326,31123.30115486697,5210.520167827355,5210.520167827355,87.24539184570312,526.1974182128906,1033.8526306152341,1381.3436279296875,10.0,0.1,2.0,4299,0.53431916,False
2778,3779,ok,True,True,20260908,5,analysis_activations,positive,False,5.11139894514317,5.736952622029995,0.03978658702951208,0.09227193415676921,0.19946575402688071,0.30376295718334256,0.6292172596337203,0.3707827403662797,0.3707827403662797,2.434424802891642,2,4,3585.2189058024155,2966.002147362383,619.2167584400327,619.2167584400327,121.3653564453125,193.84310913085938,442.96953125,709.5008544921875,10.0,0.1,2.0,770,0.15058172,False
2789,3341,ok,True,True,20260908,5,analysis_activations,positive,False,5.087446623833458,5.758698193937388,0.05136572254280162,0.08952690286976649,0.22664007267648328,0.2992104658426347,0.5599301710611322,0.44006982893886776,0.44006982893886776,2.529042813317749,2,4,3753.265868929251,3413.177472481249,340.0883964480022,340.0883964480022,110.4774169921875,205.9371337890625,462.7550048828125,813.122802734375,10.0,0.1,2.0,1745,0.17923814,False
2797,2608,ok,True,True,20260908,5,analysis_activations,positive,False,5.023421798932716,6.477457952751632,0.08941250694071905,0.1863374292926606,0.29901924175664524,0.431668193515182,0.6893451932342403,0.3106548067657597,0.3106548067657597,3.915908114241158,2,4,5961.315509873631,4597.798891681519,1363.5166181921113,1363.5166181921113,103.48432159423828,177.42933654785156,1004.2790954589846,1281.7432861328125,10.0,0.1,2.0,1578,0.5724987,False
2798,965,ok,True,True,20260908,5,analysis_activations,positive,False,5.225565624070873,5.945863003587773,0.06537487245525565,0.10505578253730995,0.2556851040934056,0.32412309781518184,0.5086065957687627,0.49139340423123745,0.49139340423123745,2.4674762210761165,2,4,1266.9171699079668,1212.0478425783258,54.86932732964101,54.86932732964101,119.359130859375,259.036865234375,590.5066406249999,901.066650390625,10.0,0.1,2.0,486,0.2147639,False
2802,13162,ok,True,True,20260908,5,analysis_activations,positive,False,4.783673194364342,5.503166150808561,0.047486120504591174,0.165989978366483,0.2179131031044053,0.40741867699761014,0.6320154404924753,0.3679845595075247,0.3679845595075247,2.2022515060881473,2,6,16922.81100001315,13765.05380014569,3157.7571998674593,3157.7571998674593,85.954833984375,139.10516357421875,395.23231811523414,841.6128540039062,10.0,0.1,2.0,3175,0.21150388,False
2804,39026,ok,True,True,20260908,5,analysis_activations,positive,False,5.257015811728997,6.236706783913703,0.13236741456620815,0.12123485434264591,0.3638233287822651,0.3481879583538838,0.4401352045680018,0.5598647954319982,0.4401352045680018,2.7512340419680004,2,4,71186.5969451654,67263.18608945442,3923.410855710972,3923.410855710972,100.126953125,347.33795166015625,813.9191436767578,1518.200927734375,10.0,0.1,2.0,5753,0.36265174,False
2820,3844,ok,True,False,20260908,5,analysis_activations,positive,False,4.7305309987710285,5.139894617350485,0.012404425165768911,0.08779975355353342,0.11137515506507235,0.29631023194201955,0.6876526451659954,0.31234735483400455,0.31234735483400455,1.8288636342156883,2,8,808.5475696984765,-873.5230301273205,1682.070599825797,1682.070599825797,96.20649719238281,117.9169921875,219.45261535644522,772.1121826171875,10.0,0.1,2.0,2179,0.07196552,False
2831,9430,ok,True,True,20260908,5,analysis_activations,positive,False,4.825592627039823,6.124837135375571,0.025248523553313383,0.48878513882690633,0.15889783998945167,0.6991317034914855,0.3259424083799168,0.6740575916200833,0.3259424083799168,2.562772808653596,2,32,23530.737183550485,19941.294231031516,3589.44295251897,3589.44295251897,100.46893310546875,261.9553680419922,1257.1880432128905,1606.6278076171875,10.0,0.1,2.0,2432,0.7086388,False
2840,14142,ok,True,False,20260908,5,analysis_activations,positive,False,4.836820679768958,5.007959043063546,0.0025847832052235346,0.013212208095707917,0.050840763224242955,0.11494436956940482,0.6440857824897359,0.35591421751026403,0.35591421751026403,1.9256403720624382,2,8,-21176.53399183202,-25638.35419831163,4461.82020647961,4461.82020647961,116.29707336425781,129.0381088256836,167.30421142578123,266.7740783691406,10.0,0.1,2.0,2999,0.013081218,False
2860,11238,ok,True,True,20260908,5,analysis_activations,positive,False,5.32037596049983,6.72498123271791,0.17475850723143896,0.05076742978992555,0.4180412745548446,0.22531628833691886,0.2422731553598057,0.7577268446401942,0.2422731553598057,4.182837993013733,2,4,22760.59249958616,13475.518093026825,9285.074406559335,9285.074406559335,104.2918701171875,771.1417846679688,1152.327032470703,1572.37548828125,10.0,0.1,2.0,4072,0.443027,False
2866,28580,ok,True,True,20260908,5,analysis_activations,positive,False,5.070005828718492,5.973740446757903,0.09490096730612202,0.13432501923765308,0.30806000601526,0.3665037779309418,0.5049793165847859,0.4950206834152141,0.4950206834152141,2.6694635245593457,2,4,48434.865159018045,45727.573145004775,2707.29201401327,2707.29201401327,95.71421813964844,242.7384033203125,645.2416564941406,1146.91796875,10.0,0.1,2.0,688,0.31859085,False
2869,3164,ok,True,True,20260908,5,analysis_activations,positive,False,4.817489873449578,5.386372089248453,0.032222013138891586,0.10204940109989305,0.17950491118320855,0.3194517195131262,0.647487971860732,0.35251202813926785,0.35251202813926785,2.1955613320244507,2,5,2556.967122383714,1878.1111961634033,678.8559262203107,678.8559262203107,93.13192749023438,138.35276794433594,310.8255279541015,560.91259765625,10.0,0.1,2.0,234,0.13074449,False
2881,4724,ok,True,True,20260908,5,analysis_activations,positive,False,5.031641815983562,6.108315776635631,0.09808683095838108,0.13378651547806103,0.31318817180471725,0.3657683904851006,0.4805513575991215,0.5194486424008786,0.4805513575991215,3.162086839496554,2,3,9164.807654106173,8353.510295126784,811.2973589793892,811.2973589793892,94.37716674804688,267.3094177246094,728.2544067382809,1046.5888671875,10.0,0.1,2.0,2198,0.40608385,False
2906,5264,ok,True,True,20260908,5,analysis_activations,positive,False,5.075427396560007,5.87624696031725,0.04714628557787723,0.17076291786569112,0.21713195429940116,0.41323470070371765,0.6020188935431545,0.3979811064568454,0.3979811064568454,2.426117807488497,2,9,7658.1777182016185,6269.349051068786,1388.8286671328324,1388.8286671328324,116.13568115234375,193.8777618408203,609.3322753906249,1061.8304443359375,10.0,0.1,2.0,943,0.25004196,False
2909,6775,ok,True,True,20260908,5,analysis_activations,positive,False,4.900255931253045,5.392817851335651,0.024400178259004694,0.07323067058740285,0.15620556411026046,0.27061166010983867,0.5919133476217685,0.4080866523782316,0.4080866523782316,2.2293707498370092,2,6,3839.9603394687138,2637.2949862977152,1202.6653531709985,1202.6653531709985,105.4010009765625,153.59378051757812,304.2798767089843,596.25341796875,10.0,0.1,2.0,2329,0.10294598,False
2910,51766,ok,True,True,20260908,5,analysis_activations,positive,False,4.71787015727624,5.188005730154486,0.023558895274329857,0.08011897070542466,0.1534890721658381,0.283052946823425,0.6056240574006886,0.39437594259931147,0.39437594259931147,2.0648812774776597,2,6,27030.557565624404,16911.54302276225,10119.014542862154,10119.014542862154,87.99169921875,125.51115417480469,245.38555908203125,784.61474609375,10.0,0.1,2.0,2770,0.0986572,False
2922,2274,ok,True,False,20260908,5,analysis_activations,positive,False,4.939780255160264,5.148377945241299,0.003973084316130232,0.019432610700687806,0.06303240687241946,0.1394008992104707,0.6245908459814132,0.37540915401858677,0.37540915401858677,1.9282516954252575,2,7,-2429.5912498868984,-3061.3061502946307,631.7149004077323,631.7149004077323,126.2760009765625,144.84352111816406,198.88859100341793,293.7786560058594,10.0,0.1,2.0,855,0.019987326,False
2934,9839,ok,True,False,20260908,5,analysis_activations,positive,False,4.850038247262702,5.042345787927278,0.003261613866426597,0.017685734767302393,0.057110540764613645,0.13298772412257603,0.6229362706771273,0.37706372932287274,0.37706372932287274,1.8790865383221753,2,8,-11928.224289342977,-14987.57044686432,3059.3461575213423,3059.3461575213423,116.90460205078125,131.74343872070312,177.72242126464846,374.7275695800781,10.0,0.1,2.0,2784,0.017387776,False
2942,13144,ok,True,True,20260908,5,analysis_activations,positive,False,5.217371908428634,5.980374233074007,0.07949832954030528,0.07133696987753563,0.2819544813268718,0.26708981612471794,0.40779958875583494,0.5922004112441651,0.40779958875583494,2.7783654139633542,2,4,17131.936487001825,15726.141953370976,1405.7945336308494,1405.7945336308494,112.5242919921875,304.55560302734375,573.5530029296874,858.12548828125,10.0,0.1,2.0,4106,0.21527453,False
2951,3788,ok,True,True,20260908,5,analysis_activations,positive,False,4.95850691311935,5.307648156554412,0.01235277719954366,0.040164523865053384,0.11114304836355561,0.20041088759110215,0.6562337264812295,0.3437662735187706,0.3437662735187706,2.1545915516685032,2,5,-626.2891473562091,-1459.4927215769696,833.2035742207605,833.2035742207605,120.3034439086914,151.67510986328125,250.95052337646484,436.35418701171875,10.0,0.1,2.0,852,0.049424965,False
2958,21631,ok,True,True,20260908,5,analysis_activations,positive,False,4.912620291440679,5.474993047196059,0.02916642868722658,0.09046443983115195,0.17078181603211326,0.300773070322381,0.6147445733056867,0.38525542669431334,0.38525542669431334,2.299416497914756,2,6,16884.986455700215,12333.424574525865,4551.56188117435,4551.56188117435,104.53709411621094,155.1575927734375,337.87974548339844,697.1678466796875,10.0,0.1,2.0,1512,0.12768775,False
2965,1295,ok,True,True,20260908,5,analysis_activations,positive,False,5.1245268351752715,6.456530891763314,0.11968161272243344,0.21459545899080407,0.34595030383341685,0.4632444915925111,0.6609742974387787,0.3390257025612214,0.3390257025612214,3.258121312698688,2,3,2913.8705976567167,2550.427590645472,363.44300701124484,363.44300701124484,99.13735961914062,214.28591918945312,1077.47412109375,1560.8509521484375,10.0,0.1,2.0,701,0.5498665,False
2966,26428,ok,True,False,20260908,5,analysis_activations,positive,False,4.817410306576253,5.0332812009414925,0.004358144323928262,0.020659694914513308,0.06601624287952369,0.1437348075954927,0.6117515506008302,0.3882484493991698,0.3882484493991698,1.9301194622350824,2,8,-26145.127682168237,-33343.04902477159,7197.921342603357,7197.921342603357,111.49429321289062,128.71907806396484,179.21994247436518,327.53741455078125,10.0,0.1,2.0,4149,0.021755178,False
2971,8667,ok,True,True,20260908,5,analysis_activations,positive,False,4.977738451745424,5.414689335340925,0.016627544174546573,0.05750006106242986,0.12894783509057672,0.23979170348957,0.6068575205413343,0.3931424794586656,0.3931424794586656,2.2696434381058936,2,7,2531.4633348935276,542.2468435967089,1989.2164912968187,1989.2164912968187,118.966064453125,160.5783233642578,297.90649414062494,511.20458984375,10.0,0.1,2.0,1050,0.07825558,False
2984,1156,ok,True,True,20260908,5,analysis_activations,positive,False,4.919388391230236,5.5490187276279395,0.037110263108354115,0.08064641792882384,0.1926402427021782,0.28398312965530864,0.5964769070952312,0.4035230929047689,0.4035230929047689,2.594823749668159,2,4,1102.3584439741398,926.6866099767188,175.671833997421,175.671833997421,102.32707977294922,164.34658813476562,365.44891357421875,529.02880859375,10.0,0.1,2.0,144,0.15022571,False
3003,8424,ok,True,True,20260908,5,analysis_activations,positive,False,5.238576931771605,6.015084494560447,0.07425907393907828,0.08871988677393139,0.2725051814903311,0.29785883699150406,0.47242600599101614,0.527573994008984,0.47242600599101614,2.7201629167246306,2,4,11622.901490967988,10867.728102771825,755.1733881961627,755.1733881961627,118.51708984375,285.0306396484375,610.4300842285156,881.10791015625,10.0,0.1,2.0,3361,0.23219755,False
3004,9824,ok,True,False,20260908,5,analysis_activations,positive,False,4.84272892670086,5.023702827882256,0.002765753409127841,0.01476915222077209,0.05259043077526406,0.12152840088132523,0.640347183336774,0.35965281666322585,0.35965281666322585,1.9327657890655292,2,8,-13609.21772346,-16832.508700372568,3223.290976912567,3223.290976912567,116.73694610595703,130.0830841064453,170.69912872314453,269.8780517578125,10.0,0.1,2.0,2995,0.014626058,False
3011,939,ok,True,True,20260908,5,analysis_activations,positive,False,4.755350958070823,5.442748345468875,0.052197233280083306,0.1607484429447447,0.2284671382936358,0.4009344621565284,0.6280071291438996,0.3719928708561004,0.3719928708561004,2.1066309568925585,2,5,1181.0020861837345,1021.091207700053,159.91087848368147,159.91087848368147,81.56863403320312,137.14434814453125,360.55925598144523,808.224609375,10.0,0.1,2.0,185,0.20317894,False
3013,5196,ok,True,True,20260908,5,analysis_activations,positive,False,5.007854014166993,5.496583741296556,0.026437875186394608,0.06174573300997221,0.16259727914819058,0.24848688699803095,0.5457775864923131,0.45422241350768705,0.45422241350768705,2.327500705760424,2,5,2885.471826616198,2288.5292546020123,596.9425720141858,596.9425720141858,115.41586303710938,178.27789306640625,332.8234634399414,567.1025390625,10.0,0.1,2.0,2374,0.10170744,False
3014,6653,ok,True,False,20260908,5,analysis_activations,positive,False,4.839027750622828,5.005454969131201,0.002225332386894921,0.012201693100452722,0.047173428822748525,0.11046127421161102,0.6181708829631247,0.3818291170368753,0.3818291170368753,1.9595256521909117,2,10,-10217.77146214485,-12361.40931039161,2143.637848246759,2143.637848246759,117.19325256347656,129.66387939453125,167.52438049316405,236.32215881347656,10.0,0.1,2.0,2168,0.012573197,False
3022,22022,ok,True,False,20260908,5,analysis_activations,positive,False,4.859904433871715,5.0462042836382155,0.0028964505582043504,0.016477557571887166,0.05381868224143314,0.12836493902887644,0.616704963669373,0.383295036330627,0.383295036330627,1.8928568178369016,2,9,-28132.78212953981,-35279.548245927006,7146.766116387196,7146.766116387196,118.480224609375,132.90459442138672,177.05567932128906,287.8979187011719,10.0,0.1,2.0,3141,0.016305804,False
3024,3745,ok,True,True,20260908,5,analysis_activations,positive,False,5.162735762111065,5.86822917718478,0.0728733752759521,0.09161629751352586,0.26995069045281606,0.30268184206114157,0.5141626264024131,0.48583737359758694,0.48583737359758694,2.4600200342548955,2,4,4733.268255266177,4536.319477539379,196.94877772679865,196.94877772679865,109.11834716796875,239.341796875,518.8118774414063,1007.2930908203125,10.0,0.1,2.0,1794,0.2063638,False
3061,3384,ok,True,True,20260908,5,analysis_activations,positive,False,4.717859200805801,5.170182581379804,0.019677798659083676,0.057936458043255736,0.14027757717854866,0.2406999336170572,0.635883437607307,0.3641165623926931,0.3641165623926931,2.296113137615515,2,5,1113.7154115525643,432.6303396336743,681.08507191889,681.08507191889,89.58538818359375,123.36093139648438,230.43096313476562,390.27789306640625,10.0,0.1,2.0,1831,0.08100271,False
3075,16869,ok,True,True,20260908,5,analysis_activations,positive,False,4.862187345090069,5.347673135121183,0.02294171757250023,0.08769818567490045,0.15146523552452631,0.29613879461310105,0.632767327312336,0.3672326726876639,0.3672326726876639,2.064123256067962,2,6,9298.943939659537,5214.371317768265,4084.5726218912723,4084.5726218912723,102.56600189208984,142.70486450195312,290.46351318359365,683.52099609375,10.0,0.1,2.0,2116,0.101496615,False
3088,1365,ok,True,True,20260908,5,analysis_activations,positive,False,4.410545810703484,5.092259156928577,0.044367623703918,0.14668998868580002,0.21063623549598012,0.3830012907103578,0.5354726585654255,0.46452734143457464,0.46452734143457464,2.205639959304287,2,9,1741.4863229127036,1532.212179399035,209.2741435136686,209.2741435136686,58.9254150390625,103.83792114257812,270.41547241210935,486.1824645996094,10.0,0.1,2.0,580,0.2076488,False
3096,7687,ok,True,True,20260908,5,analysis_activations,positive,False,4.846489538755229,5.379571008585647,0.026708204638776954,0.0968109031996095,0.16342645024223268,0.3111445053341124,0.6337658162719554,0.3662341837280446,0.3662341837280446,2.1450702083689395,2,6,5427.132070356466,3585.606136603677,1841.5259337527891,1841.5259337527891,99.85032653808594,141.58876037597656,304.2392333984375,651.2684936523438,10.0,0.1,2.0,2134,0.11835574,False
3117,5360,ok,True,True,20260908,5,analysis_activations,positive,False,4.949950249441301,5.411821728263554,0.02092757602078411,0.0789060121651807,0.14466366517126583,0.2809021398373118,0.564508273665047,0.43549172633495303,0.43549172633495303,2.0672728563660887,2,9,2811.817621367157,1755.9813118672346,1055.8363094999222,1055.8363094999222,113.885498046875,161.04998779296875,315.40832519531256,668.1932373046875,10.0,0.1,2.0,2542,0.098637834,False
3118,4433,ok,True,True,20260908,5,analysis_activations,positive,False,5.185189780854397,5.764302897658554,0.03764323710505321,0.07288978249756364,0.19401865143602356,0.26998107803615357,0.5638251004712749,0.4361748995287251,0.4361748995287251,2.4633855089416636,2,4,3736.2563256873045,3259.0438878125046,477.2124378747999,477.2124378747999,129.2781982421875,217.4560546875,449.1473388671872,798.9674072265625,10.0,0.1,2.0,2338,0.13552341,False
3126,30141,ok,True,False,20260908,5,analysis_activations,positive,False,4.890975844150519,5.199892535775097,0.0079265064851196,0.04681384963236266,0.0890309299351613,0.21636508413411498,0.6333436491552465,0.36665635084475345,0.36665635084475345,1.8672504109520174,2,9,-8355.314942994766,-18782.04802950003,10426.733086505265,10426.733086505265,116.36740112304688,139.71319580078125,225.7278289794922,581.2606811523438,10.0,0.1,2.0,4444,0.04434587,False
3130,4192,ok,True,True,20260908,5,analysis_activations,positive,False,4.834590394631961,5.4495153060990615,0.039337779712518575,0.12381319203579302,0.19833753984689478,0.3518709877722132,0.6171583907346795,0.3828416092653205,0.3828416092653205,2.152991189921046,2,5,4257.529635118675,3463.458577693013,794.0710574256623,794.0710574256623,92.82958984375,146.22848510742188,342.74169616699214,928.828369140625,10.0,0.1,2.0,2309,0.16105852,False
3136,42969,ok,True,True,20260908,5,analysis_activations,positive,False,4.7747604869443965,5.415223861471059,0.028321366003520258,0.16645838938338764,0.16828953028492372,0.4079931241864103,0.5992584813359657,0.4007415186640343,0.4007415186640343,2.052283667994915,2,12,48797.26703685268,33782.15525018574,15015.111786666945,15015.111786666945,92.47941589355469,134.75640869140625,369.0024291992186,1077.660400390625,10.0,0.1,2.0,5414,0.18219003,True
3141,5660,ok,True,True,20260908,5,analysis_activations,positive,False,4.75367166053109,5.547722406091486,0.022939783736597986,0.2077839715865468,0.1514588516284142,0.4558332716976096,0.6249426218309254,0.37505737816907453,0.37505737816907453,2.3378524604364883,2,13,8003.4219052220815,4680.5841904278095,3322.837714794272,3322.837714794272,93.5427017211914,129.51679229736328,451.61072692871096,784.796875,10.0,0.1,2.0,1057,0.24009615,False
3143,6079,ok,True,True,20260908,5,analysis_activations,positive,False,5.3194682227032555,6.593740156415167,0.21148351975498592,0.19138038796643528,0.4598733736095034,0.4374704423917521,0.47742271570329514,0.5225772842967049,0.47742271570329514,2.839212739721434,2,4,14224.978076801643,13542.932425263742,682.045651537901,682.045651537901,87.4912109375,407.9366149902344,1275.2008178710935,1866.573974609375,10.0,0.1,2.0,3019,0.6061912,False
3144,2807,ok,True,True,20260908,5,analysis_activations,positive,False,4.803086576735181,5.18196783097648,0.013626801938524337,0.04986593677270934,0.11673389370069148,0.22330682204695257,0.5461130300526104,0.4538869699473897,0.4538869699473897,2.1264544583885927,2,9,337.45694143717213,-169.08960679217964,506.54654822935174,506.54654822935174,101.4776611328125,136.96356201171875,234.34540405273435,393.54754638671875,10.0,0.1,2.0,887,0.06568006,False
3148,14100,ok,True,False,20260908,5,analysis_activations,positive,False,4.849796657065023,5.035452660601428,0.002739637023781442,0.016054295361175797,0.05234154204626992,0.12670554589746968,0.6086006681110075,0.3913993318889925,0.3913993318889925,1.915204552177757,2,10,-18131.93599041693,-22797.060925761245,4665.124935344316,4665.124935344316,117.62959289550781,131.7642059326172,176.49673538208006,309.626953125,10.0,0.1,2.0,2741,0.016161652,False
3155,16286,ok,True,True,20260908,5,analysis_activations,positive,False,4.811504672256469,5.111489899823558,0.007974045578996737,0.034330744721430446,0.089297511605849,0.1852855761289325,0.6192410223897027,0.3807589776102973,0.3807589776102973,2.0626241266479246,2,8,-6503.420646507871,-10879.476534079718,4376.055887571847,4376.055887571847,107.00100708007812,130.030517578125,203.93128967285156,375.2203369140625,10.0,0.1,2.0,4034,0.039229088,False
3160,6013,ok,True,True,20260908,5,analysis_activations,positive,False,5.006357867452222,5.601730563405593,0.03691878629330282,0.0946861456363147,0.19214261966909585,0.3077111399288539,0.5856465713197643,0.41435342868023567,0.41435342868023567,2.320960926927473,2,5,5547.413895722657,4620.9353429026205,926.4785528200364,926.4785528200364,111.28506469726562,178.87429809570312,394.6690673828122,746.7425537109375,10.0,0.1,2.0,2638,0.14689533,False
3178,1587,ok,True,True,20260908,5,analysis_activations,positive,False,4.769025164157204,5.12246701219265,0.009191850666037291,0.05173258187868316,0.09587413971471813,0.22744797620265422,0.5925238968865046,0.4074761031134954,0.4074761031134954,2.02505685442213,2,10,-36.60012041750136,-521.3994278000799,484.7993073825786,484.7993073825786,101.42230224609375,127.111572265625,215.74426574707022,431.05120849609375,10.0,0.1,2.0,467,0.05672187,False
3179,2000,ok,True,True,20260908,5,analysis_activations,positive,False,5.0105380255353245,5.581141809265871,0.027637709979973963,0.10232042005180822,0.1662459322208335,0.3198756321632022,0.5795507668487553,0.4204492331512447,0.4204492331512447,2.2384526809414784,2,8,1735.3619049074005,1303.2962347051714,432.06567020222906,432.06567020222906,116.63885498046875,174.07199096679688,391.2017196655273,767.035400390625,10.0,0.1,2.0,214,0.13844316,False
3186,7119,ok,True,True,20260908,5,analysis_activations,positive,False,5.031944366427053,5.741829093194564,0.04333575149712229,0.11139262345962535,0.20817240810713195,0.3337553347283386,0.5147352152349224,0.4852647847650776,0.4852647847650776,2.552218474572012,2,8,8842.113618866975,7770.888277124963,1071.2253417420125,1071.2253417420125,110.9891357421875,202.954833984375,489.0498901367187,849.6767578125,10.0,0.1,2.0,3102,0.20226327,False
3207,4077,ok,True,True,20260908,5,analysis_activations,positive,False,5.356315644932484,6.142591305991871,0.11145850182721498,0.08957597372118499,0.33385401274691157,0.29929245516916225,0.41558513152295845,0.5844148684770416,0.41558513152295845,2.480016439045188,2,4,5915.455628335756,5638.952228078076,276.50340025768037,276.50340025768037,112.978759765625,349.174560546875,699.0103027343749,1101.77685546875,10.0,0.1,2.0,2276,0.24888198,False
3208,7861,ok,True,True,20260908,5,analysis_activations,positive,False,4.655693316954575,5.523860795043305,0.08227792604619744,0.16813967156008225,0.28684129069260134,0.41004837709724234,0.5826103837711251,0.417389616228875,0.417389616228875,2.453500147278482,2,4,12898.652554266864,11892.20334592385,1006.4492083430141,1006.4492083430141,66.35263061523438,139.21279907226562,416.0166320800781,808.587158203125,10.0,0.1,2.0,954,0.30143684,False
3217,2844,ok,True,True,20260908,5,analysis_activations,positive,False,4.9216595484650085,5.604006144550057,0.05488263863778998,0.1570909042000937,0.23427043910359235,0.39634694927562353,0.5729452735975717,0.42705472640242814,0.42705472640242814,2.09594169849465,2,5,3681.3599439629156,3296.6796443379694,384.6802996249462,384.6802996249462,95.3722152709961,169.45475006103516,438.95434570312494,955.89990234375,10.0,0.1,2.0,163,0.21252681,False
3218,2453,ok,True,True,20260908,5,analysis_activations,positive,False,4.957307422877865,5.486734049155915,0.025723080158833726,0.0767088726979433,0.16038416430194635,0.27696366674700007,0.6310743423975513,0.3689256576024487,0.3689256576024487,2.339392271821332,2,6,1557.7813360385726,1052.2125683103823,505.5687677281903,505.5687677281903,109.962646484375,159.96713256835938,322.05036621093757,596.979736328125,10.0,0.1,2.0,131,0.109834366,False
3220,7302,ok,True,True,20260908,5,analysis_activations,positive,False,4.8623895713471965,5.117612081835604,0.00579410652163508,0.02666004784899296,0.07611902864353354,0.1632790490203595,0.6042305740826608,0.3957694259173392,0.3957694259173392,2.0035437271981795,2,9,-4955.9833978173065,-6916.402455877641,1960.4190580603345,1960.4190580603345,114.87799072265625,136.1094970703125,200.91937942504882,325.3420715332031,10.0,0.1,2.0,1224,0.029632032,False
3221,6434,ok,True,True,20260908,5,analysis_activations,positive,False,4.962215446867227,5.524409080673007,0.02489606097005632,0.09057407657550343,0.15778485659294533,0.30095527338045336,0.5755500453542506,0.42444995464574947,0.42444995464574947,2.339731810509123,2,10,5148.841885263059,3643.1857424219475,1505.656142841112,1505.656142841112,112.40377807617188,166.19161987304688,364.95025939941405,617.835205078125,10.0,0.1,2.0,3209,0.13000369,False
3222,5050,ok,True,True,20260908,5,analysis_activations,positive,False,5.336039942201473,6.220484022913764,0.10981993861023573,0.1210455530092356,0.3313909150991254,0.34791601430407826,0.46502780775385566,0.5349721922461443,0.46502780775385566,2.603189995325255,2,4,8440.825882018564,8089.878751369979,350.9471306485848,350.9471306485848,115.01593017578125,336.6304626464844,806.367840576172,1318.34521484375,10.0,0.1,2.0,1897,0.3104889,False
3230,12606,ok,True,True,20260908,5,analysis_activations,positive,False,4.97673814267603,5.836737072213737,0.03218029288751949,0.31101169589116756,0.17938866432280354,0.5576842259658844,0.5919971937862397,0.4080028062137602,0.4080028062137602,2.0760812099283394,2,15,21608.724234370795,15127.810813775464,6480.9134205953305,6480.9134205953305,112.31600952148438,168.31060791015625,724.4861145019531,1370.96875,10.0,0.1,2.0,2868,0.32460898,False
3236,2241,ok,True,True,20260908,5,analysis_activations,positive,False,4.939377568129818,5.446172613408051,0.02167772739650491,0.07652069288349982,0.1472335810761421,0.27662373882857527,0.7294777120088519,0.2705222879911481,0.2705222879911481,2.287152418601857,2,4,908.0271111734382,240.1257229613522,667.901388212086,667.901388212086,111.37016296386719,147.73553466796875,292.4089660644531,524.2794799804688,10.0,0.1,2.0,1237,0.08723692,False
3237,1990,ok,True,True,20260908,5,analysis_activations,positive,False,4.878796885883241,5.1811502031692696,0.00734993708705934,0.027059393611057213,0.08573177408090503,0.1644973969734999,0.7282958425160131,0.2717041574839868,0.2717041574839868,2.3051098318615084,2,4,-1263.5076606378361,-1903.7551666701468,640.2475060323106,640.2475060323106,115.42160034179688,135.16548919677734,213.03731460571288,312.880615234375,10.0,0.1,2.0,892,0.030809224,False
3238,15248,ok,True,True,20260908,5,analysis_activations,positive,False,4.646216130576659,4.993493984273162,0.011605797049760213,0.04510478558433844,0.10773020490911643,0.21237887273535105,0.624636671808816,0.37536332819118395,0.37536332819118395,2.062338892581645,2,6,-1656.5150521374983,-5312.097751697399,3655.582699559901,3655.582699559901,87.87153625488281,111.43092346191406,186.06160888671874,346.8428955078125,10.0,0.1,2.0,3292,0.052459605,False
3248,4559,ok,True,True,20260908,5,analysis_activations,positive,False,5.266355348022203,5.960881370580857,0.08260463793632954,0.06411202832089624,0.2874102258729316,0.253203531414742,0.3757315845630522,0.6242684154369479,0.3757315845630522,2.564270258523796,2,4,5242.166207250986,4845.541204795739,396.62500245524734,396.62500245524734,111.885498046875,316.1070556640625,553.7997070312497,900.4817504882812,10.0,0.1,2.0,2100,0.1842426,False
3265,10204,ok,True,True,20260908,5,analysis_activations,positive,False,4.892587349842908,5.464810220010173,0.020403523729015244,0.1357495763081653,0.14284090355712276,0.36844209356174995,0.5836772423336055,0.41632275766639454,0.41632275766639454,2.047881883011078,2,12,9480.341766916743,5714.578721524236,3765.7630453925067,3765.7630453925067,108.021728515625,149.91610717773438,372.27821044921916,856.069580078125,10.0,0.1,2.0,2265,0.14800498,False
3277,11333,ok,True,False,20260908,5,analysis_activations,positive,False,4.853916989406504,5.387360195639177,0.01898965369635502,0.14373862095021586,0.1378029524224899,0.37912876565913045,0.6278459375853815,0.3721540624146185,0.3721540624146185,1.8701294803263944,2,11,9223.278181039228,4415.546731541949,4807.731449497279,4807.731449497279,105.10099792480469,139.16860961914062,325.93467407226564,1014.0611572265625,10.0,0.1,2.0,2123,0.13191585,False
3279,15781,ok,True,True,20260908,5,analysis_activations,positive,False,5.197548143247623,5.775779688620907,0.03665111825277303,0.07041499326168844,0.19144481777466066,0.2653582357148322,0.5592092514387395,0.4407907485612605,0.4407907485612605,2.499141024499965,2,4,13079.352638105956,11287.739071386997,1791.6135667189592,1791.6135667189592,131.95599365234375,221.993896484375,452.0770263671875,834.5459594726562,10.0,0.1,2.0,4080,0.13395664,False
3296,7908,ok,True,True,20260908,5,analysis_activations,positive,False,4.998752539947159,5.692424485224992,0.03636796327962919,0.07806056423407708,0.19070386278109103,0.2793932072081873,0.5641176719555494,0.4358823280444506,0.4358823280444506,2.9000265470034026,2,4,8579.04731415764,6992.628194724365,1586.4191194332752,1586.4191194332752,110.45317840576172,185.0511703491211,419.96463623046867,691.534423828125,10.0,0.1,2.0,2562,0.17287911,False
3301,9780,ok,True,True,20260908,5,analysis_activations,positive,False,4.9430567756857124,5.4625827906305044,0.02152079197507602,0.11342464693569373,0.14669966589967415,0.33678575821387363,0.6330968599016159,0.3669031400983841,0.3669031400983841,2.000060773205106,2,10,6866.880635274704,3618.5486493493927,3248.3319859253115,3248.3319859253115,113.29296875,153.4928741455078,342.51478271484365,774.7715454101562,10.0,0.1,2.0,1634,0.11794705,False
3311,5236,ok,True,True,20260908,5,analysis_activations,positive,False,4.900443148108565,5.494200231832519,0.039942077875674505,0.08957828688042073,0.19985514222975226,0.29929631952367997,0.5599700434929679,0.4400299565070321,0.4400299565070321,2.333215067531711,2,5,4895.644845023941,4279.63226684603,616.0125781779116,616.0125781779116,97.26605224609375,163.44915771484375,355.7310485839844,687.6869506835938,10.0,0.1,2.0,2332,0.14867991,False
3314,10147,ok,True,False,20260908,5,analysis_activations,positive,False,4.849424536359267,5.048585883202392,0.0034797789333597213,0.021207206408607706,0.05898965106999465,0.14562694259170486,0.6376522145928669,0.36234778540713314,0.36234778540713314,1.7926108586165435,2,8,-11365.662748849474,-14850.242838742406,3484.580089892932,3484.580089892932,116.57909393310547,131.0214080810547,178.27903442382808,325.2705383300781,10.0,0.1,2.0,2290,0.019068873,False
3322,1200,ok,True,False,20260908,5,analysis_activations,positive,False,4.818980247850205,4.976746068600838,0.002387597085758823,0.011533544062729894,0.04886304417204093,0.1073943390627732,0.678642398726083,0.321357601273917,0.321357601273917,1.8909955225388502,2,6,-2019.3502639893318,-2376.2634535117104,356.9131895223786,356.9131895223786,114.58213806152344,125.94622802734375,159.56709899902344,208.1121826171875,10.0,0.1,2.0,762,0.010762873,False
3353,10824,ok,True,True,20260908,5,analysis_activations,positive,False,5.024431025515571,5.641225028969166,0.03379381101842722,0.09420050682224279,0.1838309305270123,0.3069210107213952,0.5463508832697097,0.4536491167302903,0.4536491167302903,2.4381464901002334,2,7,10590.250144350663,8763.677318885722,1826.5728254649403,1826.5728254649403,114.90213012695312,186.8087921142578,422.80050964355485,685.614501953125,10.0,0.1,2.0,2632,0.15550211,False
3368,19268,ok,True,True,20260908,5,analysis_activations,positive,False,4.8416136767391755,5.309734253058259,0.019144239795276755,0.0810868434841068,0.13836271100002615,0.2847575169931547,0.5874713293661443,0.4125286706338557,0.4125286706338557,2.091084181855413,2,9,9905.876293629939,5141.748217467402,4764.128076162537,4764.128076162537,102.71194458007812,141.96697998046875,283.5068664550781,760.0529174804688,10.0,0.1,2.0,3294,0.097809084,False
3370,2643,ok,True,True,20260908,5,analysis_activations,positive,False,5.3547477496622715,6.407236003908914,0.10368100176358912,0.09886902730984545,0.32199534431974186,0.3144344563018586,0.5085520632057301,0.4914479367942699,0.4914479367942699,3.30724296042421,2,3,4946.1642174637755,4450.548430984289,495.6157864794868,495.6157864794868,121.7607421875,351.553955078125,880.0373291015627,1332.545654296875,10.0,0.1,2.0,1288,0.37831002,False
3391,13426,ok,True,False,20260908,5,analysis_activations,positive,False,4.82355224370248,5.094332708117582,0.00620900662231743,0.03209492766156915,0.07879725009362591,0.17915057259626369,0.6092004853048221,0.390799514695178,0.390799514695178,1.9566386805064995,2,9,-7365.263927842987,-11370.43458606364,4005.1706582206534,4005.1706582206534,110.05721282958984,130.95877075195312,198.86380004882812,377.4451904296875,10.0,0.1,2.0,1741,0.0337828,False
3392,14716,ok,True,True,20260908,5,analysis_activations,positive,False,4.485276476420909,5.455290020423566,0.07486155859806942,0.13851718540297098,0.2736084037416786,0.3721789695871745,0.5710669327075459,0.42893306729245406,0.42893306729245406,2.969731727545109,2,4,25583.74850982948,22756.939198946242,2826.8093108832363,2826.8093108832363,57.71775817871094,121.2296371459961,368.21016693115234,684.3750610351562,10.0,0.1,2.0,3548,0.33266592,False
3395,4613,ok,True,True,20260908,5,analysis_activations,positive,False,4.840737710386445,5.415210489339295,0.03147700344413337,0.08764071253206562,0.17741759620774195,0.29604174119888166,0.6179578852920556,0.3820421147079444,0.3820421147079444,2.3539447968489524,2,5,3726.3752068261424,2848.872750998219,877.5024558279233,877.5024558279233,95.74490356445312,145.24636840820312,318.8101623535155,542.1534423828125,10.0,0.1,2.0,2364,0.1308742,False
3398,18077,ok,True,False,20260908,5,analysis_activations,positive,False,4.522586752666173,4.983773695353084,0.021130647434390536,0.09385704003447538,0.14536384500414998,0.30636096362701853,0.6376514133669934,0.3623485866330066,0.3623485866330066,1.923385469360882,2,6,9075.484563132492,4254.713662909433,4820.770900223059,4820.770900223059,73.54743957519531,99.91793823242188,198.88916625976563,874.410888671875,10.0,0.1,2.0,3800,0.096630685,False
3404,5010,ok,True,False,20260908,5,analysis_activations,positive,False,4.8087557670065175,5.203740406097155,0.013366252738249054,0.06942409209486898,0.11561251116660798,0.26348451964938846,0.5985861042499543,0.40141389575004566,0.40141389575004566,1.941356787074998,2,10,1146.4236625185504,-296.41718113660147,1442.8408436551517,1442.8408436551517,103.06588745117188,133.1344223022461,244.2755554199219,585.13720703125,10.0,0.1,2.0,899,0.073369026,False
3417,6233,ok,True,True,20260908,5,analysis_activations,positive,False,5.082109765061139,5.993920892995937,0.0773802741169112,0.14078923711830282,0.2781731009945268,0.37521891892374354,0.5964110242515339,0.4035889757484662,0.4035889757484662,2.760723147292338,2,4,10265.521082227691,9233.10357753364,1032.4175046940509,1032.4175046940509,104.71588134765625,211.63018798828125,643.893701171875,945.4503173828125,10.0,0.1,2.0,3007,0.30314067,False
3418,5537,ok,True,True,20260908,5,analysis_activations,positive,False,4.9913187955960945,5.448525215841943,0.01938166613539222,0.06071512431948132,0.1392180524766534,0.24640439184292418,0.5962935425703305,0.40370645742966943,0.40370645742966943,2.2846504417918783,2,7,2170.99322731659,1071.2969219148342,1099.6963054017558,1099.6963054017558,118.76676940917969,166.1189422607422,310.55668945312493,579.798828125,10.0,0.1,2.0,1038,0.08640372,False
3426,22964,ok,True,True,20260908,5,analysis_activations,positive,False,4.8576919407939245,5.225306282270447,0.010929804858730961,0.051629890849669506,0.10454570703157046,0.2272221178707511,0.5758151930636234,0.4241848069363766,0.4241848069363766,2.0785483433424625,2,10,1037.2240431100474,-5074.347590827738,6111.571633937785,6111.571633937785,109.43985748291016,140.5736846923828,244.69160156249998,439.6829833984375,10.0,0.1,2.0,2829,0.061203986,False
3427,14983,ok,True,True,20260908,5,analysis_activations,positive,False,4.888416674841162,5.333477128821758,0.019031843361562228,0.0728461812827861,0.13795594717721388,0.26990031730767955,0.646679940638134,0.3533200593618659,0.3533200593618659,2.0764820427884554,2,6,5302.251839238979,1515.083925914126,3787.1679133248535,3787.1679133248535,107.49549865722656,144.11805725097656,274.8822998046875,586.4346313476562,10.0,0.1,2.0,2210,0.08330787,False
3435,10007,ok,True,False,20260908,5,analysis_activations,positive,False,4.960122530464187,5.374083458160893,0.014870820539483388,0.07160118018771285,0.1219459738551601,0.2675839684803872,0.6185326398930252,0.38146736010697474,0.38146736010697474,1.9908410892463222,2,9,2752.3125335139216,-147.57418734878266,2899.8867208627044,2899.8867208627044,119.28074645996094,155.02113342285156,290.08954467773435,679.3743286132812,10.0,0.1,2.0,1819,0.07695106,False
3438,19630,ok,True,True,20260908,5,analysis_activations,positive,False,4.973660561305473,5.763444735144654,0.04330740657706375,0.17438091287274524,0.208104316574798,0.4175894070408698,0.6149732443454372,0.3850267556545629,0.3850267556545629,2.3938992096639873,2,10,27832.674183394483,21886.573119459295,5946.101063935188,5946.101063935188,106.2553482055664,170.36422729492188,532.9925354003905,1030.02197265625,10.0,0.1,2.0,946,0.2414788,False
3444,13423,ok,True,True,20260908,5,analysis_activations,positive,False,4.9854295790259995,5.529175357350268,0.02568856597184087,0.0897895906393359,0.1602765296973979,0.29964911252886417,0.6017535632054625,0.3982464367945376,0.3982464367945376,2.262877137360982,2,7,9881.024971712912,6809.801757049409,3071.2232146635024,3071.2232146635024,115.06976318359375,166.63893127441406,360.3568481445312,736.823974609375,10.0,0.1,2.0,3696,0.122078404,False
3445,13580,ok,True,False,20260908,5,analysis_activations,positive,False,4.814012531286469,5.021940115138168,0.003624902709325554,0.01867760935135678,0.060207164933465805,0.13666605047105437,0.6168271657795433,0.38317283422045667,0.38317283422045667,1.9690203898149736,2,10,-14835.2399318796,-19016.53184122053,4181.291909340931,4181.291909340931,112.14869689941406,127.54199981689453,175.7697914123535,290.7322082519531,10.0,0.1,2.0,3438,0.019611456,False
3459,8218,ok,True,True,20260908,5,analysis_activations,positive,False,5.021059875460337,5.586909093512094,0.02587201649437357,0.08570694058443602,0.16084780537630464,0.2927574774184872,0.5888052768649615,0.4111947231350385,0.4111947231350385,2.3956566209821473,2,8,6445.500346510858,4590.99280862841,1854.5075378824486,1854.5075378824486,118.07424926757812,175.41503143310547,384.2977951049804,725.1902465820312,10.0,0.1,2.0,2500,0.12801209,False
3470,8449,ok,True,False,20260908,5,analysis_activations,positive,False,4.907983324273229,5.188002469099246,0.007390566258180582,0.03325117485800221,0.08596840267319489,0.18234904677020447,0.6228948387651043,0.37710516123489574,0.37710516123489574,1.9643395925393516,2,7,-4195.027938397264,-6460.003026844472,2264.975088447208,2264.975088447208,118.85474395751953,142.7060546875,219.55455017089838,398.30615234375,10.0,0.1,2.0,1885,0.03556442,False
3484,31510,ok,True,True,20260908,5,analysis_activations,positive,False,5.038909557036039,5.920211746979232,0.05595308011841825,0.1628541215529883,0.23654403420593437,0.4035518821080981,0.5704111187496909,0.42958888125030914,0.42958888125030914,2.6644589958800857,2,8,50674.760978316466,43388.70369325665,7286.057285059818,7286.057285059818,108.92201232910156,200.13543701171875,625.8968322753905,1193.270263671875,10.0,0.1,2.0,1436,0.29220572,False
3501,4616,ok,True,True,20260908,5,analysis_activations,positive,False,4.894150583429118,5.126218254273866,0.00472366244768523,0.020218045341680452,0.068728905474227,0.14219017315440774,0.6659294549074513,0.3340705450925487,0.3340705450925487,2.0781005049210863,2,6,-4526.688536002633,-5880.0010294429685,1353.3124934403359,1353.3124934403359,119.75060272216797,137.70587158203125,193.5876922607422,315.0498962402344,10.0,0.1,2.0,836,0.021884741,False
3505,9228,ok,True,True,20260908,5,analysis_activations,positive,False,4.954989961445357,5.772473633859235,0.05963245129881958,0.11619414984695439,0.24419756611977028,0.340872629946956,0.6291851069371611,0.37081489306283894,0.37081489306283894,2.7570954060463846,2,4,12902.071087797245,11127.472495088265,1774.5985927089805,1774.5985927089805,96.68679809570312,173.70138549804688,483.47577209472627,756.0140380859375,10.0,0.1,2.0,3224,0.23654829,False
3514,10687,ok,True,True,20260908,5,analysis_activations,positive,False,4.900594299720786,5.821515000785874,0.0434379078602804,0.20462948523798022,0.20841762847772835,0.45235990675343923,0.5510830131353684,0.4489169868646316,0.4489169868646316,2.614883784418901,2,14,18355.518373057203,14801.811660354908,3553.7067127022947,3553.7067127022947,98.92210388183594,172.43174743652344,619.5619506835934,970.4916381835938,10.0,0.1,2.0,3490,0.32564005,False
3528,6402,ok,True,True,20260908,5,analysis_activations,positive,False,4.927360060934479,5.416673490709337,0.023152770167046078,0.08618498642731583,0.1521603436084648,0.29357279578890794,0.5869605014006657,0.41303949859933425,0.41303949859933425,2.092748571251275,2,8,3891.5377354233888,2560.7060777709235,1330.8316576524653,1330.8316576524653,109.43215942382812,156.7454833984375,316.74074707031247,656.2758178710938,10.0,0.1,2.0,900,0.10724974,False
3529,5078,ok,True,True,20260908,5,analysis_activations,positive,False,5.04944087726084,5.423440568353558,0.012416093537254383,0.049702216445465,0.1114275259406507,0.22293993909899815,0.5562372605018576,0.44376273949814243,0.44376273949814243,2.122151698595977,2,10,428.23292171853495,-651.2223004116048,1079.4552221301396,1079.4552221301396,131.34390258789062,173.6525115966797,299.3781005859372,574.5911254882812,10.0,0.1,2.0,2000,0.06350086,False
3536,665,ok,True,True,20260908,5,analysis_activations,positive,False,5.376312884819568,6.1707705587071935,0.09940942630753087,0.08249012115324957,0.31529260427027284,0.2872109349472084,0.35075402764174274,0.6492459723582573,0.35075402764174274,2.634328636468495,2,4,929.0568671884434,876.5252824937862,52.53158469465723,52.53158469465723,129.06005859375,386.74951171875,708.790832519531,918.6167602539062,10.0,0.1,2.0,206,0.23250508,False
3543,16104,ok,True,True,20260908,5,analysis_activations,positive,False,5.239530580808698,6.109214902154393,0.096076982489964,0.09747119816420384,0.30996287276053563,0.3122037766655039,0.4637197335146484,0.5362802664853517,0.4637197335146484,2.795645446735939,2,4,25500.98363253033,23834.90914017014,1666.0744923601887,1666.0744923601887,108.11602783203125,306.29364013671875,683.1434722900386,974.6624755859375,10.0,0.1,2.0,4725,0.28493208,False
3554,14736,ok,True,False,20260908,5,analysis_activations,positive,False,4.878374502559344,5.047561072042087,0.0026518586037820534,0.013462649480308049,0.05149619989651715,0.11602865801304456,0.6410200394525573,0.35897996054744274,0.35897996054744274,1.8848307395044872,2,7,-22023.717089868365,-26504.713459141974,4480.996369273609,4480.996369273609,121.15701293945312,134.59530639648438,173.93114471435547,271.6650695800781,10.0,0.1,2.0,3321,0.013119364,False
3577,11865,ok,True,False,20260908,5,analysis_activations,positive,False,4.848751272986448,5.082765418043941,0.004826675559372966,0.023630594138156446,0.06947427984062135,0.15372245814504934,0.6368527545806134,0.36314724541938653,0.36314724541938653,1.9618260282979267,2,8,-10405.925159439004,-13997.491749496367,3591.566590057362,3591.566590057362,114.40269470214844,132.33457946777344,188.24069519042968,335.526611328125,10.0,0.1,2.0,2805,0.024321364,False
3586,7175,ok,True,True,20260908,5,analysis_activations,positive,False,5.1082855288262445,6.075874720918122,0.1028389879309466,0.10927593254925659,0.32068518508179733,0.3305691040452156,0.5554105067034049,0.4445894932965952,0.4445894932965952,2.9711213987377305,2,3,12572.972841299814,11620.790290554938,952.1825507448757,952.1825507448757,94.3748779296875,241.388916015625,653.980725097656,971.68408203125,10.0,0.1,2.0,3144,0.33692968,False
3587,6024,ok,True,True,20260908,5,analysis_activations,positive,False,4.918300921166016,5.5472524745350045,0.041540503899245206,0.10270024390444811,0.20381487654056366,0.3204687877226862,0.5774532501011038,0.4225467498988962,0.4225467498988962,2.3420071103591593,2,5,6218.539046816202,5364.830476406565,853.7085704096371,853.7085704096371,98.8702392578125,166.02566528320312,378.3547698974608,907.0731201171875,10.0,0.1,2.0,2018,0.16393149,False
3594,18389,ok,True,True,20260908,5,analysis_activations,positive,False,4.931685197990709,5.479011694340693,0.026392930867463655,0.08285707780505332,0.162459012884677,0.28784905385471277,0.6107744567576604,0.38922554324233954,0.38922554324233954,2.341805010287092,2,6,13152.101101732118,9113.51867144741,4038.5824302847086,4038.5824302847086,108.39342498779297,158.06298828125,337.02705688476544,730.5686645507812,10.0,0.1,2.0,1100,0.119590625,False
3603,21798,ok,True,False,20260908,5,analysis_activations,positive,False,4.797928682732538,5.012012416931921,0.004103465328955208,0.019975442195863245,0.06405829633197567,0.1413345046188766,0.6426057048622654,0.3573942951377347,0.3573942951377347,1.9511033735945469,2,7,-23068.71720360454,-29669.674934339822,6600.957730735281,6600.957730735281,109.6405258178711,125.19995880126953,172.3658721923828,302.21435546875,10.0,0.1,2.0,3651,0.020301707,False
3607,783,ok,True,True,20260908,5,analysis_activations,positive,False,4.4864682336635395,4.902776911188281,0.013252636733299385,0.04801145264109619,0.11512009700004333,0.21911515840100199,0.5817508914974133,0.4182491085025866,0.4182491085025866,2.3786331652339787,2,9,152.72938454816017,-17.945985791523277,170.67537033968344,170.67537033968344,73.63693237304688,98.56076049804688,174.38662109375,250.68124389648438,10.0,0.1,2.0,447,0.07004884,False
3609,8066,ok,True,True,20260908,5,analysis_activations,positive,False,5.071178349975353,6.061690345343007,0.05704228136115469,0.1835994193406389,0.238835259878341,0.42848502814058614,0.5861742386010091,0.41382576139899097,0.41382576139899097,2.8555468707736553,2,9,14380.453552651266,11956.867348007298,2423.586204643969,2423.586204643969,112.62933349609375,205.28628540039062,750.1214904785156,1068.4921875,10.0,0.1,2.0,3207,0.34745014,False
3610,4282,ok,True,False,20260908,5,analysis_activations,positive,False,4.91787028439527,5.072996071933819,0.0022194346397718403,0.011777875264847904,0.047110876024245615,0.1085259197834688,0.6798458839408327,0.3201541160591673,0.3201541160591673,1.8542859518916115,2,6,-7335.274602260414,-8767.840394744386,1432.5657924839716,1432.5657924839716,126.87564086914062,138.724365234375,175.83384704589844,261.9420471191406,10.0,0.1,2.0,1576,0.010518715,False
3613,7544,ok,True,True,20260908,5,analysis_activations,positive,False,5.1117912654620845,5.706047846381625,0.04027769624616156,0.10108813259684148,0.20069303985480302,0.3179435997104541,0.609935177554992,0.390064822445008,0.390064822445008,2.235201991962003,2,5,7014.376683652588,5895.471043150284,1118.9056405023048,1118.9056405023048,120.3951416015625,195.0010986328125,434.5617950439453,789.89697265625,10.0,0.1,2.0,2176,0.14803362,False
3625,7506,ok,True,True,20260908,5,analysis_activations,positive,False,4.959195600121148,5.451692885913457,0.023121878675211458,0.0745738918713779,0.15205880005843614,0.2730822071673252,0.6347045589243648,0.3652954410756352,0.3652954410756352,2.2283374434245786,2,6,3895.835236462209,2255.299218171201,1640.536018291008,1640.536018291008,112.67366027832031,157.95802307128906,318.6102294921875,582.904296875,10.0,0.1,2.0,2694,0.09816615,False
3639,16886,ok,True,True,20260908,5,analysis_activations,positive,False,4.592211086325454,5.762634206004617,0.07023231368538273,0.22103972418055537,0.26501379904711136,0.47014861924773893,0.630462343030705,0.369537656969295,0.369537656969295,3.0669626888495833,2,8,34272.018399659806,27864.88194618386,6407.136453475945,6407.136453475945,66.64878845214844,122.51751708984375,571.2052307128906,800.0556640625,10.0,0.1,2.0,4475,0.4451434,False
3661,20742,ok,True,True,20260908,5,analysis_activations,positive,False,4.905825982018945,5.391447002052856,0.022185113789024734,0.08230286826647079,0.14894668102722106,0.28688476478626534,0.6250859347493869,0.37491406525061316,0.37491406525061316,2.1246104035335134,2,7,11120.867344514523,6184.975032517031,4935.8923119974925,4935.8923119974925,107.46849060058594,149.55667114257812,299.61425781250006,647.5428466796875,10.0,0.1,2.0,1992,0.099994935,False
3667,16802,ok,True,True,20260908,5,analysis_activations,positive,False,4.981537144159666,5.425207654914749,0.016211967597717487,0.07680515173796575,0.1273262250980429,0.2771374239217175,0.5956710198685581,0.4043289801314418,0.4043289801314418,2.0572833848932777,2,10,6888.422804991547,2189.1650326621007,4699.257772329447,4699.257772329447,120.2148666381836,160.51075744628906,315.1697677612303,722.7109375,10.0,0.1,2.0,1327,0.08812494,False
3683,10864,ok,True,False,20260908,5,analysis_activations,positive,False,4.855706501549206,5.0137923438280625,0.0020771141319886575,0.011737996831769418,0.045575367601245496,0.10834203630987105,0.6228587097397611,0.3771412902602389,0.3771412902602389,1.902088792160357,2,9,-17578.040125072166,-21129.765841626242,3551.725716554076,3551.725716554076,119.41334533691406,131.4801025390625,167.8816749572754,260.3628234863281,10.0,0.1,2.0,2298,0.011591229,False
3691,4265,ok,True,True,20260908,5,analysis_activations,positive,False,4.997601552333773,5.625958146815858,0.04593017719078932,0.08081939457389173,0.21431326881644383,0.284287520960544,0.5747981409127854,0.42520185908721464,0.42520185908721464,2.496019217438881,2,4,4230.716786620613,3791.58782375214,439.1289628684726,439.1289628684726,103.104248046875,183.01617431640625,394.4375854492187,672.2072143554688,10.0,0.1,2.0,1973,0.15730011,False
3702,36025,ok,True,True,20260908,5,analysis_activations,positive,False,4.884808288347628,5.453389577929766,0.027903457933190056,0.12354262679132431,0.16704328161644233,0.351486310958655,0.6069211167723036,0.39307888322769635,0.39307888322769635,2.0662294008143967,2,9,32094.62876700962,22352.25390892846,9742.374858081163,9742.374858081163,102.92410278320312,149.86358642578125,350.49598388671865,956.42138671875,10.0,0.1,2.0,2453,0.14262395,False
3703,7035,ok,True,False,20260908,5,analysis_activations,positive,False,4.898167869926828,5.335012512255764,0.013615719676224401,0.08396806410923058,0.11668641598842773,0.28977243504037886,0.608625002807849,0.39137499719215096,0.39137499719215096,1.977667081156174,2,11,2771.812025796511,266.42348424058383,2505.388541555927,2505.388541555927,112.77827453613281,145.0626678466797,286.5796386718746,606.7435913085938,10.0,0.1,2.0,856,0.08661779,False
3706,4215,ok,True,True,20260908,5,analysis_activations,positive,False,4.70385414182842,5.200280099065702,0.02326238022957045,0.0937953041946412,0.15252009778901418,0.30626019035232316,0.5900334511113775,0.40996654888862255,0.40996654888862255,2.051962951742215,2,7,2742.7019245111055,1801.818294294048,940.8836302170575,940.8836302170575,87.28581237792969,124.55792999267578,260.0811859130859,525.1654052734375,10.0,0.1,2.0,1153,0.11181634,False
3707,56697,ok,True,True,20260908,5,analysis_activations,positive,False,5.0171882958837974,5.767241502045653,0.05069492810111842,0.14237541128694053,0.22515534215540706,0.37732666389607367,0.5713218561684498,0.42867814383155023,0.42867814383155023,2.4140668349988226,2,6,77044.52394268538,66785.3149996203,10259.208943065081,10259.208943065081,107.20227813720703,189.51107788085938,513.4885986328125,1057.7525634765625,10.0,0.1,2.0,2045,0.22778179,False
3715,18043,ok,True,False,20260908,5,analysis_activations,positive,False,4.855317629844348,5.02772982015339,0.0025252041064262533,0.01297412816100584,0.050251408999412675,0.11390403048622046,0.6282248540202294,0.3717751459797707,0.3717751459797707,1.9585130634457486,2,9,-26652.315779714998,-32280.28760260421,5627.9718228892125,5627.9718228892125,118.48890686035156,131.82699584960938,171.4551574707031,258.7823181152344,10.0,0.1,2.0,3924,0.013352328,False
3734,8315,ok,True,False,20260908,5,analysis_activations,positive,False,4.736779054931961,5.266296233931369,0.027959818958601224,0.14799617460807532,0.16721189837628547,0.38470270938489026,0.6759862913577122,0.324013708642288,0.324013708642288,1.7852252460029174,2,5,6538.868398217952,3870.865469405396,2668.0029288125556,2668.0029288125556,89.214599609375,122.43450927734375,270.5646423339843,841.8670654296875,10.0,0.1,2.0,2403,0.12828082,False
3739,8244,ok,True,False,20260908,5,analysis_activations,positive,False,4.351469863772799,4.82367223824624,0.025261697769892268,0.12011606602696083,0.15893928957275563,0.346577647904421,0.6828737013879276,0.3171262986120723,0.3171262986120723,1.7514355971741329,2,5,4724.805812357245,2365.952289329166,2358.8535230280786,2358.8535230280786,60.51850891113281,82.51532745361328,165.78588409423827,547.8516235351562,10.0,0.1,2.0,3128,0.10364078,False
3740,10694,ok,True,False,20260908,5,analysis_activations,positive,False,4.839433750148638,5.036819768309524,0.0032501977832890853,0.02001614803554047,0.05701050590276397,0.1414784366450961,0.6806716782581522,0.31932832174184783,0.31932832174184783,1.8300682839710998,2,8,-13161.413333120248,-17294.27168993716,4132.858356816911,4132.858356816911,115.62853240966797,128.81051635742188,174.0257484436035,339.9459228515625,10.0,0.1,2.0,2587,0.017073099,False
3759,17216,ok,True,True,20260908,5,analysis_activations,positive,False,4.1033107394456945,4.800165898419438,0.05057952589549982,0.13998172158114996,0.22489892373130607,0.37414131231548053,0.6030753898303262,0.39692461016967384,0.39692461016967384,2.257564794151762,2,5,21365.755861838985,18458.093549691617,2907.6623121473676,2907.6623121473676,41.72673797607422,72.26961517333984,188.91314697265625,503.1758728027344,10.0,0.1,2.0,2017,0.20231739,False
3781,2291,ok,True,True,20260908,5,analysis_activations,positive,False,4.7986903164262795,5.220037447973693,0.014562254371446781,0.07199675114712475,0.12067416613114333,0.2683221033517827,0.6593165749882792,0.3406834250117209,0.3406834250117209,2.0253445255560534,2,7,552.1651128152517,-192.7970367007524,744.9621495160042,744.9621495160042,101.28443908691406,129.28030395507812,244.202392578125,543.7913818359375,10.0,0.1,2.0,563,0.07403752,False
3786,20499,ok,True,False,20260908,5,analysis_activations,positive,False,4.89580132684187,5.29350819591862,0.012000513297921957,0.07343320133886425,0.10954685434973456,0.2709856109443161,0.6006931879749482,0.39930681202505186,0.39930681202505186,1.924258638932554,2,11,4949.957152689606,-2009.275923882646,6959.233076572253,6959.233076572253,113.45848083496094,144.32015991210938,269.1427429199219,762.2166137695312,10.0,0.1,2.0,2423,0.07447196,False
3788,10150,ok,True,False,20260908,5,analysis_activations,positive,False,4.859708438305825,5.026460606383807,0.0024918400728564903,0.01268194241262456,0.049918334035266944,0.11261413060812821,0.6461890810924968,0.35381091890750316,0.35381091890750316,1.914430302877731,2,7,-15692.474900973542,-18856.917792950837,3164.4428919772945,3164.4428919772945,119.19711303710938,131.96548461914062,169.5321594238281,264.0386047363281,10.0,0.1,2.0,2892,0.0124547435,False
3789,1402,ok,True,False,20260908,5,analysis_activations,positive,False,4.979382079436927,5.5316603130836395,0.019104770427242734,0.16862293423886054,0.13822000733339126,0.4106372294846883,0.7072990396062356,0.29270096039376436,0.29270096039376436,1.8026389053210468,2,9,1089.1392408674649,345.85807115432834,743.2811697131365,743.2811697131365,119.17700958251953,152.23931884765625,357.7343566894533,1039.20458984375,10.0,0.1,2.0,468,0.12610346,False
3801,5145,ok,True,False,20260908,5,analysis_activations,positive,False,4.88120724307426,5.277110308230892,0.012753075914537115,0.07071152628826062,0.11292951746349188,0.2659163896570887,0.5941969874248823,0.4058030125751178,0.4058030125751178,1.937995204467821,2,11,1226.5587095143119,-331.3378945485048,1557.8966040628166,1557.8966040628166,110.80448913574219,142.67332458496094,265.29874877929694,629.35498046875,10.0,0.1,2.0,502,0.074080445,False
3803,1505,ok,True,True,20260908,5,analysis_activations,positive,False,5.453399241968712,6.392904669462291,0.15885184872589078,0.08155880578044096,0.3985622269180696,0.2855850237327598,0.3696466965067739,0.630353303493226,0.3696466965067739,2.7098012313424675,2,4,2550.8970728907293,2299.339645177127,251.55742771360246,251.55742771360246,109.5843505859375,481.0418395996094,882.6157470703124,1133.0023193359375,10.0,0.1,2.0,1125,0.31600818,False
3813,4222,ok,True,True,20260908,5,analysis_activations,positive,False,4.961770516106631,6.0030238644686404,0.1343384409217832,0.19737901531993302,0.3665220879043761,0.4442735816137766,0.48108113767143046,0.5189188623285695,0.48108113767143046,2.5567440010859626,2,4,8510.045205887509,8183.938664858349,326.1065410291603,326.1065410291603,79.6126708984375,243.2821044921875,770.0897155761718,991.841064453125,10.0,0.1,2.0,2072,0.43781874,False
3817,1422,ok,True,True,20260908,5,analysis_activations,positive,False,4.9173014843458,5.1626883761988624,0.006589004890566465,0.023443372593367765,0.08117268561878721,0.1531122875322806,0.613797705597399,0.386202294402601,0.386202294402601,2.0024952774481037,2,6,-1066.755325026857,-1332.6952665921908,265.9399415653338,265.9399415653338,120.38172149658203,144.1059112548828,205.68371810913087,320.22552490234375,10.0,0.1,2.0,755,0.02739041,False
3825,5371,ok,True,True,20260908,5,analysis_activations,positive,False,4.82745302025022,5.352228613092538,0.025062106480897524,0.09869675062329318,0.15831015912094057,0.31416038996552886,0.6584449036290067,0.3415550963709934,0.3415550963709934,2.1096017678785706,2,6,3507.8756568332024,2052.0964176237762,1455.7792392094261,1455.7792392094261,98.66966247558594,136.23704528808594,292.1407165527344,676.2566528320312,10.0,0.1,2.0,633,0.11216588,False
3839,14282,ok,True,False,20260908,5,analysis_activations,positive,False,4.782237308483222,5.0312921864765645,0.005499421363068452,0.025921106467985646,0.07415808359894727,0.16100033064557864,0.6220758723057912,0.3779241276942088,0.3779241276942088,1.987024911179508,2,8,-10619.229988146539,-14708.60592276453,4089.3759346179904,4089.3759346179904,106.38299560546875,124.6921272277832,182.70775985717768,313.8375244140625,10.0,0.1,2.0,1650,0.027801061,False
3842,5754,ok,True,True,20260908,5,analysis_activations,positive,False,5.033791555319504,5.420005025637565,0.011354962334551027,0.06140602936242352,0.10655966560829208,0.24780239983184893,0.6104436952791863,0.3895563047208137,0.3895563047208137,2.024851182372369,2,11,734.552485858034,-1126.2000014788166,1860.7524873368507,1860.7524873368507,130.73995971679688,165.13246154785156,299.89641571044916,658.1442260742188,10.0,0.1,2.0,2214,0.066333905,False
3845,8597,ok,True,True,20260908,5,analysis_activations,positive,False,4.821465810641378,5.33849463334058,0.027292811558411203,0.07130979117187869,0.16520536177258655,0.26703893194041706,0.6188833531056905,0.38111664689430946,0.38111664689430946,2.328549972812958,2,5,5211.24325422101,3717.4824044758625,1493.7608497451474,1493.7608497451474,95.65914916992188,140.9898681640625,283.0452880859375,511.52880859375,10.0,0.1,2.0,2587,0.10713128,False
3855,32953,ok,True,True,20260908,5,analysis_activations,positive,False,5.231902141044169,5.918806841881814,0.05530958687303242,0.09229245093825736,0.23517990320822998,0.3037967263455243,0.5185367405118005,0.48146325948819935,0.48146325948819935,2.5285136913884503,2,4,38969.06596738404,36008.549194503044,2960.5167728809975,2960.5167728809975,128.54946899414062,252.50640869140625,552.5102905273435,1057.469970703125,10.0,0.1,2.0,852,0.19091584,False
3856,39771,ok,True,False,20260908,5,analysis_activations,positive,False,4.918996869558007,5.220158133446457,0.007543361994842563,0.042265151031802915,0.08685253015797849,0.20558489981465788,0.6261653488669838,0.37383465113301617,0.37383465113301617,1.9083688570184272,2,9,-13425.29484466526,-26561.84830672273,13136.55346205747,13136.55346205747,119.98304748535156,143.90760803222656,229.63079833984375,473.31512451171875,10.0,0.1,2.0,4919,0.04175473,False
3865,4341,ok,True,True,20260908,5,analysis_activations,positive,False,4.855849589522106,5.263634309718791,0.017162260115401957,0.06121650180636431,0.131004809512483,0.24741968758844618,0.5894557030921864,0.4105442969078135,0.4105442969078135,2.0599028900963123,2,7,1119.830793884356,284.34062432144026,835.4901695629156,835.4901695629156,104.959716796875,142.46697998046875,254.66854858398438,449.6424865722656,10.0,0.1,2.0,1856,0.07550636,False
3878,42072,ok,True,True,20260908,5,analysis_activations,positive,False,4.894903890082425,5.317502106307296,0.015405671449847017,0.0691904992857162,0.1241195852790647,0.26304086999117876,0.5742823169156648,0.4257176830843352,0.4257176830843352,2.054789344224566,2,10,14174.244624953504,3725.8015761668375,10448.443048786667,10448.443048786667,110.43751525878906,148.54141998291016,279.1863006591793,669.8126831054688,10.0,0.1,2.0,3999,0.08196534,False
3883,13621,ok,True,False,20260908,5,analysis_activations,positive,False,4.886470522550152,5.106420645561684,0.004294776737895362,0.02185857430295031,0.0655345461409123,0.14784645515855396,0.6402890891551826,0.35971091084481743,0.35971091084481743,1.9234262352943852,2,7,-13466.816928980254,-17697.32154219549,4230.504613215235,4230.504613215235,119.65829467773438,137.0086212158203,191.60755920410156,304.6972961425781,10.0,0.1,2.0,3224,0.021755647,False
3897,13094,ok,True,False,20260908,5,analysis_activations,positive,False,4.892877535777256,5.047601556465276,0.002124526110755082,0.010783752606254794,0.04609258194932328,0.10384484872276907,0.6449669240972291,0.35503307590277094,0.35503307590277094,1.9259214639036537,2,7,-22261.017808969995,-26362.476471189548,4101.458662219553,4101.458662219553,123.92420959472656,136.19745635986328,172.30959091186523,250.39077758789062,10.0,0.1,2.0,2705,0.010680588,False
3900,3875,ok,True,True,20260908,5,analysis_activations,positive,False,5.025377497921559,5.6655851177282655,0.02802500914808007,0.11620703790911842,0.16740671775075236,0.34089153393582305,0.5163075321303648,0.48369246786963516,0.48369246786963516,2.383992874304054,2,14,4215.522873974464,3336.1462629267576,879.3766110477068,879.3766110477068,118.0927963256836,190.09718322753906,456.3130920410154,757.4439697265625,10.0,0.1,2.0,312,0.17307915,False
3913,8238,ok,True,True,20260908,5,analysis_activations,positive,False,4.792675473823295,5.331570798224841,0.03166341545848682,0.0634703138143953,0.17794216885967984,0.2519331534641586,0.5540244656381759,0.44597553436182413,0.44597553436182413,2.4708828362113793,2,4,5763.440604927902,4823.602290565685,939.8383143622177,939.8383143622177,90.7579574584961,146.6059112548828,283.9943069458007,458.84124755859375,10.0,0.1,2.0,3110,0.117616095,False
3920,7846,ok,True,True,20260908,5,analysis_activations,positive,False,4.961192988393109,5.333944408294111,0.01480493054425034,0.04972272140637927,0.12167551333053968,0.22298592199145503,0.6002824401253437,0.39971755987465624,0.39971755987465624,2.075206758798028,2,6,479.7860679393097,-998.4523624595136,1478.2384303988233,1478.2384303988233,118.1845703125,157.0111083984375,264.63812255859375,501.01983642578125,10.0,0.1,2.0,3313,0.062107734,False
3926,25338,ok,True,False,20260908,5,analysis_activations,positive,False,4.868833585101069,5.092331775661677,0.004255028931562585,0.02232376904895331,0.06523058279336913,0.14941140869743955,0.6247049544451959,0.37529504555480414,0.37529504555480414,1.9387479034299258,2,9,-23936.30975206152,-31863.8505100371,7927.540757975581,7927.540757975581,117.53616333007812,135.0808334350586,190.12978515624997,339.21893310546875,10.0,0.1,2.0,3257,0.022747003,False
3948,12512,ok,True,True,20260908,5,analysis_activations,positive,False,5.094496317514748,5.803836129652233,0.030886397156166628,0.16430299601977158,0.17574526211584376,0.4053430596664652,0.5033239367949495,0.4966760632050504,0.4966760632050504,2.270603100080665,2,14,16747.461452077365,13456.264938787004,3291.1965132903606,3291.1965132903606,125.23173522949219,206.56661987304688,587.1987823486327,1139.5078125,10.0,0.1,2.0,4131,0.2229544,False
3987,691,ok,True,True,20260908,5,analysis_activations,positive,False,5.305114751338097,5.752319764974672,0.016754238935268822,0.0781725412888553,0.12943816645514114,0.27959352869631177,0.693119966900781,0.3068800330992191,0.3068800330992191,2.0527085269836305,2,5,212.52061912734501,-4.796908407099224,217.31752753444425,217.31752753444425,168.00172424316406,213.48927307128906,405.7332458496094,886.0892333984375,10.0,0.1,2.0,170,0.0782539,False
3992,7497,ok,True,True,20260908,5,analysis_activations,positive,False,4.951869383215581,5.48419912540794,0.02110661973692174,0.11694904272646402,0.14528117475062535,0.341978131941889,0.6248191193627439,0.3751808806372561,0.3751808806372561,2.0261361131563786,2,10,5612.882789995579,3030.8538807900227,2582.028909205556,2582.028909205556,114.20762634277344,155.81060791015625,353.0761352539062,1023.910400390625,10.0,0.1,2.0,2926,0.123508625,False
4010,12963,ok,True,False,20260908,5,analysis_activations,positive,False,4.805230819364796,4.9888731117126355,0.0030168032690596975,0.014500025926673312,0.05492543371753834,0.12041605344252615,0.6558642913720272,0.3441357086279728,0.3441357086279728,1.9622753825099168,2,7,-18003.093775354475,-22005.200990781115,4002.1072154266403,4002.1072154266403,111.84522247314453,125.01212310791016,164.7293701171875,267.818359375,10.0,0.1,2.0,2972,0.01458051,False
4016,3785,ok,True,False,20260908,5,analysis_activations,positive,False,4.242887687583171,4.715938091914804,0.018998011847243475,0.11473468731249697,0.1378332755442004,0.338725091058364,0.5733220720864989,0.4266779279135011,0.4266779279135011,1.829378668892113,2,11,2557.934419586922,1451.9481785839891,1105.986241002933,1105.986241002933,56.3150520324707,77.1498794555664,159.17966308593736,474.28033447265625,10.0,0.1,2.0,1425,0.11461699,False
4021,4769,ok,True,True,20260908,5,analysis_activations,positive,False,4.875169402710228,5.055273716727552,0.0025475340837930764,0.013097275445620752,0.05047310257744293,0.11444332853260059,0.6237134441321779,0.37628655586782206,0.37628655586782206,2.0363572601534066,2,10,-6762.83798249262,-8271.676392170732,1508.838409678112,1508.838409678112,120.83876037597656,134.8039093017578,176.3509490966796,290.83917236328125,10.0,0.1,2.0,1182,0.0141321495,False
4029,2895,ok,True,True,20260908,5,analysis_activations,positive,False,5.1737288790372515,6.054655467685488,0.10038515574740108,0.1145333646132884,0.31683616546631965,0.33842778345355806,0.4902009801866745,0.5097990198133255,0.4902009801866745,2.6873101667651365,2,4,4760.824151327309,4527.875150136883,232.9490011904254,232.9490011904254,102.85946655273438,274.0447998046875,667.8505615234374,991.679443359375,10.0,0.1,2.0,1808,0.30163455,False
4034,2827,ok,True,True,20260908,5,analysis_activations,positive,False,5.226171302497558,5.897524700067677,0.05443667885183692,0.10606384148670724,0.233316692184329,0.32567444094786935,0.5324503364858518,0.4675496635141483,0.4675496635141483,2.3698887895915672,2,5,3355.240040029285,3112.7611070349385,242.47893299434645,242.47893299434645,126.8961181640625,242.181884765625,555.5230590820312,1057.3388671875,10.0,0.1,2.0,1441,0.19084583,False
4040,4690,ok,True,True,20260908,5,analysis_activations,positive,False,4.979466887276549,5.500070142648572,0.02377094771368951,0.08505470659396094,0.15417829845243952,0.2916414006857753,0.6266635100243828,0.3733364899756172,0.3733364899756172,2.2318049361402843,2,7,2976.905952910414,1860.443601910868,1116.4623509995458,1116.4623509995458,113.6651611328125,162.04195404052734,339.01914520263676,655.0777587890625,10.0,0.1,2.0,2375,0.11008148,False
4052,4032,ok,True,False,20260908,5,analysis_activations,positive,False,4.651450772507312,5.13109032830053,0.018462139020886694,0.10318331361214036,0.13587545407794116,0.32122159580598,0.6990399338722851,0.30096006612771486,0.30096006612771486,1.9448318157469824,2,8,1854.3801431067166,298.94940503583695,1555.4307380708797,1555.4307380708797,85.91154479980469,110.15940856933594,225.17004547119132,504.3699035644531,10.0,0.1,2.0,1339,0.092381015,False
4057,4886,ok,True,False,20260908,5,analysis_activations,positive,False,4.873282132694166,5.108129435796816,0.00416630637574436,0.02433583497641709,0.06454693157497388,0.15599947107736323,0.6415257140795001,0.35847428592049996,0.35847428592049996,1.9672603113017275,2,9,-4324.371658282378,-6099.404590165656,1775.0329318832783,1775.0329318832783,118.35131072998047,134.9584197998047,195.68187713623047,385.87542724609375,10.0,0.1,2.0,2364,0.02408411,False
4067,12839,ok,True,True,20260908,5,analysis_activations,positive,False,4.816037620209257,5.204730684082204,0.014101196678223961,0.05471942402547663,0.11874845968779536,0.23392183315260812,0.6001503949963373,0.3998496050036628,0.3998496050036628,2.0953785607042312,2,8,1672.2633544799103,-1294.4300418152368,2966.693396295147,2966.693396295147,102.9923095703125,135.15896606445312,238.0857727050778,438.9890441894531,10.0,0.1,2.0,3528,0.06660158,False
4095,5415,ok,True,True,20260908,5,analysis_activations,positive,False,4.980504531688194,5.801597375120763,0.024089448794077553,0.22930933395134562,0.1552077600961935,0.4788625418127269,0.6318903080794628,0.3681096919205371,0.3681096919205371,2.3067737597999987,2,14,8015.504521085957,4705.6748836848465,3309.8296374011106,3309.8296374011106,117.47844696044922,162.20571899414062,595.8275451660156,1307.285400390625,10.0,0.1,2.0,1492,0.25649995,False
4108,8298,ok,True,False,20260908,5,analysis_activations,positive,False,4.799866075600508,5.348486646189379,0.020632900882949157,0.1336490391955414,0.14364157087329962,0.3655804141301082,0.6215438138425788,0.378456186157421,0.378456186157421,1.9752839712940888,2,11,6901.051208650092,3706.229776779312,3194.82143187078,3194.82143187078,98.28848266601562,133.1959991455078,324.3348510742186,778.0599975585938,10.0,0.1,2.0,1501,0.13421945,False
4109,1244,ok,True,True,20260908,5,analysis_activations,positive,False,4.96618377420019,5.4695737805155025,0.02578077997214783,0.06574646451772474,0.16056394356189632,0.25641073401424663,0.5962938361574298,0.40370616384257013,0.40370616384257013,2.353121724308936,2,5,715.8980832386763,527.0063835382709,188.8916997004054,188.8916997004054,112.15753173828125,164.71505737304688,321.52644653320283,530.7937622070312,10.0,0.1,2.0,388,0.10299777,False
4120,4411,ok,True,True,20260908,5,analysis_activations,positive,False,5.173100587461235,5.542906115738698,0.010064608026887547,0.049198445897960345,0.10032252003856136,0.22180722688397767,0.6127323050613287,0.38726769493867136,0.38726769493867136,2.148307196226062,2,11,-50.00857909047781,-1429.596516995104,1379.5879379046262,1379.5879379046262,151.5853729248047,190.04209899902344,329.7063293457031,545.473876953125,10.0,0.1,2.0,306,0.057682768,False
4124,2544,ok,True,True,20260908,5,analysis_activations,positive,False,4.8187519436332,5.210696703937861,0.010960312373352555,0.057329098268166484,0.10469151051232643,0.23943495623690056,0.4723135225033604,0.5276864774966397,0.4723135225033604,2.1211099366641544,2,15,601.634581009847,77.07672308149628,524.5578579283507,524.5578579283507,104.31826782226562,143.36056518554688,254.99272232055662,437.75653076171875,10.0,0.1,2.0,1850,0.07374392,False
4127,23305,ok,True,False,20260908,5,analysis_activations,positive,False,4.895141619215819,5.411743584025554,0.016595957951708307,0.13488784795350878,0.12882530012271778,0.3672708101027208,0.6215418731837908,0.3784581268162093,0.3784581268162093,1.8771023244908567,2,12,17534.645261897247,7148.938027159673,10385.707234737574,10385.707234737574,110.91848754882812,144.9192657470703,333.40374755859375,1056.2818603515625,10.0,0.1,2.0,4547,0.124145664,False
4135,9851,ok,True,True,20260908,5,analysis_activations,positive,False,4.938084045990985,5.461316804147772,0.025065190771103668,0.10654123051089902,0.15831990011083152,0.32640654177099304,0.6182822206958879,0.38171777930411216,0.38171777930411216,2.039723897450678,2,7,7151.255274894054,4600.602220767503,2550.653054126551,2550.653054126551,109.81149291992188,155.46701049804688,341.68328857421875,744.1294555664062,10.0,0.1,2.0,3380,0.1207899,False
4138,7122,ok,True,True,20260908,5,analysis_activations,positive,False,4.989122804925231,5.62803763085111,0.045609989573154444,0.07693237152566657,0.21356495399094497,0.27736685368959746,0.5540631957913043,0.44593680420869564,0.44593680420869564,2.5811594984341126,2,4,7196.869157138573,6433.065311766079,763.8038453724948,763.8038453724948,103.515380859375,186.24591064453125,399.7912414550781,657.4108276367188,10.0,0.1,2.0,3101,0.16045918,False
4144,5249,ok,True,True,20260908,5,analysis_activations,positive,False,4.82314220029567,5.13001459079718,0.009019591160736482,0.03567495138718638,0.09497152815837219,0.18887813898698383,0.6630168232861927,0.3369831767138073,0.3369831767138073,2.0527949279628497,2,6,-2110.0915431167323,-3503.7410352018223,1393.64949208509,1393.64949208509,107.49647521972656,130.3949737548828,203.36895751953125,356.67156982421875,10.0,0.1,2.0,2076,0.039048415,False
4145,52948,ok,True,True,20260908,5,analysis_activations,positive,False,4.805908574860807,5.152357098746888,0.012374382988105845,0.0378581367815099,0.11124020400963783,0.1945716751778375,0.6064894185537472,0.3935105814462528,0.3935105814462528,2.1860557390012074,2,6,-7239.0253894591015,-17157.7656055507,9918.740216091599,9918.740216091599,102.38678741455078,132.943359375,215.4947830200194,396.2589111328125,10.0,0.1,2.0,2350,0.05104762,False
4150,3825,ok,True,True,20260908,5,analysis_activations,positive,False,4.98942094692064,5.639952882900975,0.024612497481891316,0.13194479108706558,0.15688370687197353,0.363242055779704,0.4498810628580221,0.5501189371419778,0.4498810628580221,2.325128578239886,2,17,4486.571305142579,3638.9992763616565,847.5720287809227,847.5720287809227,116.39356994628906,192.03424072265625,459.13690185546875,853.0580444335938,10.0,0.1,2.0,1431,0.18844114,False
4154,710,ok,True,False,20260908,5,analysis_activations,positive,False,4.550008116768072,4.941659962952167,0.012917400542890178,0.07183982457718897,0.11365474272061936,0.2680295218388993,0.6270820689089979,0.372917931091002,0.372917931091002,1.90250939896087,2,9,147.6174168203856,-62.944102093210844,210.56151891359644,210.56151891359644,78.87042236328125,101.50663757324219,179.3258270263672,409.1605224609375,10.0,0.1,2.0,272,0.07085991,False
4176,2094,ok,True,True,20260908,5,analysis_activations,positive,False,4.913288922016908,5.290374512252621,0.014454565642171208,0.04916973788663931,0.1202271418697592,0.22174250356356878,0.5954472846757953,0.4045527153242046,0.4045527153242046,2.114187077553707,2,6,160.3887417140095,-231.67254719638552,392.06128891039504,392.06128891039504,113.23228454589844,149.8352279663086,255.55829162597644,437.4813537597656,10.0,0.1,2.0,1046,0.0627807,False
4192,1504,ok,True,True,20260908,5,analysis_activations,positive,False,4.716588021495029,5.216026297882462,0.022301888009658852,0.09847823012726158,0.14933816662079005,0.3138124123218544,0.5678431105010463,0.43215688949895364,0.43215688949895364,2.0323527801952084,2,10,1048.5327632274523,712.4646370394807,336.06812618797153,336.06812618797153,89.7548828125,127.76235961914062,264.51139221191397,737.0931396484375,10.0,0.1,2.0,272,0.11651013,False
4196,23409,ok,True,True,20260908,5,analysis_activations,positive,False,5.003779725719729,5.569681137736778,0.022897865723941785,0.09737849201126263,0.1513204074933113,0.31205527076347006,0.5335095036333917,0.4664904963666082,0.4664904963666082,2.307627157492403,2,12,19978.68935559424,14381.69441419137,5596.994941402871,5596.994941402871,118.42210388183594,177.7082977294922,393.50909423828097,861.9511108398438,10.0,0.1,2.0,958,0.1373491,False
4234,5946,ok,True,True,20260908,5,analysis_activations,positive,False,5.397991186216372,6.194222895663266,0.08857272631778769,0.09326203505381207,0.29761170393280517,0.3053883348358481,0.42828721692524985,0.57171278307475,0.42828721692524985,2.6406814305364117,2,4,8564.381832577203,8119.352035467144,445.029797110059,445.029797110059,130.8331298828125,358.1356201171875,752.7000122070312,1135.7691650390625,10.0,0.1,2.0,2445,0.24653006,False
4242,10955,ok,True,True,20260908,5,analysis_activations,positive,False,4.893222142442234,5.52864016778355,0.038805290920520326,0.15904704542279996,0.1969905858677524,0.39880702780016297,0.6614007149592385,0.33859928504076164,0.33859928504076164,2.020244517804874,2,6,11691.83767737024,8699.528480241224,2992.309197129016,2992.309197129016,99.49932861328125,148.47219848632812,380.200714111328,1092.911376953125,10.0,0.1,2.0,2294,0.16995464,False
4248,18415,ok,True,True,20260908,5,analysis_activations,positive,False,4.834591396761303,5.282903574086869,0.016126339723359414,0.07824087800314618,0.12698952603801392,0.27971570925342426,0.5928620949948952,0.4071379050051048,0.4071379050051048,2.063882449891349,2,10,7921.951943981976,2672.8074675705657,5249.14447641141,5249.14447641141,103.49510955810547,138.8824462890625,273.29571838378905,586.9609375,10.0,0.1,2.0,2457,0.08993212,False
4252,9663,ok,True,True,20260908,5,analysis_activations,positive,False,4.89189346962419,5.4596359058783595,0.032738915384991484,0.08359358935399955,0.1809389824913125,0.2891255598420858,0.5927894653025233,0.4072105346974766,0.4072105346974766,2.3540507176396765,2,5,7818.876239052427,6271.714343868698,1547.161895183729,1547.161895183729,100.1123046875,156.4501953125,333.69342956542965,637.90673828125,10.0,0.1,2.0,1753,0.1312674,False
4258,8086,ok,True,True,20260908,5,analysis_activations,positive,False,4.992589573764488,5.458466778930877,0.01967331969737481,0.07466461439848605,0.14026161163117587,0.27324826513353395,0.6308268189616272,0.3691731810383728,0.3691731810383728,2.1450789375028783,2,6,3540.936040525805,1523.2885246070466,2017.6475159187582,2017.6475159187582,119.03190612792969,161.71875,318.7757110595703,623.374267578125,10.0,0.1,2.0,1892,0.090530194,False
4263,4627,ok,True,True,20260908,5,analysis_activations,positive,False,4.942250795940079,5.503131602378441,0.03200844273877318,0.09284123243594375,0.17890903481594544,0.30469859276987765,0.5863170470459459,0.41368295295405416,0.41368295295405416,2.244873472677089,2,5,3829.724194589887,3055.3463407899353,774.3778537999515,774.3778537999515,106.4434814453125,163.92767333984375,354.7594482421875,670.3018188476562,10.0,0.1,2.0,1961,0.13350475,False
4269,11634,ok,True,False,20260908,5,analysis_activations,positive,False,4.824293313973927,5.071823698765635,0.005407831906481789,0.02939819046491429,0.07353796234926413,0.17145900520215987,0.6373329882302883,0.3626670117697118,0.3626670117697118,1.876360653049201,2,8,-8451.902519918167,-12196.582413175618,3744.679893257451,3744.679893257451,111.13819885253906,129.26377868652344,188.84666290283204,376.43511962890625,10.0,0.1,2.0,2209,0.028271975,False
4273,6573,ok,True,True,20260908,5,analysis_activations,positive,False,4.91214742588987,5.344916662628141,0.016070527476403303,0.07602985528986293,0.12676958419275225,0.2757351179843854,0.6187139838625246,0.38128601613747537,0.38128601613747537,2.016697044300635,2,8,2320.334246660211,432.3798335234317,1887.9544131367795,1887.9544131367795,112.47441101074219,147.96871948242188,285.801495361328,612.533935546875,10.0,0.1,2.0,1087,0.083126575,False
4288,2959,ok,True,True,20260908,5,analysis_activations,positive,False,4.962832382836468,5.317728843765276,0.012776448557592315,0.04328710832141781,0.11303295341444598,0.20805554143405508,0.6326899623444056,0.36731003765559445,0.36731003765559445,2.119709482310542,2,6,-264.62067830738755,-885.7300387868731,621.1093604794855,621.1093604794855,120.32803344726562,153.61563110351562,253.4265441894531,431.97259521484375,10.0,0.1,2.0,1877,0.053270657,False
4300,1662,ok,True,True,20260908,5,analysis_activations,positive,False,4.8822173623885154,5.674514481728996,0.03393186256518822,0.1715839055189514,0.18420603292288834,0.41422687686695486,0.4531424098473438,0.5468575901526563,0.4531424098473438,2.4716131688807526,2,18,2522.713689904779,2150.4697173017303,372.24397260304886,372.24397260304886,99.7991943359375,184.66130828857422,534.3897094726556,825.996826171875,10.0,0.1,2.0,498,0.26492172,False
4303,12856,ok,True,True,20260908,5,analysis_activations,positive,False,4.881830865148799,5.2636490285645685,0.012876633968751654,0.05787386024084943,0.1134752570772662,0.24056986561256882,0.604871636054895,0.3951283639451049,0.3951283639451049,2.0300505072610915,2,9,1460.6597143619942,-1964.8915981322486,3425.5513124942427,3425.5513124942427,110.7894515991211,142.75833129882812,254.5970230102539,507.72442626953125,10.0,0.1,2.0,2474,0.0655032,False
4310,20907,ok,True,True,20260908,5,analysis_activations,positive,False,4.776870535682555,5.714923259135916,0.07720282508448552,0.059277970938162686,0.27785396359326153,0.24347067777899392,0.46940270277363144,0.5305972972263685,0.46940270277363144,3.590926145451268,2,3,33243.02633740585,27304.092951771312,5938.9333856345365,5938.9333856345365,77.05928039550781,204.65106201171875,406.93775024414066,590.3944702148438,10.0,0.1,2.0,4502,0.28686634,False
4331,9591,ok,True,False,20260908,5,analysis_activations,positive,False,4.799570714334841,5.055286406841148,0.005524473610374184,0.028849637554352416,0.07432680277244666,0.1698518105713107,0.6414392086365653,0.3585607913634347,0.3585607913634347,1.9505479881505143,2,8,-6744.4857296793925,-9858.78150646381,3114.295776784418,3114.295776784418,108.23698425292969,126.17144775390625,187.4586181640625,318.32513427734375,10.0,0.1,2.0,2390,0.02892951,False
4349,11158,ok,True,False,20260908,5,analysis_activations,positive,False,4.885429777616104,5.356880701693154,0.017475679185213575,0.10596462661971513,0.13219560955347032,0.3255220831521498,0.6499470552229636,0.3500529447770364,0.3500529447770364,1.8976800619023784,2,9,5881.487484718485,1710.8731004872839,4170.614384231201,4170.614384231201,109.30436706542969,141.87149810791016,294.9343841552734,856.1715087890625,10.0,0.1,2.0,2866,0.099028,False
4375,9853,ok,True,True,20260908,5,analysis_activations,positive,False,4.866492468407911,5.256586174777389,0.013057614776204651,0.059767106815025055,0.11426992069746374,0.24447312084363193,0.6283132700010511,0.3716867299989488,0.3716867299989488,2.0442995119393483,2,8,1191.943278596822,-1664.6128542186943,2856.5561328155163,2856.5561328155163,109.32649230957031,139.66375732421875,249.35417175292963,507.60040283203125,10.0,0.1,2.0,1088,0.06596217,False
4382,11184,ok,True,True,20260908,5,analysis_activations,positive,False,4.850742124286445,5.0908598032919805,0.005207336664037521,0.023022739674745885,0.07216187819089467,0.15173246084719605,0.637283753507207,0.36271624649279294,0.36271624649279294,2.021078156633036,2,7,-9500.86518530978,-12641.329154007959,3140.463968698179,3140.463968698179,114.28291320800781,132.89710998535156,189.99935913085938,310.8503112792969,10.0,0.1,2.0,1167,0.024997927,False
4390,9271,ok,True,False,20260908,5,analysis_activations,positive,False,4.8814187932287005,5.2590981160962365,0.012738750299295167,0.06082220474524102,0.11286607240129855,0.2466215820751319,0.6461292040126064,0.3538707959873934,0.3538707959873934,1.9693119991144894,2,7,603.8917475474575,-2180.7463721471904,2784.6381196946477,2784.6381196946477,111.05103302001953,140.30831909179688,246.6927947998047,612.64990234375,10.0,0.1,2.0,1092,0.062373985,False
4424,1081,ok,True,True,20260908,5,analysis_activations,positive,False,5.168479378951711,5.989406217334283,0.08990841070927141,0.09554411347013309,0.29984731232624284,0.3091021084854212,0.4510732037506462,0.5489267962493538,0.4510732037506462,2.695895647775168,2,4,1624.9806766488648,1555.4344202984921,69.54625635037269,69.54625635037269,102.31591796875,282.0013427734375,601.539794921875,1062.224853515625,10.0,0.1,2.0,298,0.26010823,False
4431,4386,ok,True,True,20260908,5,analysis_activations,positive,False,4.8548354221288195,5.045135550429166,0.0030352097255335092,0.01465256178345027,0.055092737502628324,0.12104776653639782,0.6092614124513656,0.39073858754863433,0.39073858754863433,2.023566677748579,2,9,-5620.071533804255,-6872.9596958862485,1252.8881620819939,1252.8881620819939,117.67750549316406,132.7286148071289,176.73753356933594,258.4547119140625,10.0,0.1,2.0,889,0.016198467,False
4440,4083,ok,True,False,20260908,5,analysis_activations,positive,False,4.86405483516933,5.262067407519262,0.012571453964069232,0.07365113955192253,0.1121224953524904,0.2713874344031472,0.6163083368217983,0.38369166317820175,0.38369166317820175,1.9169079014616446,2,9,943.2855958239649,-414.0233094968277,1357.3089053207925,1357.3089053207925,109.5649185180664,139.35476684570312,261.13508605957026,586.951171875,10.0,0.1,2.0,973,0.07348462,False
4473,1360,ok,True,True,20260908,5,analysis_activations,positive,False,4.798662019718556,5.201093497874696,0.014484321849909125,0.056878676140876376,0.12035082820616202,0.2384925075151762,0.6793284808816177,0.3206715191183824,0.3206715191183824,2.130445350809223,2,5,121.75756451330913,-248.19057901690712,369.94814353021627,369.94814353021627,100.81986999511719,128.47686767578125,226.13935852050778,389.6413269042969,10.0,0.1,2.0,387,0.06340417,False
4478,14038,ok,True,False,20260908,5,analysis_activations,positive,False,4.903217474634169,5.302180653335356,0.011563725185651049,0.07782172063164104,0.1075347626846828,0.2789654470210263,0.6294876122680673,0.37051238773193274,0.37051238773193274,1.8871847045344414,2,11,3160.966710421231,-2302.7302497860637,5463.696960207295,5463.696960207295,114.71931457519531,143.40560913085938,270.24740600585926,677.9765625,10.0,0.1,2.0,2161,0.073241316,False
4487,13682,ok,True,True,20260908,5,analysis_activations,positive,False,5.1397646741936365,5.729327874330894,0.027803399360969795,0.10050532174715407,0.1667435136998432,0.3170257430354104,0.5472698518871144,0.4527301481128856,0.4527301481128856,2.3276478539110723,2,11,12598.826501691434,9675.007620632212,2923.818881059222,2923.818881059222,133.38197326660156,205.15553283691406,465.7805236816405,865.1508178710938,10.0,0.1,2.0,699,0.14684726,False
4504,2192,ok,True,True,20260908,5,analysis_activations,positive,False,4.746453062966587,5.450892478414203,0.012860844255908598,0.16791182933703513,0.11340566236263777,0.409770459326969,0.4245130941733177,0.5754869058266823,0.4245130941733177,2.343107721729691,2,18,2949.882673682027,2060.722654043451,889.1600196385762,889.1600196385762,97.90782928466797,150.27941131591797,422.87256011962876,812.0711059570312,10.0,0.1,2.0,1545,0.22342207,False
4505,15352,ok,True,True,20260908,5,analysis_activations,positive,False,4.99496954756731,5.528896054147472,0.02802117868838698,0.06901992172982169,0.16739527678040075,0.2627164283592134,0.581685648049018,0.41831435195098193,0.41831435195098193,2.423921904188376,2,5,10320.869963113359,7889.9533418235815,2430.916621289777,2430.916621289777,113.08148193359375,172.74734497070312,346.4141662597656,646.7817993164062,10.0,0.1,2.0,4635,0.114544876,False
4511,6107,ok,True,True,20260908,5,analysis_activations,positive,False,4.930545615862008,6.280535687864997,0.15419842955521773,0.06644780677224069,0.39268107868245666,0.25777472097209353,0.5521215667362636,0.44787843326373655,0.44787843326373655,4.064408121943075,2,8,13867.766103335072,11263.289115267435,2604.4769880676376,2604.4769880676376,81.50436401367188,248.36032104492188,707.7445434570312,906.41552734375,10.0,0.1,2.0,2267,0.565656,False
4533,1731,ok,True,False,20260908,5,analysis_activations,positive,False,4.928767272546548,5.075517288972196,0.0018763820805517716,0.01067862625204575,0.04331722614101429,0.10333743877243015,0.7089801895886583,0.29101981041134173,0.29101981041134173,1.8521862410280059,2,6,-3249.8108116738367,-3891.582316231404,641.7715045575674,641.7715045575674,128.92654418945312,139.4712371826172,173.94656372070312,248.3354034423828,10.0,0.1,2.0,884,0.008885499,False
4538,527,ok,True,False,20260908,5,analysis_activations,positive,False,5.292616596626282,6.0564030664030435,0.11160694087813328,0.1194829517813358,0.3340762500958924,0.3456630610599516,0.46380840051548333,0.5361915994845168,0.46380840051548333,2.246965907872611,2,5,800.0236655777687,800.1822723830238,-0.15860680525508997,-0.15860680525508997,109.75958251953125,304.13665771484375,678.8934448242187,1006.2662353515625,10.0,0.1,2.0,189,0.26140338,False
4550,8563,ok,True,False,20260908,5,analysis_activations,positive,False,4.803058684138874,5.175370810024384,0.01316963962940524,0.05861083825857257,0.11475905031589116,0.2420967539199412,0.6144545181397324,0.3855454818602677,0.3855454818602677,1.9652554358083871,2,7,716.6730842822324,-1489.3022452234593,2205.9753295056917,2205.9753295056917,102.10614013671875,131.78677368164062,229.03572387695306,480.78656005859375,10.0,0.1,2.0,3000,0.06353368,False
4572,4770,ok,True,True,20260908,5,analysis_activations,positive,False,4.77895331999349,5.4856341656864025,0.044404407089734865,0.08888204626289373,0.21072353235871608,0.29813092134646774,0.5431021716972181,0.4568978283027819,0.4568978283027819,2.737444431294011,2,4,5597.83242104373,4884.5336242094545,713.2987968342759,713.2987968342759,85.61860656738281,154.29590606689453,351.200114440918,708.973388671875,10.0,0.1,2.0,2111,0.18868648,False
4574,984,ok,True,True,20260908,5,analysis_activations,positive,False,4.800016964839973,5.786795315461733,0.022522310098212706,0.11988745023500352,0.15007434856834365,0.3462476718116723,0.47175102171434635,0.5282489782856536,0.47175102171434635,3.6979814882962034,2,15,1674.5716565148768,1169.761955763093,504.8097007517838,504.8097007517838,99.25311279296875,179.57444763183594,498.4234619140624,565.5054931640625,10.0,0.1,2.0,310,0.3169325,False
4579,588,ok,True,True,20260908,5,analysis_activations,positive,False,4.9208462574672,5.372616717488392,0.019363483288066224,0.06645870859168741,0.13915273367083458,0.2577958661260638,0.6289164823048375,0.37108351769516246,0.37108351769516246,2.180886313465677,2,6,228.27249323911286,111.15880951515601,117.11368372395685,117.11368372395685,112.51545715332031,152.17662811279297,287.7285186767578,595.6200561523438,10.0,0.1,2.0,515,0.08461459,False
4594,2199,ok,True,True,20260908,5,analysis_activations,positive,False,5.412485204612486,6.50619228282839,0.2737729005535219,0.023290330527203588,0.5232331225692062,0.15261169852669745,0.3622094982871308,0.6377905017128691,0.3622094982871308,2.837863945217793,2,11,4187.281466535505,2334.8952352731985,1852.3862312623069,1852.3862312623069,98.65399169921875,599.9712524414062,814.5781127929688,989.0917358398438,10.0,0.1,2.0,1507,0.39053103,False
4604,4579,ok,True,True,20260908,5,analysis_activations,positive,False,5.150615204253378,5.963597805594578,0.06971555959559086,0.13980331935215087,0.2640370420899137,0.3739028207330761,0.6032684181505978,0.39673158184940205,0.39673158184940205,2.5117977573049908,2,4,6767.014342182438,6113.557652560003,653.4566896224351,653.4566896224351,110.48516845703125,217.72100830078125,629.9074218749997,965.4514770507812,10.0,0.1,2.0,2505,0.2557629,False
4621,11840,ok,True,True,20260908,5,analysis_activations,positive,False,4.944547003219961,5.447546821953915,0.017965317589455597,0.08686978689344908,0.13403476261573188,0.294736809532588,0.5323296764305617,0.4676703235694382,0.4676703235694382,2.196996981317839,2,13,7822.1669956955075,4803.33790996363,3018.829085731877,3018.829085731877,114.95081329345703,163.37222290039062,339.8772857666016,672.971435546875,10.0,0.1,2.0,2515,0.11318633,False
4645,4341,ok,True,True,20260908,5,analysis_activations,positive,False,5.032452506237132,5.731790931562348,0.06756213061436932,0.08659985771362162,0.2599271640563358,0.29427853763674583,0.5046173976659037,0.49538260233409614,0.49538260233409614,2.5189163050133,2,4,5333.101541234917,5056.10845833834,276.9930828965771,276.9930828965771,98.40460205078125,213.95556640625,459.931884765625,692.38037109375,10.0,0.1,2.0,2262,0.19929597,False
4652,5130,ok,True,True,20260908,5,analysis_activations,positive,False,4.91773734974815,5.394452926696205,0.022810180794091105,0.06367305980584725,0.15103039692092154,0.2523352131705903,0.5898325064236364,0.41016749357636373,0.41016749357636373,2.2924948224088353,2,6,2475.657393380038,1611.547696801827,864.1096965782108,864.1096965782108,108.45297241210938,156.54771423339844,296.80299377441406,510.061767578125,10.0,0.1,2.0,2077,0.09456878,False
4655,10370,ok,True,True,20260908,5,analysis_activations,positive,False,5.123089367218747,5.610129191479075,0.026300874736349976,0.059191279686718265,0.16217544430754607,0.2432925804185534,0.544500477990273,0.455499522009727,0.455499522009727,2.3556802514822373,2,5,5581.249430969784,4392.363764255508,1188.8856667142763,1188.8856667142763,129.234375,200.3023223876953,372.4817901611328,641.8475341796875,10.0,0.1,2.0,3890,0.10012333,False
4658,10461,ok,True,False,20260908,5,analysis_activations,positive,False,4.749686484383044,5.179405727608343,0.011740133460222528,0.08122617816118845,0.10835189643113095,0.28500206694195823,0.5786338945235846,0.42136610547641534,0.42136610547641534,1.993136303574995,2,13,4045.434838335857,182.48400010780324,3862.9508382280537,3862.9508382280537,98.40478515625,126.25807189941406,250.4285888671875,681.9239501953125,10.0,0.1,2.0,1765,0.08604901,False
4672,4007,ok,True,True,20260908,5,analysis_activations,positive,False,4.898157635780395,5.329998832605658,0.019517160823625423,0.053744727815867706,0.13970383253019733,0.23182909182384273,0.5900764451832101,0.40992355481678994,0.40992355481678994,2.2563164699335285,2,5,1199.4523730285225,557.5316196565504,641.9207533719721,641.9207533719721,107.66726684570312,151.27896118164062,270.07281494140625,424.44158935546875,10.0,0.1,2.0,1834,0.07867516,False
4680,4841,ok,True,True,20260908,5,analysis_activations,positive,False,5.222524432498496,5.983055127487071,0.058183492107786394,0.10723655260793963,0.24121254550248086,0.3274699262649009,0.5573523065208302,0.4426476934791697,0.4426476934791697,2.6444641129214093,2,4,6482.005845196132,5866.986797858392,615.0190473377406,615.0190473377406,128.91543579101562,243.2876434326172,599.7395629882812,1193.239990234375,10.0,0.1,2.0,542,0.22264092,False
4700,18214,ok,True,False,20260908,5,analysis_activations,positive,False,4.869893415962629,5.185340324988009,0.007320736488420378,0.045251499576102965,0.08556130251708642,0.2127239985899639,0.6026883832584378,0.39731161674156207,0.39731161674156207,1.945642522892938,2,11,-4288.362405364467,-10613.783357752905,6325.420952388438,6325.420952388438,114.41553497314453,138.18820190429688,226.3068786621093,552.1646118164062,10.0,0.1,2.0,3528,0.04622014,False
4701,6340,ok,True,True,20260908,5,analysis_activations,positive,False,5.123075297088751,5.7722894514584135,0.042085368909504824,0.08381250900240293,0.2051471884026316,0.2895039015322642,0.5617939865759598,0.43820601342404014,0.43820601342404014,2.5875799229166456,2,4,6552.650095024828,5711.7384925590095,840.9116024658188,840.9116024658188,121.54122924804688,210.38882446289062,461.2803497314452,815.4720458984375,10.0,0.1,2.0,1114,0.1641554,False
4704,6680,ok,True,True,20260908,5,analysis_activations,positive,False,5.014631683600401,5.436913050499135,0.015557064227906417,0.06385228210129786,0.12472796089051731,0.25269009102316986,0.5669801697791024,0.4330198302208977,0.4330198302208977,2.119244701261579,2,10,2123.5433794425744,605.8760697551031,1517.6673096874713,1517.6673096874713,125.00047302246094,168.8929672241211,316.2486602783203,567.0061645507812,10.0,0.1,2.0,1864,0.08026144,False
4714,1765,ok,True,True,20260908,5,analysis_activations,positive,False,4.81556189792968,5.603047935853801,0.018477371665506625,0.1785134754730159,0.1359314962233059,0.42250855076911276,0.4717146184536989,0.528285381546301,0.4717146184536989,2.509197443765035,2,15,2629.567675336019,1888.3133664268673,741.2543089091516,741.2543089091516,101.32049560546875,159.5313262939453,479.1460083007812,937.7791748046875,10.0,0.1,2.0,335,0.2577044,False
4724,4867,ok,True,True,20260908,5,analysis_activations,positive,False,5.035826587383588,5.75514838154432,0.026418474645037923,0.15113538055342188,0.1625376099400933,0.3887613413823729,0.5460652407302804,0.4539347592697197,0.4539347592697197,2.414199543260056,2,15,6263.0336905043305,4575.968459786419,1687.0652307179116,1687.0652307179116,121.98970031738281,185.91766357421875,527.1050354003905,901.0355834960938,10.0,0.1,2.0,2387,0.21133216,False
4737,38925,ok,True,False,20260908,5,analysis_activations,positive,False,4.457884032943132,4.918642336099375,0.020694880961725757,0.14845644307316214,0.1438571547116297,0.38530045817927877,0.7204364083532823,0.2795635916467178,0.2795635916467178,1.584347588885185,2,4,20532.90452198549,4366.077316116954,16166.827205868536,16166.827205868536,69.66523742675781,89.24803924560547,170.19237060546862,864.0242309570312,10.0,0.1,2.0,5673,0.09917199,False
4775,3481,ok,True,True,20260908,5,analysis_activations,positive,False,4.71273650879036,5.129835212869513,0.015676271971561136,0.06419746293471966,0.1252049199175541,0.2533721826379519,0.6228216538847264,0.37717834611527357,0.37717834611527357,2.087141252598728,2,8,871.0322707384278,-18.702924331410827,889.7351950698386,889.7351950698386,91.79537963867188,121.14947509765625,222.23855590820312,425.2855529785156,10.0,0.1,2.0,713,0.07486644,False
4791,8250,ok,True,False,20260908,5,analysis_activations,positive,False,4.900059252367659,5.32582939686954,0.011982304783271345,0.08580994580002388,0.1094637144595018,0.29293334702628837,0.6707062376049863,0.3292937623950137,0.3292937623950137,1.9254754346546612,2,10,2205.805584208593,-1548.4095681688943,3754.2151523774874,3754.2151523774874,114.7670669555664,141.00445556640625,277.75012969970703,724.8528442382812,10.0,0.1,2.0,1279,0.0763391,False
4801,6944,ok,True,True,20260908,5,analysis_activations,positive,False,5.085757834265003,5.469310771814756,0.01244477472486759,0.052184812174651846,0.11155615054701193,0.22843995310508153,0.5869735353856613,0.4130264646143386,0.4130264646143386,2.133657079650785,2,9,692.2404889989933,-1027.919723235404,1720.1602122343975,1720.1602122343975,136.49627685546875,177.1584014892578,313.5385498046872,547.144287109375,10.0,0.1,2.0,2065,0.06453222,False
4818,8035,ok,True,True,20260908,5,analysis_activations,positive,False,4.717554259600195,5.111084895778259,0.014838818100459181,0.05002651390389017,0.1218146875399645,0.2236660767838748,0.5966969273795162,0.4033030726204839,0.4033030726204839,2.1851800294942256,2,7,1016.5448942599226,-612.8799727708633,1629.424867030786,1629.424867030786,92.47567749023438,123.27961730957031,213.86366424560535,447.97308349609375,10.0,0.1,2.0,1188,0.066305935,False
4823,2614,ok,True,True,20260908,5,analysis_activations,positive,False,4.881768373150362,5.372811159995013,0.015737214561010595,0.09010168041033431,0.12544805523008556,0.30016941951227194,0.5181149735304275,0.4818850264695726,0.4818850264695726,2.134576310216239,2,14,1705.9275033490915,995.6367851856137,710.2907181634778,710.2907181634778,109.13888549804688,153.27865600585938,325.9671356201172,643.9107666015625,10.0,0.1,2.0,488,0.11181572,False
4842,7622,ok,True,True,20260908,5,analysis_activations,positive,False,5.047084691384975,6.122152703664285,0.11234149918495186,0.13961644392409608,0.3351738342785007,0.3736528387743041,0.4600432259137957,0.5399567740862042,0.4600432259137957,3.028913777596253,2,3,14929.460054668367,13825.95884961022,1103.5012050581463,1103.5012050581463,95.30582427978516,281.71128845214844,749.4397430419922,1205.598876953125,10.0,0.1,2.0,284,0.4142194,False
4885,7886,ok,True,True,20260908,5,analysis_activations,positive,False,4.874985376364786,5.565825902703534,0.023918659003133225,0.20108592485126345,0.15465658409241173,0.44842605282394493,0.5416238442205001,0.4583761557794999,0.4583761557794999,2.059667524300341,2,15,10585.567924228082,7431.520887956068,3154.0470362720143,3154.0470362720143,104.38973236083984,154.55088806152344,475.9141845703125,1040.615234375,10.0,0.1,2.0,715,0.22364399,False
4926,6440,ok,True,False,20260908,5,analysis_activations,positive,False,4.843818564478306,5.160909145081203,0.008642197693211687,0.042627833415043725,0.09296342126455806,0.20646509006377742,0.6327344898853725,0.36726551011462744,0.36726551011462744,1.98046215839713,2,9,-1751.249043974383,-3710.644959292267,1959.3959153178837,1959.3959153178837,110.39390563964844,134.03823852539062,214.91986541748045,463.1167907714844,10.0,0.1,2.0,421,0.044494953,False
4927,8981,ok,True,False,20260908,5,analysis_activations,positive,False,4.994248508111281,5.451238588103527,0.01753834491362226,0.09366986914701204,0.1324324164002993,0.3060553367399628,0.6472163565458775,0.35278364345412255,0.35278364345412255,1.9379980579476839,2,8,4084.5378136786676,1085.9940413860418,2998.543772292626,2998.543772292626,121.55247497558594,158.55270385742188,322.1466064453125,881.4600830078125,10.0,0.1,2.0,622,0.092089474,False
4950,7378,ok,True,True,20260908,5,analysis_activations,positive,False,5.229051177191293,5.893556631171994,0.052342199794235454,0.08894207371007387,0.2287841773249091,0.29823157731882427,0.5483399621741618,0.4516600378258383,0.4516600378258383,2.5001532853103976,2,4,8231.057668280591,7540.214329049355,690.8433392312363,690.8433392312363,127.7252197265625,240.305419921875,532.2781677246093,906.8253173828125,10.0,0.1,2.0,3160,0.1782555,False
5003,25949,ok,True,False,20260908,5,analysis_activations,positive,False,4.816274793222407,5.1572329163836095,0.009683380533055161,0.053254487507789085,0.09840416928695227,0.23076933831813334,0.6261067540433504,0.3738932459566497,0.3738932459566497,1.9220293970487383,2,9,-2472.1100450907943,-10936.130925210578,8464.020880119784,8464.020880119784,106.35684967041016,130.99935913085938,221.42994995117186,651.9112548828125,10.0,0.1,2.0,5174,0.053189885,False
5007,23505,ok,True,True,20260908,5,analysis_activations,positive,False,4.980242783284183,5.455358876754931,0.018124873135613846,0.08368015916458377,0.13462864901503635,0.28927523081761386,0.6096966561867979,0.39030334381320214,0.39030334381320214,2.105863010222358,2,10,11989.658735385476,5149.860780969597,6839.797954415879,6839.797954415879,119.22872924804688,160.75437927246094,327.9674621582031,700.29296875,10.0,0.1,2.0,1667,0.097431585,False
5054,8475,ok,True,False,20260908,5,analysis_activations,positive,False,4.913648916429121,5.4370676155226,0.01636990617770233,0.13832597836986466,0.12794493416193675,0.37192200576177886,0.7026168450354215,0.29738315496457857,0.29738315496457857,1.8820226746032562,2,11,5353.272563032531,755.1871774214202,4598.085385611111,4598.085385611111,113.54112243652344,141.82980346679688,322.091354370117,905.0797729492188,10.0,0.1,2.0,1700,0.1098943,False
5056,10040,ok,True,False,20260908,5,analysis_activations,positive,False,4.845448211287968,5.042086535651854,0.0033013824151445874,0.016837649534781663,0.05745765758490845,0.129759968922552,0.6116621532087849,0.388337846791215,0.388337846791215,1.9595839203762653,2,9,-11969.006023014448,-14941.232899921553,2972.226876907105,2972.226876907105,115.99882507324219,131.5269546508789,177.70610733032225,265.03863525390625,10.0,0.1,2.0,2441,0.017743343,False
5072,674,ok,True,True,20260908,5,analysis_activations,positive,False,4.848246427731376,5.940886793121569,0.07355168893628522,0.29124067496474393,0.2712041462372676,0.5396671890755856,0.6818605507253324,0.3181394492746677,0.3181394492746677,2.5584054352456342,2,7,1311.1799461084245,1069.4090647945961,241.77088131382834,241.77088131382834,86.0829086303711,146.4545669555664,711.5712585449219,1142.9744873046875,10.0,0.1,2.0,156,0.40238434,False
5090,601,ok,True,False,20260908,5,analysis_activations,positive,False,4.805318935414764,5.212837706774509,0.013745889894286078,0.09083379146758307,0.11724286713606964,0.3013864487125841,0.7343328350204413,0.2656671649795587,0.2656671649795587,1.7821282677854742,2,4,90.43116381160488,-161.34595848754716,251.77712229915204,251.77712229915204,103.3107681274414,125.59156799316406,231.77732849121094,479.50225830078125,10.0,0.1,2.0,225,0.06673421,False
5094,8262,ok,True,True,20260908,5,analysis_activations,positive,False,4.876769656352983,5.370689043628901,0.01647207944181207,0.08164127870916506,0.12834359914624519,0.2857293801994556,0.4767641966605313,0.5232358033394688,0.4767641966605313,2.230010977265861,2,16,5334.588634124416,3517.547654036235,1817.0409800881807,1817.0409800881807,107.93235778808594,158.3224334716797,317.75810546874993,587.6707763671875,10.0,0.1,2.0,2840,0.11144074,False
5104,1649,ok,True,True,20260908,5,analysis_activations,positive,False,5.2027220317122485,6.014481407202815,0.07157551169715014,0.08858248398756019,0.26753600074971245,0.2976280967710545,0.44347430721346287,0.5565256927865371,0.44347430721346287,2.868586818920958,2,4,2366.200202392637,2209.49627015791,156.70393223472684,156.70393223472684,115.74504089355469,293.08636474609375,630.1579101562498,892.5601196289062,10.0,0.1,2.0,877,0.24381998,False
5105,5132,ok,True,True,20260908,5,analysis_activations,positive,False,4.9875270439730786,5.415359803537812,0.013787999206160905,0.06879867560296823,0.11742231136441193,0.26229501635175656,0.6240615967322893,0.37593840326771066,0.37593840326771066,2.105397211816495,2,10,1450.1750766387117,-200.46872404407927,1650.643800682791,1650.643800682791,122.83001708984375,157.89974975585938,302.5008148193359,611.8289184570312,10.0,0.1,2.0,956,0.077425554,False
5109,1311,ok,True,False,20260908,5,analysis_activations,positive,False,4.745778987090381,4.96438356109394,0.004242377478850324,0.021318408943930722,0.0651335357465747,0.1460082495749152,0.6692108770532181,0.33078912294678176,0.33078912294678176,1.9336912711843859,2,7,-1363.4824511341046,-1772.7228242087344,409.2403730746298,409.2403730746298,103.82476043701172,118.1368179321289,163.23565673828125,288.303466796875,10.0,0.1,2.0,445,0.020484267,False
5113,8036,ok,True,True,20260908,5,analysis_activations,positive,False,4.771466908367917,5.271438556521093,0.020912056387536154,0.06677055976465807,0.1446100148244794,0.258399999544617,0.6476036678460969,0.35239633215390304,0.35239633215390304,2.3878312179483188,2,5,3832.461179885758,1833.6339720074764,1998.8272078782818,1998.8272078782818,94.14517211914062,129.4449462890625,256.9515075683594,452.2279357910156,10.0,0.1,2.0,1314,0.09412988,False
5115,10191,ok,True,True,20260908,5,analysis_activations,positive,False,4.975302154882542,5.37418004874559,0.012090787043893193,0.06697290736792491,0.10995811495243629,0.25879124283469274,0.6027623461326211,0.39723765386737886,0.39723765386737886,2.0061639127184034,2,11,2123.962113883341,-1171.594216022251,3295.556329905592,3295.556329905592,122.7314453125,156.1737060546875,289.71546936035156,611.655029296875,10.0,0.1,2.0,1395,0.07199372,False
5137,1157,ok,True,True,20260908,5,analysis_activations,positive,False,4.873682628496352,5.403083132101364,0.03325983502948197,0.10556232530368269,0.18237279136286194,0.3249035630824671,0.6007734724502443,0.3992265275497556,0.3992265275497556,2.009416428633117,2,5,931.1418863137918,752.4627009182748,178.67918539551704,178.67918539551704,98.42877197265625,151.36587524414062,319.860565185547,561.5304565429688,10.0,0.1,2.0,234,0.12945579,False
5179,681,ok,True,True,20260908,5,analysis_activations,positive,False,4.867497173001174,5.270517570091482,0.013262723105945461,0.06668819394606898,0.11516389671223122,0.25824057377970056,0.49694845142410105,0.5030515485758991,0.49694845142410105,2.0157204397115667,2,12,231.91020194156928,105.43873829071241,126.47146365085688,126.47146365085688,108.36134338378906,149.35340881347656,273.85516357421875,480.74737548828125,10.0,0.1,2.0,358,0.08086107,False
5196,5050,ok,True,True,20260908,5,analysis_activations,positive,False,4.821921084721896,5.285544744283075,0.015530249018048963,0.08807196915418465,0.12462041974752357,0.29676921867704653,0.6251450421395581,0.37485495786044176,0.37485495786044176,2.037023604635814,2,11,2358.8037084609846,579.8530025125829,1778.9507059484017,1778.9507059484017,102.94131469726562,134.20378875732422,274.6140243530274,530.9349975585938,10.0,0.1,2.0,1315,0.09311069,False
5207,11603,ok,True,False,20260908,5,analysis_activations,positive,False,4.883454967612944,5.082315739404369,0.003371855787892082,0.019053275001565718,0.0580676828183464,0.13803360098746145,0.6542449478209708,0.34575505217902924,0.34575505217902924,1.8780044893825376,2,8,-13837.003613385037,-17864.556482596894,4027.552869211857,4027.552869211857,120.73389434814453,135.40985107421875,183.12590637207032,341.510986328125,10.0,0.1,2.0,2788,0.017739855,False
5208,6184,ok,True,True,20260908,5,analysis_activations,positive,False,5.1338896042790285,5.759205040873823,0.050621520822775934,0.0826173571514343,0.22499226836221714,0.28743235230473674,0.5460558339903343,0.45394416600966564,0.45394416600966564,2.4226945609091914,2,4,6313.710748160453,5836.3618202777425,477.3489278827101,477.3489278827101,116.03515625,216.1832275390625,457.0699951171875,773.0634765625,10.0,0.1,2.0,3006,0.1620962,False
5223,10047,ok,True,True,20260908,5,analysis_activations,positive,False,4.936364958132697,5.423049688497391,0.019069924520162228,0.07408850531148284,0.13809389747618186,0.27219203756076854,0.6059408330107665,0.39405916698923354,0.39405916698923354,2.2550264404747233,2,9,5122.191150002487,2517.267607993366,2604.9235420091213,2604.9235420091213,113.15453338623047,155.49612426757812,315.359292602539,549.2608642578125,10.0,0.1,2.0,1409,0.09731639,False
5229,7370,ok,True,True,20260908,5,analysis_activations,positive,False,4.657587931053582,5.902231211185892,0.023325337461359952,0.42085251706289345,0.15272634828790987,0.6487314676065078,0.46017738285012677,0.5398226171498731,0.46017738285012677,2.64107932520262,2,24,17442.410829363394,12769.657429501527,4672.753399861867,4672.753399861867,85.86676025390625,152.82220458984375,862.2973724365231,1196.8758544921875,10.0,0.1,2.0,2783,0.6228288,False
5230,11752,ok,True,False,20260908,5,analysis_activations,positive,False,4.901828211820105,5.342048440238925,0.012464131678638407,0.09643429844681217,0.11164287562866879,0.310538722942586,0.6471361193969696,0.3528638806030305,0.3528638806030305,1.886575469337316,2,11,4584.235528570461,-753.6855433433532,5337.921071913814,5337.921071913814,114.06371307373047,142.49604034423828,286.86641082763657,773.6945190429688,10.0,0.1,2.0,1730,0.08635258,False
5231,14893,ok,True,False,20260908,5,analysis_activations,positive,False,4.888768276862956,5.253951499696547,0.01100657544152033,0.061009872514425696,0.10491222732132004,0.24700176621721898,0.6386596208495917,0.3613403791504083,0.3613403791504083,1.9244647755562303,2,9,346.18137110711746,-4706.365394553377,5052.546765660494,5052.546765660494,113.64806365966797,140.62281799316406,245.55154724121093,570.3141479492188,10.0,0.1,2.0,4162,0.059853606,False
5240,12943,ok,True,True,20260908,5,analysis_activations,positive,False,4.874547164546902,5.268852168582438,0.013801663085980515,0.06052083531783041,0.1174804795954652,0.2460098276854614,0.6050841557370106,0.3949158442629894,0.3949158442629894,2.045441844699238,2,9,2219.925023664044,-1186.244318449272,3406.169342113316,3406.169342113316,109.68938446044922,142.49978637695312,260.52778015136715,518.0292358398438,10.0,0.1,2.0,1747,0.06940839,False
5257,10858,ok,True,True,20260908,5,analysis_activations,positive,False,4.917205761319765,5.432898320900647,0.022192001207335717,0.08608627262693772,0.14896979964857213,0.29340462270887574,0.567504002078677,0.43249599792132287,0.43249599792132287,2.216333962146428,2,11,7357.559741727514,4876.1332914616105,2481.4264502659034,2481.4264502659034,109.12760925292969,157.187744140625,327.4269042968749,643.3993530273438,10.0,0.1,2.0,1051,0.11510848,False
5291,15366,ok,True,True,20260908,5,analysis_activations,positive,False,4.8493968204150635,5.319927382002596,0.016984624415511483,0.08199552691443686,0.13032507209095065,0.28634861081282875,0.5870070159484907,0.4129929840515093,0.4129929840515093,2.1150896388795744,2,11,7856.548935827151,3441.2232014696324,4415.325734357519,4415.325734357519,104.94808959960938,142.18540954589844,290.59671783447266,538.0888671875,10.0,0.1,2.0,4281,0.09751262,False
5293,12411,ok,True,True,20260908,5,analysis_activations,positive,False,4.958109780833983,5.492325551251568,0.018446995809863767,0.10774244969182992,0.13581971804514897,0.32824145029509894,0.6336256066297523,0.3663743933702477,0.3663743933702477,2.1267683389700123,2,11,8654.602087273912,3820.0138006300867,4834.588286643825,4834.588286643825,116.64622497558594,155.49473571777344,361.9885559082031,708.319091796875,10.0,0.1,2.0,3161,0.117421694,False
5303,15386,ok,True,True,20260908,5,analysis_activations,positive,False,4.584239896455882,5.7659417925329315,0.07036650104752029,0.04466696392775432,0.2652668487533267,0.2113456030480746,0.22002296241142022,0.7799770375885797,0.22002296241142022,4.927320696529795,2,2,24635.01254195213,12884.992306749326,11750.020235202803,11750.020235202803,69.45399475097656,302.3618621826172,424.9859313964844,811.359375,10.0,0.1,2.0,4273,0.28998318,False
5304,2746,ok,True,True,20260908,5,analysis_activations,positive,False,5.40859500973147,5.708428621098059,0.00887595225533251,0.02924509142658947,0.09421227231806115,0.17101196281719436,0.5997695542366251,0.4002304457633749,0.4002304457633749,2.1717654629433647,2,6,-1127.6864288644397,-1650.0480719284787,522.3616430640391,522.3616430640391,192.39349365234375,240.4078369140625,366.278564453125,587.4717407226562,10.0,0.1,2.0,548,0.038621537,False
5306,1980,ok,True,False,20260908,5,analysis_activations,positive,False,4.6836400345847515,5.172753702656097,0.015808604515670538,0.12133332208854337,0.12573227316671937,0.3483293299286515,0.628440819017752,0.37155918098224805,0.37155918098224805,1.8678400096358907,2,12,1279.5099328594326,446.3202860184377,833.189646840995,833.189646840995,89.16263580322266,115.81862258911133,252.81139907836908,975.1403198242188,10.0,0.1,2.0,632,0.11093359,False
5311,10098,ok,True,False,20260908,5,analysis_activations,positive,False,4.840149719915921,5.053697898656651,0.004006852731965969,0.019493002811060624,0.06329970562305932,0.13961734423437736,0.6593938181543293,0.3406061818456707,0.3406061818456707,1.9700546481364816,2,7,-11072.230467841151,-14273.452572054672,3201.2221042135207,3201.2221042135207,114.56272888183594,130.03404235839844,179.37973785400388,296.95831298828125,10.0,0.1,2.0,2488,0.019524636,False
5322,8309,ok,True,True,20260908,5,analysis_activations,positive,False,4.721837179134974,5.258526419160235,0.020273450938452023,0.10785230900477702,0.14238486906427952,0.32840875293569294,0.5840737181581805,0.4159262818418193,0.4159262818418193,2.120409097961313,2,12,6430.274978226044,3829.9191916744935,2600.355786551551,2600.355786551551,90.28596496582031,126.66059875488281,289.4259399414062,646.2295532226562,10.0,0.1,2.0,2103,0.12668711,False
5325,977,ok,True,False,20260908,5,analysis_activations,positive,False,4.9105676338924376,5.215068236490843,0.006788819930012053,0.04130911766006413,0.08239429549436085,0.20324644562713545,0.5879735409514874,0.4120264590485126,0.4120264590485126,1.9635407873334962,2,10,-277.10651982217644,-576.253556462403,299.1470366402266,299.1470366402266,119.3439712524414,144.421875,230.0590881347656,447.57769775390625,10.0,0.1,2.0,208,0.043518234,False
5328,1169,ok,True,True,20260908,5,analysis_activations,positive,False,4.825494259880745,5.374295518264018,0.024584215696147167,0.11232714109552129,0.15679354481657454,0.33515241472428825,0.5452069608673916,0.45479303913260855,0.45479303913260855,2.0975405198194648,2,11,1026.25455095001,764.7967104891727,261.45784046083736,261.45784046083736,98.19029998779297,146.1944122314453,335.7286376953125,552.0239868164062,10.0,0.1,2.0,204,0.13928771,False
5335,18675,ok,True,True,20260908,5,analysis_activations,positive,False,5.017333848765413,5.447806984181498,0.01620028380355484,0.07493842982984415,0.12728033549435216,0.2737488444356326,0.6263084582629428,0.37369154173705726,0.37369154173705726,2.016552829739008,2,8,6200.458791139004,823.8150073678307,5376.643783771173,5376.643783771173,124.85879516601562,164.04237365722656,312.7853210449218,807.2046508789062,10.0,0.1,2.0,1658,0.08152348,False
5352,5222,ok,True,True,20260908,5,analysis_activations,positive,False,5.062090309700354,5.474733164271132,0.012381074817627891,0.0627499965037832,0.11127027823110668,0.25049949401901633,0.5650972541476758,0.43490274585232425,0.43490274585232425,2.1290189947805316,2,12,1388.4116055753673,-80.09348833820815,1468.5050939135754,1468.5050939135754,133.28453063964844,175.26197814941406,326.33767852783205,605.890380859375,10.0,0.1,2.0,749,0.076147236,False
5358,2859,ok,True,True,20260908,5,analysis_activations,positive,False,5.24432921924661,5.9781008555499815,0.0859926148312239,0.10761816286432557,0.2932449740937155,0.3280520734034851,0.48041166875195646,0.5195883312480436,0.48041166875195646,2.358365718960649,2,4,3947.7516618491845,3844.1845113120326,103.56715053715197,103.56715053715197,111.33709716796875,276.46551513671875,619.497998046875,936.7774658203125,10.0,0.1,2.0,1712,0.23170775,False
5401,1249,ok,True,True,20260908,5,analysis_activations,positive,False,4.859030649059423,5.173160372408744,0.008142409145771478,0.03321536025109846,0.09023529877919992,0.18225081687361092,0.561598525180317,0.43840147481968283,0.43840147481968283,2.184466937821687,2,9,-358.8974026392439,-624.3422764762655,265.4448738370216,265.4448738370216,111.71903991699219,140.7530517578125,221.80016784667967,320.4716796875,10.0,0.1,2.0,477,0.04346322,False
5422,6797,ok,True,True,20260908,5,analysis_activations,positive,False,4.865692552030937,5.235874033328859,0.011954962821365942,0.05504317396509456,0.1093387526056793,0.23461281713728804,0.6141062115327804,0.3858937884672196,0.3858937884672196,2.0225456105117843,2,8,302.51065855627286,-1578.1609113058912,1880.671569862164,1880.671569862164,109.64301300048828,139.42279052734375,243.33994140624995,472.8701477050781,10.0,0.1,2.0,1068,0.061064795,False
5439,11996,ok,True,False,20260908,5,analysis_activations,positive,False,5.018780596898036,5.5147803398876345,0.01800926823068771,0.10879106987101003,0.13419861486128576,0.329834913056532,0.6048523933465024,0.39514760665349763,0.39514760665349763,1.9698640006015016,2,12,7872.220177461583,3698.7499080202606,4173.470269441323,4173.470269441323,124.05134582519531,166.0656967163086,365.3095016479492,878.90869140625,10.0,0.1,2.0,1202,0.112689085,False
5443,9918,ok,True,False,20260908,5,analysis_activations,positive,False,4.87939140122399,5.306262883872038,0.01226565865894019,0.0855604148156167,0.11075043412528995,0.2925071192562955,0.6427783116522706,0.3572216883477294,0.3572216883477294,1.930122303470521,2,11,3149.845667588229,-1046.49957237257,4196.345239960799,4196.345239960799,112.11112213134766,139.14871215820312,275.296562194824,774.2838745117188,10.0,0.1,2.0,1818,0.080295496,False
5482,54206,ok,True,False,20260908,5,analysis_activations,positive,False,4.822475841123171,5.148970235322111,0.008586323539735295,0.04837644591092938,0.0926624170833855,0.2199464614648969,0.6132680738902219,0.3867319261097781,0.3867319261097781,1.9346177979541201,2,10,-9348.140901931414,-27084.342925276913,17736.202023345497,17736.202023345497,107.89183044433594,131.83474731445312,219.36158752441406,629.960693359375,10.0,0.1,2.0,5474,0.04925604,False
5489,5847,ok,True,False,20260908,5,analysis_activations,positive,False,4.860699759884168,5.224629841940232,0.01040630190155274,0.06208499148687256,0.10201128320706852,0.2491686005235663,0.6488821318430656,0.3511178681569344,0.3511178681569344,1.9115692201665384,2,9,34.926313291545966,-2106.0502224608376,2140.976535752384,2140.976535752384,110.76053619384766,136.06280517578125,238.59454040527342,605.6988525390625,10.0,0.1,2.0,1693,0.058736216,False
5509,711,ok,True,True,20260908,5,analysis_activations,positive,False,4.448151740282415,5.1032737344223715,0.0310295974817157,0.14957216345941265,0.17615219976405547,0.3867456056109916,0.513783378408466,0.48621662159153406,0.48621662159153406,2.1800988590416712,2,13,871.7563168027572,723.4936962989451,148.26262050381206,148.26262050381206,64.167724609375,105.17474365234375,271.34173583984375,553.5992431640625,10.0,0.1,2.0,324,0.19615649,False
5513,25132,ok,True,True,20260908,5,analysis_activations,positive,False,4.532533214619116,5.244666752413719,0.04789995003455153,0.168104158317525,0.21886057213338253,0.41000507108757206,0.6634455266171423,0.33655447338285766,0.33655447338285766,2.1669327402181877,2,5,31092.4000562351,24764.107783393618,6328.2922728414815,6328.2922728414815,66.36531829833984,105.38622665405273,294.77923736572245,694.0961303710938,10.0,0.1,2.0,5029,0.20159745,False
5524,6052,ok,True,True,20260908,5,analysis_activations,positive,False,4.992502806362118,5.4115978995076475,0.01307307835103818,0.06604776752362443,0.11433756316730814,0.25699760217485385,0.5751415645608895,0.42485843543911045,0.42485843543911045,2.1070852796173742,2,11,1791.7768336230731,52.040367523013636,1739.7364661000595,1739.7364661000595,123.93246459960938,162.94888305664062,308.74868774414057,587.6319580078125,10.0,0.1,2.0,598,0.078510255,False
5533,9829,ok,True,False,20260908,5,analysis_activations,positive,False,4.894559982119534,5.422878031273011,0.015395142083666376,0.1356936406037559,0.12407716181339085,0.36836617733412486,0.6405354392220941,0.3594645607779059,0.3594645607779059,1.9221812416017607,2,12,7306.878961368635,2352.9519770501056,4953.926984318529,4953.926984318529,111.66887664794922,142.92703247070312,336.33006591796885,967.0165405273438,10.0,0.1,2.0,2073,0.12291662,False
5550,1942,ok,True,True,20260908,5,analysis_activations,positive,False,5.294303220361507,6.15141403828978,0.09409546104594861,0.10239725945034023,0.3067498346306785,0.3199957178625055,0.4304228237201001,0.5695771762798999,0.4304228237201001,2.734505124335982,2,4,3046.7399515356537,2889.104533320001,157.63541821565286,157.63541821565286,116.79229736328125,334.1619567871094,725.1685699462888,1066.1395263671875,10.0,0.1,2.0,1484,0.27907008,False
5578,13451,ok,True,True,20260908,5,analysis_activations,positive,False,4.963166956999583,5.518273450365681,0.03126847202848504,0.07469676078457935,0.17682893436450112,0.2733070814753605,0.5691004267851834,0.4308995732148166,0.4308995732148166,2.411624054488927,2,5,10279.266352558483,8320.883420472308,1958.382932086175,1958.382932086175,108.74740600585938,171.1076202392578,349.89991760253906,628.9807739257812,10.0,0.1,2.0,4609,0.12555443,False
5584,3333,ok,True,True,20260908,5,analysis_activations,positive,False,4.8800579954625185,5.34674600740278,0.01908248159948763,0.0699243066768162,0.13813935572271804,0.26443204548015015,0.5518032631059108,0.44819673689408934,0.44819673689408934,2.212228982816233,2,9,1655.0287087442953,1001.2144942841014,653.8142144601939,653.8142144601939,105.97848510742188,151.3871307373047,294.68468017578124,483.0103759765625,10.0,0.1,2.0,1183,0.09576233,False
5606,9714,ok,True,True,20260908,5,analysis_activations,positive,False,5.026302512661268,5.4765358794683685,0.0197082763108094,0.07773485793208339,0.140386168516736,0.2788097163516426,0.6120300236297049,0.3879699763702952,0.3879699763702952,2.039750522275054,2,7,4232.7653681004695,1961.8320533748306,2270.933314725639,2270.933314725639,122.98190307617188,168.51901245117188,324.9387603759766,666.70166015625,10.0,0.1,2.0,2958,0.09036258,False
5609,26580,ok,True,False,20260908,5,analysis_activations,positive,False,5.060876291492505,5.487370862080415,0.02809713739623187,0.071662539946379,0.16762200749374132,0.2676985990743676,0.46934703729051075,0.5306529627094894,0.46934703729051075,1.909637730105733,2,7,13306.352038250207,11617.285028153123,1689.0670100970838,1689.0670100970838,119.79730224609375,192.39173126220703,331.3322616577148,840.65869140625,10.0,0.1,2.0,1948,0.09652077,False
5611,16694,ok,True,False,20260908,5,analysis_activations,positive,False,4.772598711193952,4.984479555693823,0.0038930631145932143,0.01946710033919854,0.06239441573244527,0.13952455102668684,0.6181446497975756,0.3818553502024244,0.3818553502024244,1.960508612304135,2,9,-17552.462246189425,-22512.150127663997,4959.687881474572,4959.687881474572,107.20613098144531,122.59906768798828,169.37117614746091,298.9234924316406,10.0,0.1,2.0,4119,0.02043695,False
5659,11199,ok,True,True,20260908,5,analysis_activations,positive,False,4.930514904098247,5.30575264338238,0.011135668698394665,0.05875619430638191,0.10552567791014027,0.24239677041244156,0.6178385602616329,0.382161439738367,0.382161439738367,2.007281121725114,2,10,763.9673163232851,-2823.6403540829506,3587.6076704062357,3587.6076704062357,118.4179458618164,148.50601196289062,262.9433258056641,652.9000244140625,10.0,0.1,2.0,4193,0.06258466,False
5670,12542,ok,True,True,20260908,5,analysis_activations,positive,False,4.820108350638648,5.155264121413067,0.01175499901768626,0.040943213494101086,0.10842047324046442,0.20234429444415053,0.6238469497314284,0.3761530502685715,0.3761530502685715,2.064732325451494,2,6,-2190.632144942805,-4828.403619679043,2637.771474736238,2637.771474736238,104.73301696777344,133.2517547607422,215.93291168212886,408.45458984375,10.0,0.1,2.0,4008,0.049096793,False
5679,6156,ok,True,False,20260908,5,analysis_activations,positive,False,4.865585261805571,5.230209642520845,0.008971826995135898,0.05819557745281003,0.0947197286479216,0.24123759543821113,0.6013725200200478,0.3986274799799523,0.3986274799799523,1.9896716837050996,2,12,215.5135193522773,-2051.3452251407434,2266.858744493021,2266.858744493021,112.48918151855469,138.72120666503906,248.60142517089844,510.7786865234375,10.0,0.1,2.0,1106,0.060474202,False
5705,984,ok,True,False,20260908,5,analysis_activations,positive,False,4.560025891070677,5.046601449112274,0.022565818086926138,0.09727353259768581,0.15021923341212381,0.3118870510259857,0.6694681955873101,0.33053180441268987,0.33053180441268987,1.9877673992694438,2,5,537.0361913485928,271.5013998901502,265.53479145844256,265.53479145844256,75.2892074584961,102.7862777709961,216.19311599731384,430.21722412109375,10.0,0.1,2.0,227,0.09974851,False
5716,513,ok,True,True,20260908,5,analysis_activations,positive,False,5.003462245100927,5.554281100636778,0.018734348960825084,0.07681563604678471,0.13687347793062424,0.2771563386372116,0.5194773011033338,0.4805226988966662,0.4805226988966662,2.5200460953622374,2,10,390.6827371979793,284.59279950098954,106.08993769698975,106.08993769698975,119.00360107421875,177.09378051757812,368.7903808593749,588.008544921875,10.0,0.1,2.0,161,0.12261701,False
5720,582,ok,True,True,20260908,5,analysis_activations,positive,False,4.793998229376968,5.224763166195442,0.003829716851871772,0.08168740700202726,0.06188470612252895,0.28581008904870253,0.3309652276514879,0.669034772348512,0.3309652276514879,2.083189607831851,2,14,306.5810762814809,130.5807007241415,176.00037555733937,176.00037555733937,110.55665588378906,151.8709945678711,313.1799163818351,506.0335693359375,10.0,0.1,2.0,263,0.097172976,False
5738,16149,ok,True,True,20260908,5,analysis_activations,positive,False,4.911380204389686,5.296749189781544,0.012120201701027171,0.05752936646751653,0.11009178761845577,0.2398528016670152,0.6115122721940429,0.38848772780595703,0.38848772780595703,2.0650593762334184,2,9,1717.2065848237562,-3017.107309528893,4734.313894352649,4734.313894352649,115.14991760253906,146.8700408935547,263.20964355468726,540.833740234375,10.0,0.1,2.0,2954,0.06504471,False
5741,592,ok,True,True,20260908,5,analysis_activations,positive,False,4.702566168983523,5.273379588597992,0.022631102892844843,0.06984001326385,0.150436374899307,0.2642726116415585,0.5993323129169348,0.40066768708306516,0.40066768708306516,2.654642986542357,2,8,436.5437902042146,300.74843243420526,135.79535777000933,135.79535777000933,87.10537719726562,126.14712524414062,274.0548706054687,405.24212646484375,10.0,0.1,2.0,370,0.1199899,False
5755,1632,ok,True,False,20260908,5,analysis_activations,positive,False,4.783685399982042,5.043768066670588,0.007490338199813026,0.027885865148106207,0.08654673997218512,0.1669906139521207,0.6453300633698182,0.35466993663018176,0.35466993663018176,1.9555584286991177,2,6,-1065.3730137551627,-1417.071065760537,351.6980520053744,351.6980520053744,104.73873901367188,125.45712280273438,184.16072387695309,310.7607116699219,10.0,0.1,2.0,880,0.030223591,False
5765,26298,ok,True,True,20260908,5,analysis_activations,positive,False,5.358116493912129,6.131878658279281,0.09728520632220446,0.09575199710944914,0.3119057651314006,0.30943819594460076,0.4481197118155835,0.5518802881844165,0.4481197118155835,2.490588502326927,2,4,37609.44536710855,36072.39132102109,1537.0540460874618,1537.0540460874618,119.09130859375,332.9248046875,700.7861694335937,1205.4970703125,10.0,0.1,2.0,3239,0.24451269,False
5779,3516,ok,True,True,20260908,5,analysis_activations,positive,False,5.1602973509017565,6.109144978868047,0.10876654237522174,0.12390844282941409,0.32979772948766906,0.35200631078066497,0.4984257424870488,0.5015742575129513,0.4984257424870488,2.781868690303404,2,4,6216.030367526577,5870.671135064455,345.35923246212224,345.35923246212224,99.631591796875,277.62049865722656,695.8612060546875,1275.0628662109375,10.0,0.1,2.0,2123,0.34153333,False
5842,7112,ok,True,True,20260908,5,analysis_activations,positive,False,4.891736626208859,5.312407961727059,0.013794064502413737,0.06046401053630443,0.11744813537223031,0.24589430765331766,0.6139627328818368,0.38603726711816316,0.38603726711816316,2.183162558866216,2,10,1659.4177727304616,-385.077379586616,2044.4951523170776,2044.4951523170776,111.45016479492188,144.96546173095703,271.14019165039065,479.6097412109375,10.0,0.1,2.0,847,0.073762715,False
5848,11375,ok,True,True,20260908,5,analysis_activations,positive,False,4.933284459880413,5.5724595407550765,0.02776989672325842,0.1580814328264022,0.1666430218258731,0.3975945583460646,0.6209700413140157,0.37902995868598427,0.37902995868598427,2.0967758057679826,2,11,12363.4298718676,8225.509096305756,4137.9207755618445,4137.9207755618445,109.246337890625,155.9282684326172,419.10960998535154,1153.3798828125,10.0,0.1,2.0,1680,0.17333353,False
5857,10389,ok,True,False,20260908,5,analysis_activations,positive,False,4.890122724669789,5.266097246178495,0.013170757379064316,0.06767037065904241,0.1147639201973526,0.2601352929900947,0.6458882245415927,0.3541117754584074,0.3541117754584074,1.8700672760917578,2,7,1072.1254675186458,-2137.928634848653,3210.0541023672986,3210.0541023672986,111.9046401977539,141.16395568847656,250.29382934570322,598.9940795898438,10.0,0.1,2.0,1221,0.064805344,False
5861,18635,ok,True,True,20260908,5,analysis_activations,positive,False,4.8793636517234145,5.4633046038830715,0.02991998266168088,0.13526860289303774,0.17297393636522493,0.36778880202235326,0.6359370337406454,0.36406296625935475,0.36406296625935475,2.031860624771398,2,8,17201.838704196074,11754.938094557509,5446.900609638566,5446.900609638566,102.11729431152344,146.42356872558594,352.1193481445312,1032.87744140625,10.0,0.1,2.0,959,0.14722645,False
5868,4993,ok,True,True,20260908,5,analysis_activations,positive,False,4.81483860274831,5.732912463421339,0.0532244228360915,0.16694138494396285,0.23070418903022005,0.408584611731723,0.5087010125160951,0.4912989874839049,0.4912989874839049,2.7670543126244107,2,11,8493.353277010518,7395.605923880982,1097.7473531295354,1097.7473531295354,88.42668151855469,175.2039337158203,541.8449951171874,933.9207153320312,10.0,0.1,2.0,2348,0.31980738,False
5879,9881,ok,True,True,20260908,5,analysis_activations,positive,False,4.90139049846423,5.238762898870497,0.010427573249446044,0.043954297067975066,0.10211548976255289,0.20965280124046773,0.6653148770447759,0.3346851229552242,0.3346851229552242,2.045961603421858,2,6,-2154.462032370438,-5003.262209309578,2848.80017693914,2848.80017693914,115.1463623046875,141.54257202148438,232.88327026367188,390.9943542480469,10.0,0.1,2.0,847,0.046996836,False
5881,13000,ok,True,True,20260908,5,analysis_activations,positive,False,4.841611386939141,5.3554864868049705,0.012485590676740583,0.10993703388611788,0.11173893984077611,0.3315675404591316,0.5319311525505871,0.46806884744941285,0.46806884744941285,2.077025024580352,2,16,9758.058681459437,4451.668150596861,5306.390530862576,5306.390530862576,107.78657531738281,143.7245635986328,332.5779067993161,838.0278930664062,10.0,0.1,2.0,3728,0.12385607,False
5890,7182,ok,True,True,20260908,5,analysis_activations,positive,False,4.98286550489368,5.377123476920507,0.011107711909653225,0.05371139574193897,0.10539313027732512,0.23175719134891795,0.5401149528697664,0.4598850471302336,0.4598850471302336,2.1899992068040537,2,13,1229.3592659947662,-622.777294270309,1852.1365602650753,1852.1365602650753,123.67858123779297,163.3258056640625,289.306575012207,544.74609375,10.0,0.1,2.0,367,0.069318056,False
5898,23568,ok,True,False,20260908,5,analysis_activations,positive,False,4.430808599078598,4.903346727499635,0.017731499815912145,0.12729357094771235,0.13315967789053917,0.3567822458415109,0.7558886622842226,0.24411133771577742,0.24411133771577742,1.7548108527374315,2,5,8992.882295677224,-2285.283099113756,11278.16539479098,11278.16539479098,68.94285583496094,85.64788055419922,164.80024871826168,525.294921875,10.0,0.1,2.0,5223,0.08568164,False
5909,3371,ok,True,False,20260908,5,analysis_activations,positive,False,4.84399479199033,5.197902325456993,0.008380755166141333,0.05701781458870237,0.0915464645201623,0.23878403336216258,0.6011900985072774,0.39880990149272266,0.39880990149272266,1.9571345326716927,2,12,-26.805657430081954,-1286.760719940783,1259.955062510701,1259.955062510701,110.11465454101562,135.19277954101562,235.83323669433594,492.48291015625,10.0,0.1,2.0,1096,0.057824023,False
5945,2463,ok,True,True,20260908,5,analysis_activations,positive,False,5.025381571093191,5.438096980107713,0.013709743185891934,0.06279498542894825,0.117088612537223,0.2505892763646287,0.5311940699026467,0.4688059300973534,0.4688059300973534,2.1101899106683817,2,11,757.7554751706585,212.91187428079348,544.843600889865,544.843600889865,126.49958801269531,172.1971893310547,318.0909271240235,560.6487426757812,10.0,0.1,2.0,266,0.07917007,False
5958,6770,ok,True,False,20260908,5,analysis_activations,positive,False,4.849361484520012,5.20302887760591,0.008719767657719979,0.06189261451502228,0.09337969617491791,0.24878226326453073,0.6571810875041034,0.34281891249589663,0.34281891249589663,1.8822165488529485,2,10,-390.1314788462552,-3306.1325930204807,2916.0011141742257,2916.0011141742257,111.24577331542969,133.33819580078125,234.37906646728504,529.8506469726562,10.0,0.1,2.0,1512,0.0551354,False
5967,5502,ok,True,True,20260908,5,analysis_activations,positive,False,4.894759529156941,5.439736975104228,0.019859090606192238,0.12801175478407936,0.14092228569744475,0.3577873038329887,0.6330973653068453,0.3669026346931546,0.3669026346931546,2.004251647150053,2,11,4343.290668721195,2160.6198440914386,2182.6708246297567,2182.6708246297567,108.86373901367188,145.84942626953125,347.3092895507812,742.80078125,10.0,0.1,2.0,544,0.1285518,False
5980,2845,ok,True,True,20260908,5,analysis_activations,positive,False,5.0332275697809346,5.578655059642257,0.03357223971439775,0.09599137496778054,0.18322728976437366,0.30982474879805927,0.5650599924918174,0.43494000750818274,0.43494000750818274,2.1429423749960077,2,6,2367.9176753520746,1981.7581548955443,386.15952045653034,386.15952045653034,114.76858520507812,182.53921508789062,380.432141113281,741.3983154296875,10.0,0.1,2.0,1855,0.13388066,False
5995,2307,ok,True,True,20260908,5,analysis_activations,positive,False,4.6420341586346465,4.833317579489333,0.003351312115116256,0.014590279241135026,0.05789051835245782,0.12079022825185416,0.6515218342297999,0.34847816577019997,0.34847816577019997,2.019583655975994,2,7,-3039.5960416509283,-3680.7147866567384,641.1187450058101,641.1187450058101,94.62464904785156,106.60273742675781,142.3529525756836,190.8499755859375,10.0,0.1,2.0,1372,0.015580931,False
6000,1118,ok,True,False,20260908,5,analysis_activations,positive,False,5.003727731753413,5.437858457137348,0.019713701810572682,0.07880865744428356,0.14040549067102998,0.2807287969629827,0.6020403796247662,0.39795962037523386,0.39795962037523386,1.9559967110265797,2,6,474.4590333616708,247.6888858084022,226.77014755326857,226.77014755326857,120.99249267578125,164.25750732421875,312.73044586181635,658.2653198242188,10.0,0.1,2.0,750,0.088464245,False
6005,1074,ok,True,True,20260908,5,analysis_activations,positive,False,4.753369575411274,5.177097057308297,0.012964342731756303,0.062496665522177516,0.11386106767353055,0.24999333095540271,0.587703105676652,0.412296894323348,0.412296894323348,2.1814252117891413,2,10,306.6288322615259,8.554409909310571,298.0744223522153,298.0744223522153,97.37261962890625,127.9884033203125,243.2592277526854,425.7806396484375,10.0,0.1,2.0,621,0.07696223,False
6028,2473,ok,True,True,20260908,5,analysis_activations,positive,False,4.176126882387453,4.803621981456714,0.04090742466836536,0.11513981081493965,0.20225583963971314,0.3393225763413623,0.6260168009879218,0.3739831990120783,0.3739831990120783,2.2464527914207504,2,5,2514.868040546911,2066.642163268922,448.22587727798873,448.22587727798873,46.9166259765625,75.060302734375,180.69100341796877,324.59844970703125,10.0,0.1,2.0,604,0.16091807,False
6039,20008,ok,True,False,20260908,5,analysis_activations,positive,False,4.952578027167116,5.321548188092481,0.009828604657435855,0.05837264765791948,0.09913931943197843,0.24160432044547442,0.6073430793654443,0.39265692063455565,0.39265692063455565,1.9980671001493246,2,11,956.0983107259984,-6027.333688744699,6983.4319994706975,6983.4319994706975,122.21415710449219,151.93272399902344,272.15540161132805,566.6233520507812,10.0,0.1,2.0,2630,0.061357863,False
6072,6529,ok,True,True,20260908,5,analysis_activations,positive,False,4.885041200622977,5.480255522301678,0.03257407207537447,0.10930134024366374,0.18048288582404282,0.33060753204315196,0.639308853005803,0.36069114699419697,0.36069114699419697,2.2347801330585972,2,6,5799.281054632303,4265.650691080376,1533.6303635519262,1533.6303635519262,100.81645202636719,149.2422637939453,349.0469970703125,663.293701171875,10.0,0.1,2.0,2071,0.14196426,False
6084,10233,ok,True,False,20260908,5,analysis_activations,positive,False,4.812265191175262,5.008688453586714,0.0035320187763403592,0.017066806505301187,0.0594307898007452,0.1306399881556225,0.6358845786041818,0.36411542139581815,0.36411542139581815,1.9354710997297768,2,7,-12402.828821695453,-15409.896050475243,3007.0672287797897,3007.0672287797897,111.95698547363281,126.63949584960938,171.13497619628907,273.328369140625,10.0,0.1,2.0,2247,0.017394,False
6088,545,ok,True,True,20260908,5,analysis_activations,positive,False,4.794277700520601,5.069027732908495,0.008145424356139153,0.02462433035489724,0.09025200472088779,0.15692141458353362,0.6271269070855805,0.37287309291441945,0.37287309291441945,2.146427158715789,2,5,-317.6636968208228,-405.06303293727797,87.39933611645517,87.39933611645517,105.51336669921875,128.94110107421875,187.232958984375,251.02288818359375,10.0,0.1,2.0,421,0.03199963,False
6094,36487,ok,True,True,20260908,5,analysis_activations,positive,False,4.77222761267913,5.052664062570116,0.00717644198720955,0.03160292357482205,0.08471388308423566,0.1777721113527711,0.6216223847113783,0.3783776152886216,0.3783776152886216,2.013951968296818,2,8,-18840.623917232933,-28698.10499262446,9857.481075391526,9857.481075391526,103.63560485839844,124.49653625488281,189.41106872558584,367.00958251953125,10.0,0.1,2.0,2943,0.03491658,False
6109,4377,ok,True,True,20260908,5,analysis_activations,positive,False,4.978268385293528,5.469002232713832,0.018526355003895694,0.09386009761797084,0.13611155352833093,0.3063659537513443,0.6172363133137219,0.38276368668627814,0.38276368668627814,2.070160557696611,2,11,2542.1456638161067,1153.214465092626,1388.9311987234807,1388.9311987234807,118.92813873291016,158.86880493164062,341.30089111328124,643.3012084960938,10.0,0.1,2.0,1310,0.10427954,False
6115,2658,ok,True,False,20260908,5,analysis_activations,positive,False,4.187280461897098,4.449798369182474,0.005404225153937493,0.03127340076388303,0.07351343519342225,0.1768428702659031,0.5745335667065213,0.4254664332934788,0.4254664332934788,1.9385335557798464,2,11,-1487.727637238831,-2275.6898393069705,787.9622020681395,787.9622020681395,58.296478271484375,69.26656341552734,104.68869590759277,185.04037475585938,10.0,0.1,2.0,1181,0.033268265,False
6125,28776,ok,True,False,20260908,5,analysis_activations,positive,False,4.830847561570652,5.151383738954292,0.007961175554265891,0.049744427779580574,0.0892254198884258,0.2230345887515669,0.6455678956649337,0.3544321043350664,0.3544321043350664,1.8870484817909263,2,9,-6747.771104328063,-17606.417024792798,10858.645920464734,10858.645920464734,109.57230377197266,131.02469635009766,215.46921920776367,490.2145690917969,10.0,0.1,2.0,3693,0.04628024,False
6129,3511,ok,True,False,20260908,5,analysis_activations,positive,False,4.940822515353559,5.3457240741678484,0.012302171923300667,0.0725642188667142,0.11091515641832124,0.2693774654025726,0.6151542198766832,0.38484578012331677,0.38484578012331677,1.9656065024081577,2,11,853.0029345520011,-346.6947001279492,1199.6976346799502,1199.6976346799502,118.77799987792969,150.4903106689453,282.3423156738281,624.0137329101562,10.0,0.1,2.0,560,0.074326254,False
6164,6149,ok,True,True,20260908,5,analysis_activations,positive,False,5.0394826671388575,5.744595104404755,0.0516225098386755,0.09840744540020885,0.2272058754492839,0.31369961013716424,0.522633042083198,0.47736695791680184,0.47736695791680184,2.5744495351163734,2,5,7509.205868541982,6838.433437364822,670.7724311771608,670.7724311771608,106.9931640625,205.72174072265625,472.63204345703116,1026.77392578125,10.0,0.1,2.0,1740,0.19802804,False
6176,5479,ok,True,True,20260908,5,analysis_activations,positive,False,4.905589862596859,5.957641224989249,0.09127756464735043,0.11973910862390155,0.3021217712237078,0.34603339235383274,0.5386330121874847,0.4613669878125152,0.4613669878125152,3.2388702838020818,2,3,10256.745137377497,9159.50313831746,1097.2419990600374,1097.2419990600374,87.67176818847656,206.82969665527344,609.112054443359,797.9757690429688,10.0,0.1,2.0,2455,0.37952805,False
6179,3777,ok,True,True,20260908,5,analysis_activations,positive,False,5.015945929125733,5.986909285163308,0.08374136533252267,0.12848500848869132,0.2893810037520132,0.3584480554957598,0.6122641488374064,0.3877358511625935,0.3877358511625935,2.980699268895304,2,3,6488.883928564748,5776.538613322614,712.3453152421343,712.3453152421343,97.04859924316406,198.76296997070312,608.1723999023437,807.7030639648438,10.0,0.1,2.0,1871,0.32498562,False
6192,1716,ok,True,True,20260908,5,analysis_activations,positive,False,4.9651780255594415,5.376184217880668,0.016153453659322088,0.05372933880093625,0.12709623778586873,0.23179589901664838,0.6207394991550031,0.37926050084499685,0.37926050084499685,2.198762075450479,2,6,325.62378765246604,-26.26459559722028,351.8883832496863,351.8883832496863,116.76959228515625,157.9619903564453,282.53094482421875,468.7200622558594,10.0,0.1,2.0,573,0.070213325,False
6203,5907,ok,True,True,20260908,5,analysis_activations,positive,False,4.9746713585913955,5.545246463729593,0.031829733984176635,0.058117020430599194,0.17840889547378694,0.24107471960078933,0.5591036090260384,0.4408963909739616,0.4408963909739616,2.690512835269734,2,4,4434.2805655719185,3644.9754550685866,789.3051105033319,789.3051105033319,108.45736694335938,176.7139892578125,346.6459625244141,535.6640014648438,10.0,0.1,2.0,2973,0.123691455,False
6209,10691,ok,True,True,20260908,5,analysis_activations,positive,False,5.293625313436858,5.732782889127334,0.0197952484451188,0.05248940563570826,0.14069558786656675,0.2291056647831045,0.5579403093774721,0.442059690622528,0.442059690622528,2.3100018263884152,2,6,3595.4984833969315,2047.5886185427407,1547.9098648541908,1547.9098648541908,159.786865234375,229.911865234375,409.9417724609375,831.970703125,10.0,0.1,2.0,3233,0.08182197,False
6221,8585,ok,True,True,20260908,5,analysis_activations,positive,False,4.874196309939264,5.482744738450613,0.029839142460747495,0.11849148244996568,0.1727401009052255,0.3442259177487449,0.5318975429351525,0.4681024570648475,0.4681024570648475,2.2345739413070476,2,11,8836.583125383182,7038.29798245288,1798.2851429303018,1798.2851429303018,101.00638580322266,158.76734924316406,380.2480529785155,741.0859375,10.0,0.1,2.0,594,0.16356187,False
6226,10695,ok,True,True,20260908,5,analysis_activations,positive,False,4.61758171205174,5.093348787261899,0.021730095943138,0.08016639687255882,0.14741131551932504,0.28313671057028056,0.6210178842582567,0.3789821157417434,0.3789821157417434,2.107801764392241,2,6,5434.152139105557,2981.682443665214,2452.4696954403425,2452.4696954403425,80.41107177734375,112.08148193359375,223.6918701171875,436.78338623046875,10.0,0.1,2.0,3477,0.09715791,False
6231,1424,ok,True,False,20260908,5,analysis_activations,positive,False,4.694269479175783,5.129009724061939,0.010935415727200878,0.10031409420001734,0.10457253811207261,0.31672400319523836,0.6375244157097743,0.3624755842902257,0.3624755842902257,1.8432990117385881,2,12,578.5875604796715,-112.32465697736603,690.9122174570375,690.9122174570375,93.71556091308594,115.96942901611328,228.70875549316403,589.530029296875,10.0,0.1,2.0,439,0.087068416,False
6260,7310,ok,True,False,20260908,5,analysis_activations,positive,False,5.005553648914011,5.360093396371815,0.006223113186754552,0.06331872894401722,0.07888671109099778,0.25163213019011943,0.6390310326565989,0.3609689673434011,0.3609689673434011,1.9013270786989287,2,12,-330.3435639795754,-4356.7777674279205,4026.434203448345,4026.434203448345,132.83677673339844,155.59242248535156,280.17504272460934,590.7391967773438,10.0,0.1,2.0,1030,0.055834353,False
6277,6490,ok,True,True,20260908,5,analysis_activations,positive,False,4.856825257169298,5.556370622159427,0.044670904717444254,0.1199215704069489,0.2113549259360762,0.3462969396442147,0.6073011102980719,0.3926988897019282,0.3926988897019282,2.4385175927292453,2,5,7688.8330918764095,6439.081151836886,1249.751940039523,1249.751940039523,93.77758026123047,154.5125503540039,392.7612350463861,767.9375,10.0,0.1,2.0,389,0.19095634,False
6319,1805,ok,True,True,20260908,5,analysis_activations,positive,False,4.8923371304892145,5.569725560217856,0.05068992852532429,0.11884821892015252,0.22514423937850217,0.34474370033425195,0.5811486272097256,0.41885137279027435,0.41885137279027435,2.326585705708493,2,5,2148.551613020406,1925.5143987390761,223.03721428132985,223.03721428132985,92.70989990234375,164.56817626953125,392.7987243652343,769.018310546875,10.0,0.1,2.0,1063,0.19103493,False
6321,7367,ok,True,True,20260908,5,analysis_activations,positive,False,4.92895693338409,5.287520836053007,0.011519439384663835,0.05230538664428794,0.10732865127571405,0.22870370929280517,0.5960234397781333,0.4039765602218667,0.4039765602218667,2.007181955975036,2,9,68.18443635630554,-1853.7858610063356,1921.970297362641,1921.970297362641,117.6141357421875,149.76296997070312,259.1165893554687,469.54339599609375,10.0,0.1,2.0,2058,0.058959138,False
6322,1553,ok,True,True,20260908,5,analysis_activations,positive,False,4.887372619818131,5.362775598175013,0.02196703994829526,0.07656662767919524,0.1482128197839015,0.27670675394575256,0.5812936838489436,0.4187063161510563,0.4187063161510563,2.141827901644474,2,6,843.4493925949081,553.8682899947338,289.5811026001743,289.5811026001743,106.3836669921875,150.880859375,294.01275634765625,617.0564575195312,10.0,0.1,2.0,814,0.09989996,False
6333,1044,ok,True,False,20260908,5,analysis_activations,positive,False,4.888384858065805,5.058548666810447,0.0028345775193801587,0.015731059123709815,0.053240750552374434,0.12542351902139334,0.6941258180498486,0.3058741819501513,0.3058741819501513,1.7661487259178423,2,5,-1563.2024518702542,-1906.3967729602366,343.1943210899824,343.1943210899824,121.95039367675781,134.8526382446289,172.99570693969724,262.7096862792969,10.0,0.1,2.0,694,0.01293842,False
6339,5747,ok,True,True,20260908,5,analysis_activations,positive,False,4.807203795950057,5.358120067005247,0.028801538598112516,0.09068063976569571,0.16971016056239094,0.3011322629106614,0.5967132260283315,0.40328677397166857,0.40328677397166857,2.2539746697137826,2,6,4457.931636114333,3331.194327452199,1126.7373086621337,1126.7373086621337,94.09860229492188,140.56222534179688,302.43814086914057,597.4073486328125,10.0,0.1,2.0,2698,0.12681597,False
6343,14358,ok,True,False,20260908,5,analysis_activations,positive,False,4.794698670979752,5.082490607713703,0.007676568454106009,0.03636829890134456,0.08761602852278805,0.19070474273427118,0.6377321035060776,0.3622678964939224,0.3622678964939224,1.939304327024696,2,7,-6491.459657626491,-10641.505883184613,4150.0462255581215,4150.0462255581215,105.51494598388672,126.79421997070312,195.43944244384764,443.26190185546875,10.0,0.1,2.0,1846,0.037207127,False
6362,5956,ok,True,True,20260908,5,analysis_activations,positive,False,5.019654064642227,5.6572939952208845,0.0360622764316226,0.08154613718675979,0.18990070150376645,0.2855628427977978,0.5483873771052715,0.4516126228947284,0.4516126228947284,2.6294886931614077,2,5,5903.430230567889,4987.928908504663,915.5013220632263,915.5013220632263,112.53265380859375,189.02255249023438,410.59991455078125,682.136962890625,10.0,0.1,2.0,2374,0.15732303,False
6374,10280,ok,True,True,20260908,5,analysis_activations,positive,False,4.95760350171737,5.4927259823126775,0.022114391383648225,0.09711955883009106,0.14870908305698152,0.3116401110738011,0.536796447514936,0.4632035524850639,0.4632035524850639,2.191635001970773,2,13,8063.603787944577,5660.057092236163,2403.5466957084136,2403.5466957084136,114.16795349121094,167.84835815429688,363.8733245849605,824.6063232421875,10.0,0.1,2.0,1788,0.12806953,False
6390,3787,ok,True,False,20260908,5,analysis_activations,positive,False,4.694085404021531,5.014602973859648,0.00886372566787595,0.048321463681316644,0.09414736144935741,0.2198214359004068,0.65007542072888,0.34992457927112,0.34992457927112,1.8955055368815774,2,8,-893.871516658176,-2149.716433762996,1255.84491710482,1255.84491710482,94.74909973144531,114.416015625,186.79801635742186,366.9268493652344,10.0,0.1,2.0,536,0.04605112,False
6411,9000,ok,True,True,20260908,5,analysis_activations,positive,False,4.951523649643569,5.524722906864032,0.020065161187218107,0.1426814241459813,0.1416515484815401,0.3777319474786073,0.6185158548882749,0.38148414511172507,0.38148414511172507,2.0093920245916035,2,12,8140.393725795541,4348.716791332133,3791.6769344634085,3791.6769344634085,115.54615020751953,155.3526153564453,390.68450317382735,966.9462890625,10.0,0.1,2.0,1677,0.14438067,False
6423,5426,ok,True,True,20260908,5,analysis_activations,positive,False,4.836169260852881,5.466258633927545,0.04451600420066441,0.05849586663147079,0.21098816128082734,0.24185918761021008,0.43046180290531844,0.5695381970946817,0.43046180290531844,2.776345531619567,2,4,5114.884691941424,4621.105996930529,493.7786950108948,493.7786950108948,90.37953186035156,183.475830078125,329.92234802246094,561.4884643554688,10.0,0.1,2.0,2881,0.1498386,False
6434,7994,ok,True,True,20260908,5,analysis_activations,positive,False,4.7785409809922585,5.843684469082913,0.023017631430054968,0.30461361028273226,0.15171562684857143,0.5519181191832102,0.42332628842750375,0.5766737115724963,0.42332628842750375,2.6316641270867938,2,16,16537.446649770398,12811.660649667429,3725.7860001029694,3725.7860001029694,96.162109375,182.67365264892578,788.2737487792969,1173.44384765625,10.0,0.1,2.0,2446,0.46242684,False
6472,3257,ok,True,True,20260908,5,analysis_activations,positive,False,4.745508234039694,5.135559436220023,0.014261290323346623,0.05785971475992307,0.11942064446043918,0.24054046387234532,0.6066925043122456,0.3933074956877543,0.3933074956877543,2.054025038782849,2,7,489.6490851995291,-278.46573071511716,768.1148159146462,768.1148159146462,95.22923278808594,124.80088806152344,222.41773376464837,383.01904296875,10.0,0.1,2.0,451,0.06773175,False
6473,2439,ok,True,False,20260908,5,analysis_activations,positive,False,4.873765773966181,5.387608957734436,0.018192431415605472,0.13833667161056673,0.13487932167536087,0.3719363811333421,0.6111334024322909,0.3888665975677091,0.3888665975677091,1.8367415454066263,2,11,1916.7654345020546,950.2819658239398,966.4834686781148,966.4834686781148,107.46691131591797,142.67709350585938,323.80568237304675,859.3212890625,10.0,0.1,2.0,367,0.1277118,False
6476,1261,ok,True,False,20260908,5,analysis_activations,positive,False,4.9402152141071065,5.3312646343773515,0.012164841287854864,0.07339997004719981,0.11029433932824868,0.27092428840397426,0.668942850919701,0.33105714908029904,0.33105714908029904,1.8905973536972907,2,9,171.06480756475483,-296.6585760829011,467.72338364765596,467.72338364765596,118.92369079589844,146.83758544921875,265.5667419433594,612.1080932617188,10.0,0.1,2.0,342,0.066354185,False
6486,4022,ok,True,True,20260908,5,analysis_activations,positive,False,4.890876372347681,5.437988589590625,0.02309484305171547,0.08263712461321078,0.15196987547443563,0.28746673653348276,0.6770988852699504,0.3229011147300496,0.3229011147300496,2.3795139403853582,2,6,2470.312503567973,1258.7086627542951,1211.603840813678,1211.603840813678,106.52891540527344,144.672119140625,311.95364074707027,528.9339599609375,10.0,0.1,2.0,422,0.107792035,False
6501,6483,ok,True,False,20260908,5,analysis_activations,positive,False,5.038552784367645,5.349337368368296,0.007815159691542268,0.0453671770574932,0.08840339185541621,0.21299572074925166,0.6316855617226727,0.36831443827732724,0.36831443827732724,1.9058589596584652,2,9,-1817.3565608673277,-4037.689592090822,2220.333031223494,2220.333031223494,135.11294555664062,162.64181518554688,263.5789764404297,577.2430419921875,10.0,0.1,2.0,1524,0.044123802,False
6503,14286,ok,True,True,20260908,5,analysis_activations,positive,False,4.826708347009472,5.161730240582936,0.010902308821733207,0.04041752527485063,0.1044141217543547,0.20104110344616255,0.6038330898620972,0.39616691013790284,0.39616691013790284,2.0914407465949223,2,7,-2395.7103234083697,-5542.611636295701,3146.901312887331,3146.901312887331,106.26911926269531,134.90435791015625,217.3900375366211,436.49249267578125,10.0,0.1,2.0,4400,0.049447402,False
6515,9425,ok,True,False,20260908,5,analysis_activations,positive,False,4.914036504182301,5.113214196750892,0.003606832648343257,0.019222510144379867,0.06005691174497118,0.13864526729888715,0.6400067822877613,0.3599932177122387,0.3599932177122387,1.864270768918078,2,8,-10907.971206317987,-13878.449158173667,2970.4779518556807,2970.4779518556807,124.06246185302734,140.17315673828125,190.45337219238274,354.6396484375,10.0,0.1,2.0,3045,0.01836965,False
6520,2680,ok,True,False,20260908,5,analysis_activations,positive,False,5.155756620481254,5.3756962588202795,0.0039355385539203095,0.02171842255895859,0.06273387086670414,0.14737171560024193,0.6680565929244537,0.33194340707554615,0.33194340707554615,1.9419645081698298,2,8,-2788.315946976393,-3740.6357955890717,952.3198486126785,952.3198486126785,157.8876953125,178.2220001220703,248.83979110717766,381.2841796875,10.0,0.1,2.0,826,0.0205722,False
6531,1360,ok,True,True,20260908,5,analysis_activations,positive,False,5.274733287451405,6.208277492724075,0.09792611749354772,0.06581528501304698,0.312931490095752,0.25654489862994156,0.3390194343053524,0.6609805656946477,0.3390194343053524,3.262651088752636,2,3,2103.246195439348,1777.4121678198624,325.8340276194856,325.8340276194856,113.168701171875,414.5289306640625,699.5619262695312,1031.7921142578125,10.0,0.1,2.0,951,0.27219242,False
6536,13867,ok,True,True,20260908,5,analysis_activations,positive,False,4.933758216555852,5.54490606317993,0.017078563960428332,0.14319563900618784,0.13068497985777988,0.37841199638249823,0.574960468697232,0.425039531302768,0.425039531302768,2.15888481074355,2,14,14128.261422169639,7763.7841843414335,6364.477237828205,6364.477237828205,115.35157012939453,156.74913024902344,423.99880676269527,900.12548828125,10.0,0.1,2.0,4061,0.1619711,False
6551,6467,ok,True,False,20260908,5,analysis_activations,positive,False,4.773936557270525,5.1051508273384885,0.008513455286042774,0.04965522214926151,0.09226838725177099,0.22283451740980684,0.6075396970286528,0.3924603029713471,0.3924603029713471,1.9421351246409777,2,11,-898.6114356604118,-3047.06864097903,2148.4572053186184,2148.4572053186184,103.17047119140625,125.89216613769531,212.59667968749997,398.34979248046875,10.0,0.1,2.0,940,0.05082406,False
6557,2935,ok,True,False,20260908,5,analysis_activations,positive,False,4.568050035294083,4.767392281673131,0.0037236808877664767,0.018816134856515645,0.061021970533296256,0.1371719171569591,0.695859314659334,0.3041406853406659,0.3041406853406659,1.877756029051881,2,5,-3661.879896673818,-4624.852902225262,962.9730055514442,962.9730055514442,87.45625305175781,98.03130340576172,131.76820678710925,249.48947143554688,10.0,0.1,2.0,1582,0.016728677,False
6571,6952,ok,True,True,20260908,5,analysis_activations,positive,False,4.871715019049121,5.582669998446971,0.02067209552390041,0.2101885299838765,0.1437779382377575,0.4584632264248426,0.606774512272604,0.39322548772739596,0.39322548772739596,2.0925804524481126,2,13,9086.248205428628,5225.722450347377,3860.525755081251,3860.525755081251,106.48265075683594,145.4284896850586,483.09043579101564,922.5140991210938,10.0,0.1,2.0,1960,0.21582562,False
6579,17514,ok,True,True,20260908,5,analysis_activations,positive,False,4.9904331598007925,5.679026634339612,0.039414661381470026,0.06430859776874472,0.19853126046411437,0.2535913992404804,0.5090271074855224,0.4909728925144776,0.4909728925144776,3.0237078217310396,2,4,18702.22976220329,15762.556046413063,2939.673715790226,2939.673715790226,109.7276382446289,198.61741638183594,408.2130065917968,611.4188232421875,10.0,0.1,2.0,3529,0.1701468,False
6580,5909,ok,True,True,20260908,5,analysis_activations,positive,False,5.115238461812622,5.78135620936083,0.05220547188255604,0.08525071103413442,0.2284851677517734,0.29197724403476105,0.5693931294252339,0.43060687057476615,0.43060687057476615,2.5408782919950124,2,4,6494.788858918613,5906.293535079503,588.4953238391099,588.4953238391099,112.9615478515625,210.27325439453125,470.6919738769528,698.9203491210938,10.0,0.1,2.0,2392,0.1752549,False
6611,9724,ok,True,False,20260908,5,analysis_activations,positive,False,4.802336992486093,5.190687212692972,0.011675073071828435,0.07265657653467192,0.10805125206043859,0.26954883886722997,0.6782035824269317,0.32179641757306837,0.32179641757306837,1.8912252421980495,2,8,916.0492547167028,-2997.1287989983866,3913.1780537150894,3913.1780537150894,103.7109375,126.90830993652344,230.15750579833986,614.337890625,10.0,0.1,2.0,2017,0.06421891,False
6632,1936,ok,True,False,20260908,5,analysis_activations,positive,False,4.96504053005917,5.307185953385598,0.007349579176028079,0.05157749638771175,0.08572968666703547,0.22710679511567186,0.5963412514251214,0.40365874857487866,0.40365874857487866,1.993279905882168,2,13,-163.7985618730671,-900.4237080122101,736.625146139143,736.625146139143,125.82598876953125,152.73089599609375,263.49754333496094,428.4369812011719,10.0,0.1,2.0,312,0.053408615,False
6638,962,ok,True,True,20260908,5,analysis_activations,positive,False,4.9713394522927015,5.877117699644352,0.09650383726173561,0.0632737146855109,0.3106506675700788,0.2515426697113452,0.33842875076725987,0.66157124923274,0.33842875076725987,3.204638184363637,2,3,1441.2436945637983,1225.3703406505406,215.8733539132577,215.8733539132577,84.54765319824219,294.54441833496094,505.95881652832026,603.028564453125,10.0,0.1,2.0,709,0.2584779,False
6646,5811,ok,True,True,20260908,5,analysis_activations,positive,False,5.004305299551075,5.471897855401418,0.02013970021826937,0.08367138948697433,0.14191441159469806,0.2892600724036664,0.6491334495189822,0.35086655048101784,0.35086655048101784,2.0523938820791656,2,6,2657.754180211988,1078.9866576812487,1578.7675225307394,1578.7675225307394,120.46167755126953,161.82589721679688,321.5031433105469,663.5096435546875,10.0,0.1,2.0,670,0.09224357,False
6657,7503,ok,True,True,20260908,5,analysis_activations,positive,False,4.6875583158112635,5.44728051007911,0.02128793795014688,0.08118912339954984,0.14590386543936004,0.28493705164395494,0.2934877776992507,0.7065122223007493,0.2934877776992507,3.35626682559742,2,15,8580.091959170792,7053.2579874100065,1526.833971760785,1526.833971760785,87.16302490234375,197.0012664794922,353.073907470703,515.3880615234375,10.0,0.1,2.0,3283,0.18331136,False
6676,976,ok,True,True,20260908,5,analysis_activations,positive,False,5.118855719789088,5.7464009011520645,0.03845406812055001,0.08714130534423242,0.19609708850605104,0.29519706188279116,0.5634294913688567,0.4365705086311433,0.4365705086311433,2.5042240158441293,2,5,973.8303550835114,853.795854307861,120.03450077565049,120.03450077565049,122.71539306640625,205.64410400390625,455.9979553222656,769.3968505859375,10.0,0.1,2.0,818,0.15673798,False
6694,6911,ok,True,True,20260908,5,analysis_activations,positive,False,5.025454070302109,5.590713270483642,0.024405464468461206,0.09645768063727635,0.15622248387623724,0.31057636844627495,0.5415102911406621,0.458489708859338,0.458489708859338,2.299406167288051,2,11,5881.058293306132,4337.488324282823,1543.5699690233096,1543.5699690233096,120.09356689453125,181.51312255859375,404.46649169921875,712.8720092773438,10.0,0.1,2.0,1780,0.13678823,False
6703,6877,ok,True,True,20260908,5,analysis_activations,positive,False,4.855213471295129,5.192083926025028,0.008516970949027706,0.04636115157088537,0.09228743657198257,0.21531639875050243,0.5955188707775146,0.4044811292224854,0.4044811292224854,2.0336597731824932,2,11,-910.4080643086784,-3070.432614554474,2160.0245502457956,2160.0245502457956,111.551025390625,137.28268432617188,230.48641967773438,444.3914489746094,10.0,0.1,2.0,2499,0.05116559,False
6717,17370,ok,True,False,20260908,5,analysis_activations,positive,False,4.82965886894051,5.064940633706236,0.004395546239337392,0.024468609799164143,0.06629891582324247,0.1564244539679271,0.5991212111702596,0.4008787888297404,0.4008787888297404,1.9585011685574598,2,10,-14257.788735601789,-19713.1920346902,5455.403299088412,5455.403299088412,112.76972198486328,130.6997833251953,187.90969696044922,338.8225402832031,10.0,0.1,2.0,2878,0.02573834,False
6729,1686,ok,True,True,20260908,5,analysis_activations,positive,False,4.770376354795731,5.037892703703141,0.005730513963147156,0.027001173362838603,0.07570015827689633,0.16432033764217563,0.6064064127892842,0.3935935872107158,0.3935935872107158,2.091130466131337,2,10,-1047.3567545883666,-1520.3444004203125,472.9876458319459,472.9876458319459,104.80523681640625,124.33110809326172,188.6920166015625,274.2358703613281,10.0,0.1,2.0,307,0.031200988,False
6750,12666,ok,True,True,20260908,5,analysis_activations,positive,False,4.9660501178266685,5.417700626198083,0.0142972763027583,0.08594595776140106,0.11957121853840204,0.29316541024036424,0.6230458627760112,0.37695413722398885,0.37695413722398885,2.0173904772771465,2,11,5353.182201559483,667.9771193026655,4685.205082256817,4685.205082256817,120.49125671386719,155.021240234375,316.26319885253906,742.9957885742188,10.0,0.1,2.0,3434,0.08922028,False
6756,29952,ok,True,True,20260908,5,analysis_activations,positive,False,4.917064297566787,5.500324534224655,0.022008159974526025,0.14596583221963694,0.14835147446023592,0.3820547502906317,0.6205823509743834,0.3794176490256167,0.3794176490256167,2.0125947965449584,2,11,28026.068385038823,16044.881459111055,11981.186925927768,11981.186925927768,110.08082580566406,150.8090591430664,379.3878067016601,1024.4337158203125,10.0,0.1,2.0,2922,0.14914463,True
6774,4910,ok,True,False,20260908,5,analysis_activations,positive,False,4.87792799287615,5.097635325432937,0.0037635698763943443,0.022673446637684905,0.0613479410933598,0.1505770455205072,0.6175084489118363,0.3824915510881637,0.3824915510881637,1.9109676189562532,2,10,-4701.332722769535,-6390.247288927065,1688.9145661575294,1688.9145661575294,119.322265625,135.8695068359375,193.23987121582033,305.38592529296875,10.0,0.1,2.0,1368,0.022401288,False
6780,867,ok,True,False,20260908,5,analysis_activations,positive,False,4.763051639952316,5.408870763912169,0.02610590394088208,0.21069667948691975,0.161573215419147,0.459017079733336,0.5733373626021773,0.4266626373978226,0.4266626373978226,1.8768634673746447,2,15,1107.9530773360104,784.2692993402015,323.6837779958089,323.6837779958089,93.48019409179688,132.4097137451172,391.97795410156243,913.4293212890625,10.0,0.1,2.0,305,0.20712917,False
6792,3100,ok,True,True,20260908,5,analysis_activations,positive,False,5.053702618467142,5.644089765641043,0.026076996313600102,0.11296782433647203,0.16148373389787624,0.336106864459017,0.6463976386501813,0.35360236134981865,0.35360236134981865,2.2391051248441944,2,9,2639.373436747375,1669.854136649755,969.5193000976199,969.5193000976199,123.12895202636719,174.02755737304688,418.9564910888667,794.218994140625,10.0,0.1,2.0,167,0.13651396,False
6799,10220,ok,True,True,20260908,5,analysis_activations,positive,False,4.824001909650005,5.2949425824437,0.019207344315093022,0.07291531085629523,0.13859056358602856,0.2700283519490041,0.5990218223260875,0.40097817767391253,0.40097817767391253,2.1943099598700564,2,8,4858.267889066154,2427.2209178931635,2431.04697117299,2431.04697117299,100.19668579101562,138.9960174560547,275.3161056518555,533.1737060546875,10.0,0.1,2.0,925,0.094022766,False
6806,1801,ok,True,False,20260908,5,analysis_activations,positive,False,4.74912308579559,5.0187534806534915,0.005465395490208096,0.03194717646844887,0.07392831318384112,0.1787377309592154,0.6439297339499586,0.3560702660500414,0.3560702660500414,1.9714014105623825,2,9,-1097.8404809109356,-1744.3632048381921,646.5227239272565,646.5227239272565,102.9583969116211,119.67784881591797,182.67758178710938,296.9600830078125,10.0,0.1,2.0,550,0.031580444,False
6812,7697,ok,True,True,20260908,5,analysis_activations,positive,False,4.968268606121887,5.359896370628223,0.012642638081075906,0.06262692646528004,0.1124394863074174,0.2502537241786424,0.6255522416403604,0.37444775835963956,0.37444775835963956,2.0187324757283647,2,10,1088.0699614434127,-1294.1333419221746,2382.203303365587,2382.203303365587,121.5729751586914,154.52662658691406,284.6281433105469,616.3168334960938,10.0,0.1,2.0,2046,0.06729219,False
6814,8036,ok,True,True,20260908,5,analysis_activations,positive,False,4.9953936386587925,5.535890687122307,0.019748517750550983,0.1161820350356608,0.14052941951972542,0.3408548591932654,0.5926658646737096,0.40733413532629037,0.40733413532629037,2.0732409725371648,2,12,6400.324148065411,3638.969617386871,2761.3545306785395,2761.3545306785395,120.06333923339844,165.41545867919922,385.21575927734375,848.1567993164062,10.0,0.1,2.0,722,0.12956981,False
6824,5364,ok,True,True,20260908,5,analysis_activations,positive,False,4.598602520896646,6.000381700724588,0.07448970528103412,0.09307670400222622,0.27292802216158407,0.3050847488850044,0.6810058471057707,0.3189941528942292,0.3189941528942292,4.842851156831118,2,2,11599.096041298624,8005.177755715718,3593.918285582906,3593.918285582906,71.29115295410156,114.45175170898438,528.3604248046875,702.2755126953125,10.0,0.1,2.0,2438,0.50737983,False
6845,6424,ok,True,False,20260908,5,analysis_activations,positive,False,4.875826550250221,5.31451731273506,0.014159628501375653,0.08898576369837918,0.11899423726120376,0.298304816753567,0.6544723226253922,0.3455276773746078,0.3455276773746078,1.9317395502611838,2,10,2300.4180754436175,-234.2898368934909,2534.707912337108,2534.707912337108,110.1009521484375,139.2460174560547,279.5872467041016,585.669189453125,10.0,0.1,2.0,1087,0.083546266,False
6848,875,ok,True,False,20260908,5,analysis_activations,positive,False,4.342307520730985,5.0028633803197815,0.021706099081892343,0.2407201539307722,0.14732989880500272,0.4906324020392173,0.7522946646573583,0.24770533534264172,0.24770533534264172,1.8235635696888153,2,13,878.1000108178205,286.30305420413674,591.7969566136837,591.7969566136837,61.798797607421875,78.9466552734375,222.1919830322263,590.596923828125,10.0,0.1,2.0,454,0.15744554,False
6856,4907,ok,True,True,20260908,5,analysis_activations,positive,False,5.028734726552915,5.547236731841933,0.023340653798914122,0.0846231903233266,0.15277648313439512,0.2909006537004113,0.6384366548182484,0.36156334518175154,0.36156334518175154,2.2316509518679974,2,6,3001.1044806022855,1750.9937167871797,1250.1107638151059,1250.1107638151059,121.21971130371094,168.8063507080078,355.9233093261718,709.3674926757812,10.0,0.1,2.0,1291,0.10757777,False
6864,1621,ok,True,True,20260908,5,analysis_activations,positive,False,4.976818783381858,5.3010708020833395,0.008725541044307493,0.04107868055494986,0.0934106045602291,0.2026787619731033,0.5772475416529507,0.4227524583470494,0.4227524583470494,2.0547765843678714,2,11,-305.27049952793976,-712.268825591104,406.99832606316426,406.99832606316426,125.666748046875,156.60009765625,254.41766357421875,418.4208984375,10.0,0.1,2.0,1273,0.048089005,False
6888,7740,ok,True,True,20260908,5,analysis_activations,positive,False,4.995450381164349,5.560275809245364,0.020937957306675723,0.10589140667286312,0.1446995414874412,0.3254095983109028,0.5506961971979725,0.44930380280202753,0.44930380280202753,2.242948648553695,2,13,6656.454702947439,4419.6058878634585,2236.8488150839803,2236.8488150839803,119.15650939941406,172.6702880859375,400.5644348144526,706.5306396484375,10.0,0.1,2.0,1813,0.13806175,False
6902,713,ok,True,True,20260908,5,analysis_activations,positive,False,5.029460914770711,5.373637985207856,0.0072029454256996575,0.050694878405756844,0.08487016805509258,0.22515523179743535,0.5592029984860325,0.44079700151396756,0.44079700151396756,2.0228599277266093,2,13,-24.074516344880983,-261.6987936762784,237.62427733139742,237.62427733139742,134.51724243164062,165.74359130859375,291.21820678710935,415.27020263671875,10.0,0.1,2.0,104,0.055650406,False
6923,2579,ok,True,True,20260908,5,analysis_activations,positive,False,4.972078642924777,5.784317326767154,0.03363557496539355,0.19531214261213886,0.18340004079986882,0.44194133390319906,0.5757747245926488,0.4242252754073513,0.4242252754073513,2.4006591810010196,2,12,3893.6733139407247,2927.260225664254,966.4130882764707,966.4130882764707,111.32893371582031,173.84698486328125,580.264111328125,993.9690551757812,10.0,0.1,2.0,1373,0.263469,False
6935,5618,ok,True,False,20260908,5,analysis_activations,positive,False,4.863949072703929,5.023409761473546,0.0020145030515876104,0.011814639414403914,0.044883215700165804,0.10869516739213346,0.6518861693987378,0.3481138306012623,0.3481138306012623,1.9176573445807432,2,9,-9277.016779440828,-11324.314428913549,2047.2976494727209,2047.2976494727209,120.54727172851562,131.86475372314453,168.43111801147458,252.82777404785156,10.0,0.1,2.0,2093,0.011197359,False
6938,11503,ok,True,True,20260908,5,analysis_activations,positive,False,4.882991365649513,5.2491521095044575,0.011697259686550306,0.053208280649134146,0.10815387041872476,0.23066920177850822,0.5801721670311939,0.41982783296880605,0.41982783296880605,2.032571794305528,2,10,636.5024074064356,-2283.3642255215545,2919.8666329279904,2919.8666329279904,112.01888275146484,144.23623657226562,251.1696319580078,454.8681335449219,10.0,0.1,2.0,4437,0.061785784,False
6943,9247,ok,True,True,20260908,5,analysis_activations,positive,False,4.820893721035845,5.31325744402644,0.014222145168685158,0.08894274246236016,0.119256635742776,0.2982326985130238,0.5234807339079001,0.47651926609209994,0.47651926609209994,2.167879257547362,2,15,5874.526392758655,2993.941301160404,2880.585091598251,2880.585091598251,103.85246276855469,142.8144073486328,300.76060485839844,562.0330200195312,10.0,0.1,2.0,818,0.110311225,False
6953,6559,ok,True,True,20260908,5,analysis_activations,positive,False,4.620847684357259,5.844720470808059,0.031638405314459404,0.3829975720209282,0.1778718789310424,0.6188679762444719,0.6254196531220969,0.3745803468779031,0.3745803468779031,2.6879289491298173,2,17,14267.956421290906,8960.991038171202,5306.965383119705,5306.965383119705,80.06517028808594,116.28587341308594,711.5307067871092,930.1914672851562,10.0,0.1,2.0,2616,0.5142318,False
6978,24788,ok,True,True,20260908,5,analysis_activations,positive,False,4.908774264394707,5.280861664226399,0.012086912367916893,0.05468864401448731,0.10994049466832907,0.23385603266644056,0.6306657594679794,0.3693342405320206,0.3693342405320206,2.036344273914685,2,8,655.0467510731128,-6490.433329587416,7145.480080660529,7145.480080660529,114.79620361328125,145.0324249267578,254.54615173339843,489.2207946777344,10.0,0.1,2.0,4680,0.0600711,False
7002,27251,ok,True,True,20260908,5,analysis_activations,positive,False,5.201742512387324,5.806215642560118,0.03726570688404223,0.08329403320757836,0.19304327723088993,0.28860705675291165,0.5318141312156698,0.46818586878433016,0.46818586878433016,2.462015863170358,2,5,25619.116589395177,22241.201160161683,3377.9154292334933,3377.9154292334933,134.44488525390625,229.16241455078125,483.5309753417969,967.7062377929688,10.0,0.1,2.0,674,0.14979859,False
7025,11442,ok,True,False,20260908,5,analysis_activations,positive,False,4.855264303779371,5.178089605885159,0.007492546851632622,0.04978777723393628,0.08655949891047557,0.22313174860144014,0.6164780384804185,0.38352196151958157,0.38352196151958157,1.9075671316119822,2,11,-2170.777215354543,-6487.111404173604,4316.334188819061,4316.334188819061,112.88563537597656,135.2908477783203,226.31896972656247,571.9887084960938,10.0,0.1,2.0,2544,0.048357047,False
7059,7500,ok,True,False,20260908,5,analysis_activations,positive,False,4.819783931120833,5.004594440037157,0.002721101168091473,0.016975218367632064,0.05216417514052602,0.13028898022331767,0.6099330799624032,0.39006692003759685,0.39006692003759685,1.862297756877047,2,10,-9523.833030547927,-12069.462283546856,2545.6292529989296,2545.6292529989296,114.01173400878906,127.64675903320312,170.09636077880853,324.13543701171875,10.0,0.1,2.0,2280,0.016408304,False
7065,5778,ok,True,False,20260908,5,analysis_activations,positive,False,4.832000516721779,5.001817838405737,0.0024491717156539254,0.014241143236514955,0.04948910704037733,0.1193362611971523,0.6400651506889328,0.3599348493110672,0.3599348493110672,1.8589372019837986,2,8,-8530.607607044338,-10508.240332115489,1977.632725071151,1977.632725071151,116.04939270019531,128.2057876586914,167.63593139648432,263.9680480957031,10.0,0.1,2.0,1997,0.013338514,False
7080,998,ok,True,False,20260908,5,analysis_activations,positive,False,4.548118454090833,4.946573277603879,0.015454801111615698,0.07862955710368935,0.12431734034967004,0.28040962377152706,0.7380754669069374,0.2619245330930626,0.2619245330930626,1.8371108960495117,2,5,82.05465551658797,-246.78885924867427,328.8435147652622,328.8435147652622,78.05509948730469,97.69002532958984,169.18114624023434,434.6319580078125,10.0,0.1,2.0,596,0.06275639,False
7087,51753,ok,True,False,20260908,5,analysis_activations,positive,False,4.347114701250275,4.81670038375063,0.020836653700392938,0.11525228996066421,0.1443490689280431,0.33948827661741754,0.6797626494214503,0.3202373505785497,0.3202373505785497,1.8001903249299211,2,6,27242.700544875996,9492.482779106931,17750.217765769063,17750.217765769063,61.9174690246582,81.67591857910156,165.12332458496064,679.7161865234375,10.0,0.1,2.0,5827,0.09907407,False
7104,3138,ok,True,True,20260908,5,analysis_activations,positive,False,4.962524395976999,5.346634627045377,0.013685347651190147,0.044044931821090025,0.11698439063050313,0.20986884433162065,0.5890998871385218,0.4109001128614782,0.4109001128614782,2.260835911434444,2,7,189.3369661098091,-409.3699178627874,598.7068839725965,598.7068839725965,118.65457153320312,158.18014526367188,268.9142379760741,457.1356201171875,10.0,0.1,2.0,1655,0.06189278,False
7106,3783,ok,True,True,20260908,5,analysis_activations,positive,False,5.129031796305745,5.52788483615888,0.01574774011455948,0.03862449689823647,0.1254900000580105,0.19653116012031394,0.6025442870415652,0.39745571295843485,0.39745571295843485,2.4190191337703,2,5,289.8424678328978,-317.48025756423124,607.322725397129,607.322725397129,137.44625854492188,187.695556640625,318.55017089843744,527.3494873046875,10.0,0.1,2.0,1714,0.062953986,False
7108,7469,ok,True,False,20260908,5,analysis_activations,positive,False,4.971920593237799,5.379914281409536,0.013275161935845051,0.0723308202997904,0.11521788895759656,0.2689438980527173,0.6451084540725741,0.35489154592742583,0.35489154592742583,1.9720430204530228,2,8,1597.749645538132,-960.0369826226136,2557.7866281607457,2557.7866281607457,121.86358642578125,154.31503295898438,286.70095214843747,754.3935546875,10.0,0.1,2.0,834,0.07235201,False
7117,1043,ok,True,True,20260908,5,analysis_activations,positive,False,4.892298061722397,5.452678802612313,0.023868342059811903,0.13089508888783186,0.1544938253128969,0.36179426320470015,0.5768501147587053,0.4231498852412946,0.4231498852412946,2.0144849371599567,2,12,965.5439161698436,668.5111371189207,297.03277905092284,297.03277905092284,106.48064422607422,151.57861328125,364.58947753906244,789.4957885742188,10.0,0.1,2.0,127,0.14594749,False
7153,6178,ok,True,True,20260908,5,analysis_activations,positive,False,4.863682905304144,5.4101157520177585,0.02548951375716561,0.07569638316024116,0.15965435715058204,0.2751297569515903,0.6413112493969422,0.35868875060305777,0.35868875060305777,2.4293595858615955,2,5,4034.660709097695,2596.3428732151547,1438.3178358825403,1438.3178358825403,101.54106140136719,144.7393798828125,303.74172821044914,654.7979736328125,10.0,0.1,2.0,1591,0.112200126,False
7183,1598,ok,True,True,20260908,5,analysis_activations,positive,False,4.884059164667873,5.460417352689322,0.016545337337936023,0.12022323112303844,0.12862868007538608,0.3467322181785801,0.5120702586303774,0.4879297413696226,0.4879297413696226,2.204013825930281,2,15,1519.4741752633297,979.619480057906,539.8546952054237,539.8546952054237,109.32308959960938,156.53396606445312,375.7341674804687,773.6614990234375,10.0,0.1,2.0,251,0.15022466,False
7196,32216,ok,True,True,20260908,5,analysis_activations,positive,False,4.72624207569265,5.13199915927005,0.011606947979772693,0.06813447608399946,0.10773554650055242,0.2610258149762193,0.5987497475116482,0.40125025248835183,0.40125025248835183,2.032072106766603,2,12,7496.404060519121,-3596.029797177907,11092.433857697028,11092.433857697028,95.97441864013672,122.10369873046875,231.17005157470703,545.899658203125,10.0,0.1,2.0,5619,0.07384422,False
7215,1096,ok,True,True,20260908,5,analysis_activations,positive,False,4.9112279740475335,5.681169048859813,0.016646692644479915,0.1777397222968666,0.1290220626268233,0.421591890691539,0.5785640125019188,0.42143598749808125,0.42143598749808125,2.46967344325944,2,12,1509.1516244335444,852.7552926777951,656.3963317557493,656.3963317557493,112.81610107421875,154.81826782226562,516.4199066162109,729.3392944335938,10.0,0.1,2.0,806,0.22928864,False
7233,13845,ok,True,True,20260908,5,analysis_activations,positive,False,4.6520666613267005,5.1297973208368335,0.024079929807322546,0.08641179599320573,0.1551770917607446,0.2939588338410767,0.6065175011520951,0.3934824988479049,0.3934824988479049,2.0325125384109324,2,6,7849.18833683465,5024.508185451398,2824.6801513832515,2824.6801513832515,82.3531494140625,117.195556640625,234.4096984863281,600.200439453125,10.0,0.1,2.0,4446,0.10308011,False
7235,2680,ok,True,False,20260908,5,analysis_activations,positive,False,4.913733839323851,5.1317542295773775,0.0040499720238477924,0.019943528512051577,0.06363939050499928,0.14122155824112542,0.618716825460786,0.38128317453921395,0.38128317453921395,1.9905143071382831,2,8,-2691.35635843211,-3466.1604370804853,774.8040786483753,774.8040786483753,123.37203216552734,141.4707489013672,196.43923416137693,289.4304504394531,10.0,0.1,2.0,496,0.021330161,False
7239,7304,ok,True,False,20260908,5,analysis_activations,positive,False,4.9033617955678634,5.262001763187941,0.01034865625311028,0.06010737853813969,0.10172834537684312,0.24516806182319037,0.6614948172766258,0.3385051827233741,0.3385051827233741,1.9107971532254824,2,8,-308.4277224622559,-3003.493410925236,2695.06568846298,2695.06568846298,115.83515167236328,141.130859375,246.9891723632811,546.3877563476562,10.0,0.1,2.0,1241,0.056000262,False
7242,6419,ok,True,False,20260908,5,analysis_activations,positive,False,4.812072184339258,5.147315359242041,0.008549300491594082,0.051432120799143353,0.0924624274589094,0.2267865092970553,0.658687438732755,0.34131256126724485,0.34131256126724485,1.935827105687069,2,9,-1197.6623206022653,-3646.508275600304,2448.845954998039,2448.845954998039,107.19627380371094,128.55807495117188,213.8847045898435,416.8282165527344,10.0,0.1,2.0,1482,0.04845915,False
7254,3014,ok,True,True,20260908,5,analysis_activations,positive,False,4.95178166800097,5.545613247721555,0.038300727377466225,0.0995329529026787,0.19570571626160085,0.31548843544998395,0.5758940419804819,0.42410595801951817,0.42410595801951817,2.2620417228840637,2,5,2859.420697747233,2443.57611398401,415.844583763223,415.844583763223,103.90185546875,169.22903442382812,377.9995727539062,693.4747924804688,10.0,0.1,2.0,1541,0.1504464,False
7260,5715,ok,True,False,20260908,5,analysis_activations,positive,False,4.9528411890550395,5.431221459513468,0.016437607192028216,0.09872311258272437,0.128209232085791,0.3142023433756094,0.6069357822141083,0.39306421778589173,0.39306421778589173,1.9935910374198886,2,13,3266.1977073603507,1262.667619679346,2003.5300876810047,2003.5300876810047,117.10902404785156,154.86451721191406,329.8521850585938,639.7222900390625,10.0,0.1,2.0,908,0.10339315,False
7269,4101,ok,True,True,20260908,5,analysis_activations,positive,False,4.954591505875829,5.70183282671717,0.022609479687612864,0.16575986738926235,0.15036448945017858,0.40713617794205215,0.3874143064374774,0.6125856935625226,0.3874143064374774,2.4348418683078363,2,21,5849.9911112150285,4860.202171477342,989.7889397376866,989.7889397376866,113.6080551147461,207.62802124023438,543.1868286132812,903.482177734375,10.0,0.1,2.0,1700,0.2428742,False
7276,7580,ok,True,False,20260908,5,analysis_activations,positive,False,4.951111401250984,5.451609812266015,0.016151461759588825,0.1196109825759672,0.12708840135743632,0.3458482074204913,0.5986490859011144,0.4013509140988855,0.4013509140988855,1.9210022632490786,2,13,5321.04081291063,2304.6415932188056,3016.3992196918243,3016.3992196918243,117.76141357421875,155.20882415771484,346.98655700683594,982.6571044921875,10.0,0.1,2.0,1307,0.11787641,False
7291,11266,ok,True,False,20260908,5,analysis_activations,positive,False,4.762961119877387,4.995218092123496,0.004727876927937752,0.02330086491140002,0.06875955881139546,0.15264620830993483,0.6349083373341746,0.3650916626658254,0.3650916626658254,1.961922989770718,2,8,-10023.113900684108,-13444.205325428837,3421.091424744729,3421.091424744729,105.07112121582031,121.46152114868164,173.22685623168945,303.7206115722656,10.0,0.1,2.0,3551,0.02401394,False
7300,17733,ok,True,False,20260908,5,analysis_activations,positive,False,4.9389184002588,5.237407573856662,0.007170436721965839,0.04330281932095283,0.08467843126774278,0.2080932947525048,0.6182259169992786,0.3817740830007214,0.3817740830007214,1.8789400361133748,2,10,-5874.669840242124,-11939.314844941482,6064.645004699358,6064.645004699358,122.76398468017578,146.8706512451172,233.65030822753906,530.1871337890625,10.0,0.1,2.0,4490,0.04199479,False
7301,4133,ok,True,True,20260908,5,analysis_activations,positive,False,4.590050320480615,5.725702703357675,0.016461648520358012,0.23242659332216864,0.12830295600787228,0.48210641286148503,0.21119382996088473,0.7888061700391152,0.21119382996088473,3.2192760927613993,2,29,7975.774710619227,6977.402469765724,998.3722408535032,998.3722408535032,82.11251831054688,256.9332580566406,640.690625,918.85400390625,10.0,0.1,2.0,2362,0.40176594,False
7311,4700,ok,True,False,20260908,5,analysis_activations,positive,False,5.029803239939038,5.4449984207698625,0.013576179953400722,0.07450323536427275,0.1165168655319938,0.2729528079435578,0.6847161383008901,0.31528386169911,0.31528386169911,1.978472828877993,2,8,856.3705329241068,-905.5253885851154,1761.8959215092223,1761.8959215092223,128.76129150390625,160.746337890625,299.33202972412107,637.8509521484375,10.0,0.1,2.0,952,0.07001428,False
7315,4702,ok,True,True,20260908,5,analysis_activations,positive,False,5.064803762172704,5.572900258260963,0.029107087984889528,0.07561218488301014,0.1706079950790394,0.27497669880011677,0.5911579148170868,0.4088420851829132,0.4088420851829132,2.2204852304186606,2,5,3003.947267099246,2335.3091299455546,668.6381371536913,668.6381371536913,120.66363525390625,183.1847381591797,365.5681427001952,670.1265869140625,10.0,0.1,2.0,2572,0.110538185,False
7316,2475,ok,True,True,20260908,5,analysis_activations,positive,False,4.790157649171308,5.367680763495546,0.02309221747100712,0.10755055813633252,0.15196123673821268,0.32794901758708245,0.580558411010181,0.419441588989819,0.419441588989819,2.259652566558659,2,11,2168.560116041329,1464.2881630975971,704.2719529437318,704.2719529437318,95.40105438232422,138.57235717773438,321.8791931152342,670.1751708984375,10.0,0.1,2.0,238,0.13979216,False
7326,928,ok,True,True,20260908,5,analysis_activations,positive,False,5.1468600512605205,5.638447422559559,0.020067424346145477,0.056714064426014385,0.1416595367285432,0.23814714868336,0.6238012088107496,0.37619879118925026,0.37619879118925026,2.508923682513205,2,5,418.43517181942264,228.7460945860772,189.68907723334544,189.68907723334544,136.74264526367188,191.64031982421875,363.7352661132812,688.3765869140625,10.0,0.1,2.0,708,0.09066129,False
7349,607,ok,True,True,20260908,5,analysis_activations,positive,False,5.134102416741564,5.613880914303901,0.016501842141187013,0.0666229302602966,0.12845949611136973,0.2581141806648689,0.8335147748081454,0.16648522519185452,0.16648522519185452,2.353371790555952,2,4,-5.729953410861823,-234.89957431068115,229.16962089981934,229.16962089981934,140.6910858154297,172.30897521972656,302.7434631347656,563.242431640625,10.0,0.1,2.0,319,0.05688158,False
7350,2897,ok,True,False,20260908,5,analysis_activations,positive,False,4.966630217199371,5.473599505947951,0.02078789042348627,0.12570141046526243,0.14418006250340673,0.3545439471564314,0.690415416351968,0.30958458364803193,0.30958458364803193,1.873241178260231,2,7,1795.0533090706676,656.3976638450315,1138.6556452256361,1138.6556452256361,117.19869232177734,151.4397735595703,328.74462890624994,1015.023681640625,10.0,0.1,2.0,1122,0.10823955,False
7364,3446,ok,True,True,20260908,5,analysis_activations,positive,False,5.119409686538426,5.748373897623563,0.04449602800617537,0.06689880493347819,0.2109408163589384,0.25864803292017935,0.5417888536025534,0.4582111463974466,0.4582111463974466,2.6650687003266436,2,4,3325.6667251024637,2990.511159296376,335.1555658060879,335.1555658060879,117.98965454101562,214.72999572753906,438.77357482910156,650.8414306640625,10.0,0.1,2.0,2125,0.1530127,False
7367,23619,ok,True,False,20260908,5,analysis_activations,positive,False,4.943199582391213,5.30484017919823,0.010323553616973047,0.05613899354782919,0.10160488972964365,0.2369366867917022,0.6141411900540339,0.38585880994596616,0.38585880994596616,1.9838264866216806,2,10,198.2183623813777,-7459.048745256245,7657.267107637623,7657.267107637623,120.4109115600586,150.2218017578125,262.5107025146484,599.2365112304688,10.0,0.1,2.0,3439,0.058995612,False
7406,3878,ok,True,True,20260908,5,analysis_activations,positive,False,4.836821735672041,5.326378492065435,0.018495930767773523,0.0905687803350979,0.1359997454695174,0.3009464742028022,0.5959204774730313,0.4040795225269686,0.4040795225269686,2.096408538284576,2,10,2293.7451493966887,1171.3377854951093,1122.4073639015794,1122.4073639015794,102.43418884277344,139.7554931640625,292.67847442626953,681.43310546875,10.0,0.1,2.0,321,0.105356574,False
7415,11962,ok,True,False,20260908,5,analysis_activations,positive,False,4.956559302845481,5.278678921038722,0.008218272483948621,0.04770173824101095,0.09065468815206758,0.21840727607158822,0.6147716561529826,0.38522834384701743,0.38522834384701743,1.92640923023537,2,10,-2357.5761907842516,-6378.721890029165,4021.145699244913,4021.145699244913,124.27239990234375,150.2908935546875,250.0436370849609,501.39678955078125,10.0,0.1,2.0,2823,0.048004933,False
7421,15959,ok,True,True,20260908,5,analysis_activations,positive,False,4.869871493585709,5.364528959161669,0.017477106020326285,0.09404158841631878,0.13220100612448563,0.3066620100637162,0.5832142324350293,0.41678576756497066,0.41678576756497066,2.0948152537327207,2,12,9917.500595073743,4930.638188785495,4986.862406288248,4986.862406288248,106.85328674316406,145.51329040527344,312.62440185546853,690.5615234375,10.0,0.1,2.0,1416,0.10887086,False
7431,2315,ok,True,True,20260908,5,analysis_activations,positive,False,4.626042569971694,4.894290142271589,0.005762228362316433,0.03002627829150039,0.07590934305022297,0.1732809230454997,0.6171840930099768,0.38281590699002316,0.38281590699002316,2.0052984103628857,2,10,-1379.4110937687722,-2094.0549539578587,714.6438601890866,714.6438601890866,90.52767944335938,106.86160278320312,160.0928283691406,273.8064270019531,10.0,0.1,2.0,560,0.03206483,False
7450,1515,ok,True,True,20260908,5,analysis_activations,positive,False,4.961746553688394,5.372954791935968,0.010145561025003252,0.06617337570067516,0.10072517572584945,0.25724186226327,0.5612825895290032,0.43871741047099677,0.43871741047099677,2.1050414365283334,2,13,417.05990612645445,-99.13898809110722,516.1988942175617,516.1988942175617,123.110595703125,157.542236328125,298.1247314453125,518.6751708984375,10.0,0.1,2.0,165,0.07641371,False
7455,1847,ok,True,True,20260908,5,analysis_activations,positive,False,4.885861907842088,5.14672682374626,0.004196779173897629,0.027351883168614168,0.0647825530054013,0.16538404750342206,0.47803542540694977,0.5219645745930502,0.47803542540694977,2.0770176973926078,2,13,-1029.3824150203602,-1491.761014688292,462.3785996679319,462.3785996679319,119.12356567382812,143.87069702148438,213.48829956054686,360.2447204589844,10.0,0.1,2.0,1226,0.03327976,False
7511,29134,ok,True,True,20260908,5,analysis_activations,positive,False,4.891387776956103,5.5836340550375,0.023458974582549936,0.17573386786390666,0.15316322855878278,0.41920623547832236,0.5674061955373355,0.4325938044626645,0.4325938044626645,2.1935056770991657,2,14,36805.83167789991,24604.557334320158,12201.27434357975,12201.27434357975,106.414794921875,154.56234741210938,461.95389099121076,1182.642822265625,10.0,0.1,2.0,1694,0.2069625,True
7538,6673,ok,True,True,20260908,5,analysis_activations,positive,False,4.935920155302978,5.466607566953945,0.019803816943072147,0.10239957228361238,0.14072603505773956,0.3199993316924465,0.5247573719942461,0.475242628005754,0.475242628005754,2.1469016920985515,2,15,5303.853044982493,3566.8886066224873,1736.9644383600057,1736.9644383600057,112.73025512695312,164.12811279296875,363.3775939941406,701.1556396484375,10.0,0.1,2.0,2068,0.12931001,False
7573,13360,ok,True,True,20260908,5,analysis_activations,positive,False,4.948551074336342,5.381703953460621,0.015380614838006797,0.07619620065961255,0.1240186068217459,0.2760365929720416,0.5831788293666347,0.41682117063336527,0.41682117063336527,2.0242466753804043,2,11,5207.616910552081,1479.9143980270273,3727.702512525054,3727.702512525054,117.180419921875,155.90719604492188,301.26921539306636,605.454833984375,10.0,0.1,2.0,2099,0.086342655,False
7577,3598,ok,True,False,20260908,5,analysis_activations,positive,False,4.860196832766615,5.024736131235972,0.00205135193345141,0.012193823796738393,0.04529185283747409,0.1104256482740237,0.5905375760893626,0.40946242391063736,0.40946242391063736,1.9496234217222657,2,11,-5468.3120779423125,-6621.79619214837,1153.4841142060577,1153.4841142060577,119.99224090576172,132.74256896972656,170.94079895019527,255.54837036132812,10.0,0.1,2.0,1020,0.012753305,False
7579,7374,ok,True,False,20260908,5,analysis_activations,positive,False,4.833157284580443,5.09912033568293,0.00609112228168424,0.03126586652501358,0.07804564229785184,0.17682156691143075,0.6005589802840096,0.39944101971599044,0.39944101971599044,1.946033773451603,2,9,-4184.628966936894,-6303.075985715268,2118.4470187783736,2118.4470187783736,111.26144409179688,132.29229736328125,199.49045257568358,353.8125,10.0,0.1,2.0,1270,0.033119246,False
7603,22995,ok,True,False,20260908,5,analysis_activations,positive,False,4.738261492567166,5.080012226889593,0.009018181161288327,0.05399322324074802,0.09496410459372703,0.2323644190506542,0.5899687636428212,0.41003123635717875,0.41003123635717875,1.9253729880009318,2,11,-1122.6252133829255,-8571.57965815173,7448.954444768804,7448.954444768804,98.79965209960938,122.32218933105469,209.72877349853516,536.3318481445312,10.0,0.1,2.0,4266,0.05571353,False
7629,9149,ok,True,True,20260908,5,analysis_activations,positive,False,4.9292159248553835,5.390448723623607,0.015875292823505163,0.07331095445205642,0.12599719371281712,0.2707599572537572,0.5356530949168335,0.46434690508316634,0.46434690508316634,2.184168983348941,2,12,4490.336148205465,2263.1658507642514,2227.1702974412137,2227.1702974412137,114.15374755859375,158.41213989257812,309.24599609375,575.1402587890625,10.0,0.1,2.0,2550,0.095468335,False
7630,18910,ok,True,False,20260908,5,analysis_activations,positive,False,4.8535157796481565,5.121909098665803,0.0056085945142244,0.03426212865318299,0.07489055023315291,0.18510032051075165,0.6329784811143906,0.36702151888560935,0.36702151888560935,1.900901626750321,2,10,-10903.721852757035,-17749.484546741784,6845.762693984749,6845.762693984749,114.28279876708984,133.34619903564453,203.92414321899412,421.96490478515625,10.0,0.1,2.0,3813,0.032860592,False
7635,2453,ok,True,False,20260908,5,analysis_activations,positive,False,4.960388649514666,5.45366980958879,0.014581332557496232,0.11297754269587151,0.12075318860177661,0.33612132139433154,0.6179912076634981,0.3820087923365018,0.3820087923365018,1.9532335975153539,2,13,1553.821943421046,492.4589332623716,1061.3630101586743,1061.3630101586743,119.73178100585938,154.65167236328125,341.5146850585938,723.0209350585938,10.0,0.1,2.0,579,0.10965719,False
7676,14607,ok,True,False,20260908,5,analysis_activations,positive,False,4.881973571763145,5.113666784379769,0.004398709694453983,0.027336001674164768,0.06632276904995736,0.16533602654643895,0.6602661225228492,0.3397338774771509,0.3397338774771509,1.8393358384966767,2,8,-12867.241790027627,-18386.462059402475,5519.220269374848,5519.220269374848,119.2346420288086,135.5743408203125,194.10672302246087,442.6864929199219,10.0,0.1,2.0,3165,0.024233453,False
7678,2658,ok,True,True,20260908,5,analysis_activations,positive,False,4.705130302952635,5.6262991970862055,0.01617243908856228,0.27360375396648073,0.12717090503948722,0.5230714616249683,0.43762460582263973,0.5623753941773603,0.43762460582263973,2.4200420426477955,2,21,4914.552046734333,3541.278743060062,1373.2733036742711,1373.2733036742711,92.89816284179688,151.02273559570312,578.9721984863282,867.9321899414062,10.0,0.1,2.0,1493,0.36991987,False
7705,2122,ok,True,True,20260908,5,analysis_activations,positive,False,4.890998396266166,5.460403894797711,0.02706962156910219,0.125384623711686,0.1645284825466466,0.35409691288076206,0.6085933370677225,0.3914066629322776,0.3914066629322776,2.0623714752525735,2,10,1906.957925451018,1320.7484460610963,586.2094793899216,586.2094793899216,104.3565673828125,150.2104949951172,356.2488098144531,750.22314453125,10.0,0.1,2.0,873,0.14284948,False
7713,4632,ok,True,False,20260908,5,analysis_activations,positive,False,4.822137471453491,5.037805436649705,0.0037972345257055963,0.020406892532867343,0.061621704988628775,0.1428526952243721,0.6140004247035936,0.3859995752964063,0.3859995752964063,1.960450705296886,2,10,-4681.840273978485,-6132.341987807938,1450.5017138294525,1450.5017138294525,112.74869537353516,128.94954681396484,179.89383316040036,259.33050537109375,10.0,0.1,2.0,2060,0.021235809,False
7716,2619,ok,True,False,20260908,5,analysis_activations,positive,False,4.922267448939625,5.13472131722546,0.003825351772161592,0.021156479510436876,0.061849428228251166,0.14545267103232198,0.663088143176317,0.3369118568236831,0.3369118568236831,1.900936043221304,2,8,-2830.783116069629,-3726.4375228417475,895.6544067721184,895.6544067721184,124.95578002929688,141.3040313720703,194.37868347167966,298.3112487792969,10.0,0.1,2.0,456,0.019754639,False
7725,758,ok,True,False,20260908,5,analysis_activations,positive,False,4.877748465277951,5.03747852882102,0.002798338296674374,0.01487452574505174,0.05289932227046367,0.12196116490527524,0.6722253950677208,0.32777460493227917,0.32777460493227917,1.699214455577991,2,5,-1164.684196655207,-1382.3531456319656,217.66894897675866,217.66894897675866,121.13741302490234,134.16175079345703,169.25686492919922,272.8683166503906,10.0,0.1,2.0,412,0.012393602,False
7730,1157,ok,True,False,20260908,5,analysis_activations,positive,False,4.2663988015884415,4.583315034489891,0.008703929861573435,0.055191114403455484,0.0932948544217388,0.2349278919231505,0.6076556313294121,0.3923443686705879,0.3923443686705879,1.7730700547642044,2,8,-148.18914509830483,-503.8650345460379,355.6758894477331,355.6758894477331,60.836212158203125,75.0721435546875,121.58592529296877,527.6514892578125,10.0,0.1,2.0,809,0.05093088,False
7767,23927,ok,True,True,20260908,5,analysis_activations,positive,False,4.977666798050042,5.551475846200009,0.021610609018538812,0.11915211790974599,0.14700547275029868,0.34518417969215504,0.562499723415215,0.4375002765847849,0.4375002765847849,2.162910526076215,2,13,21769.943904107204,14277.45532951471,7492.488574592493,7492.488574592493,116.59812927246094,167.23133850097656,401.2164184570313,839.4273681640625,10.0,0.1,2.0,2214,0.14531852,False
7779,6807,ok,True,True,20260908,5,analysis_activations,positive,False,4.887822387997811,5.305575191631969,0.016024643599197273,0.06329283293795811,0.12658848130535919,0.25158066884790276,0.5955901040729202,0.40440989592707977,0.40440989592707977,2.097731630135632,2,8,1897.6449029414148,321.68604301589653,1575.9588599255183,1575.9588599255183,109.14910888671875,146.50857543945312,271.0511077880859,555.250732421875,10.0,0.1,2.0,856,0.077185415,False
7791,8651,ok,True,True,20260908,5,analysis_activations,positive,False,4.953189937218886,5.358472456776101,0.01355273056681514,0.06627616386373703,0.11641619546615986,0.2574415736895209,0.5928823029751303,0.40711769702486966,0.40711769702486966,2.02858314572446,2,10,2121.2232378370986,-302.06991836193833,2423.293156199037,2423.293156199037,118.5360107421875,155.02871704101562,285.2791442871094,685.2936401367188,10.0,0.1,2.0,3639,0.07467139,False
7792,4287,ok,True,False,20260908,5,analysis_activations,positive,False,4.860866739515706,5.01969644432014,0.001844707599293929,0.011497990755196634,0.04295005936310134,0.10722868438620627,0.5965851792524516,0.40341482074754836,0.40341482074754836,1.944575871430347,2,11,-6846.695686066708,-8305.265602623631,1458.569916556923,1458.569916556923,120.39965057373047,132.57427978515625,169.38504028320312,264.4471740722656,10.0,0.1,2.0,1173,0.011812144,False
7800,15952,ok,True,False,20260908,5,analysis_activations,positive,False,4.877168602264502,5.116090304839876,0.004158776301371641,0.026903801497408432,0.0644885749677541,0.1640237833285418,0.6345098437794149,0.3654901562205851,0.3654901562205851,1.9171312738964534,2,10,-13109.765993114983,-19261.804262099275,6152.038268984292,6152.038268984292,118.81498718261719,135.69332122802734,197.08610992431633,386.44403076171875,10.0,0.1,2.0,3221,0.025710458,False
7807,15770,ok,True,False,20260908,5,analysis_activations,positive,False,4.897527920787631,5.219675366839001,0.0073758193938236,0.04704948351667304,0.08588259074936899,0.21690892908470374,0.6239944137089184,0.37600558629108166,0.37600558629108166,1.9528516952909738,2,11,-3566.562127505749,-9558.199392116132,5991.637264610383,5991.637264610383,117.92980194091797,140.81780242919922,234.59759826660155,462.4273376464844,10.0,0.1,2.0,2564,0.046644766,False
7822,4356,ok,True,False,20260908,5,analysis_activations,positive,False,4.896300248961708,5.262280582096436,0.010414603554173589,0.07073985968111082,0.1020519649696839,0.26596965932435007,0.6933515871640349,0.30664841283596506,0.30664841283596506,1.8168394071814964,2,8,-70.37682365571473,-1920.7596914919495,1850.3828678362347,1850.3828678362347,114.80596923828125,138.89794921875,240.89310455322266,629.3732299804688,10.0,0.1,2.0,1111,0.05740337,False
7823,2247,ok,True,False,20260908,5,analysis_activations,positive,False,5.1083325698868975,5.404295012061864,0.008559574306110705,0.03750323518623272,0.09251796747719172,0.19365752034515138,0.6081621608371814,0.39183783916281845,0.39183783916281845,1.9501875902408217,2,7,-797.6343860765674,-1334.7992897627423,537.164903686175,537.164903686175,143.47665405273438,175.79879760742188,271.38772277832027,481.19354248046875,10.0,0.1,2.0,1333,0.040791616,False
7828,1477,ok,True,False,20260908,5,analysis_activations,positive,False,4.874431834029041,5.288656059368372,0.013487434336671916,0.07282744136214299,0.11613541379214144,0.2698655987008033,0.6463585746550978,0.3536414253449021,0.3536414253449021,1.9939197151373316,2,10,354.31966014982845,-141.67814930310797,495.9978094529364,495.9978094529364,110.03022003173828,139.66378784179688,265.33135986328125,502.70416259765625,10.0,0.1,2.0,301,0.0737414,False
7845,7795,ok,True,True,20260908,5,analysis_activations,positive,False,5.123046507223165,5.544311493706768,0.013465786563389655,0.05534787498586408,0.1160421757956548,0.23526129087859754,0.5691838165280462,0.43081618347195383,0.43081618347195383,2.2710831151087505,2,11,1950.6292256373915,-3.61706136118908,1954.2462869985807,1954.2462869985807,141.00189208984375,187.92709350585938,341.3006378173827,524.3031005859375,10.0,0.1,2.0,3426,0.07503453,False
7870,6267,ok,True,False,20260908,5,analysis_activations,positive,False,4.974143535679738,5.422151346219816,0.012367006768805984,0.0976398869640712,0.11120704460062764,0.3124738180457224,0.6865047477057341,0.31349525229426584,0.31349525229426584,1.9102518657111827,2,10,2150.963960950082,-1004.2960592289066,3155.2600201789883,3155.2600201789883,123.0962142944336,150.97222900390625,301.89579467773433,720.6292724609375,10.0,0.1,2.0,1128,0.082308054,False
7875,5477,ok,True,False,20260908,5,analysis_activations,positive,False,4.948566652444819,5.132324347823291,0.002959316982141886,0.015456885828755849,0.05439960461383783,0.12432572472644529,0.6803038383597028,0.31969616164029735,0.31969616164029735,1.914963448066043,2,6,-7704.137953571663,-9582.570252113022,1878.4322985413592,1878.4322985413592,129.6704559326172,143.7392120361328,189.14578552246093,297.54827880859375,10.0,0.1,2.0,1200,0.0143004,False
7923,8060,ok,True,True,20260908,5,analysis_activations,positive,False,4.928333241877837,5.4082301510798825,0.014829027713072044,0.09408444521604806,0.12177449533080416,0.3067318783824858,0.5950034070894428,0.4049965929105572,0.4049965929105572,2.0564689061975976,2,13,4525.395927586218,1557.5745952654265,2967.8213323207915,2967.8213323207915,115.44974517822266,151.6793975830078,326.04355010986313,675.898681640625,10.0,0.1,2.0,1261,0.10243518,False
7926,3690,ok,True,False,20260908,5,analysis_activations,positive,False,5.290257801442857,5.76088911356284,0.029259404308472407,0.08529160211378728,0.17105380530251996,0.29204726006896087,0.5436285449488061,0.45637145505119386,0.45637145505119386,1.9665109164677665,2,6,2336.0203263342582,1914.2471688999465,421.77315743431177,421.77315743431177,151.4798583984375,233.420654296875,452.93899536132807,886.0916748046875,10.0,0.1,2.0,1855,0.10981168,False
7961,9114,ok,True,False,20260908,5,analysis_activations,positive,False,4.840357201503325,5.013270616396444,0.0024166066330351768,0.015122211453819772,0.049158993409499106,0.1229724011875013,0.6338176509207581,0.366182349079242,0.366182349079242,1.8464753906417397,2,9,-13017.365690767829,-16292.975022992136,3275.609332224307,3275.609332224307,117.0738525390625,129.43305206298828,169.6375503540039,281.9212951660156,10.0,0.1,2.0,2959,0.014008962,False
7962,9307,ok,True,False,20260908,5,analysis_activations,positive,False,4.909106119503887,5.226563266393906,0.007638337529585878,0.0450650241356614,0.08739758308778268,0.21228524238783392,0.5851326599661635,0.4148673400338364,0.4148673400338364,1.9556041395230173,2,11,-1903.064696302587,-4865.191034844728,2962.126338542141,2962.126338542141,118.68678283691406,144.79721069335938,239.14100341796868,525.1944580078125,10.0,0.1,2.0,3442,0.04763424,False
7981,18660,ok,True,False,20260908,5,analysis_activations,positive,False,4.857759693736659,5.215038574219571,0.007972594165134853,0.06764678331009814,0.0892893843921821,0.2600899523436039,0.6508851085345707,0.34911489146542923,0.34911489146542923,1.8374088075978805,2,11,-217.39050046980236,-9229.141095102357,9011.750594632555,9011.750594632555,112.81826782226562,134.07786560058594,236.9777679443359,680.4635009765625,10.0,0.1,2.0,3497,0.05781323,False
7986,18827,ok,True,True,20260908,5,analysis_activations,positive,False,4.997948274877752,5.511114749418055,0.019749098516092068,0.10549485957526333,0.14053148585314276,0.3247997222524418,0.5591563695583186,0.4408436304416814,0.4408436304416814,2.050665767554969,2,12,13912.550745406477,8552.903717627605,5359.647027778872,5359.647027778872,120.30572509765625,169.2006378173828,368.4652557373047,921.3648071289062,10.0,0.1,2.0,1203,0.12246899,False
8007,12768,ok,True,False,20260908,5,analysis_activations,positive,False,4.866454164123648,5.16817565025164,0.006427548254415525,0.043534388775724624,0.08017199170792456,0.2086489606389752,0.6381725836762376,0.3618274163237623,0.3618274163237623,1.9089809835453584,2,10,-4569.781593573968,-9708.342749216472,5138.561155642504,5138.561155642504,115.08287048339844,135.51595306396484,217.9491134643554,521.00537109375,10.0,0.1,2.0,2900,0.040876836,False
8062,1881,ok,True,False,20260908,5,analysis_activations,positive,False,4.71085564266472,4.915764106853307,0.0035120849916464316,0.019999312825829382,0.05926284663806179,0.1414189266888608,0.6107795964045757,0.3892204035954243,0.3892204035954243,1.889886275402993,2,10,-2013.8876560079527,-2593.099430283418,579.2117742754651,579.2117742754651,101.04940795898438,114.80422973632812,157.3358154296875,248.74176025390625,10.0,0.1,2.0,722,0.019920439,False
8073,9019,ok,True,True,20260908,5,analysis_activations,positive,False,4.894199628634874,5.332051984834682,0.020527088840581836,0.06299372639704201,0.14327277773737004,0.2509855103328517,0.5991151461075089,0.4008848538924911,0.4008848538924911,2.1426208490008682,2,6,3229.9968738334596,1650.6744292381275,1579.3224445953322,1579.3224445953322,106.64422607421875,149.5048828125,273.7718505859376,568.8346557617188,10.0,0.1,2.0,2721,0.08360502,False
8076,12835,ok,True,True,20260908,5,analysis_activations,positive,False,4.466054761453716,5.397249048639733,0.029032349535523493,0.3514823114359052,0.17038881869278716,0.5928594364905607,0.8030148174563864,0.19698518254361355,0.19698518254361355,2.134860999990189,2,11,17563.724391387943,6190.7957355834515,11372.928655804491,11372.928655804491,68.33790588378906,87.93400573730469,392.34782409667883,905.9122924804688,10.0,0.1,2.0,4075,0.22972918,False
8090,17404,ok,True,False,20260908,5,analysis_activations,positive,False,4.818618752844889,5.045631303891843,0.004500868756421866,0.024713969718008152,0.06708851434054763,0.1572067737662985,0.6527027582197406,0.3472972417802595,0.3472972417802595,1.8782920579886568,2,8,-16090.451492648122,-21979.6899295199,5889.238436871778,5889.238436871778,111.76277923583984,127.58517456054688,180.89862289428712,338.2150573730469,10.0,0.1,2.0,3768,0.02320308,False
8125,719,ok,True,True,20260908,5,analysis_activations,positive,False,4.895512549851026,5.395450800715363,0.018219738392943913,0.05175853995581861,0.1349805111597371,0.2275050328142624,0.6783056373389583,0.3216943626610416,0.3216943626610416,2.6726970696683545,2,4,268.7764422814475,74.82163908544265,193.95480319600483,193.95480319600483,108.27938842773438,144.3190460205078,275.39472045898435,434.21923828125,10.0,0.1,2.0,318,0.08366241,False
8134,6581,ok,True,False,20260908,5,analysis_activations,positive,False,4.879310234026494,5.313225007487269,0.014217352031761088,0.0929287583439606,0.11923653815739992,0.3048421859650672,0.6761562516204885,0.32384374837951146,0.32384374837951146,1.8746976270241402,2,9,2148.259164408379,-582.9475082605147,2731.2066726688936,2731.2066726688936,110.63954162597656,137.97412109375,268.8903503417969,746.0107421875,10.0,0.1,2.0,1289,0.08094678,False
8164,3591,ok,True,False,20260908,5,analysis_activations,positive,False,4.9324327335721545,5.1539289789171745,0.0043770069775261565,0.022567467821322258,0.06615895236115939,0.15022472440088636,0.6296387570953952,0.37036124290460476,0.37036124290460476,1.9082993624818583,2,8,-3409.370808963735,-4487.696352187811,1078.3255432240758,1078.3255432240758,125.21595764160156,143.88919067382812,202.9583282470703,325.2821044921875,10.0,0.1,2.0,554,0.022559952,False
8188,5146,ok,True,True,20260908,5,analysis_activations,positive,False,4.720629688430748,5.419238406354547,0.05819025996776193,0.08074875159281206,0.24122657392534913,0.28416324813883315,0.4756605553448594,0.5243394446551405,0.4756605553448594,2.6505554628928354,2,4,6121.649585288966,5702.697711320664,418.9518739683017,418.9518739683017,74.92697143554688,161.00146484375,330.15682220458984,520.4839477539062,10.0,0.1,2.0,2139,0.1917791,False
8193,4288,ok,True,True,20260908,5,analysis_activations,positive,False,5.01460749425865,5.452197316639768,0.014799198227364882,0.0624804628135915,0.12165195529610234,0.2499609225730924,0.5751670589264268,0.4248329410735731,0.4248329410735731,2.226125302997998,2,10,1452.9401266353163,375.5115139906944,1077.4286126446218,1077.4286126446218,125.14872741699219,168.54249572753906,317.3696990966797,648.4696044921875,10.0,0.1,2.0,518,0.08186352,False
8198,22110,ok,True,True,20260908,5,analysis_activations,positive,False,5.08986668650141,5.64665833083807,0.03893579778173393,0.06207093684411077,0.19732155934345827,0.24914039584963088,0.5512125384335855,0.4487874615664146,0.4487874615664146,2.4776076964269538,2,4,16966.720375794084,14985.71219953756,1981.0081762565242,1981.0081762565242,117.13874816894531,201.3387451171875,389.8317901611328,591.5233764648438,10.0,0.1,2.0,4430,0.12601392,False
8218,1928,ok,True,False,20260908,5,analysis_activations,positive,False,4.879758564278233,5.1411279496334314,0.0056132764006741765,0.029550818680923033,0.07492180190488064,0.1719035156153679,0.6342928885231123,0.3657071114768877,0.3657071114768877,1.9711514396888155,2,9,-1260.4553081190643,-1868.92196896983,608.4666608507657,608.4666608507657,117.23365020751953,137.02981567382812,204.27308807373043,312.22406005859375,10.0,0.1,2.0,334,0.030228553,False
8229,2919,ok,True,True,20260908,5,analysis_activations,positive,False,4.9515556483610625,5.287485559378764,0.010333476982908079,0.04388537395388859,0.10165371111232525,0.20948836233521087,0.640964762532399,0.3590352374676009,0.3590352374676009,2.04027410741951,2,7,-542.8588113689348,-1326.8177659974936,783.9589546285588,783.9589546285588,120.88754272460938,149.8114471435547,248.44029541015624,404.12432861328125,10.0,0.1,2.0,655,0.04836534,False
8257,4332,ok,True,True,20260908,5,analysis_activations,positive,False,5.0242729471948016,5.4399181022144285,0.011892847860156206,0.05937661502490652,0.10905433444002217,0.24367317255887347,0.5334941870875517,0.46650581291244825,0.46650581291244825,2.2018411169657868,2,12,1205.6338144265653,80.9710386590127,1124.6627757675526,1124.6627757675526,128.48260498046875,172.12832641601562,320.9506866455077,478.0912780761719,10.0,0.1,2.0,330,0.0770579,False
8265,24293,ok,True,False,20260908,5,analysis_activations,positive,False,4.462476208549141,4.867918955970449,0.011746902947659949,0.07499937116512208,0.10838313036473872,0.2738601306600179,0.7087646313723025,0.29123536862769756,0.29123536862769756,1.946790054248304,2,8,2219.9131838411627,-8671.730547963803,10891.643731804967,10891.643731804967,73.49645233154297,89.5093002319336,167.09725952148435,338.5455017089844,10.0,0.1,2.0,5218,0.064101554,False
8275,4919,ok,True,True,20260908,5,analysis_activations,positive,False,4.947201030324412,5.836891580767794,0.10034142514367494,0.12587812546161922,0.3167671465661724,0.354793074145507,0.47978221845058344,0.5202177815494164,0.47978221845058344,2.64538513033431,2,4,8234.2980036249,7856.020677708796,378.2773259161031,378.2773259161031,82.1817626953125,222.70458984375,559.4589721679687,964.7821044921875,10.0,0.1,2.0,1900,0.31125185,False
8279,3286,ok,True,True,20260908,5,analysis_activations,positive,False,5.345076460711121,6.122736275545799,0.09690599840233802,0.07428619089067261,0.3112972829986443,0.27255493187736046,0.4113170896612356,0.5886829103387644,0.4113170896612356,2.6580471622858095,2,4,4512.41239978229,4203.756697537484,308.655702244806,308.655702244806,118.19818115234375,353.06227111816406,663.30517578125,1029.8740234375,10.0,0.1,2.0,2268,0.23009206,False
8293,16647,ok,True,False,20260908,5,analysis_activations,positive,False,4.852616490520185,5.2294019691738045,0.01068836641177988,0.06649502045154801,0.10338455596354748,0.25786628405347606,0.6252412033568551,0.3747587966431449,0.3747587966431449,1.9179939751519304,2,11,1724.9554476484777,-4367.337759244787,6092.293206893264,6092.293206893264,109.8902816772461,136.26260375976562,246.36607360839827,550.9306640625,10.0,0.1,2.0,2719,0.06487053,False
8299,6207,ok,True,True,20260908,5,analysis_activations,positive,False,4.574896681703645,5.293233791772489,0.008657259293989809,0.14776525649375036,0.093044394210451,0.38440246681538137,0.3927944076374255,0.6072055923625744,0.3927944076374255,2.5685833775927818,2,16,8125.68578939064,5212.759683995045,2912.926105395595,2912.926105395595,84.74859619140625,133.26895141601562,346.4369934082031,600.6475219726562,10.0,0.1,2.0,2799,0.2162295,False
8304,3788,ok,True,False,20260908,5,analysis_activations,positive,False,4.882613747154451,5.039496345201287,0.0019487566116865565,0.011665540177549106,0.04414472348635289,0.10800713021624593,0.5904519158786821,0.40954808412131793,0.40954808412131793,1.9014817596412672,2,11,-6025.808581404944,-7220.64274416424,1194.8341627592963,1194.8341627592963,122.91671752929688,135.73628997802734,173.83240280151367,245.96400451660156,10.0,0.1,2.0,1362,0.011882053,False
8324,4696,ok,True,True,20260908,5,analysis_activations,positive,False,5.268952990826132,6.098690875857408,0.09521632080619598,0.11373198006681423,0.30857141929575393,0.33724172349638804,0.5075719523195603,0.49242804768043963,0.49242804768043963,2.5670628154821027,2,4,7305.129277241669,7004.6601209810915,300.4691562605776,300.4691562605776,112.08216857910156,287.4042053222656,680.2135467529297,1454.460693359375,10.0,0.1,2.0,204,0.2764683,False
8328,1416,ok,True,True,20260908,5,analysis_activations,positive,False,4.682280639324978,5.034564211899261,0.008941490461347668,0.050431729115822596,0.09455945463753304,0.2245700984455023,0.6271261621301876,0.3728738378698125,0.3728738378698125,2.044617576903776,2,10,-115.0240679622146,-598.6247571716367,483.6006892094221,483.6006892094221,93.9832763671875,114.77676391601562,197.9356918334961,323.86859130859375,10.0,0.1,2.0,447,0.05346922,False
8355,3339,ok,True,True,20260908,5,analysis_activations,positive,False,4.80558290773802,6.252190527026121,0.13161474866204195,0.05487721833317956,0.36278747037630993,0.23425887034044102,0.7527068582432712,0.24729314175672876,0.24729314175672876,4.737352282036598,2,11,7191.911693487879,5585.398238801379,1606.5134546865002,1606.5134546865002,77.02418518066406,139.07907104492188,633.8900146484375,914.1612548828125,10.0,0.1,2.0,1547,0.50231546,False
8367,13966,ok,True,False,20260908,5,analysis_activations,positive,False,4.868242101424959,5.361386776600648,0.016142670947322215,0.10829523087503766,0.12705381122706322,0.329082407422575,0.5792664812099169,0.4207335187900831,0.4207335187900831,1.9770288464240793,2,12,9347.34809910438,4373.534027683278,4973.814071421102,4973.814071421102,107.45945739746094,144.22337341308594,318.91686248779297,747.1218872070312,10.0,0.1,2.0,1843,0.11419134,False
8371,8275,ok,True,True,20260908,5,analysis_activations,positive,False,4.809169794655011,5.390920799078405,0.021093693916068842,0.1325124489870942,0.14523668240519969,0.3640225940612673,0.6111444151064078,0.3888555848935922,0.3888555848935922,2.0991711432741447,2,12,7513.498282392269,4310.750373636547,3202.747908755722,3202.747908755722,99.06661987304688,136.56430053710938,338.13820800781235,722.7734375,10.0,0.1,2.0,3151,0.14486374,False
8405,1500,ok,True,False,20260908,5,analysis_activations,positive,False,4.885176769343057,5.4808308843404205,0.01268557720481962,0.1770558989942064,0.11263026771174621,0.42078010765030993,0.5890367188151721,0.41096328118482783,0.41096328118482783,1.9338732524421036,2,17,1578.9016545050472,670.0951380819519,908.8065164230953,908.8065164230953,113.3523178100586,144.340576171875,435.2753067016601,1068.8785400390625,10.0,0.1,2.0,528,0.16623393,False
8409,4353,ok,True,True,20260908,5,analysis_activations,positive,False,4.9831918706235605,5.4757547793614485,0.01838509896188197,0.09310580889669638,0.13559166258248317,0.30513244484436,0.6303614787228635,0.3696385212771366,0.3696385212771366,2.0862049768634607,2,10,2455.86581192671,1033.9043900788004,1421.9614218479098,1421.9614218479098,119.31472778320312,159.21835327148438,335.6351623535156,636.3577880859375,10.0,0.1,2.0,1406,0.10255875,False
8420,3592,ok,True,False,20260908,5,analysis_activations,positive,False,4.86725199538987,5.054485101849102,0.0030059902332930013,0.01576458108035475,0.054826911579013836,0.1255570829557407,0.6876482604872908,0.3123517395127092,0.3123517395127092,1.9326752945809766,2,7,-4992.18069349231,-6241.470124238284,1249.2894307459746,1249.2894307459746,119.28419494628906,132.53746795654297,174.3547149658203,333.2733459472656,10.0,0.1,2.0,1698,0.014523879,False
8421,10150,ok,True,False,20260908,5,analysis_activations,positive,False,4.819097520084447,4.995350155631685,0.0026379736229734502,0.013521473361732858,0.0513612073745687,0.11628187030544726,0.6463919444649892,0.3536080555350109,0.3536080555350109,1.960818386439639,2,8,-14809.07888198833,-18092.27488001587,3283.1959980275406,3283.1959980275406,114.05381774902344,126.82756805419922,166.16925735473632,269.8577575683594,10.0,0.1,2.0,3414,0.0135873165,False
8423,12777,ok,True,False,20260908,5,analysis_activations,positive,False,4.3820963000904545,5.0969993773715805,0.02405027436978066,0.2529845970053479,0.15508150879386187,0.5029757419651051,0.7422808994392156,0.25771910056078434,0.25771910056078434,1.9208566034809462,2,11,14426.619707859603,5590.831054449005,8835.788653410598,8835.788653410598,64.05797576904297,82.35466003417969,253.10763549804682,717.3587036132812,10.0,0.1,2.0,4323,0.18083458,False
8424,2522,ok,True,False,20260908,5,analysis_activations,positive,False,4.965761351239962,5.323278043643149,0.009152420875779577,0.06125179444164557,0.09566828563207129,0.24749099870832791,0.6543241139933426,0.3456758860066574,0.3456758860066574,1.9055133261957566,2,9,-93.4187903753668,-1107.931597701866,1014.5128073264991,1014.5128073264991,124.33293151855469,150.28284454345703,260.9002273559569,554.1819458007812,10.0,0.1,2.0,423,0.056093547,False
8425,42481,ok,True,True,20260908,5,analysis_activations,positive,False,4.756388733698256,5.011755609593081,0.006446214823165164,0.02595622634455084,0.08028832308103816,0.16110936144293678,0.624375803009664,0.37562419699033606,0.37562419699033606,2.006276082924652,2,6,-29725.715529782276,-40079.08713074782,10353.371600965547,10353.371600965547,102.48885345458984,122.10231018066406,178.40707397460938,331.9765319824219,10.0,0.1,2.0,4001,0.029068802,False
8435,1523,ok,True,True,20260908,5,analysis_activations,positive,False,5.400485746753435,6.235396848685561,0.12254230556647186,0.05490474455596167,0.3500604313064701,0.2343176146941618,0.3630000689996891,0.6369999310003109,0.3630000689996891,2.802985439618484,2,4,2167.3134175447835,1837.0660832853346,330.24733425944896,330.24733425944896,110.05947875976562,424.7041931152344,692.0591430664061,873.5966186523438,10.0,0.1,2.0,873,0.24080013,False
8443,7859,ok,True,False,20260908,5,analysis_activations,positive,False,4.924657837110123,5.544781487127578,0.018306799447414136,0.19389676510406184,0.13530262173148802,0.44033710393749675,0.6254209034837914,0.3745790965162085,0.3745790965162085,1.9037808546525965,2,13,8585.333693638651,4246.758563068589,4338.575130570062,4338.575130570062,113.6146469116211,149.789794921875,421.2202148437495,1154.5748291015625,10.0,0.1,2.0,2548,0.17418963,False
8457,3080,ok,True,True,20260908,5,analysis_activations,positive,False,5.051578477383052,6.308849356802118,0.0637191783914738,0.13182865663391277,0.2524265802000134,0.3630821623736324,0.7398711383189066,0.2601288616810934,0.2601288616810934,4.020845154412124,2,3,5822.150397890735,4034.9340573734953,1787.2163405172396,1787.2163405172396,111.71513366699219,168.8444061279297,757.1173858642576,1209.2216796875,10.0,0.1,2.0,1801,0.38579103,False
8460,2093,ok,True,True,20260908,5,analysis_activations,positive,False,5.0543879342757645,5.676707653361958,0.057580829531179586,0.11272561462529115,0.23996005819965036,0.3357463545971738,0.5813345653633143,0.41866543463668576,0.41866543463668576,2.1326177501263617,2,5,2306.0435998593443,2138.872806586448,167.1707932728964,167.1707932728964,106.0027084350586,192.35299682617188,446.1317932128905,832.6179809570312,10.0,0.1,2.0,492,0.17500895,False
8466,608,ok,True,False,20260908,5,analysis_activations,positive,False,4.774240312972981,5.164417661489217,0.009236714157543303,0.0823923575489872,0.09610782568315289,0.2870406897096424,0.7103633303057342,0.2896366696942658,0.2896366696942658,1.8228897694772843,2,8,45.144996117146924,-275.0950951978774,320.24009131502436,320.24009131502436,102.41064453125,121.84161376953125,222.3071090698242,483.7945556640625,10.0,0.1,2.0,392,0.06184853,False
8488,1684,ok,True,False,20260908,5,analysis_activations,positive,False,4.892989947133579,5.267398938428001,0.012420845660434233,0.06489931304823686,0.11144884773040156,0.25475343579280113,0.6741996570464673,0.32580034295353255,0.32580034295353255,1.9042102521725652,2,6,64.7087766007744,-490.0829553138611,554.7917319146354,554.7917319146354,112.19801330566406,139.38343811035156,249.97415084838863,571.3504638671875,10.0,0.1,2.0,630,0.06034464,False
8522,713,ok,True,True,20260908,5,analysis_activations,positive,False,4.868034987488942,5.078837488440817,0.0026762685429441127,0.017355895357194125,0.0517326641779071,0.13174177529240344,0.5297391472321449,0.4702608527678552,0.4702608527678552,2.10633199362271,2,14,-729.9699824255441,-938.1256096754262,208.15562724988206,208.15562724988206,119.79122161865234,137.00473022460938,187.04044189453123,277.0694580078125,10.0,0.1,2.0,224,0.02067764,False
8525,4469,ok,True,False,20260908,5,analysis_activations,positive,False,4.920690232711215,5.3709243678574055,0.01306038479545192,0.0936815411466529,0.11428204056391328,0.30607440459249924,0.577078251268591,0.4229217487314091,0.4229217487314091,1.948883591695834,2,13,2255.7913195743563,614.1039981338304,1641.687321440526,1641.687321440526,115.72740173339844,150.28134155273438,310.8630676269529,829.6616821289062,10.0,0.1,2.0,817,0.09665124,False
8532,48338,ok,True,True,20260908,5,analysis_activations,positive,False,4.837684410025881,5.350389519834219,0.021229907082037064,0.09912264373829861,0.14570486293201426,0.31483748782236626,0.6048337723225643,0.3951662276774358,0.3951662276774358,2.090041905985293,2,10,32583.843008176693,18640.99396398581,13942.849044190883,13942.849044190883,101.50455474853516,140.8985595703125,306.52880859375006,740.0842895507812,10.0,0.1,2.0,3696,0.11483862,True
8538,7401,ok,True,False,20260908,5,analysis_activations,positive,False,4.987946022193787,5.395254994795273,0.011510239542961384,0.07153041064754632,0.10728578444025744,0.26745169778400424,0.5909209240828419,0.409079075917158,0.409079075917158,1.9989116751993876,2,12,1964.5503167566976,-598.2726881330108,2562.8230048897085,2562.8230048897085,125.05517578125,159.2873077392578,300.93341064453125,655.7117309570312,10.0,0.1,2.0,1883,0.076176316,False
8543,503,ok,True,True,20260908,5,analysis_activations,positive,False,4.9305802756975075,5.414262798480465,0.016804999133824695,0.07901684688431836,0.12963409711115628,0.28109935411579723,0.5324233106260118,0.46757668937398816,0.46757668937398816,2.2097499166561136,2,12,302.06903567621055,194.37925322715805,107.6897824490525,107.6897824490525,112.49376678466797,160.45870971679688,325.7127990722656,511.6907958984375,10.0,0.1,2.0,223,0.104341544,False
8556,7322,ok,True,True,20260908,5,analysis_activations,positive,False,4.950486117547402,5.450215440855675,0.02412691361260155,0.06106810146456199,0.15532840568486353,0.2471196096317773,0.5687856132567757,0.4312143867432243,0.4312143867432243,2.4212673160771243,2,5,4032.229419726638,2902.8984689652098,1129.330950761428,1129.330950761428,110.64385986328125,165.04067993164062,315.532275390625,532.8612670898438,10.0,0.1,2.0,2610,0.10132009,False
8579,21064,ok,True,True,20260908,5,analysis_activations,positive,False,4.852253832754207,5.269773328638056,0.015027599306553166,0.067281387446616,0.12258710905536996,0.25938655988045334,0.6333369698210586,0.3666630301789414,0.3666630301789414,2.0581078521436598,2,8,5141.982071266307,-970.5514353429046,6112.533506609211,6112.533506609211,106.41073608398438,138.29192352294922,259.80487213134745,682.2437744140625,10.0,0.1,2.0,3544,0.07467117,False
8583,629,ok,True,True,20260908,5,analysis_activations,positive,False,4.911202589732362,5.455619941376667,0.01162077431892805,0.13076554840516502,0.10779969535637868,0.36161519382510054,0.6441474965748722,0.3558525034251278,0.3558525034251278,2.0403882757342435,2,15,474.44112284628477,91.48813687065027,382.95298597563453,382.95298597563453,115.73807525634766,144.17568969726562,354.95167846679703,695.343994140625,10.0,0.1,2.0,214,0.1221509,False
8586,10112,ok,True,True,20260908,5,analysis_activations,positive,False,4.973990775970284,5.480169724081811,0.02040602750210862,0.10392089859742495,0.1428496674903677,0.32236764508465326,0.6351912989400826,0.36480870105991736,0.36480870105991736,2.0301890392113666,2,9,6417.447877371854,3123.5201092695534,3293.9277681023004,3293.9277681023004,117.25414276123047,158.29249572753906,343.1257797241207,828.5792236328125,10.0,0.1,2.0,947,0.11025403,False
8604,4335,ok,True,True,20260908,5,analysis_activations,positive,False,5.1500508945317875,6.044599967310599,0.06466411711585335,0.05446456279948036,0.25429140196997096,0.23337644011227945,0.3638273400571792,0.6361726599428207,0.3638273400571792,3.665312458635654,2,3,6193.209219056915,4874.505622505194,1318.7035965517207,1318.7035965517207,120.22845458984375,349.3258056640625,578.9405090332032,834.203369140625,10.0,0.1,2.0,1710,0.24344684,False
8606,15362,ok,True,True,20260908,5,analysis_activations,positive,False,5.1246284631911525,5.771706472997099,0.034614766622913976,0.11295941960539037,0.18605044107153837,0.3360943611627401,0.5564179565270523,0.4435820434729478,0.4435820434729478,2.3821353854108387,2,9,16636.97280802473,13543.046472953481,3093.926335071248,3093.926335071248,127.12425231933594,205.5854034423828,490.2180023193358,1018.446533203125,10.0,0.1,2.0,582,0.17272127,False
8617,11890,ok,True,False,20260908,5,analysis_activations,positive,False,4.903675233437198,5.291130249395826,0.009920080832755529,0.07492524622177521,0.09959960257328103,0.2737247636253892,0.6191270867830242,0.38087291321697575,0.38087291321697575,1.881145211473659,2,12,2155.7178378718854,-2804.5194765592028,4960.237314431088,4960.237314431088,116.12135314941406,143.32421875,264.28865051269526,726.5107421875,10.0,0.1,2.0,2200,0.07008348,False
8618,8678,ok,True,False,20260908,5,analysis_activations,positive,False,4.765367060891419,5.206745371749601,0.012506354803434308,0.09679112148173681,0.11183181480882043,0.31111271507564076,0.671230344385841,0.3287696556141591,0.3287696556141591,1.8880822920914262,2,10,3068.089679492936,-1062.0426853475142,4130.1323648404505,4130.1323648404505,99.3886489868164,123.15443420410156,247.81270751953124,713.4269409179688,10.0,0.1,2.0,2093,0.0832166,False
8621,9610,ok,True,False,20260908,5,analysis_activations,positive,False,4.516024651445488,5.2177108361703635,0.0207098127352404,0.26658543664199086,0.1439090432712288,0.5163191228707211,0.6705891428177269,0.32941085718227314,0.32941085718227314,1.8513720434958152,2,12,12313.802019678014,5788.640125305027,6525.161894372987,6525.161894372987,74.3910903930664,97.04463195800781,314.45596160888647,746.9830322265625,10.0,0.1,2.0,3654,0.21048847,False
8630,773,ok,True,True,20260908,5,analysis_activations,positive,False,5.0660596036144,5.55853254037956,0.023869983687616256,0.08038702872546173,0.15449913814522157,0.2835260635734601,0.6425043448352238,0.35749565516477627,0.35749565516477627,2.156973102094194,2,5,425.3850801437191,268.74963209136,156.6354480523591,156.6354480523591,125.95962524414062,175.6102294921875,351.553466796875,646.1476440429688,10.0,0.1,2.0,114,0.099910215,False
8668,6584,ok,True,True,20260908,5,analysis_activations,positive,False,5.142647575774321,5.881202520556749,0.08330457022863627,0.07962863322484792,0.28862531113649104,0.2821854589181518,0.5221209150414812,0.47787908495851883,0.47787908495851883,2.587575377281191,2,4,8662.317585978037,8198.75062607477,463.56695990326625,463.56695990326625,100.03872680664062,239.80563354492188,513.6227935791015,663.5781860351562,10.0,0.1,2.0,2254,0.21767904,False
8705,2631,ok,True,False,20260908,5,analysis_activations,positive,False,4.913696810945427,5.308114076437414,0.01202637664527698,0.07352381406270657,0.1096648377798325,0.27115275042438086,0.5939678663825819,0.40603213361741813,0.40603213361741813,1.9070427321074526,2,10,650.0695611892891,-195.16350719704434,845.2330683863333,845.2330683863333,115.13772583007812,147.3481903076172,272.8436584472656,601.773193359375,10.0,0.1,2.0,568,0.07454117,False
8720,13590,ok,True,False,20260908,5,analysis_activations,positive,False,4.838756952439232,5.246729149520862,0.012797989356632613,0.07947612634376472,0.11312819876862096,0.2819151048520897,0.6259230293484466,0.3740769706515534,0.3740769706515534,1.8993527033536752,2,9,3690.580821477514,-1190.1900377129714,4880.770859190485,4880.770859190485,106.60394287109375,135.2454833984375,256.2976623535156,665.3087158203125,10.0,0.1,2.0,4637,0.07671658,False
8759,2271,ok,True,True,20260908,5,analysis_activations,positive,False,4.89321683046453,5.240714592314049,0.01117030667018205,0.04134401437284062,0.10568967153975856,0.20333227577745894,0.6190071109370254,0.38099288906297457,0.38099288906297457,2.144510278595495,2,6,-291.6699463677988,-810.1274827005855,518.4575363327867,518.4575363327867,113.19192504882812,143.86001586914062,237.49685668945312,366.2927551269531,10.0,0.1,2.0,1302,0.05116631,False
8771,5673,ok,True,False,20260908,5,analysis_activations,positive,False,4.919932793579323,5.413468703982163,0.01498999214441474,0.11131922595430092,0.12243362342271318,0.33364535955757113,0.6378711866309001,0.36212881336909986,0.36212881336909986,1.9638858117264428,2,13,3391.8835283161675,853.1276143284348,2538.7559139877326,2538.7559139877326,114.94911193847656,146.4052734375,327.99017333984364,836.770263671875,10.0,0.1,2.0,1733,0.10615559,False
8773,9305,ok,True,False,20260908,5,analysis_activations,positive,False,4.822723681330172,5.065440796397262,0.0052062807671838535,0.026643579023017012,0.07215456165194169,0.16322860969516653,0.6289544442198886,0.37104555578011145,0.37104555578011145,1.9233646814421426,2,7,-7216.028470912537,-10025.148634418982,2809.1201635064444,2809.1201635064444,111.02574157714844,129.30233764648438,187.97184753417963,305.4118347167969,10.0,0.1,2.0,2165,0.026910538,False
8777,7743,ok,True,True,20260908,5,analysis_activations,positive,False,4.662335432753384,5.160569325695069,0.017164439857194343,0.08208037469358222,0.13101312856807268,0.2864967271952373,0.5563024807296207,0.4436975192703793,0.4436975192703793,2.236631067828757,2,12,4703.819190375156,2578.471995785896,2125.3471945892597,2125.3471945892597,86.27937316894531,120.51712036132812,248.5063018798828,449.1539306640625,10.0,0.1,2.0,1396,0.10725287,False
8778,3859,ok,True,False,20260908,5,analysis_activations,positive,False,4.749979873485628,5.036131498927817,0.005440285151551931,0.040667090555940186,0.07375828869728426,0.2016608304950175,0.5868688035655358,0.4131311964344642,0.4131311964344642,1.8846296219845138,2,11,-1468.7054097705065,-2921.514309038617,1452.8088992681103,1452.8088992681103,103.18977355957031,121.62147521972656,191.05336608886716,374.921630859375,10.0,0.1,2.0,1575,0.03985569,False
8779,11715,ok,True,False,20260908,5,analysis_activations,positive,False,4.888034543452329,5.229621689290512,0.00872519221403569,0.05769586207910919,0.09340873735382407,0.2401996296398252,0.6283724463874604,0.37162755361253963,0.37162755361253963,1.8744058669362185,2,11,-891.9787312662846,-5355.310651852096,4463.3319205858115,4463.3319205858115,115.53103637695312,139.8832244873047,240.13534545898432,562.269287109375,10.0,0.1,2.0,2052,0.05417531,False
8789,576,ok,True,False,20260908,5,analysis_activations,positive,False,5.390447772726924,6.082642664656174,0.07936722885035456,0.11051893372654,0.28172189984158946,0.33244388056714175,0.5154383642662873,0.48456163573371275,0.48456163573371275,2.2464498560460133,2,5,759.6154091487616,752.1720900720276,7.443319076734042,7.443319076734042,137.9609375,299.5487060546875,687.2804260253906,1127.70166015625,10.0,0.1,2.0,193,0.21450293,False
8807,966,ok,True,True,20260908,5,analysis_activations,positive,False,5.0193293037056055,5.343325685768062,0.007087266586563686,0.03672731832491074,0.08418590491622506,0.19164372759083648,0.60104826570712,0.39895173429287994,0.39895173429287994,2.189000232261841,2,11,-260.413355983466,-560.0376673919052,299.6243114084392,299.6243114084392,132.751220703125,161.47390747070312,264.2054901123047,466.218994140625,10.0,0.1,2.0,551,0.04412846,False
8831,593,ok,True,True,20260908,5,analysis_activations,positive,False,5.3593449289532975,6.75954728963554,0.2278446690304938,0.05888704144592012,0.4773307752811396,0.24266652312570872,0.6357401192345946,0.3642598807654054,0.3642598807654054,3.6980088027293774,2,10,1412.459052796417,1231.0292059972483,181.42984679916867,181.42984679916867,100.84383392333984,329.7259216308594,1118.183203125,1408.8597412109375,10.0,0.1,2.0,242,0.62136364,False
8847,14045,ok,True,True,20260908,5,analysis_activations,positive,False,4.973436715536958,5.638615856630262,0.03413743538559779,0.15578666243367573,0.18476318731175265,0.3946981915763939,0.5806874717524345,0.41931252824756543,0.41931252824756543,2.1585573103707127,2,11,16763.456926133294,12925.417110877075,3838.0398152562193,3838.0398152562193,110.60136413574219,170.59210205078125,459.1511169433593,1191.380859375,10.0,0.1,2.0,1103,0.19289455,False
8848,22483,ok,True,False,20260908,5,analysis_activations,positive,False,4.916678387221768,5.279956880524399,0.008495198932081166,0.06343465216704676,0.09216940344865625,0.2518623675086192,0.6194110330589592,0.38058896694104083,0.38058896694104083,1.9155791654786647,2,12,762.1201362275967,-8725.164086572344,9487.28422279994,9487.28422279994,119.22132110595703,144.57473754882812,258.58075561523435,641.0872802734375,10.0,0.1,2.0,3893,0.060517162,False
8853,28095,ok,True,True,20260908,5,analysis_activations,positive,False,4.938754563501728,5.245861310148067,0.008726736102481265,0.0356376659946743,0.09341700114262534,0.18877941093952566,0.6060080263528236,0.39399197364717636,0.39399197364717636,2.061992297710426,2,8,-9415.3217369661,-16307.740800039286,6892.419063073186,6892.419063073186,120.97077178955078,149.15878295898438,234.83050079345702,406.6669006347656,10.0,0.1,2.0,1575,0.04184867,False
8866,7325,ok,True,True,20260908,5,analysis_activations,positive,False,5.295137168097233,6.213702424484392,0.04192143935079218,0.21243301230295764,0.20474725724852136,0.46090455877866693,0.5746209868796964,0.4253790131203035,0.4253790131203035,2.575759682707367,2,12,12474.776430817192,9799.492727521478,2675.283703295714,2675.283703295714,147.6874237060547,245.23675537109375,919.3848510742185,1534.912841796875,10.0,0.1,2.0,1298,0.32073796,False
8871,8698,ok,True,True,20260908,5,analysis_activations,positive,False,4.810920777291284,5.417241342905568,0.017055571500842838,0.1479305830843707,0.13059698120876623,0.384617450311827,0.5058061312452801,0.4941938687547198,0.4941938687547198,2.1110258280379006,2,16,9473.086361448955,6209.133638221449,3263.952723227507,3263.952723227507,101.37833404541016,145.75059509277344,383.61752777099605,822.1690063476562,10.0,0.1,2.0,1914,0.17364568,False
8905,4614,ok,True,False,20260908,5,analysis_activations,positive,False,4.892414793321167,5.409424022271553,0.015300955645124556,0.12491537981168203,0.12369703167467098,0.35343369931527757,0.5639724160711258,0.43602758392887425,0.43602758392887425,1.9526031567670588,2,14,3655.3877350293815,1829.1482658077366,1826.2394692216449,1826.2394692216449,111.08403778076172,148.74111938476562,348.95943450927723,874.451171875,10.0,0.1,2.0,1071,0.12885323,False
8930,547,ok,True,False,20260908,5,analysis_activations,positive,False,4.739117806134383,5.443494170283528,0.020332797723967778,0.2500965555638578,0.1425931194832618,0.5000965462426809,0.6834503529445226,0.3165496470554774,0.3165496470554774,1.9155471993345816,2,12,685.6652127017906,321.96310124735214,363.7021114544384,363.7021114544384,95.0604019165039,120.80925750732422,438.57770385742066,836.9873657226562,10.0,0.1,2.0,177,0.20077002,False
8932,1339,ok,True,False,20260908,5,analysis_activations,positive,False,5.011795899665574,5.485129114479926,0.013018059437121665,0.10609755349498433,0.11409671089528245,0.3257261940571933,0.594113804786954,0.405886195213046,0.405886195213046,1.939535056907993,2,13,794.2310158085124,241.92301858821858,552.3079972202938,552.3079972202938,126.349365234375,162.5420684814453,342.6739074707031,864.3584594726562,10.0,0.1,2.0,738,0.10490142,False
8943,3383,ok,True,True,20260908,5,analysis_activations,positive,False,4.855067866521674,5.150737670786502,0.00682123910413266,0.036707017817804694,0.08259079309543323,0.19159075608652076,0.6686769861490559,0.3313230138509441,0.3313230138509441,2.0041781981643703,2,9,-1620.6573487350297,-2836.8788768927293,1216.2215281576996,1216.2215281576996,113.11903381347656,133.112548828125,207.87733764648434,347.7946472167969,10.0,0.1,2.0,740,0.036100578,False
8963,1947,ok,True,True,20260908,5,analysis_activations,positive,False,5.155822494491918,5.581837415403757,0.02195257593087066,0.056255256031244656,0.14816401699086948,0.23718190494058491,0.5828659720453275,0.4171340279546724,0.4171340279546724,2.154342180540629,2,5,632.2806995609938,385.33885052436585,246.9418490366279,246.9418490366279,136.8929443359375,197.92092895507812,351.68535766601536,568.755859375,10.0,0.1,2.0,1343,0.08042769,False
8984,12302,ok,True,False,20260908,5,analysis_activations,positive,False,4.546218114012721,5.314642942238423,0.025748869802220537,0.26985426372799565,0.16046454375412825,0.5194749885490115,0.7850398153870874,0.21496018461291258,0.21496018461291258,1.9987656158717249,2,12,13688.16885009432,4437.689929140018,9250.478920954301,9250.478920954301,75.34770965576172,95.6944351196289,327.9604339599601,695.4808349609375,10.0,0.1,2.0,3797,0.17787956,False
8989,11554,ok,True,False,20260908,5,analysis_activations,positive,False,4.894680225980011,5.393490633997956,0.014421555612529238,0.11715139875946128,0.12008978146590674,0.3422738651423174,0.604489711034751,0.39551028896524903,0.39551028896524903,1.9447652749959154,2,12,7771.738706067467,2698.270646740373,5073.468059327094,5073.468059327094,112.32676696777344,145.77288818359375,331.25891418457036,821.7960815429688,10.0,0.1,2.0,1415,0.11454741,False
8998,1122,ok,True,True,20260908,5,analysis_activations,positive,False,4.887513475584429,5.372810560022308,0.01827147197349811,0.09399237445939898,0.1351720088387315,0.3065817581973836,0.7048985680884492,0.2951014319115507,0.2951014319115507,2.0483431834054517,2,5,491.5122036307833,83.08869309531947,408.42351053546383,408.42351053546383,109.11578369140625,140.04110717773438,288.9023010253907,628.65869140625,10.0,0.1,2.0,637,0.08968633,False
8999,1201,ok,True,True,20260908,5,analysis_activations,positive,False,5.063255665052486,5.735872935026987,0.04279791539606967,0.17424737384328282,0.20687657043771213,0.41742948367752225,0.6903994750745817,0.3096005249254183,0.3096005249254183,2.0417747542910654,2,5,1364.3085791961119,1035.2461499510184,329.0624292450934,329.0624292450934,115.41120147705078,175.1629638671875,467.101318359375,1049.144775390625,10.0,0.1,2.0,668,0.18034689,False
9001,1317,ok,True,True,20260908,5,analysis_activations,positive,False,4.268175750677377,4.492298928395402,0.00436455417009045,0.01456187886047618,0.06606477253491795,0.12067261023312698,0.6856546581150337,0.31434534188496643,0.31434534188496643,2.303919937823688,2,5,-1510.4208397276518,-1842.2399239178305,331.8190841901787,331.8190841901787,63.904396057128906,73.23744201660156,98.81023559570313,141.54440307617188,10.0,0.1,2.0,776,0.018409459,False
9006,1758,ok,True,True,20260908,5,analysis_activations,positive,False,5.2736543120382215,5.995937512608741,0.07737559110922455,0.07123592220845898,0.2781646834327186,0.26690058487845053,0.41963240500661286,0.5803675949933872,0.41963240500661286,2.649697422784944,2,4,2182.126785177015,2052.026165634426,130.1006195425889,130.1006195425889,119.67181396484375,310.8880920410156,579.3068603515625,783.6163940429688,10.0,0.1,2.0,1113,0.20097953,False
9011,761,ok,True,True,20260908,5,analysis_activations,positive,False,4.858770267986535,5.374277178506512,0.021107068573511426,0.07713737437466824,0.14528271945937488,0.27773615964556764,0.5572059841168742,0.44279401588312584,0.44279401588312584,2.3259238506047044,2,9,503.34952296642933,358.2180951704946,145.1314277959347,145.1314277959347,102.891845703125,148.43792724609375,310.1551208496094,527.9368896484375,10.0,0.1,2.0,162,0.11162978,False
9042,6200,ok,True,True,20260908,5,analysis_activations,positive,False,4.807336682247338,5.060400598202417,0.005695977738597529,0.02590611936501935,0.07547170157481232,0.16095378021351145,0.607293318765341,0.39270668123465896,0.39270668123465896,2.0132016160144697,2,8,-4358.946254413216,-6007.667846826036,1648.7215924128204,1648.7215924128204,108.84490203857422,128.8586196899414,188.55405578613272,321.84014892578125,10.0,0.1,2.0,1463,0.028909458,False
9063,1992,ok,True,True,20260908,5,analysis_activations,positive,False,5.1293834932040205,5.658289141402266,0.025823560572664283,0.0842367105364301,0.1606971081652196,0.2902356121092484,0.6365040430846213,0.36349595691537884,0.36349595691537884,2.2546436649477513,2,6,1303.298857661534,866.8605461111636,436.4383115503704,436.4383115503704,131.8948211669922,188.60501098632812,396.3796142578124,808.0725708007812,10.0,0.1,2.0,129,0.111834764,False
9064,3207,ok,True,False,20260908,5,analysis_activations,positive,False,4.887151075503828,5.088226036198534,0.0031031609903024154,0.020567645676238727,0.05570602292663169,0.14341424502551595,0.6084602450684272,0.39153975493157284,0.39153975493157284,1.8482744549576025,2,10,-3497.954124315348,-4620.7378099757925,1122.7836856604445,1122.7836856604445,121.35527801513672,137.22598266601562,188.04554901123035,331.2035217285156,10.0,0.1,2.0,1344,0.019578457,False
9087,4487,ok,True,True,20260908,5,analysis_activations,positive,False,4.803259668460397,5.343808052591899,0.028422934025978848,0.08445499479009583,0.16859102593548345,0.29061141545041863,0.5486009535991858,0.45139904640081413,0.45139904640081413,2.275333469824954,2,7,3458.2600603095725,2759.9673500824224,698.2927102271501,698.2927102271501,93.96090698242188,145.58456420898438,299.7486877441406,610.8834838867188,10.0,0.1,2.0,864,0.12610072,False
9097,3518,ok,True,True,20260908,5,analysis_activations,positive,False,5.05931403284735,5.433704994474572,0.011506751117108607,0.04965918453220041,0.10726952557510734,0.22284340809680778,0.6118706789580577,0.3881293210419423,0.3881293210419423,2.140846561701962,2,9,78.97596691682875,-879.3208785437735,958.2968454606022,958.2968454606022,133.92477416992188,170.00064086914062,298.29146728515605,500.2644958496094,10.0,0.1,2.0,286,0.059618775,False
9121,3267,ok,True,False,20260908,5,analysis_activations,positive,False,4.953942434114655,5.4765196674011,0.01228242610799314,0.13430908473621414,0.11082610751981295,0.366482038763449,0.6652527601222633,0.33474723987773675,0.33474723987773675,1.930238939653611,2,11,2191.4366521505676,181.7247583040315,2009.7118938465362,2009.7118938465362,120.65655517578125,149.2780303955078,347.5160614013671,933.1498413085938,10.0,0.1,2.0,1230,0.113978654,False
9141,2170,ok,True,False,20260908,5,analysis_activations,positive,False,4.773950539625625,5.1267917718850935,0.00968783839897262,0.061143606676126394,0.09842681747863546,0.24727233301792256,0.6521525123921358,0.34784748760786427,0.34784748760786427,1.8749136757968172,2,10,-87.94529438441376,-907.3134182241012,819.3681238396874,819.3681238396874,102.18475341796875,123.72872924804688,214.8855239868162,453.4271240234375,10.0,0.1,2.0,529,0.055853467,False
9173,2642,ok,True,True,20260908,5,analysis_activations,positive,False,5.07847884208985,5.694602419837609,0.03598201298644926,0.07891585825428256,0.18968925374530118,0.2809196651256059,0.5673904684929431,0.432609531507057,0.432609531507057,2.5705546136918365,2,4,2460.998976043036,2073.368051600785,387.63092444225094,387.63092444225094,120.33944702148438,196.68274688720703,429.0289825439453,623.954345703125,10.0,0.1,2.0,1765,0.14778858,False
9180,15861,ok,True,False,20260908,5,analysis_activations,positive,False,4.89166827026585,5.4342929950200105,0.024034973681747538,0.15024476414741167,0.1550321698285473,0.38761419497666966,0.7552701114804483,0.24472988851955166,0.24472988851955166,1.838193082403196,2,5,9926.601315042828,2972.1201343818375,6954.4811806609905,6954.4811806609905,106.06670379638672,137.70469665527344,294.3927307128906,1159.279541015625,10.0,0.1,2.0,2082,0.10935189,False
9222,4361,ok,True,True,20260908,5,analysis_activations,positive,False,4.942951636787314,5.569671017214351,0.02978925172062805,0.09166278064958136,0.17259563065335126,0.3027586177957307,0.5821151199899205,0.4178848800100796,0.4178848800100796,2.543230535710768,2,8,4153.86632414658,3172.709045383101,981.1572787634791,981.1572787634791,108.48171997070312,167.44943237304688,381.8851318359375,636.7437133789062,10.0,0.1,2.0,633,0.15122473,False
9251,20100,ok,True,True,20260908,5,analysis_activations,positive,False,4.926292134066233,5.421146830388663,0.016634524161939116,0.10095471037684882,0.128974897410074,0.31773370985284016,0.6224936582997869,0.3775063417002131,0.3775063417002131,2.0408397868423935,2,11,11952.448768845186,4375.928033256821,7576.520735588365,7576.520735588365,114.05873107910156,150.2090301513672,323.11136474609367,844.08935546875,10.0,0.1,2.0,1470,0.106016226,False
9324,501,ok,True,True,20260908,5,analysis_activations,positive,False,4.8985441182401255,5.318737682581831,0.016424065312759594,0.06432899715570424,0.12815640956565377,0.25363161702694764,0.6236573713440557,0.3763426286559442,0.3763426286559442,2.0911485908787606,2,6,142.41278377481342,37.61092563944258,104.80185813537085,104.80185813537085,109.73375701904297,146.53668212890625,265.76544189453125,457.3315734863281,10.0,0.1,2.0,251,0.0760442,False
9337,2383,ok,True,True,20260908,5,analysis_activations,positive,False,5.310183793735717,6.075043806010762,0.08386316134030568,0.08495376000384491,0.2895913695887805,0.29146828301522776,0.4828646501511938,0.5171353498488063,0.4828646501511938,2.6326247869344406,2,4,3281.223523178702,3119.4749326749034,161.74859050379882,161.74859050379882,120.096435546875,302.53143310546875,635.8229431152345,1010.2303466796875,10.0,0.1,2.0,1675,0.23060392,False
9353,2684,ok,True,False,20260908,5,analysis_activations,positive,False,4.887212440357314,5.277379735680496,0.009848229282215874,0.07723699445978174,0.099238245058122,0.27791544480251856,0.6297559474002696,0.3702440525997305,0.3702440525997305,1.8697934104959408,2,12,506.3749999583525,-657.6520522075033,1164.0270521658558,1164.0270521658558,114.43363189697266,139.95257568359375,264.61183013916013,529.1788940429688,10.0,0.1,2.0,843,0.07031862,False
9427,7892,ok,True,True,20260908,5,analysis_activations,positive,False,4.528643974819823,5.3980542791119515,0.021289001902298738,0.2673578276168904,0.1459075114663352,0.5170665601418162,0.7531292072846419,0.246870792715358,0.246870792715358,2.288528815916991,2,10,10556.691900582215,3413.352391107263,7143.339509474952,7143.339509474952,75.35066223144531,95.32225799560547,371.3347015380859,768.5968627929688,10.0,0.1,2.0,3223,0.22260022,False
9466,1209,ok,True,True,20260908,5,analysis_activations,positive,False,5.105814066698021,5.504440847444074,0.016942988073601346,0.04441375533019021,0.13016523373620678,0.21074571248352886,0.5997049580629469,0.40029504193705323,0.40029504193705323,2.2758850331351295,2,5,160.55286617976742,-18.427482278794706,178.98034845856213,178.98034845856213,135.61764526367188,184.26748657226562,319.0559020996093,434.2117919921875,10.0,0.1,2.0,784,0.06613928,False
9498,2075,ok,True,True,20260908,5,analysis_activations,positive,False,5.096269327604078,5.690880737809146,0.0414679752907225,0.07578722315801825,0.20363687114744838,0.2752947931908961,0.5851800886936844,0.4148199113063155,0.4148199113063155,2.4557388654463574,2,4,1846.7199746621504,1631.762364552203,214.95761010994738,214.95761010994738,117.81643676757812,197.84942626953125,411.86134338378906,645.0921630859375,10.0,0.1,2.0,1541,0.14159702,False
9505,6332,ok,True,True,20260908,5,analysis_activations,positive,False,4.938641339055221,5.32397422596133,0.012657937549636077,0.058146770147339,0.11250749997060674,0.2411364139804252,0.5065422858116295,0.4934577141883705,0.4934577141883705,2.047953101203674,2,14,1346.0093060983534,57.98397099339269,1288.0253351049607,1288.0253351049607,117.6235580444336,159.78378295898438,279.55238800048824,553.6859130859375,10.0,0.1,2.0,3298,0.07222916,False
9506,2805,ok,True,True,20260908,5,analysis_activations,positive,False,4.820906693688954,5.693457475310644,0.023486978689635375,0.1998455370603799,0.15325462045118043,0.4470408673268921,0.4275236819477221,0.5724763180522778,0.4275236819477221,2.6111374321444645,2,22,4698.041004371025,3714.203384769572,983.8376196014533,983.8376196014533,100.50537109375,178.55667114257812,541.3866821289059,1050.6767578125,10.0,0.1,2.0,1625,0.31089488,False
9507,2648,ok,True,True,20260908,5,analysis_activations,positive,False,4.469520345828323,5.439253202815609,0.01946220005900067,0.35791733927672664,0.13950698928369384,0.5982619319969529,0.7040329852548862,0.2959670147451138,0.2959670147451138,2.23243042987641,2,15,4476.414399859776,1776.1000704557828,2700.314329403993,2700.314329403993,71.99729919433594,91.3681411743164,470.36767883300786,763.1596069335938,10.0,0.1,2.0,1448,0.31569993,False
9511,5230,ok,True,True,20260908,5,analysis_activations,positive,False,4.856874329181883,5.32619767574452,0.013713579301112201,0.08723259678930306,0.11710499263956341,0.29535164937630376,0.5711438688669009,0.42885613113309906,0.42885613113309906,2.0890181848409246,2,14,2774.3189866849134,945.3758541800028,1828.9431325049106,1828.9431325049106,107.98992156982422,142.3023223876953,296.94422607421876,593.2788696289062,10.0,0.1,2.0,540,0.09921181,False
9517,2257,ok,True,True,20260908,5,analysis_activations,positive,False,5.062176998867062,5.720789168338776,0.06075429752308904,0.0736564302448322,0.24648386868736266,0.27139718171866156,0.48223117976802404,0.517768820231976,0.48223117976802404,2.540550210925254,2,4,2496.1634074891617,2367.646798906092,128.51660858306968,128.51660858306968,101.88037109375,220.6474609375,437.03632812499984,615.742919921875,10.0,0.1,2.0,1795,0.17581671,False
9536,9894,ok,True,False,20260908,5,analysis_activations,positive,False,4.9273622132919686,5.345968984379253,0.011958991615489993,0.07859112151459986,0.10935717450396198,0.280341080676022,0.6031308964057615,0.39686910359423844,0.39686910359423844,1.9673278868275987,2,12,3149.540952791095,-534.1352078365454,3683.6761606276405,3683.6761606276405,117.53780364990234,149.07376098632812,289.70692749023436,671.8018798828125,10.0,0.1,2.0,2598,0.080354325,False
9559,3785,ok,True,False,20260908,5,analysis_activations,positive,False,4.823404382109104,5.033454391018282,0.0032285420689609377,0.019106434757666223,0.05682026107790194,0.13822602778661558,0.5770456637750448,0.42295433622495526,0.42295433622495526,1.9876730485028433,2,12,-3916.8507321996212,-5105.58013813003,1188.7294059304086,1188.7294059304086,113.56610870361328,129.74725341796875,180.93051452636715,262.8926696777344,10.0,0.1,2.0,700,0.020717027,False
9594,1651,ok,True,True,20260908,5,analysis_activations,positive,False,5.042797261090286,5.427542169069763,0.016711275842447998,0.047541496185805734,0.1292721000156182,0.21804012517379853,0.6330473322757013,0.3669526677242987,0.3669526677242987,2.1465546215856786,2,5,120.23879308663625,-151.77687801184345,272.0156710984797,272.0156710984797,126.72647094726562,169.45578002929688,290.3058166503906,486.477294921875,10.0,0.1,2.0,842,0.062448096,False
9606,5314,ok,True,True,20260908,5,analysis_activations,positive,False,5.293605576877759,5.76662157732496,0.02683001918369095,0.050466142734189666,0.16379871545189525,0.22464670648418078,0.5129076532766844,0.48709234672331564,0.48709234672331564,2.4060899799393347,2,5,2546.4845556702744,2104.5038682729673,441.98068739730707,441.98068739730707,152.42572021484375,244.81314086914062,425.3990447998046,747.9517211914062,10.0,0.1,2.0,2346,0.09425853,False
9612,3225,ok,True,False,20260908,5,analysis_activations,positive,False,4.810726816426846,5.1047873363521346,0.006793941150252415,0.04652870112402858,0.08242536715266978,0.21570512540046094,0.6551331943711841,0.34486680562881583,0.34486680562881583,1.8009260817744355,2,9,-1209.9051911701283,-2484.0937439969834,1274.1885528268551,1274.1885528268551,108.44229125976562,127.37872314453125,201.66971435546864,587.5155029296875,10.0,0.1,2.0,1437,0.04004531,False
9614,1322,ok,True,True,20260908,5,analysis_activations,positive,False,5.086525591435892,5.404731596465988,0.0075864079936423775,0.04175239323351621,0.08709998848244686,0.2043340236806299,0.5959345268564784,0.40406547314352165,0.40406547314352165,2.025951630316582,2,12,-311.0934996163167,-714.7554595079266,403.6619598916099,403.6619598916099,141.64173889160156,172.8627166748047,284.2451629638672,439.24951171875,10.0,0.1,2.0,331,0.045807198,False
9672,10929,ok,True,True,20260908,5,analysis_activations,positive,False,4.518637928316493,5.2462843703687,0.016934577833888236,0.16705309667516635,0.1301329237122114,0.40872129461916507,0.5688924774540162,0.43110752254598383,0.43110752254598383,2.3990596306120295,2,13,14055.492215592678,7992.109509194846,6063.3827063978315,6063.3827063978315,75.52906799316406,104.44171142578125,324.34915771484384,673.1416625976562,10.0,0.1,2.0,4030,0.21152593,False
9687,8533,ok,True,True,20260908,5,analysis_activations,positive,False,4.962907087807983,5.3496654811522495,0.011117568453856289,0.05536919431652917,0.10543988075607962,0.23530659641524962,0.5564517383936568,0.44354826160634314,0.44354826160634314,2.1212270244549307,2,12,1252.5140605908855,-1051.7039048454553,2304.217965436341,2304.217965436341,121.47518920898438,157.9367218017578,283.46906127929685,472.7423095703125,10.0,0.1,2.0,3087,0.06767107,False
9699,6131,ok,True,True,20260908,5,analysis_activations,positive,False,4.978215456411624,5.330243829710519,0.009791238884883433,0.04797704384463434,0.09895068915820361,0.21903662671944693,0.6063655906233851,0.39363440937661487,0.39363440937661487,2.0713235258380758,2,10,-433.22192423713057,-2259.212580295584,1825.9906560584532,1825.9906560584532,125.10617065429688,156.35914611816406,266.5921936035156,493.02447509765625,10.0,0.1,2.0,364,0.054409206,False
9704,5156,ok,True,True,20260908,5,analysis_activations,positive,False,4.889408602092632,5.387992625601292,0.015102824455596492,0.07851947338456719,0.12289354928390868,0.28021326411247416,0.4109075443231106,0.5890924556768894,0.4109075443231106,2.304430994011307,2,19,3390.4634813557386,2445.761366357308,944.7021149984307,944.7021149984307,110.39417266845703,169.05894470214844,323.9795608520508,647.0303344726562,10.0,0.1,2.0,2393,0.112655245,False
9751,5932,ok,True,False,20260908,5,analysis_activations,positive,False,4.8584165634691825,5.287105958677437,0.013102879304553838,0.08511435185733507,0.11446780903185767,0.2917436406459189,0.6569809913917072,0.3430190086082928,0.3430190086082928,1.9344784436222466,2,11,1810.775306441592,-618.9292942169184,2429.7046006585106,2429.7046006585106,108.8183364868164,136.055419921875,270.0511825561523,550.0786743164062,10.0,0.1,2.0,1133,0.07923158,False
9752,6401,ok,True,False,20260908,5,analysis_activations,positive,False,5.020688030061818,5.409219929900151,0.00888679314227079,0.07032770846100425,0.0942697891281761,0.2651937187434956,0.6219380794186993,0.37806192058130067,0.37806192058130067,1.95226753592159,2,12,938.3909007922938,-1930.2468068589549,2868.6377076512485,2868.6377076512485,131.983154296875,160.66148376464844,302.86590576171875,630.6580810546875,10.0,0.1,2.0,2838,0.06761945,False
9754,9042,ok,True,True,20260908,5,analysis_activations,positive,False,5.0076636144362645,5.470468503904396,0.013249960705053156,0.08980851949741396,0.11510847364574493,0.2996806959038469,0.5171200446094828,0.48287995539051715,0.48287995539051715,2.0387833094443355,2,16,5187.005463216851,2391.9312889230755,2795.0741742937757,2795.0741742937757,126.0357894897461,171.04608154296875,354.67685241699195,732.3495483398438,10.0,0.1,2.0,1672,0.10371333,False
9767,14309,ok,True,False,20260908,5,analysis_activations,positive,False,4.896405233061428,5.183647506910755,0.00544229526823933,0.04001045796486238,0.07377191381711153,0.20002614320348822,0.6394862542404713,0.3605137457595286,0.3605137457595286,1.9053872565786456,2,11,-6577.038997952648,-12762.023444306305,6184.984446353657,6184.984446353657,119.77920532226562,139.0338592529297,220.24096374511703,507.8699645996094,10.0,0.1,2.0,3080,0.03692777,False
9769,2021,ok,True,True,20260908,5,analysis_activations,positive,False,5.008051248646908,5.883937540028058,0.02088497226226059,0.2943511975870392,0.14451633908406547,0.5425414247659244,0.570246233880803,0.4297537661191971,0.4297537661191971,2.2061991145579847,2,16,3487.89358078275,2191.3785309264326,1296.5150498563175,1296.5150498563175,122.10163879394531,172.34303283691406,799.4142456054688,1204.291015625,10.0,0.1,2.0,1036,0.32657722,False
9784,2892,ok,True,True,20260908,5,analysis_activations,positive,False,4.962525497721741,5.697033425867315,0.028408872615426635,0.12349581024792054,0.16854931805090947,0.3514197066869195,0.4240409973090842,0.5759590026909157,0.4240409973090842,2.6651760658486037,2,15,3776.885513956816,3195.432648854218,581.452865102598,581.452865102598,111.13215637207031,204.5735321044922,492.1105484008789,717.841552734375,10.0,0.1,2.0,962,0.21501106,False
9790,14348,ok,True,False,20260908,5,analysis_activations,positive,False,4.868090120710535,5.221538666093909,0.008364464464681875,0.06276075059594563,0.09145744619593242,0.25052095839658933,0.640710811597903,0.3592891884020969,0.3592891884020969,1.87425811635416,2,10,-450.22939214815443,-6668.997576040725,6218.768183892571,6218.768183892571,113.65066528320312,136.3098907470703,238.43752288818357,573.8028564453125,10.0,0.1,2.0,2813,0.05666988,False
9791,8807,ok,True,False,20260908,5,analysis_activations,positive,False,4.914511658118309,5.238900873088016,0.00875706393980427,0.044517189277088504,0.09357918539827256,0.2109909696576811,0.6131683906667329,0.38683160933326705,0.38683160933326705,1.9875713101148187,2,9,-1814.7918040633813,-4473.171907253574,2658.380103190193,2658.380103190193,118.4304428100586,145.03118896484375,238.25345153808584,490.8994445800781,10.0,0.1,2.0,2566,0.04755402,False
9808,6907,ok,True,True,20260908,5,analysis_activations,positive,False,4.855113355052533,5.4111892447455725,0.011458065007372766,0.11057270096820399,0.10704235146600978,0.33252473737784377,0.5415358645235583,0.45846413547644177,0.45846413547644177,2.251201630019119,2,15,5719.338860984639,2413.0722138224482,3306.2666471621906,3306.2666471621906,109.83572387695312,145.18447875976562,347.04685668945314,714.1731567382812,10.0,0.1,2.0,1313,0.13368894,False
9813,778,ok,True,True,20260908,5,analysis_activations,positive,False,4.730802862490017,6.036339291245404,0.02563523041927867,0.15306619296290408,0.16011005720840485,0.39123674797097485,0.3505413870667568,0.6494586129332431,0.3505413870667568,4.367571129278492,2,9,1676.3360512753197,1240.9399080514052,435.3961432239146,435.3961432239146,91.5299072265625,308.41888427734375,717.2052673339842,878.6875,10.0,0.1,2.0,392,0.49706724,False
9822,3031,ok,True,True,20260908,5,analysis_activations,positive,False,4.999193233639999,5.733538778803298,0.042955534261909276,0.11989347307242579,0.2072571693860294,0.3462563689990782,0.7004633937565723,0.29953660624342776,0.29953660624342776,2.573492486503132,2,4,3405.661569057316,2582.370984479993,823.290584577323,823.290584577323,108.27668762207031,164.9328155517578,457.4413604736328,731.1253662109375,10.0,0.1,2.0,1504,0.17920454,False
9844,13216,ok,True,True,20260908,5,analysis_activations,positive,False,4.76623746168225,5.218690417157366,0.021632564325809907,0.0572196805081406,0.14708012892913136,0.23920635549278493,0.577006664795995,0.422993335204005,0.422993335204005,2.2786697993754226,2,5,5199.503235285461,3206.264532891321,1993.2387023941405,1993.2387023941405,93.04950714111328,134.44438934326172,246.95842361450195,437.7437744140625,10.0,0.1,2.0,4416,0.086655945,False
9845,14143,ok,True,False,20260908,5,analysis_activations,positive,False,4.850128566355075,5.419913658350549,0.018736374368165276,0.15233565417760986,0.13688087656121026,0.39030200380937047,0.6533864252946059,0.34661357470539417,0.34661357470539417,1.9482136294431969,2,11,12203.085245947743,5218.406309482846,6984.678936464897,6984.678936464897,105.09748840332031,136.87596130371094,343.80610656738276,1062.8316650390625,10.0,0.1,2.0,2299,0.1385775,False
9869,23631,ok,True,False,20260908,5,analysis_activations,positive,False,4.761602021924486,5.180847251686841,0.011638848812876038,0.0855772582388391,0.10788349648058333,0.2925359093151456,0.6098547507480592,0.39014524925194083,0.39014524925194083,1.9015774324467472,2,12,8067.777099330539,-1473.5940621947086,9541.371161525249,9541.371161525249,99.42881774902344,125.34921264648438,245.66404724121094,634.8938598632812,10.0,0.1,2.0,4241,0.082309835,False
9873,8440,ok,True,True,20260908,5,analysis_activations,positive,False,4.91543295219307,5.41713196319559,0.016307541034473683,0.10029931769364087,0.12770098290331866,0.31670067523395157,0.632414058261987,0.367585941738013,0.367585941738013,2.0777638920592416,2,11,5003.255767625406,1664.2641715899997,3338.9915960354065,3338.9915960354065,113.16456604003906,147.56017303466797,322.3367965698239,667.8115234375,10.0,0.1,2.0,914,0.10570586,False
9918,992,ok,True,True,20260908,5,analysis_activations,positive,False,4.821710655863921,5.5714489904911275,0.030531726539261405,0.15028023600025103,0.17473330117427932,0.3876599489246355,0.5628667268509806,0.4371332731490194,0.4371332731490194,2.493510119010903,2,14,1332.2747183402594,1015.6283053239482,316.64641301631116,316.64641301631116,98.64232635498047,151.0980224609375,437.81329956054685,690.5499267578125,10.0,0.1,2.0,195,0.22140417,False
9943,750,ok,True,True,20260908,5,analysis_activations,positive,False,4.530866894546563,5.064596734217743,0.027816472962774202,0.05608581388455486,0.16678271182222157,0.23682443683994028,0.5385289381442078,0.4614710618557922,0.4614710618557922,2.605851018838005,2,4,497.39154692474943,418.22618299904826,79.16536392570117,79.16536392570117,71.30929565429688,113.05475997924805,212.4219985961914,306.36846923828125,10.0,0.1,2.0,552,0.11180407,False
9962,27163,ok,True,False,20260908,5,analysis_activations,positive,False,4.834397919482131,5.139803796134934,0.007207119129708059,0.046410502216308304,0.08489475325194167,0.21543096856373345,0.6194645120617062,0.3805354879382939,0.3805354879382939,1.865256730291171,2,10,-7671.043794447037,-17507.282256317383,9836.238461870347,9836.238461870347,110.42784118652344,132.12754821777344,213.67304992675778,577.9129028320312,10.0,0.1,2.0,5117,0.044112865,False
9985,1345,ok,True,False,20260908,5,analysis_activations,positive,False,4.972606153000047,5.397520169896796,0.010861195189911277,0.08032560973448843,0.10421705805630514,0.2834177300990332,0.5794135791830642,0.4205864208169357,0.4205864208169357,1.989986160476944,2,13,501.0760364372467,-5.893473191159401,506.9695096284061,506.9695096284061,123.4395751953125,157.159912109375,303.5953247070311,582.0762939453125,10.0,0.1,2.0,797,0.084138036,False
9990,6035,ok,True,True,20260908,5,analysis_activations,positive,False,4.9268573834591365,5.2385291630790505,0.007361343353104839,0.03999879803274212,0.08579827127107421,0.19999699505928112,0.6352475175176693,0.3647524824823307,0.3647524824823307,2.0253775112970365,2,11,-2020.188986870086,-4117.539763266444,2097.3507763963585,2097.3507763963585,121.44328308105469,144.86170959472656,233.6493103027344,441.81768798828125,10.0,0.1,2.0,1855,0.041779637,False
10005,6206,ok,True,True,20260908,5,analysis_activations,positive,False,4.91610078452307,5.328279153708139,0.014149134849140297,0.07051676301734609,0.1189501359778134,0.2655499256587094,0.5979425550383735,0.4020574449616265,0.4020574449616265,2.003299742701856,2,10,1769.9621371131277,4.045722314631782,1765.916414798496,1765.916414798496,113.78274536132812,148.90894317626953,280.0523986816406,602.4405517578125,10.0,0.1,2.0,2582,0.077666745,False
10011,1582,ok,True,False,20260908,5,analysis_activations,positive,False,4.89703202223886,5.3617648848905315,0.01426975904416454,0.1290266252955259,0.11945609672245507,0.35920276348536895,0.7065942021152132,0.2934057978847869,0.2934057978847869,1.7362040520213242,2,9,741.9043789294849,-86.41578022703675,828.3201591565216,828.3201591565216,113.22913360595703,138.68980407714844,269.44018859863274,744.2299194335938,10.0,0.1,2.0,385,0.09277394,False
10012,518,ok,True,False,20260908,5,analysis_activations,positive,False,4.939584386298106,5.05791738142485,0.001235698917609353,0.007400335749409856,0.03515250940700184,0.08602520415209636,0.5668602472397295,0.4331397527602705,0.4331397527602705,1.8007924716869954,2,10,-1062.940952214684,-1193.2330066910295,130.29205447634536,130.29205447634536,132.1342315673828,143.19390869140625,172.30186462402344,234.81748962402344,10.0,0.1,2.0,394,0.0073571294,False
10014,3766,ok,True,True,20260908,5,analysis_activations,positive,False,5.122707586426165,5.833126953103676,0.05976595746612232,0.11290280193754386,0.24447077016715582,0.3360101217784129,0.5152783345795829,0.48472166542041706,0.48472166542041706,2.4178140986033876,2,5,4854.6998643948855,4534.24943649525,320.45042789963554,320.45042789963554,113.96208190917969,227.6714859008789,534.4449920654297,961.9155883789062,10.0,0.1,2.0,142,0.2116338,False
10017,6600,ok,True,True,20260908,5,analysis_activations,positive,False,4.5764932482865195,5.605668667462765,0.023967778538536655,0.3724460367169886,0.15481530460047113,0.6102835707414944,0.583399484145502,0.4166005158544979,0.4166005158544979,2.311692223573165,2,20,13124.61506005094,8221.316382994355,4903.298677056586,4903.298677056586,79.16770935058594,112.38920593261719,594.7211914062497,1034.2659912109375,10.0,0.1,2.0,2815,0.42663938,False
10053,15218,ok,True,False,20260908,5,analysis_activations,positive,False,4.891102410420395,5.323583271941398,0.01096522944921096,0.09135681568235213,0.10471499152084653,0.3022529002050305,0.6457609066861602,0.3542390933138398,0.3542390933138398,1.9120413730626957,2,12,5187.581577291101,-2235.2918451004757,7422.873422391576,7422.873422391576,114.27928161621094,140.33297729492188,284.4519790649414,763.0519409179688,10.0,0.1,2.0,2386,0.082233354,False
10087,7161,ok,True,False,20260908,5,analysis_activations,positive,False,4.8491635823596555,4.9852354066149145,0.0016281619551365431,0.008991596217515357,0.040350488908271524,0.09482402763812217,0.6437024438888492,0.3562975561111507,0.3562975561111507,1.8673507111247667,2,7,-13803.933449221815,-16149.692713556142,2345.759264334327,2345.759264334327,119.4754409790039,129.73651123046875,160.08445739746094,248.322021484375,10.0,0.1,2.0,2566,0.008498431,False
10093,792,ok,True,False,20260908,5,analysis_activations,positive,False,4.834465263272327,5.2907091044656225,0.00864904554344801,0.109611722955245,0.09300024485692503,0.3310766119121751,0.6122382425051601,0.38776175749483993,0.38776175749483993,1.8762541436981903,2,11,414.9290661126614,-38.50103283313016,453.4300989457916,453.4300989457916,110.36933898925781,133.3786163330078,289.5920288085935,879.237060546875,10.0,0.1,2.0,403,0.09733782,False
10094,1291,ok,True,True,20260908,5,analysis_activations,positive,False,4.717510583058119,5.1923032604857005,0.017873290191294574,0.08363021478166453,0.1336910250962815,0.289188891179562,0.6998807580966047,0.30011924190339534,0.30011924190339534,2.1075529310678913,2,7,494.9360883894324,54.36781864750229,440.5682697419301,440.5682697419301,91.987060546875,118.06138610839844,236.69954681396484,464.07672119140625,10.0,0.1,2.0,218,0.08502384,False
10099,1532,ok,True,False,20260908,5,analysis_activations,positive,False,4.775164332542961,5.19898573088986,0.018643877152540147,0.07358994381649189,0.13654258365997088,0.2712746648997873,0.6616927405553603,0.33830725944463974,0.33830725944463974,1.9735711031286536,2,5,443.08364065901884,67.3212928710833,375.76234778793554,375.76234778793554,95.87826538085938,127.13410949707031,238.2676513671875,433.22265625,10.0,0.1,2.0,1024,0.077492066,False
10125,3521,ok,True,False,20260908,5,analysis_activations,positive,False,4.84223081764675,5.165926554491977,0.006578970569226907,0.059157137305689216,0.08111085358462766,0.24322240296833106,0.61955795945157,0.38044204054842995,0.38044204054842995,1.7854594208175938,2,13,-450.614361900719,-2056.2034415788767,1605.5890796781578,1605.5890796781578,112.32752990722656,132.58168029785156,226.4122314453125,496.5679931640625,10.0,0.1,2.0,974,0.051292792,False
10140,1662,ok,True,False,20260908,5,analysis_activations,positive,False,4.868863601334254,5.307261218325193,0.012992064874211251,0.0872610390657271,0.11398273936965742,0.2953997953041388,0.632524985143128,0.36747501485687184,0.36747501485687184,1.958097300827704,2,11,633.5143861100423,-16.14580584058595,649.6601919506282,649.6601919506282,110.05252075195312,138.8828887939453,273.87427368164055,651.0986328125,10.0,0.1,2.0,759,0.085006826,False
10141,4069,ok,True,True,20260908,5,analysis_activations,positive,False,5.07858168762891,5.674002534804144,0.03478943935536402,0.09147662439395549,0.18651927341528013,0.30245102809207886,0.5978607148190436,0.4021392851809565,0.4021392851809565,2.369712793551972,2,5,3645.002794681046,2967.25751783737,677.745276843676,677.745276843676,120.18165588378906,188.9993438720703,423.4165283203124,765.2702026367188,10.0,0.1,2.0,199,0.14285663,False
10152,9965,ok,True,True,20260908,5,analysis_activations,positive,False,5.0036421815268275,5.605115863794611,0.02313253417740645,0.10817829776862847,0.1520938334627885,0.3289046940507667,0.5669651481770924,0.4330348518229075,0.4330348518229075,2.347368923596323,2,13,9311.65530673926,6337.878042089665,2973.777264649595,2973.777264649595,118.77838134765625,173.6771240234375,413.1352905273437,743.3577270507812,10.0,0.1,2.0,670,0.14879458,False
10163,5544,ok,True,True,20260908,5,analysis_activations,positive,False,5.313462808651352,5.817397318761533,0.032874870574092205,0.046381645515283,0.18131428673464264,0.21536398379321228,0.5064065997261477,0.4935934002738523,0.4935934002738523,2.5314631468665643,2,4,3149.7316452085583,2764.801632145854,384.93001306270435,384.93001306270435,149.50064086914062,256.1150817871094,446.0128784179686,665.699951171875,10.0,0.1,2.0,2342,0.10303624,False
10184,1765,ok,True,True,20260908,5,analysis_activations,positive,False,4.819466596608172,5.460598385307759,0.021111531779281423,0.16926731707080875,0.14529807906259953,0.4114210945865668,0.6433800433846483,0.35661995661535173,0.35661995661535173,2.07803548919369,2,13,1878.1220235065196,1001.188961899685,876.9330616068346,876.9330616068346,100.56562805175781,135.07244873046875,372.0558715820312,919.6904296875,10.0,0.1,2.0,547,0.16835345,False
10186,961,ok,True,True,20260908,5,analysis_activations,positive,False,5.0923151754001035,5.781082828617781,0.03950141268099992,0.08475486400261789,0.19874962309649777,0.29112688643032936,0.5519017239175921,0.44809827608240793,0.44809827608240793,2.76330340969015,2,4,1077.4094103472269,932.886210336678,144.52320001054886,144.52320001054886,118.42657470703125,203.50601196289062,468.23431396484375,661.4614868164062,10.0,0.1,2.0,767,0.177285,False
10211,3738,ok,True,True,20260908,5,analysis_activations,positive,False,4.984132103301892,5.590096460250246,0.020835562753319794,0.1396010607371421,0.14434529002818136,0.3736322533416275,0.5865953508721836,0.4134046491278163,0.4134046491278163,2.1394902945046126,2,14,3750.2823728919975,2294.573742673496,1455.7086302185016,1455.7086302185016,119.13327026367188,165.24544525146484,445.6823760986327,762.6531982421875,10.0,0.1,2.0,1557,0.15902007,False
10219,3767,ok,True,False,20260908,5,analysis_activations,positive,False,4.942656848918146,5.3621502040791675,0.00883556615689133,0.08478691448075192,0.09399769229556293,0.2911819267756018,0.6090859519758459,0.3909140480241541,0.3909140480241541,1.9388758967428434,2,13,1212.2730711565712,-671.7923490242506,1884.0654201808218,1884.0654201808218,122.39210510253906,149.4040985107422,295.28160095214844,774.2840576171875,10.0,0.1,2.0,1188,0.080445915,False
10223,1678,ok,True,False,20260908,5,analysis_activations,positive,False,4.933925688337579,5.220438291702183,0.005439987593781505,0.040974637632973626,0.07375627155558709,0.20242192972347048,0.5749674247058794,0.42503257529412075,0.42503257529412075,1.8807510139302068,2,13,-599.3421242096211,-1204.425821035136,605.083696825515,605.083696825515,124.0021743774414,147.05250549316406,231.1257400512695,456.6489562988281,10.0,0.1,2.0,986,0.04062761,False
10265,1424,ok,True,True,20260908,5,analysis_activations,positive,False,4.970414012177149,5.568394443631788,0.022436482810260703,0.09408499202202471,0.14978812639946032,0.3067327697231333,0.5510476585468731,0.44895234145312696,0.44895234145312696,2.477416259414754,2,12,1286.7596439452354,911.3284145312524,375.43122941398303,375.43122941398303,116.1610107421875,171.60580444335938,386.558023071289,643.9171752929688,10.0,0.1,2.0,109,0.143166,False
10275,39365,ok,True,True,20260908,5,analysis_activations,positive,False,4.729466404795202,5.162783146459031,0.014517896343010839,0.07160320405291487,0.12049023339263161,0.2675877501921844,0.5737447066335284,0.4262552933664718,0.4262552933664718,2.0881691795480477,2,11,14588.501887633798,3606.4351700115158,10982.066717622281,10982.066717622281,94.07281494140625,125.64894104003906,241.56007690429684,537.1593017578125,10.0,0.1,2.0,5314,0.08477118,False
10294,5309,ok,True,True,20260908,5,analysis_activations,positive,False,5.099180637407991,5.483022056215315,0.01380997042059976,0.03894629438749915,0.11751583051061572,0.19734815526753513,0.5367548859231233,0.4632451140768767,0.4632451140768767,2.3633596365028886,2,8,328.6378009833835,-476.9118046934319,805.5496056768154,805.5496056768154,136.00796508789062,187.36026000976562,307.68535766601553,492.4931640625,10.0,0.1,2.0,174,0.062099356,False
10296,8453,ok,True,False,20260908,5,analysis_activations,positive,False,4.416728170136793,5.136463869412526,0.023008756906876756,0.30415522703815545,0.15168637680054448,0.5515026990307078,0.865073855157036,0.13492614484296395,0.13492614484296395,1.779529935932316,2,12,6182.506294133539,-718.2833251739091,6900.789619307448,6900.789619307448,67.0411376953125,81.57178497314453,159.63903808593747,733.158203125,10.0,0.1,2.0,3254,0.12142007,False
10323,37549,ok,True,False,20260908,5,analysis_activations,positive,False,4.808776395293173,5.212458259783143,0.011890500076828977,0.07347860250280946,0.10904356962622315,0.27106936843326557,0.62552547357246,0.37447452642753987,0.37447452642753987,1.953906955399556,2,11,8367.78408527035,-5575.053874614533,13942.837959884884,13942.837959884884,104.25922393798828,130.90310668945312,248.8519226074218,558.0619506835938,10.0,0.1,2.0,4721,0.07312663,False
10362,9307,ok,True,False,20260908,5,analysis_activations,positive,False,4.879221882693915,5.042254961724667,0.002235978360136355,0.012042718903652222,0.04728613285241621,0.10973932250406972,0.6343091538467582,0.36569084615324177,0.36569084615324177,1.9295073427027785,2,9,-14743.383210039416,-17770.005756123952,3026.622546084536,3026.622546084536,121.9700698852539,134.60775756835938,173.05751037597653,252.47860717773438,10.0,0.1,2.0,1940,0.0119881,False
10375,9607,ok,True,False,20260908,5,analysis_activations,positive,False,5.011894555645504,5.439873664807252,0.01146737269906806,0.08151080951910547,0.10708581931828351,0.285500979891673,0.6565892336249478,0.34341076637505213,0.34341076637505213,1.9849384416534126,2,11,2627.5131032720733,-1732.4176385609294,4359.930741833003,4359.930741833003,128.98837280273438,158.66342163085938,310.25631408691396,703.7605590820312,10.0,0.1,2.0,1349,0.07682841,False
10381,5619,ok,True,False,20260908,5,analysis_activations,positive,False,5.030209243194145,5.44990262530476,0.012757671150158852,0.07692261865348451,0.11294986122239749,0.2773492719541274,0.6020842295994253,0.3979157704005747,0.3979157704005747,1.9819770323392323,2,11,1805.4668297151536,-126.19465924376097,1931.6614889589146,1931.6614889589146,130.1138916015625,166.27288818359375,313.20725097656225,813.1672973632812,10.0,0.1,2.0,1270,0.08050316,False
10385,967,ok,True,False,20260908,5,analysis_activations,positive,False,4.794736610300772,5.289070740519569,0.02225728777094453,0.10325887571461588,0.1491887655654558,0.32133919106547815,0.6357097387699038,0.36429026123009617,0.36429026123009617,1.9732666053545378,2,8,608.9740735479503,348.7493244123293,260.224749135621,260.224749135621,96.76583862304688,132.91561889648438,279.12276611328116,553.3753051757812,10.0,0.1,2.0,411,0.1084674,False
10392,18131,ok,True,True,20260908,5,analysis_activations,positive,False,4.529285079457959,6.166275998987062,0.05755867128043801,0.10712817603138232,0.23991388305064384,0.327304408817514,0.8535692535958758,0.1464307464041242,0.1464307464041242,5.70468686139066,2,2,34848.716859611035,15934.359103157867,18914.357756453166,18914.357756453166,69.65548706054688,89.7445068359375,558.1724243164062,899.7012329101562,10.0,0.1,2.0,5278,0.39977407,True
10394,1839,ok,True,True,20260908,5,analysis_activations,positive,False,4.952811625286711,5.557308214311601,0.022923794404919134,0.1527380036870861,0.15140605801921908,0.3908170974856219,0.6036366156540072,0.39636338434599283,0.39636338434599283,2.039718291396211,2,12,1884.4100909614413,1189.11359903136,695.2964919300812,695.2964919300812,113.38338470458984,158.96456909179688,409.3235168457029,929.1726684570312,10.0,0.1,2.0,535,0.16189376,False
10404,10268,ok,True,True,20260908,5,analysis_activations,positive,False,4.839096473173372,5.256952407072136,0.01457777406427923,0.07105592299127497,0.12073845313022372,0.2665631688573554,0.6175740404632616,0.3824259595367383,0.3824259595367383,2.0193854586266005,2,9,2886.0476764291657,-156.30090508910195,3042.3485815182676,3042.3485815182676,105.30781555175781,136.9957046508789,258.5708587646484,570.2868041992188,10.0,0.1,2.0,4098,0.07742024,False
10408,9528,ok,True,True,20260908,5,analysis_activations,positive,False,4.878806103709534,5.105914681886307,0.0038229172852695986,0.02164494233009495,0.061829744340969085,0.14712220202979207,0.6222684334676377,0.3777315665323623,0.3777315665323623,2.0125761073269417,2,10,-9019.089419499793,-12305.006979809483,3285.91756030969,3285.91756030969,119.27206420898438,136.3132095336914,193.38289947509762,315.9920654296875,10.0,0.1,2.0,3130,0.022679836,False
10413,4088,ok,True,True,20260908,5,analysis_activations,positive,False,5.0901502597688735,5.615316898769511,0.03455126368481567,0.06677244828115779,0.18587970218616037,0.2584036537689779,0.5414249723448333,0.45857502765516667,0.45857502765516667,2.333224789162031,2,5,2874.6911730340007,2523.1256786172357,351.565494416765,351.565494416765,119.8505859375,198.45794677734375,383.996337890625,689.067626953125,10.0,0.1,2.0,1557,0.11783171,False
10419,12351,ok,True,True,20260908,5,analysis_activations,positive,False,5.095536330012945,5.70026107733566,0.034261608705327386,0.10150502120696017,0.1850989160025725,0.3185985266867381,0.6097213110705993,0.39027868892940065,0.39027868892940065,2.3210057729443636,2,5,11432.625774045964,8961.164790657669,2471.460983388295,2471.460983388295,123.92704772949219,190.2572784423828,442.72320556640625,814.5682983398438,10.0,0.1,2.0,558,0.14753677,False
10441,5836,ok,True,False,20260908,5,analysis_activations,positive,False,4.8891667810617,5.183931257871911,0.006334933777717155,0.04181705575580145,0.07959229722603284,0.20449218996284785,0.6429998252239337,0.3570001747760662,0.3570001747760662,1.8996912559795673,2,10,-2362.028229639151,-4654.128507249607,2292.1002776104556,2292.1002776104556,117.94898986816406,138.35755920410156,219.96961212158203,460.54248046875,10.0,0.1,2.0,2077,0.0389525,False
10508,4747,ok,True,False,20260908,5,analysis_activations,positive,False,4.864208460608892,5.042070791745604,0.0027588710615540925,0.013906756709854116,0.05252495655927849,0.11792691257662144,0.6751600369124966,0.32483996308750335,0.32483996308750335,1.9484449457334405,2,7,-7012.4922596550505,-8582.711195970864,1570.2189363158132,1570.2189363158132,119.09324645996094,132.1332244873047,172.27006988525392,253.15109252929688,10.0,0.1,2.0,2106,0.0133201275,False
10513,1483,ok,True,True,20260908,5,analysis_activations,positive,False,4.862597529794829,5.667550116875243,0.033933332178406266,0.19750505370245117,0.18421002192716407,0.4444154066888896,0.598785028575237,0.401214971424763,0.401214971424763,2.3662880062915406,2,13,2197.969812338491,1620.283072414353,577.686739924138,577.686739924138,99.05711364746094,152.16708374023438,505.37256469726526,811.2125854492188,10.0,0.1,2.0,853,0.2553959,False
10542,5552,ok,True,True,20260908,5,analysis_activations,positive,False,4.922687695427137,5.295065465146299,0.010967338556749357,0.052383464181873896,0.10472506174144447,0.22887434146682736,0.5605145870914608,0.43948541290853915,0.43948541290853915,2.0922938723505493,2,12,452.67440528522104,-970.3862138395275,1423.0606191247484,1423.0606191247484,116.60079956054688,151.1798553466797,265.93193359375,517.2730712890625,10.0,0.1,2.0,2831,0.06333795,False
10553,1346,ok,True,True,20260908,5,analysis_activations,positive,False,4.613591813878708,6.134305100184814,0.04422128663589502,0.1133506252789427,0.21028857942336057,0.3366758459987035,0.6713373312896936,0.32866266871030636,0.32866266871030636,5.417799588510239,2,3,3094.461551766796,1732.1495932537368,1362.3119585130594,1362.3119585130594,78.0446548461914,110.46151733398438,633.4288635253906,990.6472778320312,10.0,0.1,2.0,819,0.5776231,False
10570,7149,ok,True,False,20260908,5,analysis_activations,positive,False,4.965110434007013,5.254859480699985,0.007245180938293921,0.03973858599894441,0.08511862862084846,0.19934539372391932,0.670493669821957,0.32950633017804287,0.32950633017804287,1.8904408654875848,2,7,-3360.782452014458,-5869.0368330506335,2508.2543810361753,2508.2543810361753,126.05874633789062,148.3589630126953,233.7654815673828,469.43621826171875,10.0,0.1,2.0,1410,0.036504284,False
10573,11844,ok,True,True,20260908,5,analysis_activations,positive,False,5.082043084507526,5.438802779905661,0.012006592263166301,0.04161532823479796,0.1095745967967316,0.20399835351001722,0.6014464613873117,0.39855353861268833,0.39855353861268833,2.178811205084665,2,7,-870.2947547170063,-3382.203220790739,2511.9084660737326,2511.9084660737326,135.9927978515625,175.40945434570312,290.5727493286133,510.49127197265625,10.0,0.1,2.0,4358,0.05432045,False
10585,882,ok,True,True,20260908,5,analysis_activations,positive,False,5.121402675353721,6.129239457202292,0.027825233058328513,0.251223472659658,0.16680897175610343,0.5012219794259406,0.4879809202395183,0.5120190797604818,0.4879809202395183,2.6981444446118816,2,15,1699.528906152982,1301.8038068001902,397.72509935279186,397.72509935279186,133.88189697265625,230.11178588867188,913.3388488769531,1268.7591552734375,10.0,0.1,2.0,321,0.39644513,False
10590,4667,ok,True,False,20260908,5,analysis_activations,positive,False,4.911154710307177,5.130866253821968,0.0034765704420713583,0.02370703003831973,0.05896244942394573,0.1539708739934918,0.5959289620311501,0.40407103796884986,0.40407103796884986,1.8845791568183026,2,11,-4288.568554664086,-5958.800038557622,1670.2314838935363,1670.2314838935363,123.84521484375,141.07937622070312,201.19119873046876,370.7247009277344,10.0,0.1,2.0,1744,0.023279194,False
10599,2516,ok,True,True,20260908,5,analysis_activations,positive,False,4.8700429101624145,5.715134249045736,0.03404133546563201,0.2303245338086566,0.18450294161782899,0.4799213829458494,0.5702850409795129,0.42971495902048706,0.42971495902048706,2.3244272382889934,2,14,4070.61947366076,3045.9362451814595,1024.6832284793004,1024.6832284793004,99.61294555664062,157.5330810546875,579.8581695556641,984.4395751953125,10.0,0.1,2.0,300,0.29351956,False
10605,6460,ok,True,False,20260908,5,analysis_activations,positive,False,4.876501664747506,5.292872701133008,0.01274595516345178,0.07528083236204279,0.11289798564833554,0.27437352707949575,0.5887004104818504,0.4112995895181496,0.4112995895181496,1.9846689848893364,2,11,2069.6783494014985,-32.836660713340066,2102.515010114839,2102.515010114839,111.12710571289062,143.03974151611328,275.48146057128895,636.2403564453125,10.0,0.1,2.0,954,0.080455266,False
10614,2231,ok,True,True,20260908,5,analysis_activations,positive,False,5.045352147116991,5.554979192229332,0.020087019453493137,0.05156556952281856,0.1417286825363629,0.2270805353235247,0.5917484152888984,0.40825158471110157,0.40825158471110157,2.6924740207557627,2,6,1111.1538351734275,655.357537284783,455.7962978886445,455.7962978886445,124.65753173828125,177.75210571289062,342.4635925292969,498.56610107421875,10.0,0.1,2.0,103,0.09572365,False
10615,8193,ok,True,False,20260908,5,analysis_activations,positive,False,4.893365807137546,5.250036315042376,0.008286463317136047,0.06812247970155577,0.09103001327658942,0.2610028346619166,0.6333052599171156,0.36669474008288433,0.36669474008288433,1.8247782760442013,2,12,186.98763755650947,-3498.2627626094118,3685.2504001659213,3685.2504001659213,117.00234985351562,139.8872833251953,250.09867858886713,639.9307861328125,10.0,0.1,2.0,2610,0.059777107,False
10623,2942,ok,True,False,20260908,5,analysis_activations,positive,False,4.843166460593009,5.2179455233265974,0.008894459528895404,0.07483802162948394,0.0943104423109944,0.2735653882154757,0.7292001461933819,0.2707998538066181,0.2707998538066181,1.831653576870288,2,9,-195.59835387784773,-1792.6093739084154,1597.0110200305676,1597.0110200305676,110.68963623046875,129.73004150390625,226.26238250732422,518.865966796875,10.0,0.1,2.0,809,0.054505415,False
10633,920,ok,True,False,20260908,5,analysis_activations,positive,False,4.932260008301394,5.085808296740908,0.0021810406637767445,0.010326871168495158,0.046701613074675956,0.10162121416562173,0.7337655158440474,0.2662344841559527,0.2662344841559527,1.9416349107693778,2,5,-1713.8441500394547,-2022.3897032212246,308.54555318176995,308.54555318176995,129.37863159179688,139.6423797607422,176.06098480224608,214.06787109375,10.0,0.1,2.0,448,0.008964358,False
10638,4746,ok,True,False,20260908,5,analysis_activations,positive,False,5.065765263914496,5.667226964408455,0.0420735402981583,0.22316338093520038,0.20511835680445156,0.472401715635327,0.7880568125635724,0.2119431874364276,0.2119431874364276,1.6516042303156397,2,4,4183.893210476586,2527.9069121139823,1655.986298362604,1655.986298362604,116.96078491210938,164.63987731933594,351.25794219970703,1245.505126953125,10.0,0.1,2.0,969,0.14090498,False
10647,13783,ok,True,False,20260908,5,analysis_activations,positive,False,4.766849896219917,4.950352405992963,0.0027366744224655297,0.014716122306818107,0.0523132337221236,0.12131002558246415,0.6207303186013314,0.3792696813986685,0.3792696813986685,1.9643754192857708,2,9,-18562.475361795707,-22972.871688037187,4410.39632624148,4410.39632624148,108.03041076660156,120.91861724853516,160.60505828857418,240.2359619140625,10.0,0.1,2.0,3014,0.015207696,False
10657,535,ok,True,False,20260908,5,analysis_activations,positive,False,5.061017881829364,5.79900953350146,0.02921844326799871,0.2696664925176327,0.1709340319187455,0.5192942253844468,0.655097671440098,0.34490232855990194,0.34490232855990194,1.9090373860240535,2,12,756.5248550971055,488.16488449633044,268.35997060077506,268.35997060077506,123.67874908447266,172.40200805664062,618.3940429687493,1387.8775634765625,10.0,0.1,2.0,165,0.2356458,False
10680,29713,ok,True,True,20260908,5,analysis_activations,positive,False,4.34579126236623,5.079479939546692,0.03657129263761275,0.14165361320330816,0.19123622208570412,0.3763689854428871,0.49557077975852837,0.5044292202414715,0.49557077975852837,2.4577778029349826,2,13,39907.25634738874,33684.308376212684,6222.947971176058,6222.947971176058,57.37174987792969,101.5102767944336,263.58826904296865,731.9863891601562,10.0,0.1,2.0,5542,0.22414824,False
10727,18668,ok,True,False,20260908,5,analysis_activations,positive,False,4.851756210072173,5.154312675639415,0.007129280899862713,0.04102749706229037,0.08443506913518051,0.20255245508828168,0.6185996726241341,0.3814003273758659,0.3814003273758659,1.949811938014541,2,10,-6336.167295430243,-12686.983572567155,6350.816277136912,6350.816277136912,112.54209899902344,134.73616790771484,216.64812927246084,442.8199462890625,10.0,0.1,2.0,2770,0.041656893,False
10787,4238,ok,True,True,20260908,5,analysis_activations,positive,False,4.705175937939396,5.356044616319629,0.046121487838204384,0.08755629090524285,0.21475913912614844,0.295899122853115,0.5443401253264853,0.4556598746735146,0.4556598746735146,2.5175537999433404,2,4,4535.950316505863,4090.4234550304527,445.52686147541044,445.52686147541044,77.73265075683594,140.71619415283203,312.93232727050776,521.4362182617188,10.0,0.1,2.0,2525,0.17011538,False
10828,1750,ok,True,True,20260908,5,analysis_activations,positive,False,5.283097552295972,6.077122518220915,0.07571937192318832,0.08508381469191409,0.27517153181822485,0.29169130033635576,0.5054331199919223,0.4945668800080778,0.4945668800080778,2.8002823961651244,2,4,2468.753980431233,2307.453182679645,161.30079775158765,161.30079775158765,122.1705322265625,287.9117431640625,630.2831054687499,1067.658935546875,10.0,0.1,2.0,1313,0.23808613,False
10831,8816,ok,True,False,20260908,5,analysis_activations,positive,False,4.932281374146976,5.301343168492211,0.009826794975224769,0.07487367696759124,0.09913019204674613,0.27363054830846506,0.6558786002228406,0.3441213997771595,0.3441213997771595,1.7933752491614554,2,10,657.2651326015556,-3194.4161574195823,3851.681290021138,3851.681290021138,120.04964447021484,145.0911636352539,258.6624755859375,1008.7821044921875,10.0,0.1,2.0,1851,0.062959075,False
10844,902,ok,True,True,20260908,5,analysis_activations,positive,False,5.001428675255561,5.263774369049175,0.005486922776616083,0.02553255015437679,0.07407376577855404,0.1597890802100594,0.5553097013214457,0.44469029867855425,0.44469029867855425,2.1065498007864925,2,12,-548.5212340081773,-756.6989624145956,208.17772840641828,208.17772840641828,133.05999755859375,159.42466735839844,234.7702484130859,321.4546203613281,10.0,0.1,2.0,111,0.031430606,False
10861,39285,ok,True,False,20260908,5,analysis_activations,positive,False,4.4821719918358,5.051351059887178,0.019032788108305193,0.15920726029426852,0.13795937122321628,0.39900784490316543,0.6309899751777128,0.3690100248222872,0.3690100248222872,1.9066073914686603,2,12,35968.08688040151,17375.803229902867,18592.283650498644,18592.283650498644,72.19982147216797,95.6822738647461,241.5134826660152,659.845947265625,10.0,0.1,2.0,5210,0.14619292,False
10886,22893,ok,True,False,20260908,5,analysis_activations,positive,False,4.887537266468726,5.375264975776007,0.01609242432605534,0.11422557398078251,0.12685591955464806,0.3379727414759695,0.6146591728206648,0.38534082717933515,0.38534082717933515,1.910689985953148,2,12,14508.088868170893,5336.492921499779,9171.595946671114,9171.595946671114,110.41729736328125,143.89512634277344,316.29749755859353,986.2479858398438,10.0,0.1,2.0,2840,0.11025335,False
10944,1881,ok,True,True,20260908,5,analysis_activations,positive,False,4.849854168208919,5.058357620377573,0.003431370007880433,0.01663242996444437,0.058577896922648504,0.12896677853014848,0.6138488695286358,0.3861511304713642,0.3861511304713642,2.0817168285377456,2,9,-2118.48719667239,-2671.768703886854,553.281507214464,553.281507214464,116.39962768554688,132.312744140625,182.39105224609375,239.281005859375,10.0,0.1,2.0,362,0.018842857,False
10978,4385,ok,True,False,20260908,5,analysis_activations,positive,False,4.85836702778177,5.032058409235727,0.0023849473684945848,0.015500487577200463,0.04883592293071346,0.12450095412164705,0.6652795175603374,0.33472048243966257,0.33472048243966257,1.8367223647380937,2,8,-6419.438215809625,-8136.432641509043,1716.9944256994177,1716.9944256994177,119.30625915527344,131.13180541992188,171.40731811523438,315.5653381347656,10.0,0.1,2.0,781,0.013495094,False
11004,25708,ok,True,True,20260908,5,analysis_activations,positive,False,5.342988532806808,6.119657174504639,0.06776622748178349,0.11939020681863169,0.26031947196048066,0.3455288798619179,0.5666177380174108,0.4333822619825891,0.4333822619825891,2.5389163205365124,2,4,36101.587545313836,33113.29023929061,2988.2973060232252,2988.2973060232252,137.93829345703125,276.35565185546875,725.132452392578,1030.6002197265625,10.0,0.1,2.0,3026,0.23827301,False
11015,11473,ok,True,True,20260908,5,analysis_activations,positive,False,4.964324766441651,5.534233296702734,0.016317007342122422,0.14138546336875635,0.12773804187524726,0.37601258405638016,0.6392641011855792,0.3607358988144207,0.3607358988144207,2.02955538117316,2,13,9715.87731220254,3738.47437528551,5977.402936917029,5977.402936917029,119.35936737060547,154.57421875,395.6665344238281,854.9261474609375,10.0,0.1,2.0,3717,0.13634406,False
11107,7072,ok,True,False,20260908,5,analysis_activations,positive,False,4.846503833507987,5.032194832752109,0.0026574645281839714,0.016018028483954873,0.05155060162775961,0.12656235018343676,0.6076338289063034,0.3923661710936967,0.3923661710936967,1.921630190816791,2,10,-9104.072335698434,-11489.809319810833,2385.736984112398,2385.736984112398,117.49739074707031,131.32757568359375,175.74858932495115,301.1989440917969,10.0,0.1,2.0,2092,0.016121844,False
11123,1695,ok,True,True,20260908,5,analysis_activations,positive,False,5.046502571306612,5.682271904682813,0.0363374743475111,0.08678845117965053,0.19062390812149219,0.2945987969759051,0.655341045690371,0.344658954309629,0.344658954309629,2.5623580729244133,2,4,1552.2454291374909,1218.1370632243531,334.10836591313773,334.10836591313773,115.6719970703125,177.61410522460938,408.5453369140625,692.99755859375,10.0,0.1,2.0,682,0.14510743,False
11129,29838,ok,True,True,20260908,5,analysis_activations,positive,False,5.019371227975334,5.514276527882743,0.022077511195847502,0.051531468823037135,0.1485850301875916,0.22700543787107202,0.5691876050047113,0.4308123949952887,0.4308123949952887,2.579714843441898,2,5,14407.45503532025,9424.18539283557,4983.26964248468,4983.26964248468,120.07754516601562,176.5664520263672,330.01692810058586,528.71142578125,10.0,0.1,2.0,3702,0.094828784,False
11140,619,ok,True,True,20260908,5,analysis_activations,positive,False,4.883866974739502,5.253384543002341,0.010692091882168433,0.05709208052198956,0.10340257193207736,0.23893949134035913,0.5912793051822721,0.4087206948177279,0.4087206948177279,2.0071782397737294,2,10,54.7917478599281,-112.6200033945674,167.4117512544955,167.4117512544955,113.75238800048828,143.53897094726562,248.6294876098633,403.5960388183594,10.0,0.1,2.0,245,0.06275525,False
11240,30616,ok,True,True,20260908,5,analysis_activations,positive,False,4.791471845767699,5.370366565746167,0.020368318899423005,0.11616949341608758,0.14271761944281094,0.3408364613947393,0.5707764480476162,0.4292235519523838,0.4292235519523838,2.2155834696691152,2,13,27485.4563656419,17075.273054176934,10410.183311464967,10410.183311464967,97.4432601928711,137.82131958007812,338.7352066040039,601.732666015625,10.0,0.1,2.0,4244,0.1435943,False
11245,3817,ok,True,True,20260908,5,analysis_activations,positive,False,4.799924043792032,5.395653419017709,0.02139526161683492,0.13242244601840567,0.14627119202643737,0.36389895028483615,0.6849209277992818,0.3150790722007181,0.3150790722007181,2.148131413004774,2,11,3147.2022625022314,1394.325504304587,1752.8767581976444,1752.8767581976444,98.77993774414062,129.7561492919922,320.82916259765625,607.0738525390625,10.0,0.1,2.0,2040,0.13299888,False
11255,8113,ok,True,False,20260908,5,analysis_activations,positive,False,4.419709712593192,5.147217728064219,0.02381776970077103,0.2662747018852163,0.1543300673905478,0.5160181216635868,0.5724725998714155,0.4275274001285845,0.4275274001285845,1.9102251176513483,2,17,12019.077847392768,7921.325882144241,4097.751965248526,4097.751965248526,66.1500244140625,94.59700012207031,364.4083923339839,707.7495727539062,10.0,0.1,2.0,3284,0.25704244,False
11287,6093,ok,True,False,20260908,5,analysis_activations,positive,False,4.9840650977166545,5.317650140623292,0.008209010824180496,0.05370819746021898,0.09060359167373276,0.23175029117612556,0.6319813303802826,0.3680186696197173,0.3680186696197173,1.8959019979409293,2,11,-843.5974732044996,-3172.3622284187772,2328.7647552142776,2328.7647552142776,127.90988159179688,153.5580291748047,260.40359497070307,517.968017578125,10.0,0.1,2.0,2769,0.050842326,False
11294,1330,ok,True,True,20260908,5,analysis_activations,positive,False,5.019298683888377,5.661746209586912,0.028162390942872383,0.13048567172580075,0.16781653953908232,0.36122800517927833,0.7146839894469351,0.28531601055306477,0.28531601055306477,2.2810524534660366,2,9,1188.1733765644453,673.526957388974,514.6464191754714,514.6464191754714,117.64917755126953,161.36416625976562,401.9002853393552,719.17333984375,10.0,0.1,2.0,688,0.14162417,False
11336,2520,ok,True,True,20260908,5,analysis_activations,positive,False,4.877634412403069,5.145440735637607,0.0055235174725928576,0.02893263645130853,0.07432037050898534,0.17009596247797457,0.6017623649337758,0.3982376350662243,0.3982376350662243,2.0403394438247116,2,12,-1504.2352481069024,-2277.181572240343,772.9463241334406,772.9463241334406,117.23382568359375,138.3015899658203,208.76557922363276,341.47802734375,10.0,0.1,2.0,445,0.032044873,False
11367,11329,ok,True,False,20260908,5,analysis_activations,positive,False,4.537371750514822,5.324823735957016,0.018582434585454253,0.3794134529208915,0.13631740382450896,0.6159654640650655,0.8675319492018139,0.13246805079818624,0.13246805079818624,1.765223855397678,2,11,9702.271875424613,-2519.9441181370175,12222.21599356163,12222.21599356163,77.76880645751953,91.73731994628906,187.98718566894541,821.2621459960938,10.0,0.1,2.0,3981,0.13765246,False
11399,1818,ok,True,True,20260908,5,analysis_activations,positive,False,5.02978496105313,5.6535899659435565,0.027891663102445213,0.1460511644378146,0.16700797317028074,0.38216640935306523,0.6873797430840165,0.31262025691598355,0.31262025691598355,2.1152445752454025,2,9,1706.423436632807,1005.1760050201551,701.2474316126518,701.2474316126518,121.13131713867188,165.2179412841797,432.3323684692381,974.0988159179688,10.0,0.1,2.0,827,0.14853178,False
11405,606,ok,True,True,20260908,5,analysis_activations,positive,False,5.100630274608989,5.5137846446556145,0.020698085434111498,0.06022310764359723,0.1438682919691184,0.2454039682719031,0.5361889892142346,0.46381101078576525,0.46381101078576525,2.053979997639946,2,6,213.08283407972218,154.55596105267375,58.526873027048424,58.526873027048424,132.507568359375,191.42010498046875,344.13641357421875,529.5341186523438,10.0,0.1,2.0,418,0.08161462,False
11472,3035,ok,True,False,20260908,5,analysis_activations,positive,False,5.083739675662646,5.35360991478191,0.006833853324898478,0.03665618628325255,0.08266712360363386,0.19145805358681714,0.6843375302783739,0.31566246972162615,0.31566246972162615,1.8301011338663424,2,5,-1819.4955246328052,-2831.019082979904,1011.5235583470987,1011.5235583470987,142.71417236328125,166.84088134765625,248.9631378173827,496.0423889160156,10.0,0.1,2.0,505,0.031989884,False
11506,4552,ok,True,True,20260908,5,analysis_activations,positive,False,4.843463691558662,5.619623871658422,0.02618366435620318,0.2174010130827087,0.1618136717221483,0.466262815462169,0.6660727117507556,0.3339272882492445,0.3339272882492445,2.224033747803064,2,14,6125.1134013177225,3484.4661562120423,2640.64724510568,2640.64724510568,101.22763061523438,137.9555206298828,477.5984130859375,937.4129028320312,10.0,0.1,2.0,1499,0.2240756,False
11519,10898,ok,True,True,20260908,5,analysis_activations,positive,False,4.953450668278037,5.618017961335451,0.021567489999689163,0.19702379083239982,0.14685874165227333,0.4438736203384921,0.5783438716048482,0.4216561283951519,0.4216561283951519,2.010192016796654,2,15,13581.8127991465,8525.911966345624,5055.900832800877,5055.900832800877,114.79226684570312,160.83415985107422,487.44133453369125,1341.9124755859375,10.0,0.1,2.0,1094,0.20326947,False
11532,4432,ok,True,False,20260908,5,analysis_activations,positive,False,4.9460332726822305,5.105884783730077,0.0019713609542699588,0.011227135819855318,0.04440001074628202,0.10595817957975362,0.658678481015385,0.3413215189846151,0.3413215189846151,1.9677481305225477,2,9,-7444.3726217835465,-9071.848677648453,1627.4760558649068,1627.4760558649068,131.07554626464844,143.18698120117188,182.58986129760743,281.2507019042969,10.0,0.1,2.0,2020,0.010876744,False
11557,13127,ok,True,False,20260908,5,analysis_activations,positive,False,4.942659026276804,5.292902353008408,0.011224174189575548,0.05061590179574656,0.10594420319005447,0.22497978085985096,0.6248743166704029,0.375125683329597,0.375125683329597,1.9918189499312184,2,7,-860.7296841817657,-4449.240418405482,3588.5107342237166,3588.5107342237166,119.22877502441406,149.77651977539062,255.27382965087884,460.5101318359375,10.0,0.1,2.0,722,0.05475862,False
11575,4239,ok,True,True,20260908,5,analysis_activations,positive,False,4.932083919118908,5.608160618695073,0.019975107182139674,0.15028417941905278,0.14133331943366956,0.387665035074164,0.4852530373759994,0.5147469626240007,0.4852530373759994,2.3171575397170314,2,15,5249.85457258321,3803.109883315553,1446.7446892676571,1446.7446892676571,112.62738800048828,172.78170776367188,462.7019592285155,986.1956787109375,10.0,0.1,2.0,532,0.20126876,False
11578,1161,ok,True,True,20260908,5,analysis_activations,positive,False,4.974123631051166,5.373431754757076,0.01111184196164635,0.05937001036545594,0.10541272201042126,0.2436596198910602,0.5626127443788869,0.4373872556211132,0.4373872556211132,2.127083256366681,2,12,245.37336578266334,-81.61491512816325,326.9882809108266,326.9882809108266,123.14691162109375,160.13186645507812,287.2296142578125,503.906005859375,10.0,0.1,2.0,834,0.07151657,False
11619,1720,ok,True,True,20260908,5,analysis_activations,positive,False,4.972261116391181,5.691687000783183,0.022869245095582167,0.2103698438179643,0.15122580829865703,0.458660924668719,0.642114105404672,0.357885894595328,0.357885894595328,2.106688812857083,2,12,2202.802917777963,1249.33749617855,953.465421599413,953.465421599413,117.20471954345703,158.27011108398438,512.8704071044918,1044.4212646484375,10.0,0.1,2.0,748,0.209034,False
11637,3352,ok,True,True,20260908,5,analysis_activations,positive,False,4.944002247743159,5.386320316103614,0.018222157695386633,0.056475827885297224,0.13498947253540416,0.23764643461515939,0.6211587059329141,0.3788412940670859,0.3788412940670859,2.2887335353571183,2,5,1009.8776519277934,314.9668795273034,694.91077240049,694.91077240049,113.72531127929688,155.20623779296875,289.51293487548804,478.255859375,10.0,0.1,2.0,1210,0.07877608,False
11699,8152,ok,True,False,20260908,5,analysis_activations,positive,False,4.877501932566864,5.219937471275299,0.00842205784915439,0.05498092048622497,0.09177177043707062,0.2344801068027413,0.6348446859236617,0.3651553140763382,0.3651553140763382,1.92326442568129,2,11,-854.7037443076118,-4023.703032540064,3168.9992882324523,3168.9992882324523,114.34729766845703,138.2366180419922,238.1911178588867,558.658203125,10.0,0.1,2.0,1970,0.052612077,False
11712,4162,ok,True,True,20260908,5,analysis_activations,positive,False,4.947343190020604,5.708016367444766,0.0300359596040569,0.15037268319343944,0.17330885610394206,0.3877791680756451,0.6129059816512632,0.3870940183487368,0.3870940183487368,2.532703967822822,2,12,5409.010219657989,3773.2272487434734,1635.7829709145158,1635.7829709145158,109.98417663574219,162.94546508789062,479.8640823364258,905.175537109375,10.0,0.1,2.0,539,0.21394765,False
11739,4445,ok,True,True,20260908,5,analysis_activations,positive,False,5.0621997204745846,5.763091567199491,0.05513919233078918,0.09010852952850829,0.23481735951753904,0.3001808280495413,0.4977921158865538,0.5022078841134463,0.4977921158865538,2.600826257737699,2,4,5376.284108816073,4989.578974141239,386.70513467483397,386.70513467483397,107.64627075195312,217.87335205078125,477.4981811523438,858.029052734375,10.0,0.1,2.0,155,0.19555426,False
11844,7275,ok,True,True,20260908,5,analysis_activations,positive,False,4.748141736652414,5.362953941519657,0.013265084747872014,0.16644843374684423,0.1151741496511783,0.40798092326338525,0.5608640101467373,0.4391359898532627,0.4391359898532627,2.051006820386596,2,16,7926.089331729863,3860.227060597426,4065.8622711324374,4065.8622711324374,98.12154388427734,128.89157104492188,375.796676635742,739.5423583984375,10.0,0.1,2.0,2463,0.17365469,False
11849,29906,ok,True,True,20260908,5,analysis_activations,positive,False,4.94264630492345,5.404596238916742,0.01921174739926585,0.07402896956180714,0.13860644789931617,0.2720826520780168,0.5995742576365568,0.40042574236344325,0.40042574236344325,2.1394744531686314,2,8,13663.42778957806,6582.820034863249,7080.607754714811,7080.607754714811,113.5365982055664,156.26805877685547,305.03271484375,725.9829711914062,10.0,0.1,2.0,5565,0.09239731,False
11881,1637,ok,True,True,20260908,5,analysis_activations,positive,False,4.88518163635812,5.526755934762511,0.03805974537735466,0.09753412160428998,0.19508907036877965,0.31230453343537934,0.548124602844598,0.45187539715540204,0.45187539715540204,2.4640069716604924,2,6,1729.4373511907495,1499.6348975278024,229.80245366294707,229.80245366294707,96.57833862304688,164.13375854492188,377.2905822753903,610.8385009765625,10.0,0.1,2.0,1072,0.16698693,False
11882,2631,ok,True,True,20260908,5,analysis_activations,positive,False,5.246824761452172,6.0445148888438816,0.09547225279924457,0.07706164508941482,0.3089858456292854,0.27759979302840776,0.4759351335127559,0.5240648664872442,0.4759351335127559,2.71588888598138,2,4,3776.6781660083293,3536.047861191991,240.63030481633814,240.63030481633814,108.58514404296875,295.2474365234375,609.3460998535156,805.1989135742188,10.0,0.1,2.0,1854,0.24462408,False
11894,1215,ok,True,True,20260908,5,analysis_activations,positive,False,5.051666856308747,5.713020838496936,0.03270869971422858,0.06546919063457635,0.18085546636535094,0.2558694796855935,0.5366850721041266,0.4633149278958733,0.4633149278958733,2.9849847923410957,2,4,1209.8893649582212,990.1788981473923,219.71046681082896,219.71046681082896,116.85943603515625,199.20870971679688,417.78609619140616,561.2277221679688,10.0,0.1,2.0,596,0.15677403,False
11911,698,ok,True,True,20260908,5,analysis_activations,positive,False,4.910231575376701,5.8667790187336175,0.07069605094085389,0.1153682571797404,0.2658872899197212,0.33965903076429516,0.6069874117347179,0.39301258826528207,0.39301258826528207,3.1361005376335056,2,3,1168.5789293753794,1029.829911954911,138.74901742046836,138.74901742046836,91.38453674316406,179.14169311523438,524.3245727539063,752.9963989257812,10.0,0.1,2.0,260,0.30696407,False
11917,8112,ok,True,False,20260908,5,analysis_activations,positive,False,4.55457350840182,5.20443718128679,0.01830524905650683,0.1958051978163682,0.13529689226477756,0.4424988110903443,0.6150047256084621,0.3849952743915379,0.3849952743915379,1.986178743379357,2,13,9422.093775160296,4875.33100460896,4546.762770551336,4546.762770551336,77.91947174072266,104.01289367675781,306.84709167480463,664.4786987304688,10.0,0.1,2.0,3171,0.18665794,False
11922,2316,ok,True,True,20260908,5,analysis_activations,positive,False,5.01211832202269,5.59019493254389,0.0136308252187576,0.15042934527966478,0.11675112512844404,0.3878522209291379,0.5719573087873581,0.428042691212642,0.428042691212642,2.018360862752702,2,16,2255.213567499197,1066.3054943582456,1188.9080731409513,1188.9080731409513,126.50405883789062,166.3650894165039,463.4150085449219,890.566162109375,10.0,0.1,2.0,1013,0.15406477,False
11937,3261,ok,True,False,20260908,5,analysis_activations,positive,False,4.912017573734626,5.062015534584392,0.001898626072115309,0.0112963827960529,0.04357322655157991,0.10628444286937247,0.6724543687768142,0.32754563122318586,0.32754563122318586,1.8466964302730529,2,8,-5769.370086457462,-6970.207903900426,1200.8378174429636,1200.8378174429636,126.8526840209961,137.75320434570312,172.90762329101562,264.2427673339844,10.0,0.1,2.0,951,0.009934495,False
11940,9465,ok,True,True,20260908,5,analysis_activations,positive,False,4.957145800759256,5.284571309326804,0.009808955474172222,0.03977925771875717,0.09904017101243424,0.19944738082701705,0.5853722590136826,0.4146277409863173,0.4146277409863173,2.0794011448128766,2,8,-1812.0257909673437,-3990.2309073204738,2178.20511635313,2178.20511635313,121.86207580566406,154.01918029785156,247.13552246093747,490.00732421875,10.0,0.1,2.0,1000,0.048260078,False
11956,1561,ok,True,False,20260908,5,analysis_activations,positive,False,4.817163858713945,5.100884337787048,0.007060386827903033,0.033675768579887785,0.08402610801353966,0.18350958716069246,0.6583111556169016,0.34168884438309843,0.34168884438309843,1.9879967173089794,2,6,-821.8134386043047,-1294.070391739235,472.2569531349303,472.2569531349303,109.08758544921875,128.377685546875,197.16909790039062,381.885986328125,10.0,0.1,2.0,529,0.034282416,False
12019,4578,ok,True,False,20260908,5,analysis_activations,positive,False,4.975768982080937,5.475798525354716,0.020830023599209595,0.11456143812142562,0.1443261015866832,0.33846925727667737,0.6762036439743309,0.32379635602566925,0.32379635602566925,1.921830245031224,2,7,2730.8725403877233,1065.9061663104087,1664.9663740773146,1664.9663740773146,117.66358947753906,153.7146224975586,337.8023483276366,718.1571044921875,10.0,0.1,2.0,1955,0.10594615,False
12044,1330,ok,True,True,20260908,5,analysis_activations,positive,False,4.862242462329153,5.471210349314719,0.021546679340355274,0.1434031916231936,0.14678787191166467,0.3786861386731677,0.6776014958290529,0.32239850417094706,0.32239850417094706,2.1204761842620403,2,10,1191.2481445398755,577.1294165816836,614.1187279581919,614.1187279581919,104.000244140625,138.6698455810547,350.3526458740234,929.3922119140625,10.0,0.1,2.0,387,0.14195201,False
12051,3046,ok,True,False,20260908,5,analysis_activations,positive,False,4.996522031998135,5.377523218029208,0.011713385836415081,0.06671889948729617,0.10822839662683302,0.25830001836487776,0.5832842642378139,0.41671573576218607,0.41671573576218607,1.9239504846040325,2,11,556.5248210725493,-350.32431552981,906.8491366023593,906.8491366023593,125.38861083984375,160.75357818603516,292.7762908935547,687.355224609375,10.0,0.1,2.0,896,0.06994048,False
12054,2073,ok,True,False,20260908,5,analysis_activations,positive,False,4.926692233283871,5.1494818811223055,0.004060689924010593,0.027105498724706543,0.06372354293360181,0.16463747667134157,0.6839638123947344,0.3160361876052657,0.3160361876052657,1.7847120555902904,2,8,-2007.1078265934282,-2836.9406061416294,829.8327795482012,829.8327795482012,125.51757049560547,140.91127014160156,196.7153076171875,444.4412841796875,10.0,0.1,2.0,660,0.022082388,False
12070,8476,ok,True,True,20260908,5,analysis_activations,positive,False,4.514498563549935,5.419442689356751,0.031931703073271145,0.3600258614537718,0.17869444052144193,0.6000215508244449,0.7456306358273448,0.2543693641726552,0.2543693641726552,2.0441710709796888,2,11,12996.270152524181,6528.010617863686,6468.259534660495,6468.259534660495,70.85777282714844,95.11823272705078,384.4789276123047,973.2839965820312,10.0,0.1,2.0,3447,0.2707413,False
12082,2621,ok,True,True,20260908,5,analysis_activations,positive,False,4.909620062023849,5.53651052301359,0.02751934191527221,0.1153650296488281,0.16588954733578667,0.339654279597399,0.6320955853412469,0.36790441465875323,0.36790441465875323,2.3453858183289564,2,10,2502.8310026491026,1677.9369550110227,824.8940476380799,824.8940476380799,106.64375305175781,152.07992553710938,388.18621826171875,593.4351806640625,10.0,0.1,2.0,900,0.15128525,False
12103,5238,ok,True,False,20260908,5,analysis_activations,positive,False,4.925074166233797,5.346817360759325,0.013754856372492756,0.07677570805455455,0.11728109980935869,0.27708429774087623,0.6422842357637216,0.3577157642362785,0.3577157642362785,1.9822821356177576,2,9,1463.0583853269693,-377.8089984931537,1840.867383820123,1840.867383820123,115.74961853027344,147.12611389160156,280.0547927856445,605.2866821289062,10.0,0.1,2.0,455,0.07717813,False
12164,7638,ok,True,False,20260908,5,analysis_activations,positive,False,4.944547943839471,5.302981391197054,0.009475376764968364,0.05519108855017462,0.09734154696206736,0.23492783689927982,0.6146276340045882,0.38537236599541186,0.38537236599541186,1.9933518594349442,2,11,-117.32738864902487,-2752.6810343973134,2635.3536457482887,2635.3536457482887,121.02481079101562,149.70021057128906,259.6574645996092,525.968994140625,10.0,0.1,2.0,1103,0.057530023,False
12166,2048,ok,True,False,20260908,5,analysis_activations,positive,False,4.704072415365905,5.135486836145105,0.018244412363473565,0.07717458301186055,0.13507187850723615,0.27780313715266164,0.6237861734250604,0.3762138265749396,0.3762138265749396,1.9751143121638068,2,7,756.6801945349797,257.89097342153286,498.78922111344684,498.78922111344684,89.92913818359375,120.42478942871094,231.1755584716797,552.396484375,10.0,0.1,2.0,568,0.08413275,False
12239,7612,ok,True,True,20260908,5,analysis_activations,positive,False,5.008942289072194,5.53436420749247,0.011546602941049349,0.10492564535223771,0.10745512059017638,0.323922282889334,0.4452983598838266,0.5547016401161734,0.4452983598838266,2.177268323572785,2,20,6178.935157456225,3714.9284302733367,2464.0067271828884,2464.0067271828884,127.73051452636719,182.0132827758789,408.50924835205063,754.844970703125,10.0,0.1,2.0,584,0.13155141,False
12287,527,ok,True,False,20260908,5,analysis_activations,positive,False,4.212050676800818,4.40005162324307,0.002240074927979013,0.018760822374270326,0.04732942982943079,0.13697015139901952,0.5287759450916435,0.4712240549083566,0.4712240549083566,1.834662177547359,2,16,-585.2841983737529,-751.7148742312318,166.43067585747883,166.43067585747883,62.18994903564453,69.74563598632812,94.22125244140625,131.49998474121094,10.0,0.1,2.0,376,0.018866647,False
12311,696,ok,True,False,20260908,5,analysis_activations,positive,False,5.0272889184195035,5.433422046093916,0.02061769716793001,0.0672135710976925,0.14358863871466299,0.25925580243784807,0.5761748930454382,0.4238251069545617,0.4238251069545617,1.938022597086716,2,6,235.92741162318777,145.59093434762752,90.33647727556024,90.33647727556024,121.94171142578125,171.2078857421875,312.0593795776367,557.9933471679688,10.0,0.1,2.0,345,0.08076013,False
12335,59002,ok,True,True,20260908,5,analysis_activations,positive,False,4.3294719040383995,4.882566340889622,0.025759618905382906,0.12145234530827229,0.160498033961114,0.3485001367406795,0.6631411632121464,0.33685883678785355,0.33685883678785355,2.038650295029989,2,7,45395.66006572196,26281.405263061308,19114.254802660653,19114.254802660653,59.23525619506836,82.04412078857422,191.00383987426756,464.7460021972656,10.0,0.1,2.0,5910,0.12633097,True
12344,6398,ok,True,True,20260908,5,analysis_activations,positive,False,5.256792284953554,5.702293810588859,0.022734247490174365,0.042675485319802496,0.1507788031859066,0.20658045725528468,0.5562797729880549,0.44372022701194513,0.44372022701194513,2.463445768321237,2,4,2060.1438188414963,1408.1420338429575,652.0017849985388,652.0017849985388,150.10430908203125,225.6049346923828,389.0809112548828,587.6484985351562,10.0,0.1,2.0,2913,0.080583334,False
12415,6838,ok,True,True,20260908,5,analysis_activations,positive,False,5.046942079736353,5.58783881701642,0.016809385042121327,0.10585320324806219,0.12965101249940675,0.32535089249618204,0.6092326670227628,0.3907673329772372,0.3907673329772372,2.1841039152002364,2,11,4995.858603314192,2270.9593942192905,2724.8992090949014,2724.8992090949014,128.7382354736328,172.73509216308594,389.8610687255859,832.4454956054688,10.0,0.1,2.0,2774,0.12127248,False
12420,63171,ok,True,True,20260908,5,analysis_activations,positive,False,4.544470782268029,5.1660125379000315,0.04468383084039401,0.06776049486803981,0.21138550290971708,0.2603084609997144,0.5106059546071736,0.4893940453928264,0.4893940453928264,2.621298842778939,2,4,60499.60731996212,54480.94656708639,6018.66075287573,6018.66075287573,66.68299102783203,124.08522033691406,248.2340087890625,433.9764709472656,10.0,0.1,2.0,5846,0.15251347,False
12422,6110,ok,True,True,20260908,5,analysis_activations,positive,False,5.093080004324653,5.478325043827601,0.010158195381394366,0.06344177101801911,0.10078787318618429,0.2518764995350283,0.6525337043820848,0.34746629561791514,0.34746629561791514,2.008229050416958,2,10,398.9018501207863,-2065.9503917363522,2464.8522418571383,2464.8522418571383,140.29574584960938,171.88890075683594,311.64745330810547,755.563232421875,10.0,0.1,2.0,1177,0.062331952,False
12475,5864,ok,True,False,20260908,5,analysis_activations,positive,False,4.88380713426929,5.311146533240243,0.011468020313404334,0.1000785038615776,0.107088843085563,0.3163518671694188,0.6407769815005874,0.35922301849941257,0.35922301849941257,1.8095055173822647,2,12,2226.2578682652866,-560.5480656161446,2786.805933881431,2786.805933881431,112.93765258789062,139.59617614746094,276.72399749755846,877.3203735351562,10.0,0.1,2.0,1254,0.08534802,False
12485,5277,ok,True,True,20260908,5,analysis_activations,positive,False,4.936969857809902,5.4837156764023804,0.017938343569294263,0.1304836536068585,0.1339341015921422,0.36122521175418876,0.5799530048814526,0.42004699511854743,0.42004699511854743,2.0070183007178932,2,16,4542.793417288702,2492.966097750831,2049.8273195378706,2049.8273195378706,114.5299301147461,156.02001953125,380.03173828124983,811.3548583984375,10.0,0.1,2.0,865,0.13805984,False
12506,6417,ok,True,False,20260908,5,analysis_activations,positive,False,4.891240049922109,5.327794830573732,0.01326723456238919,0.08583313989472083,0.1151834821595058,0.2929729337237842,0.6110007658843571,0.3889992341156429,0.3889992341156429,1.9611738715384102,2,11,2543.435477638013,163.72792105276864,2379.707556585244,2379.707556585244,112.15476989746094,143.75656127929688,285.9150451660156,742.6047973632812,10.0,0.1,2.0,1107,0.086804755,False
12534,3378,ok,True,False,20260908,5,analysis_activations,positive,False,4.88314145733582,5.157630372712182,0.004665811309187221,0.03773484433747408,0.068306744243795,0.19425458640010043,0.5712800190632871,0.428719980936713,0.428719980936713,1.8851830351080452,2,12,-1507.256047114395,-2803.695032666977,1296.4389855525822,1296.4389855525822,118.5756607055664,139.19440460205078,215.97963867187494,520.9768676757812,10.0,0.1,2.0,944,0.037306417,False
12539,9069,ok,True,True,20260908,5,analysis_activations,positive,False,4.9708332522093075,5.503413769618065,0.020696503153101484,0.1049019225904065,0.14386279280307845,0.3238856628355236,0.606318008186862,0.393681991813138,0.393681991813138,2.1252409481436385,2,11,6642.65421381519,3753.611331518835,2889.042882296355,2889.042882296355,116.94355773925781,160.91041564941406,361.9819946289063,716.700439453125,10.0,0.1,2.0,2736,0.121563345,False
12547,17940,ok,True,False,20260908,5,analysis_activations,positive,False,4.863846201472534,5.287556312645014,0.011540995104033627,0.09986835323731652,0.1074290235645546,0.3160195456570946,0.691335421671798,0.308664578328202,0.308664578328202,1.7952420357283523,2,10,4960.2960633803095,-4375.8384188685895,9336.134482248899,9336.134482248899,110.93667602539062,134.4362030029297,259.66961975097655,1019.4346313476562,10.0,0.1,2.0,2002,0.07711805,False
12574,4225,ok,True,True,20260908,5,analysis_activations,positive,False,4.978369823270347,5.4503787118051665,0.014313778384078359,0.08617810253822634,0.11964020387845534,0.2935610712240748,0.6014973373575029,0.39850266264249706,0.39850266264249706,2.105715467939175,2,12,2121.3780224135694,587.9250921373963,1533.452930276173,1533.452930276173,121.88969421386719,159.5745849609375,331.2920166015624,585.4642333984375,10.0,0.1,2.0,398,0.09637678,False
12579,6443,ok,True,True,20260908,5,analysis_activations,positive,False,4.858035190863054,5.92724194902915,0.07966580892079901,0.15901591979601226,0.28225132226581157,0.398768002472631,0.67167336394109,0.32832663605891,0.32832663605891,3.0950459825742134,2,3,11680.460598226975,9839.366675501306,1841.0939227256695,1841.0939227256695,84.37946319580078,154.59353637695312,579.0232849121093,1138.367431640625,10.0,0.1,2.0,2182,0.3578816,False
12586,12395,ok,True,False,20260908,5,analysis_activations,positive,False,4.882171776151752,5.22430273213785,0.008007133362457605,0.060003975758736935,0.08948258692314168,0.24495708962742216,0.6573392954272326,0.34266070457276737,0.34266070457276737,1.8553140782880515,2,11,-1406.6390175369177,-6946.266592449763,5539.627574912845,5539.627574912845,115.62060546875,137.3226318359375,237.27584533691405,578.08251953125,10.0,0.1,2.0,2719,0.052193277,False
12592,5652,ok,True,False,20260908,5,analysis_activations,positive,False,4.995925102486926,5.376652810269652,0.009175481713225839,0.07291507857702108,0.09578873479290682,0.27002792184702135,0.6429829630436777,0.3570170369563223,0.3570170369563223,1.8792427005822328,2,12,625.8099651484341,-1963.8797573351621,2589.689722483596,2589.689722483596,128.71978759765625,155.33673858642578,286.38173065185543,782.0947265625,10.0,0.1,2.0,811,0.065217294,False
12617,5210,ok,True,True,20260908,5,analysis_activations,positive,False,4.679263684475052,5.398294987821772,0.042749759860693695,0.09342980353840022,0.20676015056265967,0.30566289198788954,0.5992135680811648,0.40078643191883534,0.40078643191883534,2.7555406813007344,2,4,6073.3384744084,5071.548533102018,1001.7899413063815,1001.7899413063815,77.82327270507812,131.05857849121094,317.9664520263672,649.227294921875,10.0,0.1,2.0,2629,0.18725923,False
12649,19642,ok,True,False,20260908,5,analysis_activations,positive,False,4.899545694458703,5.101572088213112,0.0030510317555864134,0.01925668397214628,0.05523614537226881,0.13876845452820422,0.6046554474803398,0.3953445525196603,0.3953445525196603,1.9129144978044246,2,11,-21866.64307919289,-28769.720884382896,6903.077805190005,6903.077805190005,123.14476013183594,138.84323120117188,191.12807922363282,336.9526062011719,10.0,0.1,2.0,4143,0.019214405,False
12675,603,ok,True,False,20260908,5,analysis_activations,positive,False,4.686443466884042,4.923038418749166,0.007187505643676298,0.041770636193216824,0.08477915807364625,0.20437865884973613,0.7003878952458485,0.2996121047541514,0.2996121047541514,1.5121957346992063,2,5,-404.7597841637047,-584.109912651826,179.3501284881213,179.3501284881213,95.13739013671875,111.16171264648438,156.71222839355468,440.34796142578125,10.0,0.1,2.0,331,0.029343186,False
12679,4389,ok,True,True,20260908,5,analysis_activations,positive,False,4.79422407276996,5.403019203856708,0.01725186182248726,0.15152298955782403,0.131346343011472,0.3892595400986648,0.6576984599051762,0.342301540094824,0.342301540094824,2.095715382763476,2,12,4046.707931917872,1593.9814235952213,2452.7265083226507,2452.7265083226507,100.06636047363281,129.7155303955078,347.74841308593733,863.8621215820312,10.0,0.1,2.0,803,0.14668629,False
12690,4535,ok,True,False,20260908,5,analysis_activations,positive,False,4.604870948736337,5.10147013187198,0.01230651188809742,0.11304091387735343,0.1109347190382588,0.33621557649423894,0.6961992610165462,0.30380073898345383,0.30380073898345383,1.9836419720418519,2,10,2215.0330772399407,-463.1190329492466,2678.152110189187,2678.152110189187,84.3991928100586,103.93034362792969,221.02226867675782,602.45849609375,10.0,0.1,2.0,2670,0.09508935,False
12699,4369,ok,True,True,20260908,5,analysis_activations,positive,False,4.97220853441823,5.4734869479111605,0.016715433240070722,0.08428606025151186,0.129288179042288,0.2903206163046501,0.5989968475699563,0.40100315243004364,0.40100315243004364,2.230643170577679,2,11,2533.8557479265864,1118.6452379651805,1415.210509961406,1415.210509961406,118.75454711914062,160.31228637695312,335.15678100585933,644.3013916015625,10.0,0.1,2.0,2519,0.10419154,False
12721,4671,ok,True,False,20260908,5,analysis_activations,positive,False,4.8479092270989295,5.019429978839031,0.002487866659415945,0.01412592208435464,0.04987851901786926,0.1188525224147752,0.6692773591012022,0.3307226408987979,0.3307226408987979,1.8819034020936125,2,8,-7067.680835356072,-8734.015729887049,1666.3348945309772,1666.3348945309772,117.89254760742188,129.9069061279297,168.67947387695312,315.5509338378906,10.0,0.1,2.0,2349,0.012850445,False
12750,2545,ok,True,False,20260908,5,analysis_activations,positive,False,4.954098226069285,5.321389388678903,0.010215283474828696,0.06355381809986492,0.10107068553655256,0.25209882605808565,0.6380311174223403,0.3619688825776597,0.3619688825776597,1.9124418095313904,2,9,106.49019537268192,-829.7923696339006,936.2825650065826,936.2825650065826,122.39868927001953,150.11328125,264.0759216308593,553.3748779296875,10.0,0.1,2.0,473,0.06070056,False
12812,12953,ok,True,True,20260908,5,analysis_activations,positive,False,5.0252590805716775,5.593982007127487,0.027991305796500394,0.11567359767286946,0.16730602438794723,0.34010821465067476,0.6442834986369201,0.35571650136307975,0.35571650136307975,2.121975626437384,2,8,10676.49657138084,7032.444367602576,3644.052203778264,3644.052203778264,117.88534545898438,168.48025512695312,388.18998413085933,902.1365966796875,10.0,0.1,2.0,1583,0.13331868,False
12856,10975,ok,True,True,20260908,5,analysis_activations,positive,False,5.06694579118201,5.6663532100408736,0.018709509835982928,0.1360191245330177,0.13678271029623199,0.368807706715868,0.522992492745188,0.47700750725481195,0.47700750725481195,2.155022284750664,2,14,11342.681767984197,7489.886779857974,3852.794988126223,3852.794988126223,130.06558227539062,187.660888671875,472.6201904296873,938.9996948242188,10.0,0.1,2.0,2147,0.16431378,False
12866,4691,ok,True,False,20260908,5,analysis_activations,positive,False,4.891670534753928,5.264948435415368,0.011304621099971972,0.06048343852101939,0.10632319173149371,0.2459338092272378,0.6268482464981061,0.37315175350189395,0.37315175350189395,1.9702492432707859,2,10,304.13856131180967,-1223.180969621329,1527.3195309331386,1527.3195309331386,114.09239196777344,142.0514373779297,252.82882690429688,501.81060791015625,10.0,0.1,2.0,746,0.062260218,False
12878,528,ok,True,True,20260908,5,analysis_activations,positive,False,5.052642461720593,5.627716809083229,0.03170316018716709,0.11252663159173534,0.17805381261620626,0.33544989430872585,0.4767395684601181,0.523260431539882,0.4767395684601181,2.141467584264283,2,11,531.6310381437459,475.0637443032184,56.56729384052744,56.56729384052744,118.98297119140625,198.90847778320312,429.53716430664036,863.9060668945312,10.0,0.1,2.0,291,0.1567895,False
12883,11965,ok,True,False,20260908,5,analysis_activations,positive,False,5.58783081196504,6.051258581979123,0.18001195520849075,0.04369627354232079,0.4242781578263142,0.20903653638137232,0.24820090752730858,0.7517990924726914,0.24820090752730858,1.3856580613696377,2,7,8363.661809036168,5615.282836099032,2748.3789729371365,2748.3789729371365,103.19279479980469,401.3218078613281,576.6620361328124,781.341552734375,10.0,0.1,2.0,2707,0.117613286,False
12922,1888,ok,True,True,20260908,5,analysis_activations,positive,False,5.106440656702473,5.754709620255296,0.03266297902687847,0.11692794933361668,0.18072902098688653,0.3419472902855302,0.5667331817835779,0.43326681821642216,0.43326681821642216,2.3703779524394997,2,9,2053.6046426647713,1633.4452169768783,420.15942568789296,420.15942568789296,126.45710754394531,199.57749938964844,493.45271301269514,844.553466796875,10.0,0.1,2.0,1130,0.1724544,False
12929,1747,ok,True,False,20260908,5,analysis_activations,positive,False,4.674848227399409,5.117096494082129,0.010903244657401976,0.09018575869497764,0.10441860302360866,0.30030943823825723,0.7226040277121882,0.2773959722878117,0.2773959722878117,1.9671124173537509,2,9,378.5930166679653,-595.2513309110717,973.844347579037,973.844347579037,91.55049133300781,110.37367248535156,214.24047851562491,461.61614990234375,10.0,0.1,2.0,424,0.07214049,False
12940,18202,ok,True,True,20260908,5,analysis_activations,positive,False,5.090987679998981,5.4464788260101145,0.010297971333485404,0.051118419184898095,0.10147892063618633,0.22609382827688618,0.5980087872311786,0.4019912127688214,0.4019912127688214,2.028624385918242,2,10,-441.24086550384044,-5730.375154500151,5289.134288996311,5289.134288996311,139.4305419921875,175.1399383544922,301.9398345947266,560.3644409179688,10.0,0.1,2.0,4132,0.057089143,False
12947,4971,ok,True,False,20260908,5,analysis_activations,positive,False,4.93300038169763,5.296989479772863,0.0088541385437336,0.06036355765852685,0.09409643215198757,0.24568996247003427,0.635124564074328,0.3648754359256719,0.3648754359256719,1.9565673581077732,2,11,0.08073004021245467,-2035.7406655678622,2035.8213956080747,2035.8213956080747,120.8008804321289,146.18292236328125,262.59747314453125,498.1028747558594,10.0,0.1,2.0,1017,0.05836232,False
13062,4859,ok,True,False,20260908,5,analysis_activations,positive,False,4.898842513261539,5.08912281320171,0.0030416721747719244,0.01751813300899656,0.055151356962199256,0.13235608414046013,0.6284638317820852,0.3715361682179148,0.3715361682179148,1.8767193316558426,2,9,-6028.3172898123075,-7632.701717535265,1604.3844277229573,1604.3844277229573,123.09052276611328,138.05068969726562,185.36016845703125,326.0823974609375,10.0,0.1,2.0,2274,0.0168768,False
13106,1440,ok,True,True,20260908,5,analysis_activations,positive,False,5.198509212561735,5.997770399654284,0.053169141685933896,0.13791490717585378,0.23058434831083807,0.37136896366801275,0.5892928755313428,0.4107071244686572,0.4107071244686572,2.5857795954156817,2,5,2061.4673121336114,1790.2129905062473,271.2543216273641,271.2543216273641,127.15377807617188,224.5540771484375,651.0460510253906,871.15576171875,10.0,0.1,2.0,937,0.24275342,False
13109,8519,ok,True,False,20260908,5,analysis_activations,positive,False,4.898176923990209,5.206308994815436,0.006130640432441082,0.04829129030107988,0.07829840632120862,0.21975279361382388,0.6703663561647442,0.3296336438352558,0.3296336438352558,1.8679486267346423,2,10,-3015.653111689353,-7094.281820848132,4078.628709158779,4078.628709158779,119.39757537841797,138.34393310546875,224.50310821533202,473.2155456542969,10.0,0.1,2.0,2158,0.041012123,False
13148,4596,ok,True,True,20260908,5,analysis_activations,positive,False,5.169544564458461,5.654781375970165,0.019289754585867958,0.08288236086869365,0.13888756094722074,0.28789296773053286,0.5322586570496525,0.4677413429503475,0.4677413429503475,2.146854172139473,2,11,2815.961040726042,1833.0963272766967,982.8647134493453,982.8647134493453,142.380126953125,204.6746826171875,415.72169494628906,822.0479736328125,10.0,0.1,2.0,2201,0.10767545,False
13150,929,ok,True,True,20260908,5,analysis_activations,positive,False,5.0601892815630665,5.552800393765139,0.01695514922293354,0.07976673808227566,0.13021193963279074,0.28243005874424143,0.46802488852033824,0.5319751114796617,0.46802488852033824,2.2400454030689505,2,13,606.1178004427417,440.2401697359491,165.87763070679256,165.87763070679256,128.6912841796875,190.74560546875,388.61342773437457,726.82275390625,10.0,0.1,2.0,404,0.11090623,False
13205,2616,ok,True,False,20260908,5,analysis_activations,positive,False,4.901260617851329,5.219032659057818,0.012155408666873153,0.043229011154303616,0.11025156990661472,0.2079158751858636,0.6462037389310229,0.35379626106897716,0.35379626106897716,1.9095756854965067,2,5,-602.0392474626153,-1121.4007868785811,519.3615394159658,519.3615394159658,113.21188354492188,143.39962768554688,227.9236068725586,385.8155822753906,10.0,0.1,2.0,1303,0.0462522,False
13228,10126,ok,True,True,20260908,5,analysis_activations,positive,False,5.025660562284793,5.429311879263668,0.00955255109167345,0.0715420763438378,0.09773715307739145,0.26747350587270846,0.5549135524252572,0.44508644757474286,0.44508644757474286,2.0045889412805136,2,14,2842.6732553970123,-898.4766205551252,3741.1498759521373,3741.1498759521373,131.544189453125,166.71505737304688,321.1109313964844,632.3052978515625,10.0,0.1,2.0,2780,0.0773923,False
13252,4151,ok,True,True,20260908,5,analysis_activations,positive,False,4.915890510585551,5.2568807607914705,0.010810291616254656,0.04108622730573868,0.10397255222535733,0.2026973786355874,0.6061739481344971,0.3938260518655029,0.3938260518655029,2.1168390848489564,2,7,-598.0651820133755,-1557.212721035077,959.1475390217015,959.1475390217015,116.87420654296875,147.5520782470703,244.64810180664062,392.39764404296875,10.0,0.1,2.0,429,0.05050278,False
13255,2646,ok,True,True,20260908,5,analysis_activations,positive,False,5.007503916387613,5.2907471227435705,0.005427116622861725,0.03053282293633409,0.07366896648427834,0.17473643849047082,0.5109466344831809,0.48905336551681905,0.48905336551681905,2.1123458377562767,2,15,-1145.4636348591346,-1832.3739361433659,686.9103012842313,686.9103012842313,133.8236083984375,163.19042205810547,250.22476959228516,399.5301513671875,10.0,0.1,2.0,274,0.037765514,False
13261,1852,ok,True,True,20260908,5,analysis_activations,positive,False,4.860731590502511,5.321092658984054,0.02144603181687651,0.06795566742808651,0.14644463737835028,0.2606830785227275,0.6130266747808776,0.38697332521912253,0.38697332521912253,2.1774124434073645,2,6,805.482621397178,458.19084809464994,347.2917733025281,347.2917733025281,103.84934997558594,143.9660873413086,277.57747192382806,437.3826904296875,10.0,0.1,2.0,709,0.08976721,False
13264,7199,ok,True,True,20260908,5,analysis_activations,positive,False,4.4881863798037624,5.302557347824637,0.015223562148307942,0.25279841363741135,0.12338380018587505,0.5027906260436956,0.7768555598112753,0.22314444018872476,0.22314444018872476,2.2246007458968298,2,8,8229.761271155394,521.5747147044855,7708.186556450908,7708.186556450908,74.65585327148438,90.11327362060547,306.96411132812466,701.878173828125,10.0,0.1,2.0,3419,0.18322751,False
13275,24489,ok,True,True,20260908,5,analysis_activations,positive,False,4.86813263969055,5.634238657550891,0.032834923129204545,0.13056912646842772,0.18120409247366503,0.3613435020426239,0.466375542830405,0.5336244571695951,0.466375542830405,2.6802324685063215,2,15,33637.98364063305,28054.2005815743,5583.783059058751,5583.783059058751,99.99653625488281,180.10940551757812,459.73585815429686,790.491455078125,10.0,0.1,2.0,1535,0.23106334,False
13290,3537,ok,True,True,20260908,5,analysis_activations,positive,False,5.023004759288237,5.903536544636521,0.027504120127386802,0.3066294372676809,0.16584366170398795,0.5537413089771079,0.6011686820635281,0.39883131793647186,0.39883131793647186,2.154269279318812,2,14,6075.583277532762,3975.108558687536,2100.4747188452257,2100.4747188452257,120.79354858398438,173.19268798828125,770.7418457031249,1510.762939453125,10.0,0.1,2.0,1269,0.32481706,False
13298,12321,ok,True,False,20260908,5,analysis_activations,positive,False,4.913076645851506,5.297914864518098,0.009383015180201846,0.07387430183407614,0.09686596502488294,0.2717982741558087,0.6380956207196568,0.36190437928034336,0.36190437928034336,1.8861750152756647,2,12,1665.6212882063126,-3910.2681052621724,5575.889393468485,5575.889393468485,117.99490356445312,143.18026733398438,267.2341003417969,624.8814697265625,10.0,0.1,2.0,2745,0.066927776,False
13303,10546,ok,True,False,20260908,5,analysis_activations,positive,False,4.9534124355918365,5.238591031614977,0.006348608582532299,0.03611187414644866,0.07967815624455864,0.19003124518470288,0.5938698191087124,0.4061301808912876,0.4061301808912876,1.9572191697969363,2,10,-4526.429725916331,-7839.592606894777,3313.162880978446,3313.162880978446,125.38272857666016,150.19871520996094,233.48350524902344,424.1658020019531,10.0,0.1,2.0,2537,0.03805407,False
13333,9163,ok,True,False,20260908,5,analysis_activations,positive,False,4.904819494471096,5.070659124906168,0.0023242951850188406,0.012830494590911946,0.04821094466009602,0.11327177314279116,0.6576589287111465,0.3423410712888535,0.3423410712888535,1.9051464286611197,2,8,-14419.666318778336,-17602.315956481147,3182.6496377028107,3182.6496377028107,125.16404724121094,137.66976928710938,177.26873931884765,293.9826354980469,10.0,0.1,2.0,2454,0.012113405,False
13341,1174,ok,True,True,20260908,5,analysis_activations,positive,False,5.119199343953918,5.916896085376824,0.05192479626994389,0.14193479156314667,0.22787013027148575,0.3767423410809391,0.6970167141845839,0.3029832858154161,0.3029832858154161,2.5621772652229393,2,4,1533.4279341251643,1236.3967060412265,297.0312280839378,297.0312280839378,118.298095703125,188.26754760742188,577.2324340820309,857.0297241210938,10.0,0.1,2.0,812,0.21375825,False
13365,27145,ok,True,True,20260908,5,analysis_activations,positive,False,4.995417891264657,5.632021659973882,0.05160642885875488,0.09488448795321439,0.22717048412757077,0.30803325786871516,0.5349569002822743,0.46504309971772584,0.46504309971772584,2.3522249631308965,2,5,29359.359872280944,27035.645427304902,2323.7144449760417,2323.7144449760417,101.82606506347656,190.33010864257812,419.1082702636719,794.0870971679688,10.0,0.1,2.0,920,0.17255917,False
13428,12518,ok,True,False,20260908,5,analysis_activations,positive,False,4.883221102513152,5.2144378477453115,0.008353066936509699,0.05113590521954605,0.09139511440175399,0.22613249483333006,0.6272881487115539,0.372711851288446,0.372711851288446,1.9204767347519207,2,10,-1970.5860943992695,-6493.466012625672,4522.879918226403,4522.879918226403,115.01123046875,139.29002380371094,232.67741928100585,542.5619506835938,10.0,0.1,2.0,2193,0.049950328,False
13459,791,ok,True,False,20260908,5,analysis_activations,positive,False,4.754076244547034,5.215817490137814,0.018638976209585077,0.12718777095752698,0.13652463590716907,0.35663394532423154,0.7143487832305201,0.2856512167694799,0.2856512167694799,1.7099959183433207,2,5,380.6383895090496,66.40741020922894,314.23097929982066,314.23097929982066,95.3701171875,121.451171875,233.23321533203125,575.3671875,10.0,0.1,2.0,293,0.09326841,False
13460,7124,ok,True,False,20260908,5,analysis_activations,positive,False,4.9682565107698125,5.34903105957134,0.007826160774081601,0.07205756274057745,0.08846559090449575,0.2684353977041356,0.6417168545051473,0.3582831454948528,0.3582831454948528,1.905257851780683,2,13,671.1094878550998,-3025.1761847774173,3696.285672632517,3696.285672632517,126.81068420410156,150.92134857177734,281.9704284667967,611.0601196289062,10.0,0.1,2.0,1957,0.06418242,False
13472,7199,ok,True,False,20260908,5,analysis_activations,positive,False,4.945675899281633,5.329249355438014,0.009845608675588525,0.08076785705448171,0.09922504056733121,0.2841968632031003,0.6722367202522707,0.3277632797477294,0.3277632797477294,1.8020513944201504,2,10,826.1490910828035,-2636.0955460355085,3462.244637118312,3462.244637118312,121.83805084228516,146.61386108398438,267.2235198974609,737.701171875,10.0,0.1,2.0,2103,0.06551719,False
13506,1574,ok,True,False,20260908,5,analysis_activations,positive,False,4.902826285015354,5.315154670424491,0.010499986435541486,0.0773695875731463,0.10246944147179433,0.2781538918892675,0.6354865417420528,0.36451345825794723,0.36451345825794723,1.967156765242069,2,9,388.7822178847135,-278.3894065249581,667.1716244096715,667.1716244096715,115.96638488769531,143.289794921875,267.28513183593736,578.3733520507812,10.0,0.1,2.0,444,0.07430402,False
13520,4309,ok,True,True,20260908,5,analysis_activations,positive,False,5.046616956750973,5.843630551061431,0.026931285346708123,0.21010546585580647,0.16410754201653294,0.4583726277340374,0.5639687888187604,0.4360312111812397,0.4360312111812397,2.3151166789577933,2,13,6490.178510500016,4576.326406298049,1913.8521042019674,1913.8521042019674,123.25715637207031,184.8719482421875,618.498706054687,1216.4034423828125,10.0,0.1,2.0,2486,0.26306966,False
13533,28832,ok,True,True,20260908,5,analysis_activations,positive,False,4.417027333917761,4.97318179070096,0.019924480175939622,0.0962101421604849,0.14115410081162935,0.31017759777341253,0.5095371954946477,0.49046280450535235,0.49046280450535235,2.3079668342574124,2,14,24029.18404321173,16755.317867686546,7273.866175525185,7273.866175525185,66.66241455078125,99.23825073242188,216.1462478637695,507.1144104003906,10.0,0.1,2.0,5480,0.13464208,False
13560,3383,ok,True,True,20260908,5,analysis_activations,positive,False,5.163330214903897,5.790281421270153,0.04310038180522475,0.07160385208299966,0.20760631446375793,0.2675889610634184,0.5595625158485081,0.440437484151492,0.440437484151492,2.6179359436505907,2,4,3255.326231254426,2894.454179277983,360.87205197644334,360.87205197644334,123.58428955078125,218.31195068359375,460.7741455078125,736.1325073242188,10.0,0.1,2.0,2005,0.15257087,False
13580,10284,ok,True,True,20260908,5,analysis_activations,positive,False,4.452823399503263,5.155910283890848,0.01345898953605533,0.20893512831240063,0.11601288521563168,0.4570942225760468,0.5427357717211272,0.4572642282788728,0.4572642282788728,2.1084453376038077,2,16,13886.86638184612,7540.9342592676885,6345.932122578431,6345.932122578431,72.53123474121094,97.49982452392578,328.57099304199227,787.238525390625,10.0,0.1,2.0,3903,0.22554341,False
13610,7375,ok,True,True,20260908,5,analysis_activations,positive,False,5.110495219479101,5.7196371104369845,0.0379059388465506,0.052723911208702824,0.19469447564466383,0.22961687918945076,0.4468458491010197,0.5531541508989803,0.4468458491010197,2.8615269090300983,2,4,6331.151264471823,5523.56832803368,807.5829364381434,807.5829364381434,121.95755004882812,234.52108764648438,419.6283935546875,611.7950439453125,10.0,0.1,2.0,3148,0.13783501,False
13617,2370,ok,True,True,20260908,5,analysis_activations,positive,False,5.183123367538242,5.6543992436310555,0.015747722548261577,0.08087431451872168,0.12548993006716347,0.2843840968104962,0.5555862692153996,0.44441373078460056,0.44441373078460056,2.1441349330725976,2,12,1272.9907958443418,623.6062619126042,649.3845339317377,649.3845339317377,147.7154541015625,201.74658203125,405.13122711181586,722.1478271484375,10.0,0.1,2.0,144,0.099570945,False
13647,657,ok,True,False,20260908,5,analysis_activations,positive,False,4.948965379901858,5.710558620875963,0.023708115915147775,0.27926960633978937,0.15397440019414843,0.5284596544106176,0.6814031198937434,0.3185968801062567,0.3185968801062567,1.9567382327373877,2,10,914.8685144933804,485.2957700171685,429.57274447621194,429.57274447621194,113.2157211303711,149.1095733642578,526.1317504882811,1296.1051025390625,10.0,0.1,2.0,212,0.23139942,False
13657,5161,ok,True,False,20260908,5,analysis_activations,positive,False,4.7258514086602235,5.095841852893598,0.009106135969991177,0.061252283569445426,0.09542607594358671,0.24749198687926327,0.5928660844512758,0.40713391554872425,0.40713391554872425,1.972638331135595,2,13,426.06877920997994,-1477.5919374904556,1903.6607167004356,1903.6607167004356,97.83319091796875,120.93315124511719,217.45318603515625,427.6852722167969,10.0,0.1,2.0,2154,0.063390546,False
13667,20124,ok,True,True,20260908,5,analysis_activations,positive,False,4.409383894993748,5.016363792520222,0.015222871174500012,0.1425381784595157,0.12338100005470863,0.37754228698188985,0.485500543437562,0.5144994565624381,0.485500543437562,2.16117239834023,2,15,21793.81999853248,14153.506853128696,7640.313145403783,7640.313145403783,68.1949462890625,98.27011108398438,256.5311447143554,541.5565185546875,10.0,0.1,2.0,4933,0.17276275,False
13701,3660,ok,True,False,20260908,5,analysis_activations,positive,False,4.890937974860995,5.29150162793281,0.009565912073616668,0.08571776576000321,0.09780548079538624,0.29277596513375753,0.6629694733194379,0.33703052668056216,0.33703052668056216,1.835174140383065,2,12,726.278272219864,-1153.0469209181808,1879.3251931380448,1879.3251931380448,115.82770538330078,138.8372039794922,263.23440246582015,575.154052734375,10.0,0.1,2.0,936,0.071101226,False
13715,924,ok,True,True,20260908,5,analysis_activations,positive,False,4.839608095894191,5.363682746980614,0.020722546152966658,0.08402398170029954,0.1439532776735794,0.2898689043348726,0.5748023896222609,0.42519761037773895,0.42519761037773895,2.2900150354302062,2,10,635.5084864235799,417.2949350825063,218.21355134107364,218.21355134107364,101.8636474609375,144.9913787841797,293.4424346923826,523.9901733398438,10.0,0.1,2.0,159,0.11488823,False
13725,5232,ok,True,True,20260908,5,analysis_activations,positive,False,4.941977960882439,5.62340984682829,0.02721129893537375,0.1958835186888019,0.16495847639746722,0.4425873006411299,0.6319016445998495,0.3680983554001505,0.3680983554001505,2.040293792788778,2,14,6373.38724105836,4038.350805198748,2335.036435859612,2335.036435859612,110.69725036621094,155.47373962402344,476.50433044433584,1150.701416015625,10.0,0.1,2.0,538,0.19734457,False
13732,3511,ok,True,True,20260908,5,analysis_activations,positive,False,4.937715714617759,5.304663036267988,0.012258055715917988,0.05033485284688041,0.11071610413990364,0.22435430204674126,0.5820001234606553,0.41799987653934473,0.41799987653934473,2.0742263812066937,2,9,156.2515865796087,-642.7507146869882,799.0023012665969,799.0023012665969,117.39146423339844,152.78663635253906,262.7437286376953,491.9382629394531,10.0,0.1,2.0,556,0.06094776,False
13829,11197,ok,True,True,20260908,5,analysis_activations,positive,False,5.042020719573795,5.983173065113356,0.036915140891469786,0.20801283386174593,0.19213313324741724,0.4560842398743306,0.4437534685068499,0.5562465314931502,0.4437534685068499,2.689402046612152,2,18,20062.709116345395,16868.75871687804,3193.950399467354,3193.950399467354,117.35667419433594,233.21542358398438,748.4259765625,1291.058349609375,10.0,0.1,2.0,927,0.3507565,False
13854,8387,ok,True,False,20260908,5,analysis_activations,positive,False,4.867308832816282,5.0306840206024805,0.001976923083819184,0.01318307749835212,0.044462603205606216,0.1148175835765242,0.63428981200399,0.36571018799600996,0.36571018799600996,1.8765126162208072,2,10,-13091.44985516977,-16337.05568856199,3245.605833392219,3245.605833392219,121.11448669433594,132.64036560058594,172.45296783447264,276.3511962890625,10.0,0.1,2.0,2664,0.012267122,False
13874,2255,ok,True,True,20260908,5,analysis_activations,positive,False,4.9993908627322305,5.852623021945059,0.034452867879623206,0.21702315797415758,0.18561483744470217,0.46585744383250716,0.5803496889000043,0.4196503110999958,0.4196503110999958,2.4062121738289517,2,16,3610.7279140506203,2685.1566260053523,925.5712880452679,925.5712880452679,114.52632904052734,178.15835571289062,632.1989746093748,1148.427001953125,10.0,0.1,2.0,1107,0.28849694,False
13890,1280,ok,True,True,20260908,5,analysis_activations,positive,False,5.109297895671981,5.722435855254307,0.04350027167607251,0.06326735183440965,0.2085671874386585,0.2515300217357953,0.5344698003138714,0.46553019968612874,0.46553019968612874,2.653709713263742,2,4,1185.9779060977326,1077.7145266148714,108.26337948286118,108.26337948286118,118.7301025390625,214.06719970703125,421.290542602539,608.65478515625,10.0,0.1,2.0,817,0.1463536,False
13952,3025,ok,True,True,20260908,5,analysis_activations,positive,False,4.872392812152005,5.468630138687026,0.027001942629346354,0.10915143243550639,0.16432267837808132,0.33038073859640543,0.5532150976651524,0.44678490233484763,0.44678490233484763,2.28517757212404,2,12,2893.3587986708935,2180.9941505545426,712.364648116351,712.364648116351,101.97760009765625,155.99859619140625,367.29272460937483,663.1563720703125,10.0,0.1,2.0,1499,0.15162219,False
13982,1253,ok,True,True,20260908,5,analysis_activations,positive,False,5.0389620036810046,5.51651161982248,0.019142653449320007,0.07779337543521213,0.13835697831811739,0.2789146382591135,0.6075043375771862,0.3924956624228138,0.3924956624228138,2.1691564971829345,2,9,640.8601264135417,332.7727216064544,308.0874048070873,308.0874048070873,126.19828796386719,171.6902313232422,341.3728149414062,591.3197021484375,10.0,0.1,2.0,314,0.09661669,False
13983,7537,ok,True,False,20260908,5,analysis_activations,positive,False,4.885450887865463,5.079836084812013,0.0031799620361180688,0.017418968791241263,0.05639115210844755,0.13198094101513771,0.6228802960729374,0.37711970392706257,0.37711970392706257,1.9153839643079775,2,9,-9116.94107408268,-11528.799467370103,2411.8583932874226,2411.8583932874226,121.1414566040039,136.38079833984375,185.27232666015624,284.9393005371094,10.0,0.1,2.0,1187,0.017426934,False
13987,27363,ok,True,True,20260908,5,analysis_activations,positive,False,4.657941539823671,5.42860755686905,0.02328832760507199,0.1414199696169678,0.1526051362342434,0.3760584656898017,0.45694202010800283,0.5430579798919971,0.45694202010800283,2.685489558159068,2,17,38026.03404845589,29333.803423569858,8692.230624886033,8692.230624886033,84.04532623291016,143.2403564453125,383.43348388671865,690.1148681640625,10.0,0.1,2.0,3051,0.23482808,False
14012,1026,ok,True,True,20260908,5,analysis_activations,positive,False,4.934142757853993,5.326641329526781,0.012484082540941343,0.05350786293957296,0.11173219115788137,0.23131766672602627,0.6371975358621993,0.3628024641378007,0.3628024641378007,2.1607653783314573,2,8,88.71184918261423,-193.34763021369264,282.05947939630687,282.05947939630687,117.40673828125,149.84071350097656,267.32281494140625,497.8896789550781,10.0,0.1,2.0,187,0.06304196,False
14015,4366,ok,True,False,20260908,5,analysis_activations,positive,False,4.892421704853125,5.363954816884468,0.014177822076733487,0.10092622564494913,0.11907066001636796,0.31768888184031424,0.6321220489086218,0.3678779510913783,0.3678779510913783,1.9655400385547055,2,11,2256.466300377679,413.62397324416696,1842.842327133512,1842.842327133512,112.15718841552734,143.10980224609375,303.0440139770508,687.6649169921875,10.0,0.1,2.0,1494,0.09781654,False
14021,3603,ok,True,False,20260908,5,analysis_activations,positive,False,4.851121823481763,4.990748455095689,0.001765202015217784,0.008819113975747252,0.04201430726809362,0.09391013776875877,0.669068091738957,0.330931908261043,0.330931908261043,1.9193397618134476,2,6,-6972.858136212173,-8118.941211116586,1146.0830749044126,1146.0830749044126,119.58960723876953,129.81289672851562,160.31232147216795,228.93524169921875,10.0,0.1,2.0,1513,0.008417526,False
14034,2061,ok,True,False,20260908,5,analysis_activations,positive,False,5.113234396658308,5.685929416566291,0.017133084553510727,0.15554753812592123,0.13089340912937797,0.39439515479518916,0.6392351696903408,0.36076483030965906,0.36076483030965906,1.9490213718488185,2,11,1851.3907100830795,801.3803589520685,1050.010351131011,1050.010351131011,137.9811553955078,178.90615844726562,450.7308349609375,1081.0125732421875,10.0,0.1,2.0,406,0.14277296,False
14039,4422,ok,True,False,20260908,5,analysis_activations,positive,False,4.980759388326885,5.315539785832355,0.006097218291561191,0.05234966780814572,0.07808468666493572,0.22880049783194467,0.6116081808402714,0.3883918191597286,0.3883918191597286,1.95836811464817,2,12,-621.1916621625281,-2680.3109716412077,2059.1193094786795,2059.1193094786795,129.48703002929688,153.1275177001953,263.5758285522461,565.1729125976562,10.0,0.1,2.0,1142,0.05069516,False
14055,2763,ok,True,True,20260908,5,analysis_activations,positive,False,4.890930443994656,5.295853763547185,0.012862051218117261,0.06482290477723687,0.11341098367493892,0.2546034264836922,0.580572630561503,0.41942736943849696,0.41942736943849696,2.0545623450418975,2,10,684.5202599970743,-74.38171101764354,758.9019710147178,758.9019710147178,111.65164184570312,146.01451110839844,271.045556640625,672.1689453125,10.0,0.1,2.0,373,0.074608035,False
14067,1174,ok,True,True,20260908,5,analysis_activations,positive,False,4.9728256468615815,5.657233321415448,0.04133448825823013,0.1280351096641329,0.20330884943413094,0.3578199402830045,0.5987643592726418,0.4012356407273582,0.4012356407273582,2.351863653309664,2,6,1387.7668269452504,1158.7084795738072,229.05834737144323,229.05834737144323,107.5748291015625,171.63900756835938,438.27743835449206,846.9758911132812,10.0,0.1,2.0,345,0.1888162,False
14113,1699,ok,True,False,20260908,5,analysis_activations,positive,False,4.608507898133382,5.118100248622499,0.012446892810239779,0.1495850420200482,0.1115656435030058,0.386762255164653,0.817815032483279,0.18218496751672106,0.18218496751672106,1.7903485506428276,2,9,460.7871710299173,-827.1345441361519,1287.9217151660691,1287.9217151660691,85.43926239013672,99.96204376220703,189.5325378417967,626.0823364257812,10.0,0.1,2.0,870,0.07616647,False
14180,9093,ok,True,False,20260908,5,analysis_activations,positive,False,4.957884229699427,5.341218486950649,0.010442445093968746,0.06631679194836497,0.10218828256688114,0.257520468989098,0.614899035815326,0.3851009641846741,0.3851009641846741,1.956713789127786,2,11,1210.7945376991802,-2138.795472703958,3349.590010403138,3349.590010403138,122.37702178955078,152.2394561767578,277.8772766113281,597.9205932617188,10.0,0.1,2.0,3022,0.066762604,False
14204,3303,ok,True,True,20260908,5,analysis_activations,positive,False,5.0530255205603805,5.7538802699363085,0.024268995428618302,0.17111936592966298,0.1557850937304924,0.4136657659628882,0.49987849373008364,0.5001215062699164,0.49987849373008364,2.2422997742788446,2,16,4396.202731840066,3317.929237936815,1078.2734939032512,1078.2734939032512,124.86396789550781,195.1036834716797,561.3673583984369,992.2151489257812,10.0,0.1,2.0,1514,0.22057743,False
14213,7138,ok,True,True,20260908,5,analysis_activations,positive,False,5.035987152554944,5.513516552865501,0.018627781022045698,0.07162851577733753,0.1364836291356795,0.2676350421326354,0.6203395321371689,0.3796604678628312,0.3796604678628312,2.247896741411263,2,9,3278.724188453877,1384.1785116749463,1894.5456767789308,1894.5456767789308,125.75411987304688,170.54269409179688,338.71682128906247,587.5162353515625,10.0,0.1,2.0,578,0.09246813,False
14231,1067,ok,True,True,20260908,5,analysis_activations,positive,False,4.779055269827191,5.676555324439812,0.029325635503099634,0.2878826124798024,0.1712472934183184,0.5365469340885309,0.6573857707829122,0.3426142292170879,0.3426142292170879,2.253602137485688,2,14,1754.94934269585,1078.883697398023,676.0656452978269,676.0656452978269,94.40784454345703,131.63150024414062,590.6613952636718,909.9479370117188,10.0,0.1,2.0,662,0.29961503,False
14237,7528,ok,True,True,20260908,5,analysis_activations,positive,False,5.027010711781115,5.523796571973439,0.015345255084290414,0.09126600422153933,0.12387596653221485,0.3021026385544147,0.5528892007024871,0.44711079929751285,0.44711079929751285,2.1517047935091456,2,14,4785.387781034616,2353.942514576104,2431.445266458512,2431.445266458512,127.03895568847656,173.00653839111328,373.0923507690427,713.577392578125,10.0,0.1,2.0,954,0.110312186,False
14260,1907,ok,True,False,20260908,5,analysis_activations,positive,False,4.911106742445646,5.168159778867237,0.006644200611544873,0.031104742142347003,0.08151196606354721,0.17636536548411938,0.6981885976222445,0.30181140237775556,0.30181140237775556,1.8710497694655435,2,5,-1395.090215392578,-1968.50008127375,573.409865881172,573.409865881172,119.99382781982422,139.85952758789062,201.73407897949212,315.821044921875,10.0,0.1,2.0,473,0.02796396,False
14284,3722,ok,True,False,20260908,5,analysis_activations,positive,False,4.975406866164973,5.358664150660883,0.011045743065624659,0.06999970849195762,0.1050987300856897,0.26457458020746744,0.6867875078035555,0.3132124921964445,0.3132124921964445,1.9038866684141622,2,9,175.52870849564022,-1373.3364165780781,1548.8651250737184,1548.8651250737184,124.21013641357422,150.53631591796875,270.56813201904293,601.5283813476562,10.0,0.1,2.0,1200,0.061122913,False
14309,9747,ok,True,False,20260908,5,analysis_activations,positive,False,4.9391705084265904,5.268660131285554,0.00813124547155872,0.05136980775826788,0.09017341887473669,0.22664908505941048,0.6344543446970933,0.3655456553029068,0.3655456553029068,1.9102684917339943,2,10,-1694.478800102771,-5358.517009578502,3664.0382094757315,3664.0382094757315,122.23855590820312,146.90101623535156,246.14132843017558,668.5321655273438,10.0,0.1,2.0,2050,0.049119186,False
14385,8146,ok,True,False,20260908,5,analysis_activations,positive,False,4.950350650604425,5.151166589524534,0.003335658726379236,0.01979577494186341,0.057755161902458864,0.1406974589033626,0.6534548120411179,0.3465451879588821,0.3465451879588821,1.867290563834154,2,8,-9513.246709423314,-12453.260649913791,2940.0139404904767,2940.0139404904767,129.38157653808594,144.78187561035156,197.44457626342773,335.43450927734375,10.0,0.1,2.0,2216,0.018173201,False
14408,734,ok,True,True,20260908,5,analysis_activations,positive,False,4.764623795290953,5.510067467723117,0.027354043844297436,0.1854831453591758,0.1653905796721731,0.4306775422043455,0.49510702599114026,0.5048929740088598,0.49510702599114026,2.2851045395008622,2,15,1067.116816862897,850.0587316707358,217.05808519216112,217.05808519216112,90.77408599853516,148.89419555664062,395.2803588867188,1051.6090087890625,10.0,0.1,2.0,365,0.24643531,False
14430,36157,ok,True,True,20260908,5,analysis_activations,positive,False,4.723981539320228,5.054479853237407,0.010295934009690488,0.03929412762467123,0.10146888197713863,0.1982274643551474,0.6058999768099153,0.3941000231900847,0.3941000231900847,2.098876678824487,2,7,-7309.447229233623,-15678.70464617003,8369.257416936407,8369.257416936407,96.04962158203125,121.08830261230469,195.8023651123046,377.50653076171875,10.0,0.1,2.0,2939,0.04780623,False
14442,10749,ok,True,True,20260908,5,analysis_activations,positive,False,4.975785927744902,5.3789679182629335,0.011327430206783699,0.06885688362075229,0.10643040076399082,0.2624059519537472,0.5997654527028577,0.4002345472971423,0.4002345472971423,2.013591707120165,2,11,2444.331008187161,-1315.5854004576934,3759.9164086448545,3759.9164086448545,123.4885025024414,156.6484375,295.66076049804695,595.5986938476562,10.0,0.1,2.0,1398,0.07337938,False
14463,2773,ok,True,True,20260908,5,analysis_activations,positive,False,4.977307627362689,5.5502946623550375,0.03628446834581055,0.07131498284826203,0.19048482445016596,0.26704865258649413,0.5634246164873173,0.4365753835126827,0.4365753835126827,2.4703288194510695,2,4,2277.1164292034828,1971.056406202914,306.06002300056866,306.06002300056866,106.43942260742188,177.09414672851562,358.60319824218755,593.7913208007812,10.0,0.1,2.0,1795,0.13238257,False
14470,20687,ok,True,False,20260908,5,analysis_activations,positive,False,4.867699400817522,5.207193966070746,0.009429959127040794,0.05394996809605579,0.09710797663961902,0.23227132430856762,0.6378610396634666,0.3621389603365334,0.3621389603365334,1.9070933689121874,2,9,-2364.8139754380745,-9525.339787279738,7160.525811841663,7160.525811841663,112.44955444335938,137.13330078125,232.8349700927735,573.3348999023438,10.0,0.1,2.0,3300,0.05217767,False
14481,6030,ok,True,False,20260908,5,analysis_activations,positive,False,4.99184934219213,5.442981243776756,0.013396146783129986,0.09883664547225955,0.11574172446931134,0.3143829598948702,0.6295195189453708,0.3704804810546292,0.3704804810546292,1.9044021056311367,2,11,2776.0939535284792,234.99951171622706,2541.094441812252,2541.094441812252,123.99141693115234,157.6638946533203,321.97110290527354,735.8009033203125,10.0,0.1,2.0,2359,0.09253048,False
14525,1456,ok,True,True,20260908,5,analysis_activations,positive,False,5.053548320485059,5.746289898775667,0.03866891132849568,0.09244364114987316,0.19664412355444463,0.30404545901866903,0.568968370516288,0.43103162948371193,0.43103162948371193,2.7056032781080916,2,5,1646.0159906660658,1389.6513089450057,256.36468172106015,256.36468172106015,115.31071472167969,192.1453857421875,462.1539764404297,681.943115234375,10.0,0.1,2.0,873,0.17965996,False
14587,12488,ok,True,False,20260908,5,analysis_activations,positive,False,4.943312365643006,5.428834824535262,0.015404693300035808,0.10569255368962048,0.12411564486411779,0.3251039121413652,0.59061484239812,0.40938515760188,0.40938515760188,1.9731367558271522,2,13,7821.367332945749,3131.168522604952,4690.198810340797,4690.198810340797,117.10636901855469,154.2504119873047,333.3557250976562,956.2352905273438,10.0,0.1,2.0,1298,0.10937246,False
14617,1789,ok,True,True,20260908,5,analysis_activations,positive,False,5.011255808644061,5.484855154167559,0.012948717334022204,0.07132890482629516,0.11379243091709661,0.26707471768457447,0.5167301225946439,0.48326987740535604,0.48326987740535604,2.3071187807149744,2,14,921.3016020944377,420.40361870520456,500.89798338923316,500.89798338923316,126.35588073730469,173.53225708007812,341.9599731445312,546.5819091796875,10.0,0.1,2.0,863,0.09722652,False
14644,1252,ok,True,False,20260908,5,analysis_activations,positive,False,4.915177548318519,5.458429092775143,0.01933584292144243,0.1291349592873374,0.13905338155342511,0.3593535296714607,0.6879178929147863,0.3120821070852136,0.3120821070852136,1.9938635771449384,2,9,880.5916809679289,327.00587198982646,553.5858089781025,553.5858089781025,112.2481689453125,144.82823944091797,328.63385772705095,738.0445556640625,10.0,0.1,2.0,560,0.11705345,False
14650,3211,ok,True,False,20260908,5,analysis_activations,positive,False,4.922175940513768,5.406005091658542,0.011689236488430836,0.12204770561442785,0.10811677246584285,0.3493532676452703,0.6328335023917259,0.36716649760827424,0.36716649760827424,1.8710325153772422,2,12,1940.2078100780727,191.87121675335035,1748.3365933247223,1748.3365933247223,117.77629852294922,146.3649444580078,319.61961364746094,983.4780883789062,10.0,0.1,2.0,921,0.10663359,False
14657,9712,ok,True,True,20260908,5,analysis_activations,positive,False,5.102239371372464,5.577901864239262,0.021193619335713062,0.07608257940142682,0.14558028484555546,0.27583070786521724,0.6165260175373747,0.3834739824626253,0.3834739824626253,2.1568036497510903,2,7,4793.570100788688,2575.6093105133305,2217.960790275358,2217.960790275358,131.978515625,183.24276733398438,363.38299407958976,644.4793701171875,10.0,0.1,2.0,1131,0.095741995,False
14664,6235,ok,True,True,20260908,5,analysis_activations,positive,False,4.926749427536955,5.348522293943752,0.010092832011476632,0.07511976731520766,0.10046308780580374,0.27407985572677107,0.5526255103420955,0.4473744896579045,0.4473744896579045,2.0433451361128783,2,15,2205.5376721875236,-115.54607940444326,2321.083751591967,2321.083751591967,118.78584289550781,152.09335327148438,300.75207519531244,550.1719970703125,10.0,0.1,2.0,1165,0.08317702,False
14680,31612,ok,True,True,20260908,5,analysis_activations,positive,False,4.4381406608625165,5.164635125875538,0.03853788358557156,0.07517507047614973,0.19631068128242934,0.2741807259384761,0.5400315848382743,0.45996841516172565,0.45996841516172565,3.0467887038507673,2,4,36643.47352632147,30104.8885528207,6538.584973500769,6538.584973500769,62.73638916015625,109.99270248413086,248.0845634460449,429.0813903808594,10.0,0.1,2.0,5517,0.18649842,False
14735,621,ok,True,False,20260908,5,analysis_activations,positive,False,4.833825138631452,5.303445974914941,0.015529874097005526,0.11823449394835243,0.12461891548639607,0.3438524304819619,0.7687646238155884,0.2312353761844115,0.2312353761844115,1.815900860178414,2,6,194.81723956410616,-115.73614309623628,310.55338266034244,310.55338266034244,106.20750427246094,127.27723693847656,243.23741149902344,611.823974609375,10.0,0.1,2.0,349,0.07860931,False
14755,568,ok,True,True,20260908,5,analysis_activations,positive,False,5.0548439289200315,5.475414789786317,0.018751034248665997,0.063765162912086,0.13693441586637742,0.252517648714077,0.5890353541295117,0.4109646458704883,0.4109646458704883,2.0705445288374675,2,5,190.4602839937706,102.4063203152781,88.0539636784925,88.0539636784925,127.21563720703125,173.90216064453125,329.64141540527334,472.1207275390625,10.0,0.1,2.0,350,0.0802082,False
14757,3927,ok,True,False,20260908,5,analysis_activations,positive,False,4.846172355992182,4.998355582078291,0.0021098286373969,0.010019415270638727,0.0459328709901406,0.10009702927978796,0.6833175204783556,0.3166824795216445,0.3166824795216445,1.954181598601473,2,5,-7073.581268233708,-8321.882249005479,1248.3009807717708,1248.3009807717708,118.32335662841797,129.22732543945312,161.74998168945314,226.87213134765625,10.0,0.1,2.0,1675,0.009627758,False
14791,4879,ok,True,False,20260908,5,analysis_activations,positive,False,4.9424147275760495,5.373677091231457,0.011007770718726108,0.08660549279169497,0.10491792372481505,0.2942881118762614,0.5230211583462786,0.4769788416537214,0.4769788416537214,1.9521003542630895,2,16,2298.859624892423,633.8819972280947,1664.9776276643283,1664.9776276643283,120.16445922851562,157.08624267578125,324.7860870361323,727.7469482421875,10.0,0.1,2.0,924,0.09348277,False
14892,12679,ok,True,False,20260908,5,analysis_activations,positive,False,4.880259817641455,5.16025586930308,0.005495616716842134,0.03904224879863211,0.07413242689162505,0.19759111518140718,0.6635624866147967,0.3364375133852034,0.3364375133852034,1.8762996833414654,2,10,-6767.246690312288,-12295.363933518362,5528.117243206074,5528.117243206074,117.7931137084961,135.85122680664062,211.22062683105463,457.1984558105469,10.0,0.1,2.0,2645,0.03428562,False
14922,18613,ok,True,False,20260908,5,analysis_activations,positive,False,4.381934998301498,4.763418693103985,0.011723857853448788,0.08851070012639975,0.10827676506734392,0.2975074791100213,0.6802901266390621,0.31970987336093787,0.31970987336093787,1.7040496261163094,2,7,2784.0241935327094,-5266.1453261950355,8050.169519727745,8050.169519727745,67.68991088867188,82.8289566040039,149.90990295410154,876.7086181640625,10.0,0.1,2.0,4762,0.06792807,False
14923,3291,ok,True,True,20260908,5,analysis_activations,positive,False,5.164144677031126,5.650022762937882,0.03113640997413427,0.06622013125579154,0.17645512169992197,0.2573327248054385,0.5758455081752591,0.4241544918247409,0.4241544918247409,2.2022151275001187,2,5,1896.7031332197546,1577.8497905110696,318.853342708685,318.853342708685,131.69097900390625,205.42596435546875,393.59033203125,619.9681396484375,10.0,0.1,2.0,1159,0.10370925,False
14946,694,ok,True,False,20260908,5,analysis_activations,positive,False,4.93980268548072,5.616793973075471,0.014860576294454494,0.21918247604916014,0.12190396340748931,0.46816928140274233,0.46631959441556253,0.5336804055844374,0.46631959441556253,1.9790200799405577,2,18,986.2332432765788,694.7254768801614,291.5077663964174,291.5077663964174,116.77974700927734,171.44265747070312,563.8605712890625,1075.0186767578125,10.0,0.1,2.0,311,0.23830537,False
14948,9989,ok,True,True,20260908,5,analysis_activations,positive,False,5.0262377830582485,5.809075853169784,0.04203666404080863,0.1719458153947503,0.20502844690629793,0.4146634965785514,0.5867345325618734,0.4132654674381267,0.4132654674381267,2.393303785551093,2,11,14288.759396231499,11442.675944696402,2846.083451535096,2846.083451535096,112.26544189453125,184.06622314453125,573.9949584960939,1048.834228515625,10.0,0.1,2.0,515,0.24434549,False
14989,5606,ok,True,True,20260908,5,analysis_activations,positive,False,4.964626289694089,5.379859660948359,0.00984267781643246,0.07477245011988415,0.0992102707204877,0.2734455158160107,0.5851845804834666,0.4148154195165335,0.4148154195165335,2.0187532530732923,2,12,1670.2684414302853,-606.0448237808359,2276.3132652111212,2276.3132652111212,123.60310363769531,154.71347045898438,302.8743896484375,629.6226196289062,10.0,0.1,2.0,2342,0.07864318,False
15018,521,ok,True,True,20260908,5,analysis_activations,positive,False,5.114907295141112,5.584255642263832,0.010024263917449722,0.08197768617516821,0.10012124608418396,0.28631745698641603,0.6011896034774898,0.3988103965225101,0.3988103965225101,2.1883247596940647,2,15,245.319101350195,8.860406963418516,236.4586943867765,236.4586943867765,143.92471313476562,179.94580078125,381.700927734375,676.0886840820312,10.0,0.1,2.0,157,0.09171122,False
15028,8381,ok,True,False,20260908,5,analysis_activations,positive,False,4.917654873900096,5.095021578855163,0.0024753530352638504,0.015710308707177885,0.049752919866715865,0.12534077033103747,0.6761037620699676,0.32389623793003225,0.32389623793003225,1.860041103195309,2,8,-12185.69541504237,-15528.09404564148,3342.3986305991093,3342.3986305991093,126.47411346435547,139.1258544921875,182.0761260986328,360.30194091796875,10.0,0.1,2.0,2555,0.013651836,False
15037,8679,ok,True,True,20260908,5,analysis_activations,positive,False,4.812416224743088,5.294483235520409,0.020109828944633545,0.07775390484723474,0.1418091285659479,0.2788438718122289,0.6342790284419585,0.36572097155804156,0.36572097155804156,2.1792724049787613,2,7,4227.661156713376,1941.3537441892022,2286.3074125241737,2286.3074125241737,99.25570678710938,134.97592163085938,271.13403015136726,578.7830810546875,10.0,0.1,2.0,2480,0.095108345,False
15058,5839,ok,True,True,20260908,5,analysis_activations,positive,False,4.655651734523146,5.535599967470961,0.017486671279833915,0.3503459549114467,0.13223717813018362,0.591900291359488,0.6523234096713307,0.34767659032866927,0.34767659032866927,2.051856561470775,2,13,9726.986951264891,4429.249887621763,5297.737063643128,5297.737063643128,87.07820892333984,112.72687530517578,591.793908691406,937.356201171875,10.0,0.1,2.0,2698,0.3088777,False
15064,3356,ok,True,True,20260908,5,analysis_activations,positive,False,5.0023849276013586,5.526716316980358,0.0167538742356651,0.10660025487991255,0.12943675766823387,0.3264969446716348,0.6630159009901861,0.33698409900981396,0.33698409900981396,2.1112711336143417,2,11,2085.056677589504,605.3629047938011,1479.693772795703,1479.693772795703,123.99990844726562,159.48474884033203,361.81529998779297,679.6338500976562,10.0,0.1,2.0,640,0.1084871,False
15080,12157,ok,True,False,20260908,5,analysis_activations,positive,False,4.881186949930475,5.070957566641177,0.0030577617870925842,0.017603197931968118,0.055297032353396544,0.13267704372636632,0.6479971171486557,0.3520028828513444,0.3520028828513444,1.8671049110990616,2,8,-15458.656534621909,-19687.706120216513,4229.049585594605,4229.049585594605,121.02009582519531,135.07749938964844,180.89230346679685,341.01177978515625,10.0,0.1,2.0,3191,0.016392564,False
15178,649,ok,True,True,20260908,5,analysis_activations,positive,False,4.683941550280772,5.300733973965805,0.027419785885841316,0.13191548214513188,0.1655892082408794,0.36320170999753276,0.5826351020295095,0.41736489797049053,0.41736489797049053,2.1852346117904653,2,9,679.5983736487431,513.9230769197014,165.67529672904163,165.67529672904163,82.74562072753906,123.88954162597656,299.16357421875,660.0824584960938,10.0,0.1,2.0,217,0.16379428,False
15181,7322,ok,True,True,20260908,5,analysis_activations,positive,False,4.555287545142247,5.7743377425847875,0.018734565123649308,0.5885485349169713,0.13687426757301502,0.7671691696861725,0.7232098639670685,0.2767901360329314,0.2767901360329314,2.2122845649271166,2,11,15329.469260812286,5402.7184377593285,9926.750823052957,9926.750823052957,79.13994598388672,98.43165588378906,812.3221893310542,1215.66650390625,10.0,0.1,2.0,3153,0.47399783,False
15205,1958,ok,True,False,20260908,5,analysis_activations,positive,False,4.9472577760260865,5.428483613744933,0.013809356363560399,0.10461963021865459,0.1175132178248915,0.323449579097971,0.5877662441958393,0.4122337558041606,0.4122337558041606,1.9775839493003144,2,13,1202.2068736074548,426.3399562149766,775.8669173924782,775.8669173924782,118.64404296875,154.5424041748047,338.21149902343734,750.35400390625,10.0,0.1,2.0,913,0.10740903,False
15208,6899,ok,True,False,20260908,5,analysis_activations,positive,False,4.919496234712042,5.225492990109404,0.006642859979727292,0.04249849768027568,0.08150374212100504,0.20615163758814936,0.5967370279198606,0.40326297208013934,0.40326297208013934,1.9521277896326772,2,12,-2011.0120107528103,-4442.417520215022,2431.4055094622117,2431.4055094622117,120.74092102050781,144.9281768798828,234.40527343749986,550.2982177734375,10.0,0.1,2.0,1570,0.0436396,False
15219,4786,ok,True,False,20260908,5,analysis_activations,positive,False,4.970610713238921,5.322124854027037,0.008936006200297537,0.054594169580883006,0.09453045118001678,0.23365395263269784,0.5770712341623364,0.42292876583766353,0.42292876583766353,1.9722763632183589,2,12,4.8269024836117325,-1537.5243672327692,1542.351269716381,1542.351269716381,124.68608093261719,155.28124237060547,269.71240997314453,550.2019653320312,10.0,0.1,2.0,1118,0.058414068,False
15259,752,ok,True,True,20260908,5,analysis_activations,positive,False,5.055974576773096,5.606039303586808,0.026555777364588667,0.09350492395412811,0.16295943472100247,0.3057857484483672,0.49800564358215194,0.5019943564178482,0.49800564358215194,2.245062089495454,2,11,645.9315791697376,540.903155202392,105.02842396734559,105.02842396734559,122.13272094726562,194.16883850097656,407.89835968017553,710.7217407226562,10.0,0.1,2.0,522,0.13598537,False
15273,9329,ok,True,False,20260908,5,analysis_activations,positive,False,4.556252036463923,5.2905472325392315,0.017370845566591606,0.2661080389460295,0.13179850365839366,0.515856606961692,0.7076662437485525,0.29233375625144753,0.29233375625144753,1.9504073604706709,2,13,11554.057986320326,3666.1241722820278,7887.933814038298,7887.933814038298,79.06451416015625,98.69329833984375,364.73726806640667,792.7451782226562,10.0,0.1,2.0,3529,0.20165019,False
15303,5354,ok,True,False,20260908,5,analysis_activations,positive,False,4.994597916980367,5.411579691166918,0.011590751048194587,0.07607067524470748,0.10766035039973902,0.2758091282838686,0.6148992758920903,0.38510072410790985,0.38510072410790985,1.991717798780213,2,12,1524.9220854033413,-533.334820011829,2058.2569054151704,2058.2569054151704,126.06356811523438,158.6630630493164,305.0068267822265,617.461669921875,10.0,0.1,2.0,1719,0.07760842,False
15345,1020,ok,True,True,20260908,5,analysis_activations,positive,False,5.115743900247305,5.858374677504804,0.04328011909356261,0.2129434453120659,0.2080387442126168,0.4614579561694282,0.6888275282294745,0.3111724717705255,0.3111724717705255,2.074810358527172,2,8,1337.230399126772,985.2212682109206,352.0091309158514,352.0091309158514,122.73444366455078,181.03316497802734,535.2448822021483,1494.39208984375,10.0,0.1,2.0,378,0.21449465,False
15346,4091,ok,True,True,20260908,5,analysis_activations,positive,False,4.704684016233926,5.7382599840429185,0.01453844904614896,0.5119814876948857,0.12057549106741784,0.7155288168165457,0.7755538824453732,0.2244461175546268,0.2244461175546268,2.0144198410801937,2,10,6863.24944678064,924.9900062929137,5938.259440487726,5938.259440487726,93.74748992919922,111.82625579833984,746.8744812011719,1284.2108154296875,10.0,0.1,2.0,2149,0.31221813,False
15374,7137,ok,True,True,20260908,5,analysis_activations,positive,False,4.939967274267754,5.3967185043992245,0.01274761687304582,0.08259806234666169,0.11290534474968765,0.2873987862651157,0.6124452582815952,0.3875547417184048,0.3875547417184048,2.091915871978491,2,13,3033.245449195129,191.59510516471786,2841.650344030411,2841.650344030411,118.32565307617188,151.36695861816406,316.1797729492187,594.4779663085938,10.0,0.1,2.0,2341,0.089347795,False
15406,4176,ok,True,True,20260908,5,analysis_activations,positive,False,4.932030642679185,5.511849543972932,0.015172143146456166,0.15071213558859636,0.12317525379091437,0.38821660910965206,0.6189040479584824,0.3810959520415177,0.3810959520415177,2.0132826554379712,2,14,3835.8139257000084,1568.2556925171561,2267.5582331828523,2267.5582331828523,116.78352355957031,150.67869567871094,393.2756118774414,971.7510986328125,10.0,0.1,2.0,997,0.1461542,False
15424,7045,ok,True,False,20260908,5,analysis_activations,positive,False,4.401800572708036,5.108824675117732,0.019691233862723312,0.2992010551853185,0.14032545693039203,0.5469927377811505,0.7721313059518287,0.2278686940481713,0.2278686940481713,1.770627511924204,2,10,7582.173369555134,1554.3042232087223,6027.869146346411,6027.869146346411,66.49425506591797,82.88020324707031,224.45626831054676,840.5545654296875,10.0,0.1,2.0,3175,0.17135772,False
15503,1366,ok,True,True,20260908,5,analysis_activations,positive,False,5.097093571994997,5.761013252142812,0.025233055124091814,0.14887155914244596,0.1588491583990668,0.38583877350837353,0.5177836194106223,0.4822163805893776,0.4822163805893776,2.250222171732382,2,15,1657.2759376361905,1265.6874973122306,391.58844032395996,391.58844032395996,128.92076110839844,197.92361450195312,529.6905364990234,953.6876831054688,10.0,0.1,2.0,824,0.19505349,False
15520,6235,ok,True,True,20260908,5,analysis_activations,positive,False,5.0506096991092155,5.423374007013889,0.009924059014812723,0.054918284549857574,0.09961957144463493,0.2343465053075415,0.6091020614249432,0.3908979385750567,0.3908979385750567,2.0702365340484494,2,11,231.60291175099616,-1872.4409203791763,2104.0438321301726,2104.0438321301726,134.81863403320312,167.89083862304688,294.37148132324205,503.7547302246094,10.0,0.1,2.0,3083,0.060604967,False
15537,2400,ok,True,False,20260908,5,analysis_activations,positive,False,4.925858482334159,5.293949347604726,0.009503010067393007,0.06829444116296447,0.09748338354505863,0.261332051541644,0.6492502031340007,0.35074979686599933,0.35074979686599933,1.8663253421220833,2,9,113.07729243437808,-886.620038857011,999.697331291389,999.697331291389,119.03215026855469,144.20468139648438,258.10948486328107,645.2239990234375,10.0,0.1,2.0,1168,0.061003022,False
15592,1228,ok,True,False,20260908,5,analysis_activations,positive,False,4.939864995636136,5.428543533471184,0.017125253689419855,0.11520216741080748,0.1308634925768828,0.3394144478521907,0.7098973628584024,0.29010263714159756,0.29010263714159756,1.899823866724976,2,7,605.4343832739837,62.44755941276165,542.9868238612221,542.9868238612221,115.0257797241211,146.1738052368164,307.9297042846674,704.157958984375,10.0,0.1,2.0,348,0.094834305,False
15641,646,ok,True,False,20260908,5,analysis_activations,positive,False,5.030362304539821,5.600521015944405,0.017264681386334194,0.15315976252999905,0.13139513456111757,0.3913563114733159,0.6197687432877025,0.38023125671229757,0.38023125671229757,1.9531914714783782,2,17,601.1819700158194,300.7052118558473,300.47675815997206,300.47675815997206,126.67134094238281,165.82959747314453,428.2625274658203,991.748046875,10.0,0.1,2.0,372,0.14576793,False
15656,7230,ok,True,False,20260908,5,analysis_activations,positive,False,4.907221274695693,5.241950611473194,0.007186582792842964,0.05419375377028125,0.08477371522378245,0.2327955192229465,0.6359059716645133,0.36409402833548676,0.36409402833548676,1.9107072087827148,2,11,-1088.6053094349088,-4255.235796090339,3166.63048665543,3166.63048665543,119.23036193847656,141.21269989013672,242.7350166320798,524.237060546875,10.0,0.1,2.0,1837,0.050248913,False
15659,739,ok,True,True,20260908,5,analysis_activations,positive,False,4.912784401228019,5.382710531118487,0.016575857012095935,0.07983083134309592,0.12874726021199803,0.282543503452293,0.6151317979944788,0.3848682020055212,0.3848682020055212,2.1403806187567325,2,9,356.75031199282085,147.25995791006196,209.4903540827589,209.4903540827589,110.52783203125,149.13067626953125,302.4737854003907,500.57330322265625,10.0,0.1,2.0,470,0.09332651,False
15692,2052,ok,True,True,20260908,5,analysis_activations,positive,False,5.028768843363501,5.906880914539169,0.05329307988142328,0.15547898840292831,0.23085293994537578,0.39430824034367873,0.42110146002283344,0.5788985399771664,0.42110146002283344,2.7178704279277013,2,12,3370.879037567277,3089.374138139183,281.5048994280942,281.5048994280942,107.4020767211914,247.119384765625,648.4724731445312,879.8261108398438,10.0,0.1,2.0,1086,0.30056435,False
15729,2448,ok,True,True,20260908,5,analysis_activations,positive,False,5.118682886223352,5.886860620168058,0.039569587721907495,0.1174601548864114,0.19892105902067658,0.3427246050204324,0.6319128830275135,0.3680871169724865,0.3680871169724865,2.7414842373021115,2,7,3089.1774248361958,2402.7860913807863,686.3913334554095,686.3913334554095,124.18112182617188,195.82017517089844,543.2000610351563,897.155029296875,10.0,0.1,2.0,1265,0.20557885,False
15754,12261,ok,True,True,20260908,5,analysis_activations,positive,False,4.451894919902458,5.5335461754126865,0.02719158290128774,0.30351748899550735,0.16489870497153014,0.5509242134772326,0.7271523401850956,0.2728476598149045,0.2728476598149045,2.659985090083928,2,15,21394.469829703976,9995.51623080038,11398.953598903596,11398.953598903596,68.35394287109375,89.75596618652344,459.5689392089844,683.440185546875,10.0,0.1,2.0,4100,0.33473676,False
15786,3036,ok,True,False,20260908,5,analysis_activations,positive,False,4.9515737943691365,5.363060566719094,0.01278162851569998,0.0886929052805615,0.11305586457897697,0.2978135411302876,0.6669563714601995,0.33304362853980046,0.33304362853980046,1.8268056427780217,2,9,794.9017890719947,-464.7341311848175,1259.6359202568121,1259.6359202568121,120.44601440429688,149.0703353881836,284.1765670776367,749.1273193359375,10.0,0.1,2.0,682,0.07569757,False
15809,3136,ok,True,False,20260908,5,analysis_activations,positive,False,5.092576760696074,5.489317023227233,0.009632534171944778,0.06929226326309414,0.09814547453624532,0.26323423649497824,0.5703715840541852,0.42962841594581486,0.42962841594581486,1.9971677119677564,2,13,743.4803916691694,-405.25551050681565,1148.735902175985,1148.735902175985,140.76513671875,177.29053497314453,338.86358642578125,682.7195434570312,10.0,0.1,2.0,1459,0.07385777,False
15820,4652,ok,True,True,20260908,5,analysis_activations,positive,False,5.095293300344664,5.701561779141966,0.015843921977391554,0.1419523779187948,0.1258726418940651,0.37676568038874614,0.45792666319511,0.54207333680489,0.45792666319511,2.1583982442642924,2,20,5122.1537424397175,3574.6587201325724,1547.495022307145,1547.495022307145,136.46502685546875,202.7040252685547,519.4801239013672,1016.0704956054688,10.0,0.1,2.0,539,0.17548104,False
15832,1335,ok,True,True,20260908,5,analysis_activations,positive,False,5.039714356972921,6.291349676455003,0.10613446112903346,0.09544908061181032,0.32578284351548265,0.308948346187207,0.5799701243238352,0.4200298756761648,0.4200298756761648,3.9424416295826763,2,3,2832.186218516377,2371.981392616792,460.20482589958465,460.20482589958465,99.35874938964844,231.42044067382812,756.5006591796875,890.0101318359375,10.0,0.1,2.0,699,0.4836371,False
15847,6851,ok,True,False,20260908,5,analysis_activations,positive,False,4.822647152916154,5.026570987925983,0.003626375716504876,0.020168562229959996,0.060219396513954505,0.14201606328144714,0.6402283903572792,0.35977160964272087,0.35977160964272087,1.8695655613785647,2,7,-7636.9527048558175,-9891.124466247793,2254.1717613919755,2254.1717613919755,113.21002197265625,127.89035034179688,176.0608367919922,291.63214111328125,10.0,0.1,2.0,1812,0.019157996,False
15854,1972,ok,True,True,20260908,5,analysis_activations,positive,False,5.090025053945471,5.652200368082623,0.012934080529317672,0.07853586611410025,0.11372809911942462,0.28024251303844006,0.33054087368058044,0.6694591263194195,0.33054087368058044,2.6287395315322986,2,18,1538.7773036922215,1198.8128597327604,339.96444395946105,339.96444395946105,137.65126037597656,233.10250854492188,425.87686614990224,682.5238037109375,10.0,0.1,2.0,1221,0.12684998,False
15855,3533,ok,True,False,20260908,5,analysis_activations,positive,False,4.896757204610425,5.03418751866841,0.0016938050178906818,0.008191986273484018,0.041155862497227316,0.09050959216284216,0.6400067934786554,0.3599932065213446,0.3599932065213446,1.9547526838502862,2,7,-6850.378176472502,-7900.0449761148975,1049.6667996423957,1049.6667996423957,125.33790588378906,136.33689880371094,168.20559997558587,229.0271453857422,10.0,0.1,2.0,1351,0.008386035,False
15936,9203,ok,True,True,20260908,5,analysis_activations,positive,False,4.506956067037609,5.31753297280831,0.015905197406097093,0.2706223025088278,0.1261158095010181,0.5202137084976017,0.6850184890647181,0.314981510935282,0.314981510935282,2.141539398755871,2,11,12920.704998906642,4478.324986644245,8442.380012262398,8442.380012262398,75.68645477294922,95.11817169189453,351.34861755371077,731.3460083007812,10.0,0.1,2.0,3434,0.23792839,False
15968,12405,ok,True,True,20260908,5,analysis_activations,positive,False,5.087952336157653,5.6542252263622945,0.036020593753717293,0.05889634497132238,0.1897909211572495,0.24268569173175905,0.4996262785403162,0.5003737214596838,0.4996262785403162,2.5993748167068347,2,4,9685.75357590777,8558.912239180036,1126.8413367277335,1126.8413367277335,120.24382781982422,210.8167724609375,393.73767700195305,769.0020751953125,10.0,0.1,2.0,3897,0.12764259,False
16002,8660,ok,True,True,20260908,5,analysis_activations,positive,False,5.028128832189353,5.600611005838453,0.01805569929319733,0.1002732288635752,0.13437149732438547,0.3166594840891004,0.45545360554931696,0.5445463944506831,0.45545360554931696,2.3535937406127654,2,18,7818.15743627043,5716.718441271791,2101.438994998639,2101.438994998639,124.98758697509766,192.4535675048828,423.38755645751945,738.3794555664062,10.0,0.1,2.0,461,0.14412652,False
16053,852,ok,True,False,20260908,5,analysis_activations,positive,False,4.9394809227705405,5.473244815701476,0.012383839374134998,0.14439572656831257,0.11128270024642194,0.3799943770219667,0.6250195088582157,0.3749804911417844,0.3749804911417844,1.9064238435154557,2,12,684.2552086711383,201.00809392023234,483.247114750906,483.247114750906,119.29513549804688,149.59616088867188,378.9571823120116,778.5700073242188,10.0,0.1,2.0,599,0.12880887,False
16139,1134,ok,True,True,20260908,5,analysis_activations,positive,False,4.852118651603617,5.412130110811044,0.025374435203217336,0.11247662223603026,0.1592935504131204,0.3353753453013955,0.5609599654271218,0.43904003457287827,0.43904003457287827,2.133078609962152,2,12,1009.5324929444209,746.1705121394529,263.3619808049681,263.3619808049681,101.61187744140625,149.20053100585938,338.7103393554687,688.8648681640625,10.0,0.1,2.0,769,0.14097686,False
16152,4011,ok,True,False,20260908,5,analysis_activations,positive,False,4.99747979068819,5.313729244950222,0.007569596790022062,0.049915016047737154,0.0870034297601081,0.22341668703956996,0.6423541994155307,0.3576458005844692,0.3576458005844692,1.8653871349029052,2,10,-978.1348903342191,-2522.5080733519344,1544.3731830177153,1544.3731830177153,130.50094604492188,154.9944610595703,254.80897521972656,586.126953125,10.0,0.1,2.0,1786,0.04570127,False
16172,8411,ok,True,False,20260908,5,analysis_activations,positive,False,4.899332489730235,5.047519177236119,0.0019244489894625738,0.009414984908524862,0.043868542139699304,0.09703084513970216,0.6775545032710153,0.3224454967289848,0.3224454967289848,1.968015438961481,2,6,-15606.406480762264,-18378.3657912629,2771.959310500635,2771.959310500635,125.1539306640625,136.15289306640625,169.95014190673828,232.24156188964844,10.0,0.1,2.0,2359,0.009137375,False
16212,5239,ok,True,True,20260908,5,analysis_activations,positive,False,5.150915558275049,6.041373201514965,0.05974465103508689,0.20093667636825657,0.24442718963954663,0.448259608227483,0.6371607310066261,0.3628392689933738,0.3628392689933738,2.46645560040767,2,6,8476.3900658686,7027.41409975043,1448.9759661181697,1448.9759661181697,121.71678161621094,206.28518676757812,720.9358459472644,1249.244140625,10.0,0.1,2.0,664,0.2943411,False
16223,4620,ok,True,True,20260908,5,analysis_activations,positive,False,4.897046377891815,5.276018484372948,0.013025084020706535,0.03872498945714457,0.11412749020593826,0.19678665975402032,0.598799513995463,0.40120048600453695,0.40120048600453695,2.3559537373202772,2,6,-39.64130903177363,-954.2228681493373,914.5815591175636,914.5815591175636,112.40200805664062,147.92484283447266,248.38884277343752,414.4226989746094,10.0,0.1,2.0,1040,0.05785054,False
16325,3032,ok,True,False,20260908,5,analysis_activations,positive,False,4.945161630253031,5.3049938270303345,0.008730113962688938,0.06074280234872125,0.09343507886596414,0.24646054927456695,0.6454027033306137,0.35459729666938644,0.35459729666938644,1.9306664648409757,2,11,-75.69401331653472,-1342.6754760306126,1266.981462714078,1266.981462714078,122.64898681640625,147.69121551513672,258.1794204711914,605.1467895507812,10.0,0.1,2.0,1258,0.056823887,False
16336,6474,ok,True,False,20260908,5,analysis_activations,positive,False,4.90815198144721,5.2762711675032525,0.009572394038723913,0.059976375445129515,0.09783861220767552,0.2449007461097853,0.6325527696037943,0.3674472303962057,0.3674472303962057,1.9740526232500422,2,10,131.46391990267017,-2339.508921493364,2470.9728413960343,2470.9728413960343,117.1379623413086,143.38490295410156,257.7565185546875,533.538330078125,10.0,0.1,2.0,1086,0.059598465,False
16349,933,ok,True,True,20260908,5,analysis_activations,positive,False,5.174187937042033,5.8892592909261525,0.04730602514841898,0.047061084332425535,0.21749948309919953,0.2169356686495458,0.41869409323560514,0.5813059067643948,0.41869409323560514,3.2919562277818892,2,3,1016.9976694843177,850.0385051374914,166.95916434682636,166.95916434682636,125.43075561523438,279.68121337890625,487.01141967773435,649.445068359375,10.0,0.1,2.0,740,0.1717982,False
16355,10810,ok,True,True,20260908,5,analysis_activations,positive,False,5.356199878429738,5.879827935108554,0.031817462032056404,0.06908501526367106,0.17837449938838343,0.26284028470474435,0.516349849370958,0.48365015062904215,0.48365015062904215,2.331240030755785,2,5,7623.0403760794725,6611.610950715968,1011.4294253635044,1011.4294253635044,159.53125,263.1336669921875,506.0689270019531,953.23486328125,10.0,0.1,2.0,1720,0.11832498,False
16364,13657,ok,True,False,20260908,5,analysis_activations,positive,False,4.897936708633312,5.237926853547142,0.008046151680626345,0.053693784991824055,0.08970034381554144,0.23171919426716478,0.5863189700893455,0.41368102991065453,0.41368102991065453,1.9350769357163342,2,12,-843.63948249462,-5697.161745503521,4853.522263008901,4853.522263008901,117.04011535644531,143.35247802734375,247.02435913085927,515.010986328125,10.0,0.1,2.0,2791,0.054969564,False
16415,3952,ok,True,True,20260908,5,analysis_activations,positive,False,4.807822978638251,4.982869940487638,0.0024806135058027105,0.012731276628455959,0.049805757757539544,0.11283295896348708,0.6739415608532248,0.3260584391467752,0.3260584391467752,2.0071414753187606,2,8,-6068.497965812969,-7444.379899324058,1375.8819335110893,1375.8819335110893,113.10385131835938,124.67362213134766,161.88035736083984,228.09353637695312,10.0,0.1,2.0,1160,0.012558399,False
16417,2164,ok,True,True,20260908,5,analysis_activations,positive,False,5.124926413873465,5.649497725569382,0.031958844664892246,0.06431214289637052,0.17877036853151096,0.2535983889861498,0.5374284463099822,0.4625715536900177,0.4625715536900177,2.3909573000015856,2,5,1482.4113926336863,1277.0830286387209,205.32836399496546,205.32836399496546,126.1986083984375,205.300048828125,390.20972900390626,635.017333984375,10.0,0.1,2.0,985,0.11538512,False
16453,7458,ok,True,False,20260908,5,analysis_activations,positive,False,4.837121438071778,4.991874188099146,0.0020417543476653885,0.010638582904282939,0.04518577594404448,0.10314350636023065,0.6451849493671374,0.3548150506328625,0.3548150506328625,1.9435153318540088,2,8,-12746.848791209442,-15169.45659822737,2422.6078070179283,2422.6078070179283,117.29426574707031,128.61460876464844,162.7923126220703,244.88304138183594,10.0,0.1,2.0,1912,0.010574737,False
16463,1271,ok,True,True,20260908,5,analysis_activations,positive,False,5.221284371862343,6.127410434204583,0.030753924025272477,0.20684092604364354,0.17536796750054576,0.45479767594353815,0.7070337997091725,0.29296620029082754,0.29296620029082754,2.6289668401936233,2,12,1871.467082496172,1077.5723100165976,793.8947724795744,793.8947724795744,146.907958984375,200.01080322265625,761.207275390625,991.2197265625,10.0,0.1,2.0,739,0.2526117,False
16487,10898,ok,True,False,20260908,5,analysis_activations,positive,False,4.863773403535673,5.15309622898252,0.007003558766761145,0.04236070041376427,0.08368726765022948,0.20581715286575186,0.6810119746868587,0.31898802531314135,0.31898802531314135,1.8415833659516598,2,7,-5141.803392957363,-9320.545539856785,4178.742146899422,4178.742146899422,114.29167938232422,133.46144104003906,208.26418151855466,688.2715454101562,10.0,0.1,2.0,3162,0.036468673,False
16503,7503,ok,True,False,20260908,5,analysis_activations,positive,False,4.923486612687212,5.077959151828323,0.001985535087787609,0.011635432056228764,0.044559343439817524,0.10786765991820145,0.6496916944295885,0.3503083055704115,0.3503083055704115,1.8718123590647808,2,8,-12667.682134038534,-15326.910351399594,2659.22821736106,2659.22821736106,128.16384887695312,139.97213745117188,177.786897277832,294.80426025390625,10.0,0.1,2.0,2416,0.010797216,False
16525,7888,ok,True,True,20260908,5,analysis_activations,positive,False,4.975119887412219,5.410400868579741,0.012929446848330105,0.0655232638591352,0.11370772554373826,0.25597512351620266,0.5398004697341507,0.4601995302658493,0.4601995302658493,2.197762266497963,2,14,2883.7270766805477,729.9274457264736,2153.799630954074,2153.799630954074,121.68673706054688,163.79486083984375,313.2723403930664,512.0015869140625,10.0,0.1,2.0,3100,0.084209666,False
16588,5852,ok,True,False,20260908,5,analysis_activations,positive,False,4.61176028944444,5.443098255316964,0.0175522979418528,0.34441814714331054,0.13248508573365078,0.58687149116592,0.8137663811857222,0.18623361881427794,0.18623361881427794,1.9541417182165313,2,10,6691.603171535464,179.3288038850432,6512.274367650421,6512.274367650421,84.35924530029297,100.3613052368164,347.73970794677734,781.656494140625,10.0,0.1,2.0,2857,0.18319604,False
16623,4547,ok,True,False,20260908,5,analysis_activations,positive,False,4.906602838008379,5.380981203798658,0.015414642767673946,0.13706432540298918,0.12415571983470575,0.3702219947585356,0.7422432797303123,0.2577567202696875,0.2577567202696875,1.718046445230299,2,9,1962.7876925468854,-554.8201788125099,2517.607871359395,2517.607871359395,113.61477661132812,138.09498596191406,277.2629516601562,1103.4488525390625,10.0,0.1,2.0,1093,0.08984265,False
16634,4407,ok,True,False,20260908,5,analysis_activations,positive,False,4.814045832777894,5.319184698413218,0.01330387033072489,0.13758878102981822,0.11534240473791454,0.3709296173532362,0.6208534817724629,0.37914651822753703,0.37914651822753703,1.8390423805602827,2,12,3197.246772300661,914.5783700150724,2282.668402285589,2282.668402285589,104.01861572265625,132.24172973632812,302.56066894531244,893.6546630859375,10.0,0.1,2.0,2027,0.12051672,False
16648,4392,ok,True,True,20260908,5,analysis_activations,positive,False,4.915363774204909,5.331031414003605,0.012011285933219162,0.0677921996479323,0.10959601239652454,0.26036935235916747,0.6320091030677142,0.3679908969322858,0.3679908969322858,2.0808955578352157,2,11,968.7573235557128,-630.672722890056,1599.4300464457688,1599.4300464457688,115.57383728027344,146.1074447631836,276.3826171875,547.6031494140625,10.0,0.1,2.0,565,0.07273761,False
16676,1804,ok,True,True,20260908,5,analysis_activations,positive,False,4.8289659198004,5.9653592954396295,0.06353962176163838,0.08567988535808747,0.2520706681897725,0.29271126619603743,0.683810635243452,0.316189364756548,0.316189364756548,4.160359794119337,2,3,3239.384752351282,2416.0341950503134,823.3505573009684,823.3505573009684,88.07856750488281,148.18585205078125,530.7752899169922,715.6483154296875,10.0,0.1,2.0,1184,0.34994927,False
16707,2706,ok,True,True,20260908,5,analysis_activations,positive,False,4.701746703036488,5.292869163584392,0.025162668070253226,0.12542598372337221,0.1586274505571253,0.35415531017248947,0.4655780833086869,0.5344219166913132,0.4655780833086869,2.154251165505651,2,16,2830.6478512140197,2297.697298453584,532.9505527604356,532.9505527604356,85.82907104492188,139.00393676757812,322.31683349609375,805.1058349609375,10.0,0.1,2.0,180,0.16574848,False
16741,3921,ok,True,False,20260908,5,analysis_activations,positive,False,4.885893739193175,5.020391184584156,0.0014408556079492808,0.009236681928720791,0.037958603872498796,0.09610765801288049,0.6264693249941564,0.3735306750058435,0.3735306750058435,1.8407443662059915,2,10,-7511.278324547123,-8911.88774500535,1400.6094204582269,1400.6094204582269,124.52684783935547,134.55520629882812,166.22305297851562,278.1009826660156,10.0,0.1,2.0,1465,0.008587075,False
16838,3185,ok,True,True,20260908,5,analysis_activations,positive,False,4.951640016633272,5.515761121648709,0.012516506395975962,0.10090242270391658,0.11187719336833563,0.31765141697136595,0.45624190845247276,0.5437580915475273,0.45624190845247276,2.3688882544023726,2,19,2781.8739788568023,1733.720870667758,1048.1531081890444,1048.1531081890444,119.23229217529297,173.84347534179688,397.7113281249999,606.5303344726562,10.0,0.1,2.0,724,0.13956855,False
16853,1498,ok,True,True,20260908,5,analysis_activations,positive,False,4.999192091286513,5.283540559670652,0.00529344270955967,0.03489916532782247,0.07275604929873303,0.18681318296047117,0.5459666502589543,0.45403334974104576,0.45403334974104576,2.0058238791005105,2,13,-602.624580453992,-1068.0160678707307,465.39148741673864,465.39148741673864,132.6631622314453,158.92821502685547,250.36060485839837,356.9900207519531,10.0,0.1,2.0,207,0.03880284,False
16885,6228,ok,True,True,20260908,5,analysis_activations,positive,False,4.902793964741101,5.165711845289512,0.006436889191657864,0.02780225728061378,0.08023022617229658,0.1667400890026564,0.6390062156176102,0.3609937843823897,0.3609937843823897,2.009433580004635,2,7,-4127.502265490712,-5818.082074265398,1690.5798087746862,1690.5798087746862,118.91524505615234,140.75093841552734,207.625136566162,356.568359375,10.0,0.1,2.0,670,0.030099167,False
16891,17108,ok,True,False,20260908,5,analysis_activations,positive,False,4.82514164342503,5.102662556848757,0.005954823113250241,0.03671403104567984,0.07716750036932803,0.191609057838297,0.6440563457944078,0.3559436542055922,0.3559436542055922,1.9000071003299923,2,9,-9000.245291393288,-15390.860824508167,6390.615533114878,6390.615533114878,110.88019561767578,129.4532928466797,199.949348449707,436.7147521972656,10.0,0.1,2.0,4722,0.034560543,False
16899,2989,ok,True,True,20260908,5,analysis_activations,positive,False,4.333714207518082,4.988282821367321,0.025822286059913036,0.18673040605446167,0.1606931425416562,0.43212313760600884,0.6212038234272796,0.37879617657272024,0.37879617657272024,2.0078759145544502,2,12,3496.3937049870497,2232.0139782069,1264.3797267801497,1264.3797267801497,60.12645721435547,84.33863067626953,242.06649169921874,696.4030151367188,10.0,0.1,2.0,732,0.18765572,False
16905,5824,ok,True,True,20260908,5,analysis_activations,positive,False,4.529399498830888,5.660796017947956,0.021250549984817506,0.19251451620272228,0.14577568379128772,0.43876476180605284,0.6636803079632843,0.33631969203671574,0.33631969203671574,3.460680208732591,2,10,10668.492472431779,5063.410145621894,5605.082326809885,5605.082326809885,75.76659393310547,100.77450561523438,460.9890411376951,701.8295288085938,10.0,0.1,2.0,2558,0.36463246,False
16939,8121,ok,True,True,20260908,5,analysis_activations,positive,False,4.906809549454288,5.359809285249972,0.014644366394700693,0.08474355270543951,0.12101390992237501,0.2911074590343564,0.6315872480222404,0.36841275197775963,0.36841275197775963,2.0321050150489954,2,11,3347.0466081505256,375.02124920950985,2972.025358941016,2972.025358941016,113.18180084228516,145.5137939453125,295.68463134765625,603.5062255859375,10.0,0.1,2.0,829,0.08822857,False
16949,2659,ok,True,False,20260908,5,analysis_activations,positive,False,4.959075799444564,5.381328880748513,0.011779958113730187,0.09352186043767181,0.10853551544876998,0.3058134405772117,0.6840391445353531,0.3159608554646469,0.3159608554646469,1.8402206063747288,2,10,714.3347665510876,-573.1069230137891,1287.4416895648767,1287.4416895648767,122.5339126586914,148.79562377929688,286.09507751464844,744.0547485351562,10.0,0.1,2.0,487,0.07617012,False
17000,11669,ok,True,True,20260908,5,analysis_activations,positive,False,4.937392842123033,5.4401734501234875,0.017043301963984243,0.10311744766741235,0.13054999794708633,0.32111905528543827,0.6055387739761163,0.3944612260238838,0.3944612260238838,2.051219809960808,2,12,7522.355492249989,3299.3540827668457,4223.001409483143,4223.001409483143,114.96381378173828,153.440185546875,337.9809204101564,741.3273315429688,10.0,0.1,2.0,1901,0.11138666,False
17003,1171,ok,True,True,20260908,5,analysis_activations,positive,False,4.896775859524662,5.589514660531607,0.03903973243097683,0.11272118605036269,0.19758474746542767,0.33573975941249895,0.5283096735133147,0.4716903264866852,0.4716903264866852,2.5148062919797725,2,10,1413.2217607155278,1226.2824222053732,186.93933851015458,186.93933851015458,99.4061279296875,172.59112548828125,419.9095764160156,916.9708862304688,10.0,0.1,2.0,514,0.19354591,False
17022,6780,ok,True,True,20260908,5,analysis_activations,positive,False,5.202615328171156,6.479386427918816,0.0917770193998215,0.15223073743837381,0.3029472221358392,0.3901675760982373,0.6077546538890889,0.39224534611091105,0.39224534611091105,3.6553269235325767,2,3,14614.242454990703,12200.457035688765,2413.7854193019375,2413.7854193019375,119.52143859863281,249.16893005371094,1004.0272857666016,1363.2537841796875,10.0,0.1,2.0,555,0.50417084,False
17031,17172,ok,True,True,20260908,5,analysis_activations,positive,False,4.392360621706418,5.109348988006597,0.03016222326200238,0.09858358639737873,0.1736727476088358,0.3139802324946249,0.45824617545911356,0.5417538245408865,0.45824617545911356,2.82592450479186,2,13,20666.341570667362,17139.465348097674,3526.8762225696883,3526.8762225696883,61.842796325683594,112.2530746459961,257.66579284667966,396.1520080566406,10.0,0.1,2.0,4718,0.19486272,False
17105,5510,ok,True,True,20260908,5,analysis_activations,positive,False,5.002548468553692,5.529568637229114,0.02453421042739392,0.09923574172111452,0.15663400150476242,0.3150170498895489,0.670356130038622,0.32964386996137796,0.32964386996137796,2.1185300178260436,2,6,3518.5815766669116,1937.2246290833864,1581.3569475835252,1581.3569475835252,117.62879180908203,161.9290008544922,343.0360412597657,722.5379028320312,10.0,0.1,2.0,1672,0.11055511,False
17120,13684,ok,True,False,20260908,5,analysis_activations,positive,False,4.41181592163743,4.92324652763853,0.02134671436600395,0.18814839584702278,0.1461051483213509,0.43376075876803655,0.7798463476290165,0.22015365237098347,0.22015365237098347,1.5802098582971922,2,4,7745.028173340762,395.473407157058,7349.554766183704,7349.554766183704,66.74429321289062,83.0163345336914,160.7548057556151,752.1202392578125,10.0,0.1,2.0,4060,0.10298122,False
17134,1044,ok,True,False,20260908,5,analysis_activations,positive,False,4.8818023389600365,5.297970200838352,0.011860669126420743,0.08662854982603632,0.10890669918063232,0.2943272835230134,0.6454029775704118,0.3545970224295883,0.3545970224295883,1.875379612305882,2,10,313.47795036165917,-118.52985391797971,432.0078042796389,432.0078042796389,113.30056762695312,139.99945068359375,277.92449951171847,611.72900390625,10.0,0.1,2.0,565,0.078084216,False
17265,604,ok,True,False,20260908,5,analysis_activations,positive,False,5.6271003571801455,5.861236891891048,0.0030553875217601187,0.027685593898954905,0.05527555989549195,0.16638988520626757,0.5122541233434919,0.4877458766565081,0.4877458766565081,1.8885362263767038,2,12,-416.47928652949986,-613.8788859780627,197.39959944856287,197.39959944856287,255.4715576171875,296.3714599609375,425.67133178710947,882.67138671875,10.0,0.1,2.0,477,0.028812086,False
17369,4371,ok,True,True,20260908,5,analysis_activations,positive,False,5.052258097413116,5.647246007797768,0.021717898648739957,0.11612981500136023,0.14736993807673246,0.3407782490144584,0.5336972518189398,0.46630274818106027,0.46630274818106027,2.2663310846671076,2,15,4239.36386741727,2967.9690231539666,1271.3948442633032,1271.3948442633032,126.07298278808594,185.8509979248047,448.9142150878906,730.4956665039062,10.0,0.1,2.0,454,0.15387799,False
17376,2638,ok,True,True,20260908,5,analysis_activations,positive,False,4.944463786926448,5.444532378339674,0.021476540784062866,0.0860172559904149,0.146548765890617,0.2932869857160643,0.5700580878536509,0.4299419121463493,0.4299419121463493,2.157013555670656,2,9,1691.5838326413732,1112.6149702487141,578.968862392659,578.968862392659,111.06329345703125,160.224609375,330.92288513183615,640.321533203125,10.0,0.1,2.0,1283,0.11055594,False
17388,1825,ok,True,False,20260908,5,analysis_activations,positive,False,5.046780739276978,5.487652487163372,0.013912980490212666,0.10817060975176933,0.11795329792003556,0.32889300654129044,0.6909276637217102,0.3090723362782898,0.3090723362782898,1.7844263210429916,2,8,685.663959225193,-159.65596918915352,845.3199284143466,845.3199284143466,132.139404296875,161.59629821777344,308.1574279785156,883.04443359375,10.0,0.1,2.0,628,0.08459723,False
17425,2605,ok,True,False,20260908,5,analysis_activations,positive,False,5.0450883116398995,5.709160907843918,0.027967793988367295,0.2045725728473972,0.16723574375224723,0.4522969962838546,0.6519748203283728,0.348025179671627,0.348025179671627,1.9475175505222602,2,12,3075.2278532359464,1908.899674325065,1166.3281789108814,1166.3281789108814,123.90280151367188,169.60968017578125,497.7151184082029,1305.7869873046875,10.0,0.1,2.0,538,0.1895648,False
17446,36678,ok,True,False,20260908,5,analysis_activations,positive,False,4.713425072869617,4.897035958467451,0.003087212065403977,0.013975634687130211,0.05556268590883613,0.11821858858542598,0.6219623978706006,0.3780376021293995,0.3780376021293995,1.9878686196403104,2,8,-49613.516136257174,-59684.99411166903,10071.477975411857,10071.477975411857,101.86271667480469,114.82253646850586,151.61172103881836,237.90126037597656,10.0,0.1,2.0,4040,0.015129625,False
17533,2177,ok,True,False,20260908,5,analysis_activations,positive,False,4.3792545139851935,4.7584989705032745,0.01063562576482217,0.06803188945198255,0.10312917029057381,0.260829234274041,0.580973704030353,0.4190262959696469,0.4190262959696469,1.9122141289253518,2,11,394.8308635947632,-307.13776946444295,701.9686330592061,701.9686330592061,67.85404968261719,85.6965103149414,154.85646362304686,361.3191833496094,10.0,0.1,2.0,807,0.069730476,False
17599,9697,ok,True,True,20260908,5,analysis_activations,positive,False,4.835279061985498,5.461714451531321,0.01743800679474912,0.14282639357466945,0.13205304538233534,0.3779237933428768,0.40287587008349457,0.5971241299165055,0.40287587008349457,2.2129558570428474,2,20,11263.917131422031,8770.500650101934,2493.416481320097,2493.416481320097,103.20623779296875,167.45425415039062,416.4927856445312,938.9104614257812,10.0,0.1,2.0,834,0.1867322,False
17605,10814,ok,True,True,20260908,5,analysis_activations,positive,False,4.799958464741407,5.17415585627405,0.01053293387643372,0.0501659869210605,0.10263008270694184,0.22397764826218822,0.5787403802739416,0.4212596197260585,0.4212596197260585,2.1479554463497497,2,11,526.5074479554601,-2503.6393325664,3030.14678052186,3030.14678052186,103.67866516113281,132.3938446044922,232.83844223022462,437.137451171875,10.0,0.1,2.0,3070,0.06137123,False
17637,3143,ok,True,False,20260908,5,analysis_activations,positive,False,4.839000682078367,5.068009455820017,0.00471033628234903,0.028600356469162487,0.06863188968948057,0.16911639917276647,0.6613163832687574,0.33868361673124253,0.33868361673124253,1.7744970707301944,2,6,-2716.0714335717666,-3812.9102254081927,1096.838791836426,1096.838791836426,113.71063232421875,129.95355224609375,184.73991088867186,554.6786499023438,10.0,0.1,2.0,701,0.02455479,False
17657,622,ok,True,True,20260908,5,analysis_activations,positive,False,5.0401765537073056,6.24264407305074,0.03703516292857691,0.08498705320694686,0.192445220591671,0.2915253903298079,0.6287297306123143,0.37127026938768576,0.37127026938768576,4.868205446223891,2,4,1196.0948208451134,723.0251582823529,473.0696625627605,473.0696625627605,120.65438079833984,182.4762191772461,695.0799865722655,807.9854736328125,10.0,0.1,2.0,325,0.39299032,False
17685,10108,ok,True,False,20260908,5,analysis_activations,positive,False,4.9028787029830525,5.1850882636406315,0.006152372636655588,0.0413390345508132,0.07843706162685844,0.20332002988100606,0.6674260988916078,0.33257390110839236,0.33257390110839236,1.8313830967612297,2,8,-5030.05509963091,-9163.018958932598,4132.963859301688,4132.963859301688,119.93443298339844,139.0238037109375,215.06866607666015,576.6796264648438,10.0,0.1,2.0,2247,0.035535112,False
17709,1797,ok,True,False,20260908,5,analysis_activations,positive,False,4.801291353749066,5.314172392925603,0.026922912057105775,0.107338487378663,0.16408202844036812,0.32762552919249593,0.6309514491010778,0.3690485508989222,0.3690485508989222,1.9795025103437172,2,6,1272.0526230938963,864.9035336498648,407.14908944403146,407.14908944403146,94.72262573242188,135.9308624267578,279.6403198242187,582.17529296875,10.0,0.1,2.0,438,0.11791584,False
17719,4514,ok,True,True,20260908,5,analysis_activations,positive,False,4.870452256218762,5.250774216477513,0.01223456460450055,0.05926848410367417,0.11060996611743695,0.24345119450040528,0.6596604858038867,0.3403395141961134,0.3403395141961134,2.011426284264859,2,7,180.74897407446178,-1268.7475342645237,1449.4965083389854,1449.4965083389854,110.25970458984375,137.8771514892578,245.29873352050774,534.0611572265625,10.0,0.1,2.0,1100,0.060728498,False
17726,581,ok,True,True,20260908,5,analysis_activations,positive,False,5.0360425071936845,5.679598432538134,0.008697351629531233,0.08947062442702823,0.09325959269443135,0.2991164061482222,0.5262934032187768,0.4737065967812231,0.4737065967812231,2.904800913900284,2,12,560.1373261935923,216.80787249521353,343.3294536983788,343.3294536983788,134.7451171875,178.13522338867188,423.61029052734375,546.927734375,10.0,0.1,2.0,326,0.15047322,False
17740,11581,ok,True,False,20260908,5,analysis_activations,positive,False,4.424975129220007,5.027063234045934,0.01396263821081722,0.17212228566683327,0.11816360781059972,0.41487622933452484,0.6328527141637033,0.36714728583629685,0.36714728583629685,1.9738741085312184,2,12,11387.033645864896,3967.874884687895,7419.158761177001,7419.158761177001,70.13954162597656,89.15496826171875,235.99562072753906,595.0435791015625,10.0,0.1,2.0,3775,0.15627253,False
17743,1766,ok,True,False,20260908,5,analysis_activations,positive,False,4.906084477955836,5.475573752498935,0.013449010876862068,0.16927467033962132,0.11596987055637369,0.411430030916098,0.552171663821964,0.447828336178036,0.447828336178036,1.884096440131959,2,15,1827.7409256786605,946.9832519073166,880.7576737713439,880.7576737713439,113.7628402709961,150.59933471679688,399.35318756103516,1012.6748046875,10.0,0.1,2.0,849,0.1635206,False
17759,1695,ok,True,True,20260908,5,analysis_activations,positive,False,5.144423847888813,5.654138749152092,0.03189965255713097,0.06496715196422354,0.17860473833896728,0.25488654724057824,0.5090329381142357,0.4909670618857643,0.4909670618857643,2.3160868529128735,2,5,1130.321782538244,1013.0276961575671,117.29408638067684,117.29408638067684,128.37384033203125,213.35836791992188,394.6666015625,666.2509155273438,10.0,0.1,2.0,1057,0.11313155,False
17780,2612,ok,True,False,20260908,5,analysis_activations,positive,False,5.037367549002545,5.610865913414489,0.015511835028594845,0.1536425301127383,0.12454651752897326,0.3919726139830923,0.6883131150688913,0.3116868849311087,0.3116868849311087,1.9719939432466058,2,11,2081.594786447077,487.485381946503,1594.1094045005739,1594.1094045005739,128.72476196289062,162.1280059814453,408.1311492919918,913.1712036132812,10.0,0.1,2.0,435,0.12917578,False
17792,4168,ok,True,True,20260908,5,analysis_activations,positive,False,4.95852179423971,5.324407667777781,0.01060180951435898,0.05341261581204798,0.10296508881343705,0.23111169553280506,0.582870299552087,0.417129700447913,0.417129700447913,2.045133743879439,2,11,188.03349143059833,-979.163855226893,1167.1973466574914,1167.1973466574914,121.54183959960938,154.7908935546875,270.0902465820312,549.7510986328125,10.0,0.1,2.0,933,0.061021734,False
17796,2225,ok,True,False,20260908,5,analysis_activations,positive,False,4.6454137885190026,5.649772593966274,0.01948876104447047,0.5185809588977264,0.13960215272147658,0.7201256549365023,0.7715654937920554,0.22843450620794462,0.22843450620794462,1.9363533578927012,2,11,3733.046664328971,981.7724561498834,2751.2742081790875,2751.2742081790875,86.21562194824219,105.46195983886719,591.5177490234372,1487.74072265625,10.0,0.1,2.0,1398,0.31142977,False
17799,1041,ok,True,False,20260908,5,analysis_activations,positive,False,5.006610229996425,5.3992151195961275,0.01278011715048239,0.07646665828028724,0.113049180229148,0.27652605352893467,0.7098394122873882,0.2901605877126117,0.2901605877126117,1.8585507953843847,2,5,90.25456652512129,-312.7802188473912,403.0347853725125,403.0347853725125,127.90580749511719,154.99911499023438,276.04833984375,666.3746337890625,10.0,0.1,2.0,310,0.06306656,False
17833,15602,ok,True,False,20260908,5,analysis_activations,positive,False,4.523159990135998,5.1318890288856265,0.024965297160479794,0.2451742315156478,0.15800410488490416,0.4951507159599467,0.7420804841163284,0.25791951588367157,0.25791951588367157,1.656322680128727,2,9,14973.588448271747,5870.444487378892,9103.143960892856,9103.143960892856,73.86441802978516,94.57052612304688,209.5201553344726,717.9114379882812,10.0,0.1,2.0,4662,0.15269324,False
17841,8756,ok,True,True,20260908,5,analysis_activations,positive,False,4.838966053757902,5.217305943627656,0.011075189256774675,0.0571100951992811,0.1052387250814769,0.23897718552046154,0.6131059009033529,0.3868940990966471,0.3868940990966471,2.0490464454497426,2,10,637.1693014179821,-2126.5429880302327,2763.7122894482145,2763.7122894482145,107.66502380371094,135.81006622314453,241.39994049072266,526.4795532226562,10.0,0.1,2.0,2094,0.06284615,False
17857,83011,ok,True,True,20260908,5,analysis_activations,positive,False,5.002676964939028,5.409998360197559,0.01721039588282894,0.041051033341715226,0.1311883984307642,0.2026105459785231,0.576204365010059,0.4237956349899409,0.4237956349899409,2.3865011802481453,2,5,12232.299815770291,191.09110084511315,12041.208714925178,12041.208714925178,120.63583374023438,168.574462890625,285.7174072265625,514.9334106445312,10.0,0.1,2.0,2048,0.067827515,True
17858,11077,ok,True,True,20260908,5,analysis_activations,positive,False,4.97100840961755,5.551391781382807,0.02392645519758687,0.13148369920258726,0.15468178689679943,0.36260681075041495,0.5598981315805266,0.4401018684194733,0.4401018684194733,2.0820457251138893,2,13,10749.901724595395,7453.488996006459,3296.4127285889354,3296.4127285889354,115.2362289428711,166.785888671875,408.51184082031233,900.7339477539062,10.0,0.1,2.0,1128,0.15427826,False
17992,1786,ok,True,True,20260908,5,analysis_activations,positive,False,4.7713501904000735,5.30488497336101,0.018794804227059494,0.10321247524654573,0.13709414366434292,0.3212669843705477,0.5502184786679286,0.4497815213320714,0.4497815213320714,2.160154747947378,2,13,1400.8457341418791,886.9749836375703,513.8707505043088,513.8707505043088,95.84967041015625,135.85667419433594,307.8701934814453,572.2085571289062,10.0,0.1,2.0,446,0.12728171,False
18012,680,ok,True,True,20260908,5,analysis_activations,positive,False,4.632798197159733,6.062077252003412,0.029585977488236066,0.27301845140044845,0.17200574841625516,0.5225116758508354,0.4831483724349248,0.5168516275650751,0.4831483724349248,3.6744673036818285,2,10,1665.9269746439772,1202.4362562360016,463.4907184079757,463.4907184079757,81.66841125488281,160.76123046875,752.7584045410156,926.9068603515625,10.0,0.1,2.0,414,0.6665134,False
18021,11783,ok,True,False,20260908,5,analysis_activations,positive,False,4.904995962039207,5.271705109284259,0.009573015260627609,0.06562571359885984,0.09784178688386476,0.25617516194756246,0.6193405496113309,0.3806594503886691,0.3806594503886691,1.8911740120936633,2,11,809.2656645030831,-3746.991022567247,4556.25668707033,4556.25668707033,116.803955078125,143.1651611328125,257.0795593261719,717.138427734375,10.0,0.1,2.0,1584,0.06261771,False
18027,3769,ok,True,False,20260908,5,analysis_activations,positive,False,4.9291888560706605,5.224385116376775,0.008184297940099795,0.04102796221254328,0.0904671097145244,0.20255360330673775,0.6485167647987437,0.35148323520125635,0.35148323520125635,1.8818681566990088,2,7,-1458.3069981672377,-2587.1635034090555,1128.8565052418178,1128.8565052418178,120.8625259399414,144.9365234375,224.9547424316406,434.7840576171875,10.0,0.1,2.0,439,0.039600696,False
18063,6710,ok,True,False,20260908,5,analysis_activations,positive,False,4.475559728076212,5.07184700842917,0.022163616224721825,0.2126871326406109,0.148874498234996,0.46118015204539203,0.8617971903142904,0.13820280968570964,0.13820280968570964,1.74010144831424,2,5,2964.9108689511704,-1212.471486707375,4177.382355658546,4177.382355658546,71.09333801269531,86.87649536132812,161.17779846191405,788.04833984375,10.0,0.1,2.0,3034,0.090855055,False
18079,4697,ok,True,True,20260908,5,analysis_activations,positive,False,4.565493185460927,5.410744540711155,0.04032352166795068,0.17171447404825216,0.20080717533980375,0.41438445198662094,0.560203090896017,0.43979690910398284,0.43979690910398284,2.595936282120469,2,11,7267.796804382712,5848.509486685336,1419.2873176973762,1419.2873176973762,70.98248291015625,120.43348693847656,393.10356445312476,645.544921875,10.0,0.1,2.0,2340,0.27418965,False
18084,5990,ok,True,False,20260908,5,analysis_activations,positive,False,4.914652106689553,5.279213142951574,0.008600460285667202,0.07247440344252612,0.09273866661574989,0.26921070454669166,0.6847492345641949,0.3152507654358051,0.3152507654358051,1.810681791160897,2,11,-98.73695692790955,-3132.105070218548,3033.3681132906386,3033.3681132906386,119.11206817626953,140.81858825683594,250.4271110534668,621.8402099609375,10.0,0.1,2.0,1369,0.057435207,False
18094,2503,ok,True,False,20260908,5,analysis_activations,positive,False,4.944291113951018,5.465655672758998,0.01513089989337278,0.1295725650821423,0.12300772290133974,0.3599618939306525,0.6461326067105966,0.3538673932894034,0.3538673932894034,1.9382823362664798,2,14,1765.0482007501148,517.5561217547014,1247.4920789954135,1247.4920789954135,118.2685546875,150.80709838867188,363.7832916259767,742.2461547851562,10.0,0.1,2.0,1229,0.117824696,False
18111,1068,ok,True,False,20260908,5,analysis_activations,positive,False,4.983355173297399,5.182442869792829,0.0034048176206375323,0.022922232102618484,0.05835081508117545,0.15140089861892658,0.7275154422700614,0.2724845577299386,0.2724845577299386,1.7352350951316506,2,5,-1333.5730704160492,-1777.7120740168548,444.1390036008056,444.1390036008056,133.87356567382812,147.3988494873047,195.60000762939453,315.6599426269531,10.0,0.1,2.0,500,0.016595058,False
18130,1502,ok,True,False,20260908,5,analysis_activations,positive,False,4.971809262795761,5.406297654379387,0.011443115946721939,0.08884306705796138,0.1069725008902846,0.29806554154742776,0.5845378660307161,0.4154621339692839,0.4154621339692839,1.9403167132750474,2,13,651.0911067797125,64.13691539790962,586.9541913818028,586.9541913818028,123.33963012695312,156.7781524658203,329.68616485595714,580.0589599609375,10.0,0.1,2.0,883,0.089504324,False
18149,529,ok,True,True,20260908,5,analysis_activations,positive,False,5.150139208422136,5.595181030131747,0.020773352383497472,0.06175956812169314,0.1441296374223479,0.2485147241547131,0.5325034238579008,0.46749657614209905,0.46749657614209905,2.190797394910298,2,7,235.48712775112048,177.21888539632135,58.26824235479913,58.26824235479913,137.81280517578125,202.29083251953125,367.1731933593749,571.8854370117188,10.0,0.1,2.0,382,0.089408636,False
18162,2401,ok,True,False,20260908,5,analysis_activations,positive,False,4.87777124566343,5.195034669771454,0.007576234053426148,0.042890620359673795,0.08704156509062867,0.20710050786918363,0.6241849168635247,0.3758150831364754,0.3758150831364754,1.9972475030674348,2,11,-645.4741496049527,-1462.2769362227564,816.8027866178037,816.8027866178037,115.40900421142578,138.86328125,225.9603271484375,409.2566223144531,10.0,0.1,2.0,439,0.044477187,False
18166,14300,ok,True,True,20260908,5,analysis_activations,positive,False,4.872071032997317,5.2257639148092725,0.01157648060992619,0.048130931471151564,0.10759405471459,0.2193876283457013,0.6322419242148781,0.3677580757851219,0.3677580757851219,2.047044074658494,2,7,-1109.7074050015124,-4866.521064588306,3756.8136595867936,3756.8136595867936,110.67501831054688,139.63500213623047,234.8378829956054,470.5809020996094,10.0,0.1,2.0,987,0.054109495,False
18174,3966,ok,True,False,20260908,5,analysis_activations,positive,False,4.851748667404615,5.225557730096438,0.007835307173810268,0.0814771346789621,0.08851727048328065,0.2854419988000401,0.6574613454411792,0.34253865455882093,0.34253865455882093,1.7689226482427878,2,11,402.16360679374554,-1768.3798193364655,2170.543426130211,2170.543426130211,112.39237976074219,133.02059173583984,245.2892837524414,856.160888671875,10.0,0.1,2.0,1109,0.0645445,False
18279,810,ok,True,False,20260908,5,analysis_activations,positive,False,4.909429412981355,5.27638200978192,0.005222267379360224,0.06493882533923316,0.07226525706977194,0.25483097405777255,0.469773541422315,0.530226458577685,0.469773541422315,1.959191063148372,2,21,162.97792237959743,-147.41973564728866,310.3976580268861,310.3976580268861,121.89679718017578,151.60968017578125,284.2892700195312,463.3301696777344,10.0,0.1,2.0,127,0.07051237,False
18293,1819,ok,True,False,20260908,5,analysis_activations,positive,False,4.979372932417013,5.367021210482157,0.010263465702456006,0.07577236501993313,0.1013087641937064,0.2752678059997811,0.6190047037565192,0.3809952962434809,0.3809952962434809,1.869016686677372,2,12,357.0043585454514,-365.5314976826102,722.5358562280617,722.5358562280617,125.57124328613281,155.12286376953125,288.9880310058592,669.0071411132812,10.0,0.1,2.0,519,0.07069953,False
18294,1556,ok,True,False,20260908,5,analysis_activations,positive,False,4.989795280604121,5.622596708071594,0.03421361481453972,0.21925211059184205,0.18496922666903193,0.46824364447565336,0.6799154670054678,0.32008453299453227,0.32008453299453227,1.7775541010690041,2,6,1767.2846754491216,1178.2924012863868,588.9922741627347,588.9922741627347,113.0298080444336,158.05484008789062,413.7239532470703,1189.70458984375,10.0,0.1,2.0,966,0.18070392,False
18351,6827,ok,True,False,20260908,5,analysis_activations,positive,False,4.9127597497939925,5.121488973878465,0.003174442570585789,0.020369736704669125,0.056342191744604586,0.14272258652599148,0.6363137433018778,0.36368625669812216,0.36368625669812216,1.9237847535546957,2,10,-7485.03799759721,-10110.328135159127,2625.2901375619167,2625.2901375619167,124.617919921875,139.89064025878906,193.46212463378905,297.7705383300781,10.0,0.1,2.0,1713,0.01951247,False
18390,21941,ok,True,False,20260908,5,analysis_activations,positive,False,4.9231794515332155,5.323371016251442,0.013197659676978562,0.08937394085585043,0.11488106753063605,0.29895474717062187,0.712999906014783,0.28700009398521703,0.28700009398521703,1.767133508017033,2,6,3248.6071947159517,-6242.971678639474,9491.578873355425,9491.578873355425,116.33952331542969,142.05514526367188,254.8563232421875,828.8309936523438,10.0,0.1,2.0,2720,0.06783463,False
18421,719,ok,True,True,20260908,5,analysis_activations,positive,False,4.239209720059327,4.839968727307327,0.02357474942292667,0.1297114580188659,0.15354070933445196,0.3601547695350791,0.42362905694996156,0.5763709430500383,0.42362905694996156,2.1700200632112336,2,19,791.5923105558574,671.6928589993486,119.89945155650878,119.89945155650878,54.02085876464844,90.8746337890625,208.23314819335937,398.8150329589844,10.0,0.1,2.0,111,0.17311135,False
18452,1523,ok,True,False,20260908,5,analysis_activations,positive,False,4.933267079605912,5.1248270573594095,0.0032882395521677426,0.017507424720348084,0.057343173544614205,0.13231562538244712,0.6541952565252512,0.3458047434747487,0.3458047434747487,1.8785959296053818,2,6,-1913.7297109463468,-2389.071490569215,475.341779622868,475.341779622868,126.84342956542969,142.50115966796875,191.0215881347656,288.26666259765625,10.0,0.1,2.0,901,0.01651649,False
18467,7323,ok,True,True,20260908,5,analysis_activations,positive,False,4.997345685693326,5.391649940225653,0.012011816548852349,0.059589673109213495,0.10959843314962285,0.24410996110198677,0.5925916650546628,0.40740833494533724,0.40740833494533724,2.0839410617655036,2,10,1213.0578422030985,-919.7546512643161,2132.8124934674147,2132.8124934674147,125.20994567871094,161.2292022705078,293.1425537109375,515.6801147460938,10.0,0.1,2.0,2473,0.06893996,False
18494,1820,ok,True,False,20260908,5,analysis_activations,positive,False,5.093067374970796,5.584386568719751,0.018252139407751618,0.11438808889850265,0.13510047893235472,0.33821308209249185,0.5682692355867309,0.4317307644132691,0.4317307644132691,1.9078362569834075,2,13,1305.5269417462434,749.2625437783147,556.2643979679287,556.2643979679287,133.00375366210938,181.31651306152344,407.08500671386713,844.7145385742188,10.0,0.1,2.0,712,0.119045004,False
18523,2632,ok,True,False,20260908,5,analysis_activations,positive,False,4.878272004643371,5.044114381326034,0.002474478121515285,0.012110868578067337,0.04974412650268657,0.11004939153883286,0.6526652759927408,0.3473347240072593,0.3473347240072593,1.942012998082848,2,6,-4143.7634775641845,-4945.755101375923,801.9916238117385,801.9916238117385,121.53965759277344,134.2468719482422,172.7856018066406,227.08367919921875,10.0,0.1,2.0,827,0.012059991,False
18570,9254,ok,True,False,20260908,5,analysis_activations,positive,False,4.432117993831316,5.4396693771338445,0.026387837782968545,0.5088351698867571,0.16244333714550604,0.7133268324455188,0.8271749862814722,0.17282501371852788,0.17282501371852788,1.947667486238819,2,11,13630.455421094272,3373.7700645674304,10256.685356526841,10256.685356526841,67.0064697265625,83.97563171386719,375.4656005859376,990.2384643554688,10.0,0.1,2.0,3545,0.2549172,False
18614,813,ok,True,True,20260908,5,analysis_activations,positive,False,5.085816995379704,5.780884313521118,0.03203294503641665,0.1528307621870359,0.17897749868745133,0.39093575199389974,0.4176604265489596,0.5823395734510405,0.4176604265489596,2.2862095649318723,2,19,1089.1715991792157,967.8298359264234,121.34176325279236,121.34176325279236,121.68896484375,228.4537353515625,586.0712036132812,926.7466430664062,10.0,0.1,2.0,532,0.2201521,False
18664,17060,ok,True,False,20260908,5,analysis_activations,positive,False,4.866952126084404,5.061009543739563,0.0028887524229061078,0.019208177392896545,0.05374711548451794,0.13859356908924939,0.6407071831810076,0.3592928168189924,0.3592928168189924,1.8462022570319425,2,10,-20661.46070131107,-27266.09429658879,6604.633595277723,6604.633595277723,119.53791046142578,133.15135955810547,180.60724639892578,383.2246398925781,10.0,0.1,2.0,3762,0.017421028,False
18674,16741,ok,True,False,20260908,5,analysis_activations,positive,False,4.847900724416225,5.0218763508280375,0.002573233398338615,0.013950073465664974,0.05072704799550842,0.11811042911472709,0.6264376383447133,0.3735623616552866,0.3735623616552866,1.914057245446494,2,9,-24047.66557376809,-29410.9697281006,5363.304154332513,5363.304154332513,117.615234375,130.86935424804688,170.8970184326172,255.0474090576172,10.0,0.1,2.0,3956,0.0139059825,False
18783,1525,ok,True,False,20260908,5,analysis_activations,positive,False,5.1418988354434125,5.600393227123767,0.017628234708949957,0.08787035091713638,0.13277136253330368,0.2964293354530492,0.5227149110538597,0.4772850889461402,0.4772850889461402,1.9962995410688609,2,12,884.8934718463127,557.8792060197648,327.0142658265479,327.0142658265479,139.2344207763672,197.37307739257812,383.75001220703115,763.946533203125,10.0,0.1,2.0,733,0.10366639,False
18791,18531,ok,True,False,20260908,5,analysis_activations,positive,False,4.580019500313733,4.967131823837538,0.012279405169917233,0.06616646888822088,0.1108124775010343,0.2572284371686398,0.6103339204452267,0.3896660795547734,0.3896660795547734,1.9546407190102724,2,10,3040.414825925902,-2782.0738681266266,5822.488694052528,5822.488694052528,82.26560974121094,104.74617004394531,191.686279296875,453.9909362792969,10.0,0.1,2.0,4965,0.06891987,False
18839,3542,ok,True,False,20260908,5,analysis_activations,positive,False,5.033106906757474,5.4162755492037,0.01217442187987986,0.06230169164440137,0.11033776271014316,0.2496030681790618,0.6319932238267506,0.3680067761732494,0.3680067761732494,1.9856214490083213,2,9,373.8101905854244,-737.7391788632889,1111.5493694487132,1111.5493694487132,129.95114135742188,163.85122680664062,297.10155029296874,577.3013305664062,10.0,0.1,2.0,521,0.064785585,False
18891,5070,ok,True,True,20260908,5,analysis_activations,positive,False,4.494185584956461,5.340860796821721,0.024550627952824835,0.3276093312057161,0.15668640002509737,0.5723716722600063,0.7601597896646068,0.2398402103353931,0.2398402103353931,2.0177244447776777,2,11,6908.022403272049,2551.7694971166366,4356.252906155412,4356.252906155412,72.21936798095703,91.30522918701172,323.63518066406255,840.60888671875,10.0,0.1,2.0,2448,0.22797535,False
18905,3075,ok,True,True,20260908,5,analysis_activations,positive,False,5.153310500433924,5.754495055269105,0.03785949121261466,0.07178416553299038,0.19457515569212494,0.26792567165725345,0.5794902812664577,0.4205097187335422,0.4205097187335422,2.5676218137427878,2,4,2701.0421107279262,2311.7519364644177,389.29017426350856,389.29017426350856,126.1339111328125,210.911376953125,441.1446166992187,663.80908203125,10.0,0.1,2.0,967,0.14024146,False
18944,13250,ok,True,False,20260908,5,analysis_activations,positive,False,4.323010697242818,4.692692276374793,0.01465251026856054,0.07193059634072614,0.1210475537487666,0.2681988000359549,0.6425538870594029,0.3574461129405971,0.3574461129405971,1.7767495999895264,2,6,1708.8549710145642,-1943.6846263414827,3652.539597356047,3652.539597356047,62.346092224121094,79.81755065917969,140.59380569458006,891.9221801757812,10.0,0.1,2.0,3987,0.066519454,False
18978,6916,ok,True,True,20260908,5,analysis_activations,positive,False,5.324722431360688,6.054186802942163,0.05591199305729116,0.09807960847947099,0.23645716960433058,0.3131766410182455,0.5375644232053906,0.4624355767946094,0.4624355767946094,2.6288788047929676,2,4,8774.487034464064,7998.061014661566,776.4260198024976,776.4260198024976,140.07489013671875,274.508544921875,640.7267150878906,1081.27978515625,10.0,0.1,2.0,378,0.20771931,False
18984,13580,ok,True,True,20260908,5,analysis_activations,positive,False,4.976623695817667,5.487759639950362,0.017495820183242528,0.08688911922064016,0.13227176638739851,0.2947696036239832,0.5223076101279825,0.47769238987201745,0.47769238987201745,2.237342634775126,2,13,9283.743181560738,5778.602364613643,3505.140816947095,3505.140816947095,118.48306274414062,169.45242309570312,354.0868560791015,889.7052001953125,10.0,0.1,2.0,509,0.11583814,False
18986,1925,ok,True,True,20260908,5,analysis_activations,positive,False,5.035995750611016,5.711304984863639,0.038693601189367224,0.09447720056638162,0.19670689156551488,0.30737143746025203,0.6158596805227631,0.38414031947723687,0.38414031947723687,2.6170569831924646,2,5,2044.3584776183754,1665.039085703394,379.31939191498145,379.31939191498145,114.71096801757812,183.51828002929688,429.0656555175781,712.4163818359375,10.0,0.1,2.0,476,0.16809656,False
18989,8417,ok,True,True,20260908,5,analysis_activations,positive,False,5.141387184701819,5.718427957222982,0.030193370800175215,0.07884884866847762,0.17376239754381617,0.2808003715604337,0.571131722918063,0.42886827708193703,0.42886827708193703,2.471292533893615,2,6,6899.795732556587,5450.759459116007,1449.0362734405799,1449.0362734405799,131.18373107910156,204.85110473632812,433.3908264160156,787.1104125976562,10.0,0.1,2.0,705,0.13263436,False
18996,5197,ok,True,False,20260908,5,analysis_activations,positive,False,4.897910809675107,5.333064170952874,0.01363977667420209,0.08427094609148218,0.11678945446487063,0.2902945850192218,0.5877040763495066,0.41229592365049333,0.41229592365049333,1.9667185411807655,2,12,2172.4969394584873,422.4686955119522,1750.028243946535,1750.028243946535,112.48051452636719,146.65647888183594,291.4154418945312,677.3050537109375,10.0,0.1,2.0,2187,0.088659875,False
19006,16252,ok,True,True,20260908,5,analysis_activations,positive,False,5.213966455315496,5.729622820464826,0.025939580655865043,0.06524057803443163,0.16105769356309882,0.25542235226078325,0.5738062565124555,0.42619374348754446,0.42619374348754446,2.4150448969783236,2,5,9926.833745210848,7380.5727946237175,2546.2609505871305,2546.2609505871305,143.34556579589844,215.60964965820312,420.9276428222656,721.0724487304688,10.0,0.1,2.0,614,0.107722186,False
19017,5482,ok,True,False,20260908,5,analysis_activations,positive,False,4.926469982333396,5.19514695929489,0.006511153597331803,0.030751648533114496,0.08069171950907852,0.17536147961600487,0.5831712439883496,0.4168287560116504,0.4168287560116504,1.968374344240686,2,9,-2936.324999444143,-4322.978831733661,1386.6538322895176,1386.6538322895176,121.61711120605469,146.6292724609375,222.4659774780273,377.6991882324219,10.0,0.1,2.0,2787,0.03416786,False
19020,10507,ok,True,False,20260908,5,analysis_activations,positive,False,4.967039338779715,5.2164268370262965,0.0045414261160940115,0.03018094617804004,0.06739010399230744,0.17372664210776664,0.6262676577991054,0.3737323422008946,0.3737323422008946,1.892713944415405,2,11,-7480.21381716839,-11498.847067779263,4018.633250610873,4018.633250610873,129.62692260742188,149.15602111816406,221.29902343749993,392.93048095703125,10.0,0.1,2.0,1904,0.028682433,False
19023,8220,ok,True,False,20260908,5,analysis_activations,positive,False,4.936124218570127,5.112886156945949,0.002401244204730292,0.015654770079030534,0.049002491821644054,0.12511902364960548,0.5890746528699152,0.41092534713008483,0.41092534713008483,1.8603420745026353,2,12,-10954.66974960397,-13734.228452412863,2779.558702808892,2779.558702808892,128.87167358398438,143.63323974609375,190.81509094238277,320.5408935546875,10.0,0.1,2.0,2979,0.015411628,False
19066,2264,ok,True,False,20260908,5,analysis_activations,positive,False,4.554112332197843,5.374566723865233,0.01609792727865422,0.3621534573194242,0.12687760747529178,0.60179187209485,0.7010065342791161,0.2989934657208839,0.2989934657208839,1.886597169945999,2,11,3396.3173160067718,1140.8932649460085,2255.4240510607633,2255.4240510607633,79.599609375,98.80108642578125,456.51855621337825,937.5952758789062,10.0,0.1,2.0,1399,0.26076943,False
19121,1102,ok,True,False,20260908,5,analysis_activations,positive,False,4.433517881776199,4.6153564801337605,0.0029996469741474688,0.016322299411558026,0.05476903298532364,0.1277587547354702,0.6658732821965969,0.334126717803403,0.334126717803403,1.8500166481304807,2,5,-1501.0207946093824,-1852.632128235028,351.61133362564556,351.61133362564556,77.05023193359375,85.66926956176758,113.7627841949463,166.44158935546875,10.0,0.1,2.0,749,0.014820135,False
19235,2690,ok,True,True,20260908,5,analysis_activations,positive,False,4.708823536280956,5.754911943683533,0.015387118597614284,0.24921997881290744,0.12404482495297531,0.4992193694288188,0.5826125136153599,0.41738748638464007,0.41738748638464007,2.8759586843815406,2,14,5040.446446512385,2609.7939352471376,2430.652511265247,2430.652511265247,93.67628479003906,126.87586212158203,565.9889190673828,821.1759033203125,10.0,0.1,2.0,1541,0.37923405,False
19293,4130,ok,True,False,20260908,5,analysis_activations,positive,False,4.961069122191237,5.3123521508369445,0.00969054845589417,0.055887035465825664,0.09844058337847338,0.2364043896923779,0.6381870463553259,0.36181295364467425,0.36181295364467425,1.939967526903673,2,9,-249.3570678502506,-1683.5301438110205,1434.17307596077,1434.17307596077,123.16734313964844,151.23059844970703,260.4058654785155,604.39697265625,10.0,0.1,2.0,1999,0.054910865,False
19298,1241,ok,True,False,20260908,5,analysis_activations,positive,False,4.9050562033064855,5.352698235191208,0.009284106197150524,0.10027330438666565,0.09635406684281948,0.31665960333876764,0.5910636824517188,0.40893631754828125,0.40893631754828125,1.9126036342967787,2,13,613.9232165179583,-7.990613809312961,621.9138303272713,621.9138303272713,117.43972778320312,144.81317138671875,306.84674072265625,650.7874145507812,10.0,0.1,2.0,540,0.095002465,False
19355,3516,ok,True,False,20260908,5,analysis_activations,positive,False,5.020628899029946,5.424424470944892,0.014837935673900453,0.07751411328761397,0.12181106548216566,0.2784135652004298,0.6253121374405822,0.3746878625594178,0.3746878625594178,1.879114666625623,2,8,957.6208258163841,-86.06398689620269,1043.6848127125868,1043.6848127125868,127.00121307373047,162.7538604736328,306.08214569091797,666.7308349609375,10.0,0.1,2.0,562,0.076545194,False
19368,9394,ok,True,False,20260908,5,analysis_activations,positive,False,4.853153560876497,4.991937639763944,0.0016210343143445753,0.008902018663083974,0.04026207041800726,0.0943505096069119,0.6311294300163521,0.3688705699836479,0.3688705699836479,1.9133030629240346,2,9,-17795.37626709115,-20858.05149812038,3062.6752310292322,3062.6752310292322,119.99005126953125,130.4730224609375,161.56640930175783,244.71902465820312,10.0,0.1,2.0,2293,0.008790768,False
19381,12348,ok,True,True,20260908,5,analysis_activations,positive,False,4.686747780306165,5.268896392433677,0.013223021139423013,0.13948227129016497,0.11499139593649176,0.37347325378153245,0.829480773322733,0.17051922667726707,0.17051922667726707,2.106792772177552,2,10,4281.036944467279,-5727.936589895031,10008.97353436231,10008.97353436231,92.21753692626953,108.16494750976562,247.2360656738281,503.3338623046875,10.0,0.1,2.0,3908,0.082692556,False
19405,1077,ok,True,True,20260908,5,analysis_activations,positive,False,4.961328556622202,5.109585935160118,0.0017616890692345386,0.008646247412854245,0.04197247990331925,0.09298519996673796,0.6572254452867955,0.34277455471320456,0.34277455471320456,2.0551758974356282,2,7,-1994.2721244972975,-2334.2455053224235,339.973380825126,339.973380825126,133.69085693359375,145.6688690185547,181.7389526367187,225.36627197265625,10.0,0.1,2.0,228,0.009080677,False
19452,2029,ok,True,True,20260908,5,analysis_activations,positive,False,5.322851907091032,5.627122107978891,0.00868086587788075,0.0319974053975674,0.09317116441196144,0.17887818591870672,0.5911744375951927,0.4088255624048073,0.4088255624048073,2.1335025926279636,2,8,-728.2190744712605,-1147.645533546154,419.4264590748935,419.4264590748935,177.615234375,220.9508056640625,345.18081054687497,517.409423828125,10.0,0.1,2.0,1367,0.040607736,False
19456,866,ok,True,True,20260908,5,analysis_activations,positive,False,4.622381175018813,4.9600571433599265,0.007060362250554048,0.04870636448765841,0.08402596176512381,0.2206951845592885,0.6824643118809958,0.31753568811900423,0.31753568811900423,2.0222161513133874,2,11,-214.5429685878661,-607.988241990335,393.44527340246896,393.44527340246896,89.74745178222656,105.02356719970703,179.1320571899414,285.86077880859375,10.0,0.1,2.0,257,0.045045465,False
19509,2152,ok,True,True,20260908,5,analysis_activations,positive,False,4.8995147640206955,5.477865415304101,0.013796768576206155,0.15342373236336732,0.11745964658641773,0.39169341628800364,0.6300492338492769,0.369950766150723,0.369950766150723,2.0001449349935867,2,15,1943.264588666237,667.0136258396942,1276.2509628265427,1276.2509628265427,113.43228912353516,144.08856201171875,383.9181198120105,810.0701293945312,10.0,0.1,2.0,676,0.14348195,False
19548,4166,ok,True,False,20260908,5,analysis_activations,positive,False,4.971648758465232,5.252392058161409,0.006337359700923889,0.03752889447202772,0.07960753545314594,0.1937237581506918,0.6749180593175907,0.32508194068240936,0.32508194068240936,1.8956542222668256,2,8,-2276.0434417258402,-3864.52695131893,1588.4835095930898,1588.4835095930898,128.43789672851562,148.70249938964844,226.72887420654297,520.88623046875,10.0,0.1,2.0,2111,0.033777032,False
19551,4347,ok,True,True,20260908,5,analysis_activations,positive,False,5.112051771001825,5.897212572800281,0.03220464878929735,0.27482377471355335,0.1794565373267225,0.5242363729402543,0.658216242284604,0.34178375771539604,0.34178375771539604,2.0039381643795435,2,13,6392.608369936282,4088.4541830152543,2304.1541869210273,2304.1541869210273,130.46725463867188,182.60696411132812,673.4001525878906,1609.54345703125,10.0,0.1,2.0,855,0.25387222,False
19569,1469,ok,True,True,20260908,5,analysis_activations,positive,False,5.118003549263251,5.489825773469249,0.013503718417047787,0.044271510553211435,0.11620550080373901,0.21040796219062488,0.5832260736869417,0.41677392631305826,0.41677392631305826,2.1876583807800465,2,6,48.841835305837115,-202.01388972983779,250.8557250356749,250.8557250356749,137.65005493164062,184.1514892578125,312.866455078125,491.9429626464844,10.0,0.1,2.0,1073,0.059972167,False
19624,936,ok,True,False,20260908,5,analysis_activations,positive,False,5.0925841174732005,5.54739999406002,0.017855999149207075,0.08757648682264418,0.13362634152444297,0.29593324724106984,0.6900824700575474,0.3099175299424525,0.3099175299424525,1.9809038266595516,2,6,348.2056916114254,46.323637286514106,301.8820543249113,301.8820543249113,133.48007202148438,171.72073364257812,344.5594024658203,649.9737548828125,10.0,0.1,2.0,492,0.0837925,False
19636,3234,ok,True,True,20260908,5,analysis_activations,positive,False,4.971009485057105,5.247817753241883,0.005777920256676927,0.031002748265185245,0.07601263221778948,0.17607597299230024,0.6530152231580842,0.3469847768419157,0.3469847768419157,2.041193829188621,2,9,-1948.6440204624807,-3094.0131067862026,1145.3690863237218,1145.3690863237218,128.45492553710938,149.84217834472656,225.89736175537104,385.8771057128906,10.0,0.1,2.0,599,0.031901065,False
19666,1082,ok,True,True,20260908,5,analysis_activations,positive,False,4.965469868746867,5.45280733163765,0.010867620012916988,0.09991246893183293,0.10424787773819182,0.3160893369473778,0.5422080472903964,0.4577919527096036,0.4577919527096036,2.0706845403458227,2,15,701.9941300370266,254.0085596314056,447.985570405621,447.985570405621,123.25309753417969,159.96563720703125,345.07373046875006,895.754638671875,10.0,0.1,2.0,579,0.110684186,False
19677,1135,ok,True,False,20260908,5,analysis_activations,positive,False,4.967554174799586,5.091519944050837,0.001030433432277985,0.008743887826002229,0.032100364986678655,0.09350875801764362,0.5418210533459664,0.45817894665403347,0.45817894665403347,1.773264308899068,2,16,-2192.598483831669,-2578.269297355904,385.6708135242352,385.6708135242352,136.34640502929688,147.23960876464844,180.90471038818356,259.299560546875,10.0,0.1,2.0,813,0.008385966,False
19678,3916,ok,True,False,20260908,5,analysis_activations,positive,False,4.881720618387747,5.264623808986481,0.008929576139710727,0.07165406990727786,0.09449643453438192,0.2676827785033581,0.6505580644319076,0.3494419355680925,0.3494419355680925,1.9075701870679727,2,12,375.9303235761985,-1476.2463902698444,1852.1767138460427,1852.1767138460427,114.84420776367188,138.42987060546875,253.1203155517578,511.54876708984375,10.0,0.1,2.0,401,0.064193934,False
19697,4350,ok,True,True,20260908,5,analysis_activations,positive,False,4.606417461247557,5.6119076869570526,0.0378181283993143,0.12078925537267637,0.19446883657623476,0.34754748650030026,0.7172037048224433,0.2827962951775566,0.2827962951775566,3.570517370857317,2,7,6606.498966738135,4044.706375821237,2561.792590916898,2561.792590916898,76.4708023071289,107.70707702636719,388.15519561767576,561.8280639648438,10.0,0.1,2.0,1949,0.26639855,False
19700,8261,ok,True,False,20260908,5,analysis_activations,positive,False,4.941223768230469,5.177728839182836,0.0043101435870053955,0.026012339660554294,0.06565168380936924,0.16128341409008645,0.6019557620692458,0.3980442379307543,0.3980442379307543,1.9207598650393618,2,11,-6577.688456595227,-9338.916847989749,2761.228391394522,2761.228391394522,126.39071655273438,146.03062438964844,211.47225952148438,384.6520690917969,10.0,0.1,2.0,3044,0.02635299,False
19715,932,ok,True,True,20260908,5,analysis_activations,positive,False,4.755710606383823,5.397249356087617,0.03136933319899205,0.1290661662223278,0.17711389894356697,0.3592577991113454,0.5966788998542764,0.40332110014572353,0.40332110014572353,2.265101438953355,2,10,1006.1119854692939,773.3056094483303,232.80637602096363,232.80637602096363,88.56278991699219,135.04212951660156,333.0769958496094,627.6296997070312,10.0,0.1,2.0,478,0.16999997,False
19735,6442,ok,True,False,20260908,5,analysis_activations,positive,False,4.814407391529357,5.301909570765058,0.01210704288660685,0.11390191890641141,0.11003200846393221,0.3374935835040592,0.5601728721535285,0.43982712784647143,0.43982712784647143,1.9421861043544637,2,16,4390.408154099644,1585.934510142192,2804.4736439574517,2804.4736439574517,104.50041961669922,136.4315643310547,312.54007720947266,745.6220703125,10.0,0.1,2.0,2726,0.11545024,False
19741,15585,ok,True,False,20260908,5,analysis_activations,positive,False,4.488249427768978,5.119837995989903,0.019987599782930486,0.22526594116178156,0.14137750805177776,0.47462189283869066,0.8677635671255951,0.13223643287440495,0.13223643287440495,1.8036057670314565,2,8,7215.076627331809,-4211.653788900797,11426.730416232605,11426.730416232605,73.05563354492188,87.561279296875,163.5772491455078,613.4332885742188,10.0,0.1,2.0,4727,0.09291239,False
19798,837,ok,True,False,20260908,5,analysis_activations,positive,False,5.002456861017522,5.382378951992117,0.008192413417579146,0.07624932586584293,0.09051195179410919,0.27613280476220664,0.7459166582678711,0.2540833417321288,0.2540833417321288,1.8489746615114844,2,8,-72.42897557634602,-564.7886006792132,492.3596251028672,492.3596251028672,130.4970703125,151.72247314453125,272.48977050781224,544.8388671875,10.0,0.1,2.0,256,0.052902933,False
19816,7663,ok,True,True,20260908,5,analysis_activations,positive,False,5.013022337284415,5.606975564490231,0.018497094200969445,0.1371801567309467,0.13600402273818757,0.3703783966849939,0.5790594357355079,0.42094056426449206,0.42094056426449206,2.1288970848138975,2,14,7450.675719232689,4265.659615398696,3185.016103833993,3185.016103833993,123.54769897460938,169.89111328125,439.0399108886718,817.680419921875,10.0,0.1,2.0,1080,0.15446472,False
19896,7527,ok,True,False,20260908,5,analysis_activations,positive,False,4.412273449138878,5.153365312071216,0.016742734155351217,0.27370835701984814,0.12939371760387447,0.5231714413266918,0.6965989733323174,0.30340102666768265,0.30340102666768265,1.9446906961954356,2,12,9659.52668792073,3235.8735424831298,6423.6531454376,6423.6531454376,68.03845977783203,86.12592315673828,312.85447998046874,788.9739990234375,10.0,0.1,2.0,3238,0.21080998,False
19928,4737,ok,True,False,20260908,5,analysis_activations,positive,False,4.907428049013102,5.075791655616726,0.002310138817246268,0.013424317644437649,0.048063903474918346,0.11586335764355205,0.653657972631072,0.3463420273689281,0.3463420273689281,1.8981797926220407,2,8,-7269.092873483242,-8961.517122431786,1692.4242489485432,1692.4242489485432,125.40949249267578,137.95074462890625,179.52928466796874,260.63348388671875,10.0,0.1,2.0,895,0.012578386,False
19941,1398,ok,True,True,20260908,5,analysis_activations,positive,False,4.989331968935108,5.598336707889221,0.023185664532676696,0.11787173915956876,0.15226839636863815,0.34332453911651695,0.5963202756793639,0.4036797243206362,0.4036797243206362,2.2931777904516513,2,12,1336.0639873764928,878.7378455393938,457.32614183709904,457.32614183709904,118.51863098144531,167.9691925048828,405.9071868896483,668.9149169921875,10.0,0.1,2.0,271,0.15079631,False
19966,3251,ok,True,False,20260908,5,analysis_activations,positive,False,4.89622368720298,5.046548606256369,0.0017295552963389291,0.01100887672212235,0.04158792248164038,0.1049231943953402,0.6647682397565265,0.3352317602434735,0.3352317602434735,1.8835969981127494,2,9,-5770.1302519212195,-7044.358865404827,1274.2286134836077,1274.2286134836077,125.12371826171875,135.64089965820312,170.4254150390625,235.1515350341797,10.0,0.1,2.0,1260,0.009878229,False
19970,557,ok,True,True,20260908,5,analysis_activations,positive,False,5.00095456760306,5.503342846530288,0.009664953099663616,0.11213484643887751,0.09831049333445345,0.3348654154117405,0.5070516077976552,0.49294839220234477,0.49294839220234477,2.035781716051396,2,16,427.29605489486596,194.94052333984737,232.3555315550186,232.3555315550186,126.31712341308594,169.60287475585938,386.2950317382811,680.4964599609375,10.0,0.1,2.0,214,0.12348407,False
19971,1994,ok,True,False,20260908,5,analysis_activations,positive,False,4.9775791249179715,5.291283536600164,0.006858204496763979,0.048527621237360735,0.08281427713120473,0.22028985731839934,0.6847848633175834,0.31521513668241663,0.31521513668241663,1.8851083047401271,2,10,-683.9122003660218,-1575.7666190774119,891.85441871139,891.85441871139,128.58126831054688,149.26246643066406,240.16346130371085,496.27215576171875,10.0,0.1,2.0,1136,0.041255087,False
19989,2138,ok,True,True,20260908,5,analysis_activations,positive,False,4.467014251952705,5.035489480261068,0.028908355403973428,0.0564649083897657,0.17002457294159992,0.23762345925805747,0.5761770151621888,0.4238229848378113,0.4238229848378113,2.7514751843693444,2,4,1540.7049704300528,1209.129338989521,331.57563144053165,331.57563144053165,66.167236328125,103.64427185058594,206.75986328125,291.74432373046875,10.0,0.1,2.0,966,0.11955802,False
20011,12661,ok,True,False,20260908,5,analysis_activations,positive,False,5.044318280201128,5.600904816346489,0.021008406932984957,0.16122579336471768,0.1449427712339769,0.401529318188246,0.6431894656310406,0.35681053436895943,0.35681053436895943,1.8438804161630868,2,11,11247.826402074059,5684.007321490144,5563.819080583915,5563.819080583915,126.05927276611328,168.11672973632812,406.4440002441406,1543.8492431640625,10.0,0.1,2.0,1797,0.14214508,False
20018,4110,ok,True,True,20260908,5,analysis_activations,positive,False,4.924979059747302,5.402829657685719,0.014984291001113705,0.0901380413342894,0.12241033862020685,0.30022998073858215,0.6683918322561643,0.33160816774383567,0.33160816774383567,2.084297164143014,2,9,1807.1295489151144,93.79854193880034,1713.331006976314,1713.331006976314,115.49142456054688,146.69227600097656,303.3211532592773,608.0724487304688,10.0,0.1,2.0,581,0.090537526,False
20042,4574,ok,True,True,20260908,5,analysis_activations,positive,False,5.110295818407194,5.576724104731519,0.011331563961238052,0.08414670195765525,0.10644981898170636,0.29008050944118124,0.5607741749564888,0.4392258250435112,0.4392258250435112,2.1347529216131567,2,13,2321.15608081596,522.754119687728,1798.4019611282322,1798.4019611282322,142.00181579589844,184.544921875,381.59967193603507,687.4714965820312,10.0,0.1,2.0,609,0.09691923,False
20053,3063,ok,True,False,20260908,5,analysis_activations,positive,False,5.005202449644682,5.482126074966257,0.014938864730618737,0.10851258737375682,0.12222464862137562,0.3294124881873133,0.588555501479381,0.41144449852061904,0.41144449852061904,1.919622064044821,2,12,1906.0571863249734,758.100058624132,1147.9571277008413,1147.9571277008413,124.86906433105469,164.3496856689453,346.6914154052736,857.3773803710938,10.0,0.1,2.0,421,0.108554065,False
20070,4452,ok,True,False,20260908,5,analysis_activations,positive,False,4.966473202625286,5.4194805290263774,0.013120024428359021,0.09558469623192291,0.11454267514057379,0.3091677477226933,0.6864675674276347,0.3135324325723653,0.3135324325723653,1.9431038912099687,2,10,1578.0413610423225,-550.8831756663178,2128.9245367086405,2128.9245367086405,121.785888671875,150.25929260253906,303.5514953613281,709.1254272460938,10.0,0.1,2.0,1417,0.08316172,False
20144,684,ok,True,False,20260908,5,analysis_activations,positive,False,5.0237526280940745,5.163133868362899,0.0012388786164899605,0.010200742913245247,0.035197707545946234,0.10099872728527448,0.6369914582265466,0.3630085417734534,0.3630085417734534,1.842949751977253,2,12,-1269.1086239395497,-1566.7292006219404,297.6205766823907,297.6205766823907,143.77963256835938,154.43348693847656,192.6288757324219,250.45413208007812,10.0,0.1,2.0,214,0.008996438,False
20164,2205,ok,True,False,20260908,5,analysis_activations,positive,False,4.994304695707238,5.409787285007322,0.012917647102953476,0.08365382441904125,0.11365582740428876,0.2892297087421022,0.6037038218264165,0.3962961781735836,0.3962961781735836,1.8907904616760733,2,12,764.8188050344064,0.8755313700032445,763.9432736644031,763.9432736644031,125.22838592529297,159.08192443847656,304.3390014648437,824.0170288085938,10.0,0.1,2.0,618,0.08228643,False
20165,9500,ok,True,False,20260908,5,analysis_activations,positive,False,4.3999096338457475,4.71131840906608,0.007717219340520577,0.04621788348501795,0.08784770537993908,0.21498344932812374,0.6933748099776339,0.30662519002236605,0.30662519002236605,1.896313290032475,2,8,-3568.1987879030294,-7375.500990780377,3807.3022028773476,3807.3022028773476,71.09068298339844,83.49268341064453,134.9236495971679,261.48828125,10.0,0.1,2.0,3763,0.04014338,False
20166,3690,ok,True,True,20260908,5,analysis_activations,positive,False,4.78699675629935,5.030263897461316,0.0041901156529003565,0.024985219700140636,0.06473110267020296,0.15806713668609498,0.6223380797860869,0.37766192021391315,0.37766192021391315,2.014144018272222,2,10,-2985.9155872822384,-4305.217762584059,1319.3021753018202,1319.3021753018202,107.98860168457031,124.55812072753906,181.2867332458496,288.0851135253906,10.0,0.1,2.0,603,0.025958413,False
20220,4432,ok,True,True,20260908,5,analysis_activations,positive,False,4.905701038260655,5.749783172123675,0.022225709806364593,0.17727466472576714,0.14908289575388786,0.4210399799612468,0.573949491517405,0.426050508482595,0.426050508482595,2.672562363235785,2,13,6666.544893705547,4257.84645026219,2408.698443443357,2408.698443443357,110.05915069580078,159.58523559570312,536.110803222656,876.6474609375,10.0,0.1,2.0,1404,0.2625652,False
20255,2237,ok,True,False,20260908,5,analysis_activations,positive,False,4.943641225956279,5.098421257342116,0.0017530048725176086,0.011029137043969628,0.0418689010187467,0.10501969836163894,0.6594749607546301,0.3405250392453698,0.3405250392453698,1.9361014520612225,2,10,-3873.9071349758283,-4750.938183731333,877.0310487555048,877.0310487555048,131.2066192626953,142.61441040039062,181.441796875,247.38021850585938,10.0,0.1,2.0,1221,0.010295295,False
20280,27500,ok,True,True,20260908,5,analysis_activations,positive,False,4.580875571399078,4.988545627132115,0.014793391656303629,0.056196132942024295,0.12162808744818619,0.2370572355825156,0.5860680392588586,0.4139319607411413,0.4139319607411413,2.163847632655048,2,8,5801.634662771745,-441.4886256653414,6243.123288437087,6243.123288437087,80.80264282226562,107.95851135253906,194.15656509399412,365.747802734375,10.0,0.1,2.0,5441,0.072250396,False
20295,2909,ok,True,True,20260908,5,analysis_activations,positive,False,4.9521136513913895,5.344308449257354,0.012956841494286522,0.04899877726963886,0.11382812259844455,0.2213566743281956,0.647135900094708,0.352864099905292,0.352864099905292,2.2283144537015076,2,6,125.55658060745012,-664.7336057653686,790.2901863728187,790.2901863728187,119.23786163330078,151.15725708007812,266.53681640625,429.3083801269531,10.0,0.1,2.0,1773,0.060818795,False
20338,2084,ok,True,True,20260908,5,analysis_activations,positive,False,4.858713811369026,5.210028768624175,0.007368315402323142,0.053640887961558574,0.08583889213126612,0.23160502576921463,0.5717592599670704,0.4282407400329296,0.4282407400329296,2.0114718589364298,2,13,-25.936623755205765,-801.8599936613084,775.9233699061026,775.9233699061026,113.51387786865234,138.12094116210938,243.80979156494138,379.00927734375,10.0,0.1,2.0,410,0.05743044,False
20339,802,ok,True,False,20260908,5,analysis_activations,positive,False,4.913241883772935,5.170124792017225,0.002842838703368407,0.030967826220991226,0.053318277385605836,0.17597677750484927,0.5042322057150562,0.4957677942849438,0.4957677942849438,1.9757106973926568,2,22,-439.6609270984037,-755.3981878471086,315.7372607487049,315.7372607487049,125.22494506835938,145.3345947265625,223.823355102539,317.20849609375,10.0,0.1,2.0,181,0.033322863,False
20389,4717,ok,True,True,20260908,5,analysis_activations,positive,False,5.021127612712365,5.298700603886488,0.00793399829367054,0.0294449488203446,0.08907299418830907,0.17159530535636633,0.5960061215941682,0.4039938784058319,0.4039938784058319,2.030386285507778,2,7,-2386.617638259277,-3341.2183466209,954.6007083616228,954.6007083616228,131.51296997070312,161.94668579101562,241.4521301269531,418.7643737792969,10.0,0.1,2.0,2604,0.03518224,False
20418,551,ok,True,True,20260908,5,analysis_activations,positive,False,4.886823896762847,5.519889326351762,0.02429314846589283,0.10764534210904014,0.15586259482599674,0.32809349598710447,0.6067442880595405,0.3932557119404595,0.3932557119404595,2.4647781787911778,2,10,540.8006825677903,375.1529912132789,165.64769135451144,165.64769135451144,105.35751342773438,151.0064697265625,368.0476379394531,648.3592529296875,10.0,0.1,2.0,100,0.15297547,False
20429,672,ok,True,True,20260908,5,analysis_activations,positive,False,5.061980471460613,6.6632479704004615,0.056831348917948304,0.07449608536463104,0.23839326525291837,0.27293971012776985,0.7280900275758203,0.27190997242417964,0.27190997242417964,6.24886520925765,2,2,1541.448404982513,826.9538646752753,714.4945403072377,714.4945403072377,121.94596862792969,162.7522964477539,952.0280181884766,1152.077392578125,10.0,0.1,2.0,481,0.57010067,False
20463,1198,ok,True,True,20260908,5,analysis_activations,positive,False,5.046623571761202,5.467233857187551,0.014945219774652364,0.05197806489673517,0.12225064324841961,0.2279869840511409,0.6445107169853369,0.35548928301466315,0.35548928301466315,2.299356241369966,2,7,204.70292561349518,-84.33195554010834,289.0348811536035,289.0348811536035,128.869873046875,167.99267578125,296.68854064941405,540.4866943359375,10.0,0.1,2.0,553,0.06870001,False
20479,2432,ok,True,True,20260908,5,analysis_activations,positive,False,4.481231875340279,5.868364051078365,0.02473050284102208,0.30455110364979593,0.15725934897811983,0.5518614895513148,0.7630233912804866,0.23697660871951332,0.23697660871951332,3.418606448994199,2,10,4914.93088293022,1769.937031274848,3144.993851655372,3144.993851655372,71.55287170410156,90.0721206665039,521.9427947998041,1027.9207763671875,10.0,0.1,2.0,1418,0.43914035,False
20490,2411,ok,True,True,20260908,5,analysis_activations,positive,False,5.187733414258158,5.721230031399654,0.013916030321827722,0.07665308895321879,0.11796622534364538,0.27686294254236843,0.48535383736332716,0.5146461626366728,0.48535383736332716,2.507013055009497,2,17,1690.7929814378883,1008.5111233273931,682.2818581104953,682.2818581104953,149.86981201171875,215.08755493164062,446.1141357421875,610.111083984375,10.0,0.1,2.0,725,0.11734471,False
20506,1317,ok,True,True,20260908,5,analysis_activations,positive,False,5.304221263511019,5.836309713205152,0.031688868814141936,0.06302800775798598,0.17801367591885162,0.25105379455006444,0.5239043731445997,0.47609562685540047,0.47609562685540047,2.445035366205626,2,5,928.6617047062767,814.4396421851316,114.22206252114518,114.22206252114518,149.7613525390625,251.6290283203125,480.0228759765625,722.5147705078125,10.0,0.1,2.0,1032,0.1173153,False
20517,3340,ok,True,True,20260908,5,analysis_activations,positive,False,5.212493554922186,5.980162174308935,0.06444336413141044,0.08547711483338861,0.25385697573911664,0.2923646949161075,0.5388367551231454,0.4611632448768546,0.4611632448768546,2.8038727849304417,2,4,4446.378526906837,4052.7089463420284,393.66958056480826,393.66958056480826,122.99308776855469,252.16912841796875,574.5704803466795,801.0800170898438,10.0,0.1,2.0,1581,0.22064838,False
20524,1784,ok,True,True,20260908,5,analysis_activations,positive,False,4.868265124426265,5.457853992088816,0.012133379147225223,0.11900601548232496,0.11015161890424137,0.3449724851090663,0.5133055072278745,0.48669449277212545,0.48669449277212545,2.3024896430657305,2,14,1705.0068181070599,912.5845385294429,792.422279577617,792.422279577617,110.43367767333984,150.94276428222656,378.14486083984355,674.722900390625,10.0,0.1,2.0,321,0.15107349,False
20532,884,ok,True,False,20260908,5,analysis_activations,positive,False,4.383126817872346,4.65100231575061,0.006179108157748883,0.0297729885804239,0.07860730346315718,0.1725485108032634,0.6532035463985253,0.3467964536014747,0.3467964536014747,1.997955804482889,2,7,-559.5927868757785,-822.0266578367828,262.43387096100423,262.43387096100423,70.60450744628906,82.39191436767578,124.50993461608883,188.78390502929688,10.0,0.1,2.0,442,0.030650087,False
20575,6412,ok,True,True,20260908,5,analysis_activations,positive,False,5.001435560614883,5.491984515109401,0.022275527120355562,0.09034385448739372,0.14924988147518095,0.30057254446704496,0.6109214274483842,0.38907857255161576,0.38907857255161576,2.067239444771022,2,7,3820.8617108618646,2247.888646894709,1572.9730639671557,1572.9730639671557,119.48687744140625,166.28453826904297,340.24964752197263,710.7896728515625,10.0,0.1,2.0,365,0.10597409,False
20600,681,ok,True,True,20260908,5,analysis_activations,positive,False,4.228134139660992,4.473203984529413,0.005103358849896422,0.018897655962174662,0.07143779706777374,0.1374687454011808,0.7539542623951262,0.24604573760487372,0.24604573760487372,2.2371240733846878,2,5,-730.891926089417,-934.1028433419064,203.21091725248937,203.21091725248937,60.87687683105469,69.20381927490234,95.3978271484375,130.454345703125,10.0,0.1,2.0,457,0.01966668,False
20601,862,ok,True,False,20260908,5,analysis_activations,positive,False,4.8730289850082205,5.280664005551218,0.007766017330290464,0.08293214476017535,0.08812500967540636,0.28797941725091286,0.531228154584155,0.46877184541584516,0.46877184541584516,1.914199693561703,2,21,328.541510663569,-28.33371170085043,356.8752223644194,356.8752223644194,113.98780822753906,141.67970275878906,297.7573028564448,483.3741455078125,10.0,0.1,2.0,354,0.084478326,False
20631,11154,ok,True,False,20260908,5,analysis_activations,positive,False,4.990753770129161,5.330405526465468,0.008147415711661232,0.052974707510212125,0.09026303624220289,0.23016235033169982,0.5949732241133252,0.4050267758866748,0.4050267758866748,1.9428964129197386,2,13,-862.4136921418691,-4866.8626852384095,4004.4489930965406,4004.4489930965406,128.7901611328125,156.7482147216797,271.4567672729492,516.9275512695312,10.0,0.1,2.0,1724,0.054107845,False
20644,9420,ok,True,False,20260908,5,analysis_activations,positive,False,4.908336815375804,5.183129054910703,0.0065348132123984395,0.033939782375040355,0.08083819154581849,0.18422752881977317,0.6200941193395828,0.37990588066041725,0.37990588066041725,1.9316489500378147,2,9,-4900.504890439371,-7766.859144261095,2866.3542538217243,2866.3542538217243,119.7440185546875,142.1064682006836,217.67843170165992,401.7785949707031,10.0,0.1,2.0,1537,0.034737334,False
20647,6388,ok,True,False,20260908,5,analysis_activations,positive,False,4.966177743536211,5.304189496511772,0.007209137337810065,0.05950758213761962,0.08490663895014373,0.24394175972477453,0.6205674570472657,0.37943254295273426,0.37943254295273426,1.8506720134244665,2,13,-504.6678814831912,-3339.52291930072,2834.8550378175287,2834.8550378175287,126.66424560546875,150.8003692626953,260.1336563110351,712.9961547851562,10.0,0.1,2.0,1536,0.053962268,False
20650,1827,ok,True,False,20260908,5,analysis_activations,positive,False,5.0776194105764825,5.3851235297197375,0.008965482946429957,0.04420813203120276,0.09468623419710998,0.21025729959076989,0.6347841454671039,0.365215854532896,0.365215854532896,1.885896446725055,2,6,-517.0282102535806,-1034.217418056237,517.1892078026564,517.1892078026564,139.19183349609375,169.458984375,273.9559204101561,489.54864501953125,10.0,0.1,2.0,1264,0.043781478,False
20651,6410,ok,True,False,20260908,5,analysis_activations,positive,False,4.917413661388322,5.1788793913584,0.004960076601103831,0.03361157345950602,0.07042781127582931,0.18333459427916496,0.6585372881744918,0.3414627118255082,0.3414627118255082,1.8827630359190577,2,10,-4244.123819711777,-6910.332663951444,2666.208844239667,2666.208844239667,123.13934326171875,140.73167419433594,213.58576354980462,453.1239013671875,10.0,0.1,2.0,2046,0.030119821,False
20664,8600,ok,True,False,20260908,5,analysis_activations,positive,False,4.984080392521802,5.251545018275706,0.0052069506997123914,0.03322019453646183,0.07215920384616499,0.1822640791172573,0.6205436171097761,0.379456382890224,0.379456382890224,1.9295777752559837,2,11,-4996.513044555303,-8190.977723085457,3194.464678530154,3194.464678530154,131.09214782714844,152.27212524414062,232.7864822387695,434.80584716796875,10.0,0.1,2.0,2089,0.032684185,False
20741,5777,ok,True,False,20260908,5,analysis_activations,positive,False,4.979780807992125,5.325224818391895,0.008169885057706914,0.0541215134607773,0.09038741647877162,0.2326403091916302,0.6201449339713195,0.3798550660286804,0.3798550660286804,1.9573956734567346,2,11,-478.50744487679685,-2698.610058092244,2220.102613215447,2220.102613215447,126.5657730102539,154.09153747558594,266.774267578125,583.2057495117188,10.0,0.1,2.0,1047,0.053743538,False
20785,2097,ok,True,True,20260908,5,analysis_activations,positive,False,4.962316921968105,5.526603543816198,0.03256450167070819,0.11375016040782084,0.1804563705462021,0.3372686768850924,0.6634225226935972,0.33657747730640275,0.33657747730640275,2.0862715110946204,2,5,1703.8844115288043,1220.4017066064791,483.4827049223252,483.4827049223252,109.150634765625,157.965087890625,356.0356933593749,715.0232543945312,10.0,0.1,2.0,398,0.13105205,False
20791,2546,ok,True,False,20260908,5,analysis_activations,positive,False,4.99261715848709,5.4843835003138,0.016983807705379293,0.11802148544698661,0.13032193869559835,0.3435425526000915,0.6574920378063465,0.34250796219365365,0.34250796219365365,1.8927724261594259,2,11,1528.0710335306849,455.42793577425414,1072.6430977564307,1072.6430977564307,121.80845642089844,156.5134735107422,340.2091598510742,884.8857421875,10.0,0.1,2.0,676,0.10609095,False
20795,1324,ok,True,True,20260908,5,analysis_activations,positive,False,4.929676860999154,5.124085479501381,0.0032469678550622744,0.015329583849616576,0.05698217137896971,0.12381269664140498,0.6764616704584344,0.32353832954156553,0.32353832954156553,2.017195365048356,2,7,-1751.5238508502382,-2167.4837227742196,415.9598719239814,415.9598719239814,126.45030212402344,141.23377990722656,189.06610031127926,264.98675537109375,10.0,0.1,2.0,881,0.015438622,False
20880,7570,ok,True,False,20260908,5,analysis_activations,positive,False,5.0965670905747205,5.532951796531018,0.013343198672679106,0.08320716562334711,0.11551276411150027,0.28845652293430135,0.5756791360568325,0.42432086394316754,0.42432086394316754,1.9861294945607977,2,13,3230.625372030081,718.2205482143653,2512.4048238157156,2512.4048238157156,138.10191345214844,180.04766082763672,359.76439819335917,862.6714477539062,10.0,0.1,2.0,3301,0.08951602,False
20899,35359,ok,True,True,20260908,5,analysis_activations,positive,False,4.362479295440987,5.220034648804664,0.046205424491461096,0.0890265246981779,0.2149544707408085,0.2983731299868973,0.5762994695150206,0.42370053048497924,0.42370053048497924,3.2979001793046603,2,4,50476.43893397577,40620.57931205478,9855.859621920987,9855.859621920987,56.795291900634766,100.84329986572266,265.3516418457031,454.1865234375,10.0,0.1,2.0,5530,0.24392313,False
20913,2082,ok,True,False,20260908,5,analysis_activations,positive,False,4.982350059528153,5.38756762937494,0.008261918011253437,0.08350129076144668,0.0908950934388289,0.28896589895945624,0.63220353987931,0.36779646012068995,0.36779646012068995,1.8917727689693502,2,11,506.06811129858886,-593.2119075765803,1099.2800188751692,1099.2800188751692,127.55076599121094,154.03114318847656,301.4398284912108,935.8118896484375,10.0,0.1,2.0,568,0.07414968,False
20927,2485,ok,True,True,20260908,5,analysis_activations,positive,False,4.8309094105214605,5.3684579044595475,0.016462041245481993,0.11808621259803773,0.12830448645889977,0.3436367451219932,0.6224894454711095,0.3775105545288905,0.3775105545288905,2.0724955862125043,2,14,1854.7937941068346,769.6498009067886,1085.143993200046,1085.143993200046,104.00059509277344,136.55032348632812,324.22267456054686,595.646728515625,10.0,0.1,2.0,478,0.12277894,False
20955,2017,ok,True,True,20260908,5,analysis_activations,positive,False,4.6868338775236005,6.2932430156731645,0.05045574077684567,0.06055130702815497,0.22462355347746965,0.24607175178828425,0.6694261445582687,0.3305738554417313,0.3305738554417313,6.818610569868317,2,2,4790.749489016429,2385.525048572126,2405.224440444303,2405.224440444303,85.19267272949219,116.87272644042969,673.2592529296875,1027.4691162109375,10.0,0.1,2.0,1074,0.62516403,False
20988,679,ok,True,True,20260908,5,analysis_activations,positive,False,5.084625222291928,5.743105569318969,0.01894356129674176,0.16884484361862784,0.13763561056914653,0.41090734188941896,0.5994816440124705,0.4005183559875295,0.4005183559875295,2.1489357398508213,2,14,787.1642117033963,459.22868966200895,327.93552204138734,327.93552204138734,134.18441772460938,180.62472534179688,514.1448181152344,1006.2449340820312,10.0,0.1,2.0,297,0.18335865,False
21065,1735,ok,True,False,20260908,5,analysis_activations,positive,False,4.965641884738197,5.440630259640755,0.016954526799306948,0.09985567992394435,0.1302095495703251,0.315999493550139,0.6126533472721167,0.3873466527278832,0.3873466527278832,1.9654300064543535,2,11,988.2719870016198,405.56336709491603,582.7086199067037,582.7086199067037,119.45388793945312,157.47308349609375,326.4414886474609,667.58203125,10.0,0.1,2.0,336,0.10266459,False
21108,4832,ok,True,True,20260908,5,analysis_activations,positive,False,5.171631734864655,5.618244373258836,0.01760507938787281,0.07777713858841216,0.13268413389653191,0.2788855295428792,0.5817115020975842,0.4182884979024159,0.4182884979024159,2.045089401347618,2,9,2164.077677887828,994.140248812581,1169.937429075247,1169.937429075247,143.7686004638672,196.7463836669922,381.5329559326172,843.5899658203125,10.0,0.1,2.0,2228,0.09132621,False
21190,9183,ok,True,True,20260908,5,analysis_activations,positive,False,4.973748992518701,5.436121159169426,0.017664699236676268,0.06986320374216133,0.13290861234952484,0.2643164840530407,0.5695403922041502,0.4304596077958498,0.4304596077958498,2.2102093869068526,2,10,4222.5011538749295,2091.197721527829,2131.3034323471006,2131.3034323471006,118.53714752197266,164.0357666015625,316.5170440673828,539.5142822265625,10.0,0.1,2.0,594,0.09255629,False
21260,5804,ok,True,False,20260908,5,analysis_activations,positive,False,5.068272044315688,5.429218496727934,0.008415074753994277,0.06282904909850233,0.09173371656045708,0.25065723428319864,0.608621136603122,0.39137886339687794,0.39137886339687794,1.9124198839586921,2,12,230.8620245026534,-2132.7389766078277,2363.601001110481,2363.601001110481,139.03134155273438,169.15816497802734,299.6805938720702,657.5314331054688,10.0,0.1,2.0,996,0.060754452,False
21261,5279,ok,True,False,20260908,5,analysis_activations,positive,False,4.968419738748341,5.332731268838704,0.008879275248215994,0.06587370256333527,0.09422990633666146,0.25665872781445653,0.6421356058301222,0.3578643941698777,0.3578643941698777,1.8844024727782323,2,10,126.37341104735894,-2143.680830626647,2270.054241674006,2270.054241674006,125.33305358886719,151.42098999023438,272.97520446777344,646.3580932617188,10.0,0.1,2.0,1244,0.05978537,False
21268,7012,ok,True,False,20260908,5,analysis_activations,positive,False,5.00035858451441,5.436023788325635,0.013226433534765191,0.09092135141851886,0.11500623259095653,0.3015316756470518,0.6488859181170742,0.3511140818829258,0.3511140818829258,1.9091623166489666,2,10,2527.616810067562,-388.4248858217482,2916.04169588931,2916.04169588931,125.54147338867188,157.92577362060547,309.2923767089843,799.7532958984375,10.0,0.1,2.0,1571,0.08376095,False
21283,6852,ok,True,False,20260908,5,analysis_activations,positive,False,4.913297710051087,5.328113539222682,0.011996181182515303,0.09116791994488468,0.1095270796767416,0.30194025890047305,0.661333766297553,0.33866623370244703,0.33866623370244703,1.826442562074948,2,10,1925.4427799203454,-1138.2590430443597,3063.701822964705,3063.701822964705,116.42974090576172,143.1434783935547,276.7073760986328,787.855712890625,10.0,0.1,2.0,1395,0.07735845,False
21323,2898,ok,True,False,20260908,5,analysis_activations,positive,False,4.427869270368843,5.077762634866527,0.024318472053492215,0.21549600330461346,0.1559438105648705,0.4642154707725858,0.7779762488408388,0.22202375115916118,0.22202375115916118,1.8768060886315525,2,9,2536.464047861326,750.9128821137934,1785.5511657475327,1785.5511657475327,67.3260726928711,84.76911926269531,211.38934936523444,606.3860473632812,10.0,0.1,2.0,1680,0.13976581,False
21328,2738,ok,True,False,20260908,5,analysis_activations,positive,False,4.964125589882578,5.260276053423035,0.0060510595997391795,0.042798655446715204,0.07778855699740919,0.20687835905844576,0.6578297354504733,0.34217026454952676,0.34217026454952676,1.8949440747891761,2,10,-1141.5752317594252,-2311.984015745394,1170.408783985969,1170.408783985969,127.78299713134766,148.29712677001953,239.52995147705082,403.33233642578125,10.0,0.1,2.0,1175,0.038379624,False
21367,994,ok,True,True,20260908,5,analysis_activations,positive,False,5.132238575610711,5.488717172277077,0.014104391335945977,0.04028646989232833,0.11876191029090925,0.20071489703638923,0.6193975106442299,0.38060248935577,0.38060248935577,2.161650559127993,2,5,-66.12642020079724,-218.42889612255715,152.3024759217599,152.3024759217599,139.9632568359375,185.13919067382812,300.0020446777342,446.0869140625,10.0,0.1,2.0,722,0.05408044,False
21372,4817,ok,True,True,20260908,5,analysis_activations,positive,False,4.974353181157136,5.528352913501459,0.018231689433842495,0.10726842726201051,0.13502477340785465,0.32751859071205486,0.5167376090072499,0.4832623909927501,0.4832623909927501,2.2115791551313366,2,16,4143.506414112829,2729.7201631470575,1413.7862509657712,1413.7862509657712,117.62922668457031,171.43228149414062,394.8904602050781,683.7518920898438,10.0,0.1,2.0,2676,0.13793026,False
21390,10422,ok,True,False,20260908,5,analysis_activations,positive,False,4.890186485918572,5.2273589655883095,0.006346940016588041,0.06608972060986197,0.07966768489537047,0.2570792107694863,0.6988219404765972,0.3011780595234029,0.3011780595234029,1.7716907073829924,2,11,-1994.411595483742,-8240.290062761966,6245.878467278224,6245.878467278224,118.519775390625,135.9879379272461,229.95757904052715,629.4315795898438,10.0,0.1,2.0,2583,0.0482711,False
21407,4847,ok,True,True,20260908,5,analysis_activations,positive,False,4.551881600087798,5.486236425789458,0.01999046790472346,0.33219465910065143,0.14138765117478774,0.5763633047832343,0.7801619347773674,0.21983806522263258,0.21983806522263258,2.2265954898723175,2,11,6821.586611056686,1585.7668341537362,5235.819776902949,5235.819776902949,78.3989486694336,96.12484741210938,443.96701660156185,756.5460815429688,10.0,0.1,2.0,2444,0.23840398,False
21487,9198,ok,True,False,20260908,5,analysis_activations,positive,False,5.006424678128925,5.218665972849592,0.003634596922109421,0.020366612746188027,0.06028761831511858,0.1427116419434239,0.6728180238902205,0.3271819761097794,0.3271819761097794,1.9374402535743103,2,7,-10321.807024070586,-13696.658586340956,3374.851562270371,3374.851562270371,136.2026824951172,153.2423553466797,211.31140518188477,360.24932861328125,10.0,0.1,2.0,1079,0.019026274,False
21491,1013,ok,True,True,20260908,5,analysis_activations,positive,False,5.100569257200215,5.546598775737208,0.014868153969827585,0.07611740069881573,0.12193503995910111,0.2758938214219661,0.6560346508263167,0.3439653491736832,0.3439653491736832,2.0911846188327905,2,9,340.4626143911838,0.6451825542059098,339.8174318369779,339.8174318369779,137.25357055664062,176.13568115234375,348.0409484863281,639.99951171875,10.0,0.1,2.0,298,0.08090653,False
21508,1853,ok,True,True,20260908,5,analysis_activations,positive,False,5.102010553400557,5.618706384949941,0.016810967192470664,0.10512938455949672,0.12965711392928142,0.32423661816564875,0.5822963401601625,0.41770365983983754,0.41770365983983754,2.092551879296797,2,12,1323.6102432514817,684.2244741772939,639.3857690741878,639.3857690741878,134.83128356933594,182.23468017578125,403.7235717773437,867.8902587890625,10.0,0.1,2.0,299,0.11870072,False
21610,4362,ok,True,True,20260908,5,analysis_activations,positive,False,5.050408739633676,5.447893459869213,0.01533547925135314,0.058795025240011574,0.12383650209592138,0.24247685506046052,0.615987759529706,0.3840122404702941,0.3840122404702941,2.0646049227673235,2,6,758.1180391114036,-257.1418179394635,1015.2598570508671,1015.2598570508671,129.8447723388672,170.33150482177734,308.3314041137695,503.35906982421875,10.0,0.1,2.0,315,0.069412716,False
21728,8459,ok,True,False,20260908,5,analysis_activations,positive,False,4.95725969051221,5.267930111047349,0.00669264348763614,0.04778711079810636,0.08180857832547965,0.21860263218476203,0.6488011450762254,0.3511988549237745,0.3511988549237745,1.8823368008762442,2,10,-2570.240530889691,-6163.473814787094,3593.233283897403,3593.233283897403,126.21022033691406,148.0956268310547,241.57167968749985,490.8649597167969,10.0,0.1,2.0,1547,0.043121114,False
21729,8687,ok,True,True,20260908,5,analysis_activations,positive,False,4.975674594181719,5.421479943618299,0.013134902353425184,0.08477824462237626,0.11460760163891916,0.2911670390383779,0.5780114257429161,0.42198857425708386,0.42198857425708386,2.0148363095017165,2,12,3929.016404497467,902.6653706980928,3026.3510337993744,3026.3510337993744,121.84912109375,159.65028381347656,319.51460571289056,640.8074951171875,10.0,0.1,2.0,3642,0.09185294,False
21797,672,ok,True,True,20260908,5,analysis_activations,positive,False,5.131058323064481,5.971037103690221,0.01826394453085586,0.3026078277512041,0.13514416203024035,0.550098016494519,0.7576011225351819,0.24239887746481806,0.24239887746481806,2.097092352264905,2,16,892.6053791762683,234.582256076685,658.0231230995834,658.0231230995834,142.6470947265625,173.29603576660156,699.3013977050781,1111.2874755859375,10.0,0.1,2.0,489,0.21708183,False
21836,2515,ok,True,False,20260908,5,analysis_activations,positive,False,5.070875069155251,5.652049129221091,0.016799682772159107,0.1624661841569066,0.12961359022941657,0.40307094184139175,0.529083923380757,0.4709160766192429,0.4709160766192429,1.941209539584212,2,16,2689.790609317947,1681.8334796995946,1007.9571296183526,1007.9571296183526,131.91917419433594,183.0592803955078,483.8266540527334,1301.5606689453125,10.0,0.1,2.0,511,0.16961798,False
21904,2379,ok,True,False,20260908,5,analysis_activations,positive,False,5.042345673450417,5.519118138935721,0.012289757721281727,0.11586457709828718,0.11085917968883645,0.3403888615955099,0.720023554250636,0.2799764457493641,0.2799764457493641,1.8834734974051066,2,11,960.7375639100424,-469.4351607638617,1430.172724673904,1430.172724673904,132.8341522216797,159.43653869628906,334.6711975097654,799.7509765625,10.0,0.1,2.0,573,0.08714761,False
21939,857,ok,True,True,20260908,5,analysis_activations,positive,False,4.935089254294345,5.324840106895071,0.009027620558573177,0.06011434422874276,0.09501379141247432,0.2451822673619419,0.6440221211253689,0.35597787887463095,0.35597787887463095,2.0961927444852018,2,11,63.09928152704522,-294.0333797763767,357.1326613034219,357.1326613034219,120.81497192382812,147.59136962890625,265.4395568847656,421.01153564453125,10.0,0.1,2.0,422,0.062110446,False
21952,1396,ok,True,False,20260908,5,analysis_activations,positive,False,4.8587439508808705,5.012264565354488,0.001965398717814058,0.010810683244650851,0.0443328176164572,0.1039744355341776,0.6382142383483799,0.3617857616516201,0.3617857616516201,1.9208031232236082,2,9,-2370.4715547402666,-2823.1081801204414,452.6366253801748,452.6366253801748,120.37910461425781,131.53907012939453,167.34125900268555,223.69798278808594,10.0,0.1,2.0,400,0.010614019,False
21983,730,ok,True,True,20260908,5,analysis_activations,positive,False,4.905393684553948,5.46172074842371,0.011177561102689412,0.13420554748060945,0.10572398546540615,0.36634075323475745,0.611779156493285,0.388220843506715,0.388220843506715,2.0634227297745524,2,11,609.0853469455574,173.56751918312563,435.51782776243175,435.51782776243175,116.2710189819336,144.6546173095703,365.65704345703125,814.8704223632812,10.0,0.1,2.0,179,0.13262786,False
22008,1703,ok,True,True,20260908,5,analysis_activations,positive,False,4.911991496848088,5.575683112948074,0.03382616788574191,0.13488776644392306,0.18391891660659027,0.3672706991361046,0.6198885422575,0.38011145774249994,0.38011145774249994,2.2851033808620027,2,9,1889.5046261988655,1422.9260860443317,466.5785401545338,466.5785401545338,103.43102264404297,155.45281982421875,413.28468933105466,761.8290405273438,10.0,0.1,2.0,964,0.17613396,False
22032,14443,ok,True,False,20260908,5,analysis_activations,positive,False,4.925940452578851,5.403610194410967,0.016120467153700708,0.10829432600332888,0.12696640167265003,0.3290810325791033,0.6178151551454568,0.38218484485454324,0.38218484485454324,1.915167302744523,2,12,8485.550920999858,2916.3464476571958,5569.204473342663,5569.204473342663,114.5443115234375,149.43316650390625,328.8321136474609,652.4691772460938,10.0,0.1,2.0,2206,0.10522895,False
22124,20074,ok,True,False,20260908,5,analysis_activations,positive,False,4.903837359120095,5.178370021639004,0.005679905809870707,0.037761796870126964,0.07536514983645098,0.19432394826713192,0.666081068144937,0.33391893185506316,0.33391893185506316,1.8627544107234517,2,9,-11396.066198478204,-19678.49358307462,8282.427384596418,8282.427384596418,120.6790771484375,139.15223693847656,213.48265762329098,490.24639892578125,10.0,0.1,2.0,3686,0.03315646,False
22138,3645,ok,True,True,20260908,5,analysis_activations,positive,False,5.246687776344351,6.157214451402264,0.06745413762267065,0.06578423434688753,0.2597193439516407,0.25648437446925987,0.47352910276064075,0.5264708972393591,0.47352910276064075,3.5277111084996258,2,3,5631.660731279668,4766.983902771268,864.6768285083999,864.6768285083999,123.2490234375,317.2384033203125,662.1368164062496,883.8439331054688,10.0,0.1,2.0,963,0.27333322,False
22161,7478,ok,True,False,20260908,5,analysis_activations,positive,False,4.868324683918796,5.187164563933467,0.00694432541454837,0.04731205733547807,0.08333261915089654,0.2175133497868075,0.6148961436106136,0.3851038563893864,0.3851038563893864,1.9358077168077734,2,11,-1695.3534350615744,-4588.067085311848,2892.7136502502735,2892.7136502502735,114.77935791015625,137.08983612060547,227.5911178588867,467.072509765625,10.0,0.1,2.0,1481,0.046568017,False
22201,5726,ok,True,False,20260908,5,analysis_activations,positive,False,4.927563616503586,5.131957124493147,0.0030598880647232543,0.020596492341708558,0.05531625497738666,0.1435147809171883,0.6108445374204315,0.38915546257956857,0.38915546257956857,1.8793512090672921,2,12,-6186.685715774708,-8304.845489131212,2118.159773356504,2118.159773356504,126.8155288696289,142.40523529052734,197.72020721435547,367.96331787109375,10.0,0.1,2.0,2016,0.01981766,False
22363,8202,ok,True,False,20260908,5,analysis_activations,positive,False,4.849350542501698,5.026815657913453,0.0022638551162560494,0.01615667741579323,0.0475799865096245,0.1271089194973871,0.6381492311880005,0.36185076881199946,0.36185076881199946,1.8491702723033976,2,10,-11394.537861978697,-14749.39896101333,3354.8610990346333,3354.8610990346333,118.5061264038086,130.35327911376953,172.49304046630857,327.24066162109375,10.0,0.1,2.0,2411,0.014564115,False
22379,1051,ok,True,True,20260908,5,analysis_activations,positive,False,5.287503553061944,5.7628600124097895,0.024290693234245146,0.059825424667149164,0.155854718357338,0.2445923642862736,0.5807106012165124,0.4192893987834876,0.4192893987834876,2.3179004882623513,2,5,513.7988223792864,386.3643979388126,127.43442444047383,127.43442444047383,154.33395385742188,229.07861328125,422.26988220214844,672.3160400390625,10.0,0.1,2.0,846,0.09429767,False
22509,736,ok,True,True,20260908,5,analysis_activations,positive,False,5.110206953535808,5.689217398077115,0.0387711445731453,0.08058731615300757,0.19690389679522674,0.28387905197990143,0.5621977547935834,0.43780224520641675,0.43780224520641675,2.3701443180261674,2,5,652.6817579437305,586.6028566482674,66.07890129546308,66.07890129546308,123.2789306640625,203.82217407226562,424.42022705078125,697.2099609375,10.0,0.1,2.0,583,0.13978364,False
22518,6528,ok,True,False,20260908,5,analysis_activations,positive,False,4.703882606428677,4.928267846723877,0.00425628141420623,0.022777814575748522,0.06524018251205486,0.15092320754525634,0.6321181866511296,0.3678818133488703,0.3678818133488703,1.9299824436188668,2,9,-6145.592002766782,-8246.42653026108,2100.8345274942985,2100.8345274942985,99.67535400390625,114.11286163330078,161.9618682861328,268.87298583984375,10.0,0.1,2.0,2350,0.022780737,False
22523,557,ok,True,False,20260908,5,analysis_activations,positive,False,4.754204305612406,4.9877161334363525,0.0036104872626256685,0.034480685978401426,0.06008733030036922,0.185689757333035,0.7670539047641246,0.23294609523587545,0.23294609523587545,1.6920442108608624,2,7,-570.7136580212866,-882.0159643432565,311.3023063219699,311.3023063219699,105.6185073852539,116.22926330566406,157.15516357421856,307.04290771484375,10.0,0.1,2.0,351,0.020580651,False
22626,7176,ok,True,True,20260908,5,analysis_activations,positive,False,4.849209357795262,5.083832959526783,0.004137972642204037,0.02317668561657485,0.06432707549861129,0.1522389096669273,0.6038271320595789,0.39617286794042106,0.39617286794042106,2.0076537280407774,2,11,-6132.7333187007325,-8475.996927709375,2343.2636090086426,2343.2636090086426,115.47051239013672,133.11983489990234,190.3800506591797,311.166015625,10.0,0.1,2.0,1973,0.024851725,False
22680,7942,ok,True,True,20260908,5,analysis_activations,positive,False,4.984715615271954,5.309122014898317,0.008318249692916668,0.044114944316039656,0.09120443899787262,0.21003557869094383,0.5886921212185364,0.41130787878146363,0.41130787878146363,2.003554931131905,2,11,-1473.9094798699302,-3838.6163710462592,2364.706891176329,2364.706891176329,127.24576568603516,156.7696533203125,259.87967071533205,499.8830871582031,10.0,0.1,2.0,3147,0.048528906,False
22700,3165,ok,True,True,20260908,5,analysis_activations,positive,False,4.993217656318769,5.331357201218685,0.0052002190692175265,0.04759079825915354,0.07211254446500641,0.21815315321845233,0.45642652307020876,0.5435734769297913,0.45642652307020876,2.08128208503974,2,17,-90.56672576409638,-1103.5580576286873,1012.9913318645908,1012.9913318645908,131.56361389160156,165.22447204589844,277.73106689453124,459.83642578125,10.0,0.1,2.0,1337,0.056626957,False
22820,4097,ok,True,False,20260908,5,analysis_activations,positive,False,4.9523985410416715,5.097344487419737,0.001622718922872797,0.010124659511862482,0.04028298552581222,0.10062136707410849,0.6117387482906904,0.38826125170930953,0.38826125170930953,1.8912571907516278,2,12,-7259.882798655417,-8684.700431757941,1424.8176331025243,1424.8176331025243,132.88778686523438,144.36170959472656,182.1281524658203,247.18600463867188,10.0,0.1,2.0,1447,0.009915106,False
22828,555,ok,True,True,20260908,5,analysis_activations,positive,False,4.982186366906739,5.3639971780696225,0.00853060582532554,0.04416105388497026,0.09236127882032351,0.2101453161147549,0.5393191279522337,0.4606808720477664,0.4606808720477664,2.352297679286629,2,15,36.874947840946504,-114.96222499962056,151.83717284056706,151.83717284056706,128.14752197265625,161.98428344726562,282.1968292236328,359.8079528808594,10.0,0.1,2.0,429,0.06127374,False
22846,3720,ok,True,False,20260908,5,analysis_activations,positive,False,5.048825978896188,5.507409555189325,0.015183055495430923,0.10573093616736434,0.12321954185692675,0.32516293787478967,0.6734282602107694,0.3265717397892306,0.3265717397892306,1.865070339236596,2,9,1656.9719655049664,59.021445014553436,1597.950520490413,1597.950520490413,130.1392822265625,164.79281616210938,339.36536254882793,702.1718139648438,10.0,0.1,2.0,1157,0.09102664,False
22852,1917,ok,True,False,20260908,5,analysis_activations,positive,False,4.917405872350523,5.401754683599066,0.022139211104599082,0.12269838186873168,0.14879251024362444,0.35028328802375325,0.6292046562525925,0.3707953437474076,0.3707953437474076,1.799834559368723,2,6,1295.0954621420494,726.1492316823584,568.946230459691,568.946230459691,108.83216857910156,148.5262451171875,312.26105957031245,901.5833129882812,10.0,0.1,2.0,466,0.114216916,False
22859,798,ok,True,False,20260908,5,analysis_activations,positive,False,4.782146478101905,5.485689312713621,0.013996205679885155,0.24671172910081554,0.11830556064651042,0.4967008446749568,0.5913511391025377,0.40864886089746244,0.40864886089746244,1.9486256610565804,2,17,1100.6888695148236,550.5922108850764,550.0966586297473,550.0966586297473,101.90876770019531,132.0616455078125,487.1749084472654,860.57470703125,10.0,0.1,2.0,236,0.2289937,False
22873,4264,ok,True,False,20260908,5,analysis_activations,positive,False,4.916161109458705,5.2804516688844565,0.008268597721536361,0.06986514827945649,0.09093183007911125,0.2643201624535224,0.6567683472922863,0.34323165270771355,0.34323165270771355,1.8430774743313252,2,10,72.7929962110458,-1984.622727932084,2057.41572414313,2057.41572414313,119.73992156982422,142.43051147460938,252.7658950805663,677.4664916992188,10.0,0.1,2.0,1178,0.059338905,False
22882,587,ok,True,True,20260908,5,analysis_activations,positive,False,5.031406055111921,5.500374914536334,0.02037403040710965,0.04596182526109931,0.14273762786003433,0.2143870921046771,0.5527799363877282,0.44722006361227173,0.44722006361227173,2.5750450754042253,2,5,239.70625216859793,167.56246763437466,72.14378453422327,72.14378453422327,122.95526123046875,179.73345947265625,322.3845397949218,439.5894775390625,10.0,0.1,2.0,490,0.086333744,False
23007,3118,ok,True,True,20260908,5,analysis_activations,positive,False,4.814811351212491,5.091454506459737,0.007498361305790003,0.02458039573801387,0.08659307885616496,0.15678136285290376,0.6185816455945381,0.38141835440546185,0.38141835440546185,2.1843697869102705,2,7,-1860.8645044553273,-2500.1849950959954,639.3204906406681,639.3204906406681,107.8265151977539,130.73389434814453,192.55686035156248,275.2374267578125,10.0,0.1,2.0,668,0.03207991,False
23015,2874,ok,True,True,20260908,5,analysis_activations,positive,False,5.108027439287242,5.714624777847595,0.035378418348071254,0.07635787429996432,0.1880915158854095,0.27632928599763784,0.5502854207747828,0.44971457922521707,0.44971457922521707,2.566364679705895,2,5,2619.5750275519445,2235.507286084391,384.06774146755333,384.06774146755333,123.6617431640625,204.74909210205078,420.25218505859374,786.3668823242188,10.0,0.1,2.0,1062,0.14491664,False
23025,6751,ok,True,False,20260908,5,analysis_activations,positive,False,4.349621510056486,4.902396589929813,0.01468890741851245,0.15560194984113776,0.12119780286173694,0.3944641299803288,0.6935740827272936,0.3064259172727063,0.3064259172727063,1.89438300091225,2,10,5018.384149889064,768.5464665400748,4249.837683348989,4249.837683348989,64.54817962646484,80.62682342529297,186.70225524902344,744.505859375,10.0,0.1,2.0,3023,0.122826114,False
23065,2649,ok,True,False,20260908,5,analysis_activations,positive,False,4.9183513444078795,5.05087396411688,0.0014384474607515606,0.008509820762827157,0.03792686990448277,0.09224868976211617,0.6057658319485753,0.3942341680514247,0.3942341680514247,1.8790194137934026,2,11,-5121.569757151492,-5973.022873049159,851.453115897667,851.453115897667,128.73318481445312,139.51937866210938,171.336181640625,226.84011840820312,10.0,0.1,2.0,928,0.008422522,False
23078,3511,ok,True,True,20260908,5,analysis_activations,positive,False,5.180947926904489,5.805285083029141,0.0361942398528962,0.06471684447749436,0.1902478379716737,0.2543950559218759,0.46965501429993567,0.5303449857000644,0.46965501429993567,2.779487615028283,2,5,3281.9184355661355,2872.514919849825,409.40351571631027,409.40351571631027,134.07066345214844,244.07701110839844,468.2425231933594,664.209228515625,10.0,0.1,2.0,1869,0.14845243,False
23088,1745,ok,True,True,20260908,5,analysis_activations,positive,False,5.1931174276184295,5.907572887913771,0.025828562340421506,0.15090977637440123,0.16071267013033386,0.3884710753381791,0.47688972889357184,0.5231102711064283,0.47688972889357184,2.403392897031178,2,16,2313.7144925352327,1840.711304135274,473.0031883999586,473.0031883999586,141.74325561523438,232.6452178955078,640.5341552734375,1121.7069091796875,10.0,0.1,2.0,141,0.21872336,False
23145,2122,ok,True,False,20260908,5,analysis_activations,positive,False,4.972773481043574,5.326305446135381,0.005927832934126729,0.07403279574693775,0.07699242127720578,0.27208968327913086,0.6840010480387425,0.31599895196125743,0.31599895196125743,1.7680949554419951,2,13,-138.23587076504842,-1525.4101231899251,1387.1742524248766,1387.1742524248766,129.31072998046875,148.0991668701172,268.2237838745117,818.7625732421875,10.0,0.1,2.0,884,0.05448825,False
23173,2521,ok,True,False,20260908,5,analysis_activations,positive,False,4.924251426754818,5.230960299664129,0.007886493065860836,0.04441578337595341,0.08880592922694315,0.21075052402296277,0.6943284928123248,0.3056715071876752,0.3056715071876752,1.8966231271118614,2,7,-1007.5858778007977,-1945.8215501375184,938.2356723367208,938.2356723367208,120.85855865478516,141.4551544189453,224.33392333984375,428.26568603515625,10.0,0.1,2.0,557,0.03903203,False
23265,7378,ok,True,True,20260908,5,analysis_activations,positive,False,4.510944569682027,5.365547639113525,0.018777936985102137,0.29349271804369487,0.13703261285220442,0.5417496820891498,0.7888504305362001,0.21114956946379987,0.21114956946379987,2.162787540600759,2,9,9023.213733082508,1427.8861221884877,7595.327610894021,7595.327610894021,75.17117309570312,91.6845932006836,322.849520874023,723.5379028320312,10.0,0.1,2.0,3249,0.19846062,False
23334,31611,ok,True,True,20260908,5,analysis_activations,positive,False,5.4970426127804455,6.197071017043685,0.0742567233260849,0.051713281357455086,0.2725008684868452,0.22740554381425068,0.40480158834762703,0.595198411652373,0.40480158834762703,2.789311949274453,2,4,35329.78166908145,30974.809443728678,4354.9722253527725,4354.9722253527725,149.0150146484375,392.8503112792969,667.9519653320312,915.6417236328125,10.0,0.1,2.0,1618,0.17891216,False
23339,7241,ok,True,False,20260908,5,analysis_activations,positive,False,4.945376312558522,5.328557862675904,0.009297016278200343,0.07621026581277814,0.09642103649204536,0.27606206876856176,0.6496827015518954,0.35031729844810455,0.35031729844810455,1.8531818439281633,2,11,901.979094675439,-2509.156704212348,3411.135798887787,3411.135798887787,122.45030212402344,147.14784240722656,269.0220947265625,775.9231567382812,10.0,0.1,2.0,1524,0.066163406,False
23345,759,ok,True,True,20260908,5,analysis_activations,positive,False,5.214114421975971,5.874801515582513,0.05921702866689739,0.05388579555489609,0.2433454923907517,0.23213314187098766,0.5062881191932128,0.4937118808067872,0.4937118808067872,2.7782677397785775,2,4,802.8226288133607,750.7984772220018,52.02415159135887,52.02415159135887,114.7591552734375,254.69805908203125,472.51460571289067,629.10888671875,10.0,0.1,2.0,544,0.16591212,False
23367,868,ok,True,False,20260908,5,analysis_activations,positive,False,4.898327891391976,5.439176503956477,0.017628762992592643,0.15693311793654377,0.13277335196714982,0.3961478485825005,0.7006447753288408,0.2993552246711592,0.2993552246711592,1.830695067290566,2,10,641.3422623742549,184.0496029042303,457.2926594700246,457.2926594700246,111.22312927246094,140.079345703125,318.7919982910156,840.5818481445312,10.0,0.1,2.0,412,0.12082144,False
23378,1033,ok,True,True,20260908,5,analysis_activations,positive,False,4.823299749447406,6.256533769410253,0.09594964807868003,0.08123674786014447,0.30975740197561064,0.28502060953577457,0.5776425585930421,0.4223574414069579,0.4223574414069579,4.815228700207196,2,3,2401.922106954189,1783.0316649197143,618.8904420344747,618.8904420344747,86.90156555175781,194.35154724121094,700.8582885742187,887.2182006835938,10.0,0.1,2.0,599,0.5914643,False
23380,39229,ok,True,True,20260908,5,analysis_activations,positive,False,4.485625637182992,5.177171539271108,0.041594201049478245,0.07596036536830385,0.20394656420120993,0.27560908070726525,0.5409739269730991,0.4590260730269009,0.4590260730269009,2.85243829248075,2,4,43224.49380433053,36894.17934290483,6330.3144614257035,6330.3144614257035,64.76861572265625,114.99267578125,252.17568359374997,553.7396240234375,10.0,0.1,2.0,5660,0.17612757,False
23412,756,ok,True,False,20260908,5,analysis_activations,positive,False,4.934518983309432,5.0783419518565465,0.0016791420394315013,0.00952610886711929,0.040977335680001226,0.09760178721273136,0.6462080535111927,0.35379194648880735,0.35379194648880735,1.9214648911546317,2,10,-1387.2179036035102,-1635.9092531570884,248.69134955357822,248.69134955357822,130.64627075195312,141.45614624023438,177.77005767822266,225.56857299804688,10.0,0.1,2.0,439,0.009195555,False
23450,1480,ok,True,False,20260908,5,analysis_activations,positive,False,4.958337664575841,5.087814200968933,0.0013432931283164705,0.008540937097098498,0.03665096353871847,0.09241719048477127,0.6456960221013138,0.35430397789868623,0.35430397789868623,1.8417668198248214,2,10,-2982.5125336115793,-3518.4585421183815,535.9460085068022,535.9460085068022,134.40306091308594,144.53870391845703,176.82269058227538,249.87863159179688,10.0,0.1,2.0,902,0.007732854,False
23471,1785,ok,True,True,20260908,5,analysis_activations,positive,False,5.166004856907318,5.765577566723489,0.023456862093387525,0.12079655412169835,0.15315633220140631,0.34755798670394317,0.5640836068818169,0.43591639311818314,0.43591639311818314,2.23251199832812,2,12,1744.483723307969,1220.839286468134,523.644436839835,523.644436839835,140.11257934570312,204.3685302734375,491.62998657226564,928.0093383789062,10.0,0.1,2.0,870,0.15436979,False
23476,1380,ok,True,False,20260908,5,analysis_activations,positive,False,4.831511470071814,5.284972004340245,0.013401746109393275,0.0956004319492264,0.11576591082608591,0.3091931951858359,0.6742263007450331,0.32577369925496685,0.32577369925496685,1.9423921095956913,2,11,534.4565807742108,-86.32111665159879,620.7776974258096,620.7776974258096,106.65496063232422,132.19732666015625,267.27037048339844,625.26904296875,10.0,0.1,2.0,404,0.08540566,False
23512,3330,ok,True,True,20260908,5,analysis_activations,positive,False,4.868670763412373,5.474089093457181,0.026841584497053046,0.12813114975776416,0.16383401507944878,0.35795411683309936,0.46750521511843324,0.5324947848815668,0.46750521511843324,2.1749181416046808,2,15,3605.120433019374,2963.975338799612,641.1450942197621,641.1450942197621,100.89596557617188,165.6246109008789,386.2571960449217,724.1173706054688,10.0,0.1,2.0,709,0.17207408,False
23539,1858,ok,True,True,20260908,5,analysis_activations,positive,False,4.854270939444924,5.3707599980722724,0.020214842584846772,0.09400563181059254,0.14217891047847697,0.306603378667934,0.6781150459893689,0.3218849540106312,0.3218849540106312,2.161245708057715,2,8,1049.9369735674325,411.0409818124205,638.8959917550119,638.8959917550119,104.3174819946289,137.74034118652344,294.3495803833002,516.5191040039062,10.0,0.1,2.0,861,0.10224829,False
23556,3308,ok,True,True,20260908,5,analysis_activations,positive,False,4.747276765035906,6.509840846188234,0.07566949464113802,0.028407748555793172,0.27508088745156034,0.16854598350537212,0.7195397229959162,0.2804602770040838,0.2804602770040838,7.726486022543328,2,5,8173.256362541598,3882.866564265677,4290.389798275921,4290.389798275921,86.08051300048828,120.7227783203125,772.2213897705078,1059.259521484375,10.0,0.1,2.0,1888,0.6895471,False
23577,3022,ok,True,True,20260908,5,analysis_activations,positive,False,4.589166665094681,5.4846750447459405,0.025303640057760157,0.33663541250678913,0.15907117921785882,0.5802029063239765,0.6870676518912675,0.3129323481087326,0.3129323481087326,2.1050718771632844,2,13,4904.421604398276,2522.595443574598,2381.826160823678,2381.826160823678,79.2491683959961,104.31015014648438,479.39339294433574,968.2904052734375,10.0,0.1,2.0,1700,0.2952472,False
23600,6514,ok,True,False,20260908,5,analysis_activations,positive,False,4.972889336700465,5.319628093242117,0.006121289069585462,0.05999137861023845,0.07823866735563344,0.24493137530793896,0.647995671132939,0.352004328867061,0.352004328867061,1.9071069308657294,2,12,-692.0897272138258,-4274.936726007331,3582.8469987935055,3582.8469987935055,129.0292510986328,149.967529296875,267.9042465209959,522.14501953125,10.0,0.1,2.0,2203,0.05251431,False
23708,4869,ok,True,True,20260908,5,analysis_activations,positive,False,4.557397006568811,5.758821661825401,0.016849002506092805,0.3601216414013363,0.12980370759763685,0.6001013592730284,0.6979193477910136,0.3020806522089864,0.3020806522089864,2.767309743959626,2,11,9666.733978906928,3480.6801739535176,6186.053804953411,6186.053804953411,80.22283172607422,100.11894989013672,594.799035644531,892.2476196289062,10.0,0.1,2.0,2445,0.4249458,False
23721,567,ok,True,False,20260908,5,analysis_activations,positive,False,4.58930888893414,4.73839550078832,0.0019979673549534427,0.010161163204846137,0.044698628110417915,0.10080259522872483,0.7305838609465697,0.2694161390534302,0.2694161390534302,1.9120638118703301,2,4,-1076.7935155231305,-1266.5683119573418,189.77479643421134,189.77479643421134,91.62065887451172,98.99964141845703,122.53046112060545,160.95852661132812,10.0,0.1,2.0,370,0.008586333,False
23731,2762,ok,True,True,20260908,5,analysis_activations,positive,False,5.14356428840116,5.59349144515261,0.013732331942377695,0.08370108926450054,0.117185032928176,0.28931140534811367,0.6056691028660545,0.3943308971339456,0.3943308971339456,2.0384648578292275,2,10,1193.1848393887294,223.47191868530916,969.7129207034202,969.7129207034202,144.26718139648438,186.27474212646484,368.61231689453103,838.4996337890625,10.0,0.1,2.0,440,0.08970289,False
23733,4169,ok,True,True,20260908,5,analysis_activations,positive,False,4.4893238742059545,5.3630241406014285,0.013759768262476879,0.24963534004535975,0.11730203861176872,0.49963520697140607,0.5225103849890316,0.4774896150109683,0.4774896150109683,2.4075405653003243,2,14,7056.0808478339195,4129.754871549233,2926.3259762846865,2926.3259762846865,75.14916229248047,105.09022521972656,422.7620361328124,741.1416015625,10.0,0.1,2.0,2008,0.3169139,False
23800,877,ok,True,True,20260908,5,analysis_activations,positive,False,5.027289924758199,5.194936271617299,0.0018406926946240288,0.01084576992243802,0.04290329468262349,0.10414302627846965,0.5602997513626781,0.43970024863732193,0.43970024863732193,2.1049356330381017,2,13,-1325.133633654894,-1587.8379536166776,262.70431996178354,262.70431996178354,142.5127716064453,158.62490844726562,204.3364501953125,248.3118896484375,10.0,0.1,2.0,212,0.0127378935,False
23810,834,ok,True,True,20260908,5,analysis_activations,positive,False,4.927506758962931,5.468704533692171,0.010500826650212534,0.12369333622285589,0.10247354122022198,0.35170063437937654,0.5982955051642309,0.40170449483576903,0.40170449483576903,2.0893162752204297,2,12,655.036174581155,174.94288563623488,480.0932889449201,480.0932889449201,119.02314758300781,149.10147857666016,358.7224868774414,787.036865234375,10.0,0.1,2.0,233,0.12651536,False
23911,962,ok,True,False,20260908,5,analysis_activations,positive,False,5.153932199406344,5.511618345664609,0.008269938268652664,0.05680537461542045,0.09093920094575642,0.23833878118220805,0.5759937408559959,0.42400625914400414,0.42400625914400414,1.9829373129016652,2,13,38.78470526925796,-291.64261594586276,330.42732121512074,330.42732121512074,151.55638122558594,186.39112091064453,336.2981674194334,544.3938598632812,10.0,0.1,2.0,162,0.06015673,False
23921,1834,ok,True,False,20260908,5,analysis_activations,positive,False,4.880477874674472,5.244913059291417,0.008356802775920151,0.0697140466882108,0.09141554996782632,0.2640341771214681,0.6600368345580985,0.33996316544190147,0.33996316544190147,1.844551753620809,2,11,29.59389902011791,-847.3573483934975,876.9512474136154,876.9512474136154,115.3895263671875,137.011474609375,247.26461791992188,729.862548828125,10.0,0.1,2.0,486,0.05904888,False
23939,945,ok,True,False,20260908,5,analysis_activations,positive,False,4.7322276298626935,5.23843329760007,0.012790380891411816,0.1213252216158802,0.11309456614449616,0.34831770212821545,0.5585259264367199,0.44147407356328,0.44147407356328,1.9548000828901562,2,15,721.9798680427765,323.7658043271903,398.2140637155862,398.2140637155862,96.59091186523438,125.22781372070312,295.4724365234374,651.82861328125,10.0,0.1,2.0,678,0.12401927,False
23944,2712,ok,True,True,20260908,5,analysis_activations,positive,False,4.7435939503926,5.695186030740303,0.01385016967829994,0.26267509464735067,0.1176867438512084,0.5125183846920525,0.6320200552931804,0.36797994470681966,0.36797994470681966,2.559165713948972,2,14,4587.967753308306,1898.5361220883904,2689.4316312199153,2689.4316312199153,97.320556640625,124.1039810180664,526.6645446777344,988.9151611328125,10.0,0.1,2.0,1484,0.31612724,False
23968,882,ok,True,True,20260908,5,analysis_activations,positive,False,5.007010342631607,5.385874038130911,0.0075239105263838245,0.06417018588282267,0.0867404780156521,0.25331834888697397,0.6524893180797019,0.3475106819202981,0.3475106819202981,2.0010424010139234,2,10,31.53247342241692,-409.19563315634537,440.72810657876227,440.72810657876227,131.8103790283203,156.2433090209961,290.17612915039064,437.5678405761719,10.0,0.1,2.0,406,0.059822697,False
23980,6397,ok,True,True,20260908,5,analysis_activations,positive,False,4.968670438234237,5.571688940285965,0.02174062690312458,0.15244815734795106,0.14744703083861874,0.3904461004389096,0.6329934860314712,0.3670065139685289,0.3670065139685289,2.043316026556834,2,12,6211.637159046554,3416.548610311697,2795.0885487348573,2795.0885487348573,116.27880859375,157.2258758544922,419.6111206054687,997.2778930664062,10.0,0.1,2.0,1849,0.15421028,False
24064,686,ok,True,True,20260908,5,analysis_activations,positive,False,5.0622436144832585,6.26010854016623,0.049366171969859776,0.15484105851779117,0.2221849949250844,0.3934984860425656,0.4945717066421159,0.5054282933578841,0.4945717066421159,3.7487569921794623,2,9,1429.1614140061229,1151.4216472354456,277.7397667706773,277.7397667706773,116.43836212158203,255.3908233642578,860.272705078125,993.5827026367188,10.0,0.1,2.0,502,0.4620265,False
24077,3009,ok,True,True,20260908,5,analysis_activations,positive,False,4.942590907869367,5.513675502561586,0.016858962441309144,0.13440630779981472,0.1298420673022004,0.3666146584628262,0.5376797783289013,0.4623202216710987,0.4623202216710987,2.0765664307161913,2,16,2892.0277807883376,1756.5999567600286,1135.427824028309,1135.427824028309,115.6043472290039,161.344482421875,408.7180725097655,815.9161376953125,10.0,0.1,2.0,329,0.15232466,False
24106,2888,ok,True,True,20260908,5,analysis_activations,positive,False,5.0477579827382435,5.660895025251381,0.02133982793693223,0.13916222374561799,0.14608157973177943,0.37304453319358266,0.5316092590883941,0.46839074091160604,0.46839074091160604,2.1643737515161,2,14,3096.596389708537,2156.62693869094,939.9694510175973,939.9694510175973,125.7213134765625,184.51342010498047,467.89693756103514,990.6412963867188,10.0,0.1,2.0,246,0.17019369,False
24107,17109,ok,True,True,20260908,5,analysis_activations,positive,False,4.947088111014539,5.299245137098866,0.009415369661377395,0.04730937142214913,0.09703282775111419,0.21750717556473656,0.580230286211262,0.41976971378873795,0.41976971378873795,2.091053258823403,2,11,-887.5880894995332,-5830.431196676359,4942.8431071768255,4942.8431071768255,121.50135803222656,152.73728942871094,259.3121582031249,469.0594482421875,10.0,0.1,2.0,4977,0.055529743,False
24118,4106,ok,True,True,20260908,5,analysis_activations,positive,False,5.015534020516211,5.64307604937261,0.01648625906522533,0.15248869666776482,0.128398828130265,0.39049801109322546,0.6664506950177234,0.33354930498227664,0.33354930498227664,2.158970183919549,2,11,3862.663266658849,1372.576928786044,2490.086337872805,2490.086337872805,126.08914947509766,160.84483337402344,435.7510681152344,921.2850341796875,10.0,0.1,2.0,903,0.14942677,False
24120,969,ok,True,True,20260908,5,analysis_activations,positive,False,5.176445095189645,5.892959932026689,0.045662740043470366,0.11516293730279632,0.21368841813133058,0.3393566520679922,0.6057687971447124,0.3942312028552875,0.3942312028552875,2.5267512602325173,2,5,1182.8805431765627,1018.7224852295178,164.15805794704488,164.15805794704488,126.07034301757812,212.467529296875,556.5223754882809,828.2951049804688,10.0,0.1,2.0,608,0.1958679,False
24180,751,ok,True,False,20260908,5,analysis_activations,positive,False,4.93287840235451,5.4005814973026,0.010377977137689951,0.1159663964305142,0.10187235708321445,0.3405383920067078,0.6510277880685198,0.3489722119314802,0.3489722119314802,1.8608325250891882,2,12,391.76404931347486,-37.65224805497575,429.4162973684506,429.4162973684506,119.72341918945312,145.78273010253906,305.1367950439453,761.2967529296875,10.0,0.1,2.0,300,0.09705069,False
24281,1527,ok,True,True,20260908,5,analysis_activations,positive,False,4.8420799397709695,5.800986665281354,0.018098008545433534,0.2800811110682496,0.13452883908453805,0.5292268994186233,0.5467945049836127,0.45320549501638735,0.45320549501638735,2.4834347193382675,2,15,2807.8091690037013,1742.9832246472647,1064.8259443564366,1064.8259443564366,105.39857482910156,150.3378448486328,668.144940185547,823.9637451171875,10.0,0.1,2.0,470,0.36492994,False
24319,1624,ok,True,False,20260908,5,analysis_activations,positive,False,5.009719986411508,5.2278914042678855,0.0030406816776331145,0.023041279948535186,0.055142376423519456,0.1517935438302143,0.5714872752824731,0.4285127247175268,0.4285127247175268,1.9104810138294712,2,16,-1483.9359092400928,-2083.061999412082,599.1260901719893,599.1260901719893,138.0651092529297,156.3711395263672,225.52364578247068,316.0418701171875,10.0,0.1,2.0,970,0.02328093,False
24380,502,ok,True,False,20260908,5,analysis_activations,positive,False,4.920575451827529,5.249241559330613,0.006750030782038904,0.04735449512115712,0.08215857095908438,0.21761088006153811,0.5259032630980739,0.4740967369019261,0.4740967369019261,1.9982651820865682,2,13,-38.196317218878555,-181.93757824109622,143.74126102221766,143.74126102221766,121.63846588134766,149.6849365234375,245.3985252380371,402.2986755371094,10.0,0.1,2.0,168,0.05303802,False
24553,2373,ok,True,True,20260908,5,analysis_activations,positive,False,4.7828199534089855,5.487674940255546,0.017257399251138887,0.21428950193363078,0.1313674208133009,0.46291414099553146,0.5329173324076453,0.4670826675923548,0.4670826675923548,2.0715493696817786,2,18,3292.563313219019,2077.058254115249,1215.5050591037702,1215.5050591037702,99.1256332397461,138.70559692382812,447.6661376953126,988.3094482421875,10.0,0.1,2.0,696,0.23305206,False
24587,3487,ok,True,True,20260908,5,analysis_activations,positive,False,4.907149523779026,5.578633720237588,0.01681130676847713,0.20164856233061595,0.1296584234381906,0.4490529616098929,0.6150854078786612,0.3849145921213387,0.3849145921213387,2.031725162069096,2,14,4206.3673445967825,2062.9304744831684,2143.436870113614,2143.436870113614,112.9621353149414,147.5679168701172,477.2503540039058,900.55859375,10.0,0.1,2.0,951,0.194763,False
24590,796,ok,True,True,20260908,5,analysis_activations,positive,False,4.932631064715338,5.517530528295539,0.017005070476272033,0.12458654741503584,0.13040349104326937,0.352968196039014,0.5634488444016451,0.4365511555983549,0.4365511555983549,2.198251857378006,2,18,752.154158348117,445.0455746750428,307.1085836730742,307.1085836730742,114.76368713378906,157.68437957763672,389.56866455078125,598.2210693359375,10.0,0.1,2.0,191,0.14830476,False
24632,19865,ok,True,False,20260908,5,analysis_activations,positive,False,4.485179397954239,5.167453640283401,0.023866590989354734,0.26307968075248583,0.15448815808777944,0.5129129368152902,0.8570739683726779,0.14292603162732215,0.14292603162732215,1.801248700302164,2,8,13443.216198768472,-957.4390482513098,14400.655247019782,14400.655247019782,71.3846206665039,87.661376953125,181.97027282714842,739.825927734375,10.0,0.1,2.0,4593,0.11508396,False
24661,12398,ok,True,False,20260908,5,analysis_activations,positive,False,4.911836743454963,5.201982120291353,0.005759407309607415,0.04429643853168596,0.075890759052782,0.2104671911051363,0.6445020075669198,0.3554979924330803,0.3554979924330803,1.834016550602648,2,10,-5099.515272559407,-10526.136242978531,5426.620970419124,5426.620970419124,121.38236999511719,140.9833755493164,222.38968048095697,499.31640625,10.0,0.1,2.0,3388,0.03874952,False
24753,1531,ok,True,True,20260908,5,analysis_activations,positive,False,4.467455012234676,5.3301813481424105,0.013463022856586503,0.303911095282217,0.1160302669848971,0.551281321361623,0.49118113299000987,0.5088188670099901,0.49118113299000987,2.1657199638950275,2,15,2740.1634252211106,1745.6144564322967,994.5489687888139,994.5489687888139,73.44615936279297,105.91532135009766,487.8407897949219,749.0458374023438,10.0,0.1,2.0,952,0.3474908,False
24808,857,ok,True,True,20260908,5,analysis_activations,positive,False,5.109049406004305,5.7613243285223215,0.02551377165171977,0.09109743187389617,0.15973030912046646,0.3018235111350608,0.5122043701450204,0.4877956298549797,0.4877956298549797,2.7013169326547004,2,12,895.194850721241,709.2202125706543,185.97463815058666,185.97463815058666,128.7122039794922,209.1558837890625,475.0211303710935,663.3764038085938,10.0,0.1,2.0,387,0.16399777,False
24815,2508,ok,True,False,20260908,5,analysis_activations,positive,False,4.956771761042671,5.330500465058132,0.007372734826989951,0.0777133811331311,0.08586463082660957,0.2787711985358801,0.6125259847338101,0.38747401526618985,0.38747401526618985,1.811932867993012,2,13,382.6735960832957,-887.063527261257,1269.7371233445529,1269.7371233445529,125.30268859863281,150.11406707763672,275.96778259277346,730.4696044921875,10.0,0.1,2.0,780,0.0678036,False
24825,4794,ok,True,True,20260908,5,analysis_activations,positive,False,4.674033718247597,5.602366261438201,0.016004115873509486,0.21196357682181305,0.12650737477913881,0.46039502258583664,0.460681316929566,0.5393186830704342,0.460681316929566,2.749678520575055,2,15,8390.412409828032,5729.260440514602,2661.1519693134296,2661.1519693134296,89.73648071289062,144.11807250976562,501.4780120849609,863.5010375976562,10.0,0.1,2.0,2259,0.335876,False
24862,1639,ok,True,True,20260908,5,analysis_activations,positive,False,5.045444515394085,5.612072584559908,0.03171504924564578,0.09213448543465876,0.17808719562519304,0.3035366294776608,0.6208048624383746,0.3791951375616253,0.3791951375616253,2.2770150057624736,2,5,1324.7580172610278,1025.4669403624773,299.2910768985505,299.2910768985505,118.15948486328125,178.56640625,391.16259155273434,647.8567504882812,10.0,0.1,2.0,1054,0.13028552,False
24864,669,ok,True,True,20260908,5,analysis_activations,positive,False,4.790902319109436,5.373839249610386,0.03475635697211151,0.10751222010232711,0.18643056877055197,0.3278905611668733,0.737448563714671,0.262551436285329,0.262551436285329,2.1856573299586186,2,4,491.15190586542786,335.5680500881282,155.58385577729968,155.58385577729968,90.10202026367188,128.86172485351562,296.07919311523455,427.2694091796875,10.0,0.1,2.0,409,0.11983106,False
24867,5657,ok,True,True,20260908,5,analysis_activations,positive,False,4.695572695460565,6.023310069457199,0.05545544097736822,0.09494324558988816,0.2354897895395217,0.30812861858303286,0.7893361463616607,0.21066385363833923,0.21066385363833923,4.841781160751681,2,2,10242.96811982572,5841.638396752813,4401.329723072908,4401.329723072908,83.46900177001953,109.70218658447266,523.5781616210937,748.39013671875,10.0,0.1,2.0,2636,0.35697648,False
24904,3533,ok,True,False,20260908,5,analysis_activations,positive,False,5.3455795975940035,5.959118181364354,0.0722531754598276,0.015223761463800464,0.26879950792333607,0.12338460788850635,0.07852842929803289,0.9214715707019671,0.07852842929803289,2.933662122911615,2,3,-764.4602520518283,-2732.0809912541968,1967.6207392023684,1967.6207392023684,141.10687255859375,384.6572265625,468.1526672363281,528.413330078125,10.0,0.1,2.0,1398,0.046953585,False
24994,2550,ok,True,True,20260908,5,analysis_activations,positive,False,5.059481456941236,5.600799100146094,0.018894106224897015,0.12406688715489128,0.13745583372449863,0.3522312978071246,0.6659335327105306,0.33406646728946937,0.33406646728946937,2.02468936431588,2,10,1828.884909818334,723.9684970448781,1104.9164127734562,1104.9164127734562,128.94601440429688,168.22223663330078,404.865705871582,753.46044921875,10.0,0.1,2.0,261,0.11926272,False
24997,1176,ok,True,True,20260908,5,analysis_activations,positive,False,5.091441665814558,5.8945962439346244,0.030786209713081436,0.2204745818319037,0.17545999462293801,0.46954720937505706,0.6036739201198958,0.3963260798801042,0.3963260798801042,2.2659575796064755,2,13,1768.656856414556,1252.1034281709283,516.5534282436276,516.5534282436276,128.14822387695312,189.45734405517578,656.1552886962891,1236.00244140625,10.0,0.1,2.0,203,0.26051646,False
25032,4646,ok,True,False,20260908,5,analysis_activations,positive,False,5.0035570100091515,5.512894067406954,0.012088926078853677,0.11819513338535398,0.10994965247263712,0.34379519104454326,0.5626752274467535,0.4373247725532466,0.4373247725532466,1.9956052219570906,2,14,3440.1813614146454,1304.172245911686,2136.0091155029595,2136.0091155029595,127.26837158203125,165.41275024414062,388.8970947265625,822.0023803710938,10.0,0.1,2.0,1533,0.12235424,False
25039,10544,ok,True,False,20260908,5,analysis_activations,positive,False,4.962869923384546,5.190768562123071,0.004210783965037103,0.023618601195822122,0.06489055374272208,0.15368344476820567,0.620482602658032,0.37951739734196804,0.37951739734196804,1.9319902180345923,2,10,-9470.48931698858,-12941.808460449362,3471.3191434607816,3471.3191434607816,129.44915771484375,148.70037078857422,210.73956985473635,372.81658935546875,10.0,0.1,2.0,1564,0.023808118,False
25047,769,ok,True,True,20260908,5,analysis_activations,positive,False,4.703604539377192,5.684343854281354,0.02100008915525016,0.25138684013880536,0.14491407507640575,0.5013849221295006,0.4358262813862255,0.5641737186137745,0.4358262813862255,2.657513327271147,2,16,1466.5326310109242,1130.292039404451,336.2405916064731,336.2405916064731,88.24414825439453,161.6192626953125,597.891479492187,1010.7720947265625,10.0,0.1,2.0,337,0.38798308,False
25058,5368,ok,True,True,20260908,5,analysis_activations,positive,False,5.036318740324287,5.765907198509442,0.030098202749589797,0.1619988990219078,0.1734883360620817,0.4024908682466073,0.5091778091608737,0.49082219083912615,0.49082219083912615,2.3541414088463264,2,16,7311.664896024148,5779.892412509193,1531.7724835149556,1531.7724835149556,120.10272216796875,195.13262939453125,570.546530151367,942.2368774414062,10.0,0.1,2.0,436,0.22790986,False
25085,2504,ok,True,True,20260908,5,analysis_activations,positive,False,4.700806115638274,5.248156130187904,0.02482449206613957,0.11767940657627109,0.15755790067825723,0.3430443215916437,0.6665827597426424,0.33341724025735753,0.33341724025735753,2.050532980419381,2,7,1861.4724434540783,1055.7829127690447,805.6895306850336,805.6895306850336,87.11761474609375,118.9213638305664,271.3684875488281,672.4052734375,10.0,0.1,2.0,1609,0.122416124,False
25143,1121,ok,True,False,20260908,5,analysis_activations,positive,False,4.905936686838534,5.396922248911572,0.010184649607097786,0.12476772205613236,0.1009190250007291,0.3532247472306157,0.6288703561778531,0.3711296438221469,0.3711296438221469,1.890137761612573,2,14,710.4234132279012,41.74358714425547,668.6798260836457,668.6798260836457,116.83443450927734,142.54901123046875,329.19586181640625,757.3628540039062,10.0,0.1,2.0,392,0.109069295,False
25214,2010,ok,True,True,20260908,5,analysis_activations,positive,False,4.723574409051815,5.329411130418193,0.034451280027055,0.07115796348723924,0.18561056011729235,0.2667545004067209,0.561280840393225,0.438719159606775,0.438719159606775,2.636450522628603,2,5,1780.8426351570558,1500.249248734876,280.59338642217995,280.59338642217995,84.87554931640625,137.8903045654297,288.17426147460935,561.6243896484375,10.0,0.1,2.0,238,0.14100552,False
25269,3376,ok,True,False,20260908,5,analysis_activations,positive,False,4.9673683450137,5.113049617346394,0.001535370313593635,0.010200068781880315,0.03918380167356959,0.10099538990409569,0.6547314850214048,0.3452685149785952,0.3452685149785952,1.9018184298588119,2,11,-6186.554164669468,-7556.416022975659,1369.8618583061907,1369.8618583061907,134.93702697753906,145.690673828125,183.70514297485352,259.1712951660156,10.0,0.1,2.0,1409,0.009326428,False
25302,9226,ok,True,True,20260908,5,analysis_activations,positive,False,4.857230408476463,5.289734246220127,0.00973989200034872,0.08325184862782219,0.09869089117212752,0.28853396442675894,0.5878842957684925,0.41211570423150745,0.41211570423150745,2.0057775902553967,2,14,3495.8543255819945,-668.6017877660149,4164.456113348009,4164.456113348009,111.69364929199219,139.12796783447266,283.3716278076172,592.3837280273438,10.0,0.1,2.0,1601,0.08536387,False
25310,12902,ok,True,False,20260908,5,analysis_activations,positive,False,4.44239653397944,5.06296470353751,0.02044115835758985,0.2337677514718033,0.14297257904084212,0.48349534793191473,0.8483661771881603,0.15163382281183968,0.15163382281183968,1.7406406017473621,2,8,7222.178131683983,-2144.550065241298,9366.728196925282,9366.728196925282,69.48416900634766,83.98391723632812,163.91989898681635,748.7119140625,10.0,0.1,2.0,4045,0.10233571,False
25316,2868,ok,True,True,20260908,5,analysis_activations,positive,False,4.9476225730317545,5.515618329202533,0.014438868957615267,0.12409412846373394,0.1201618448494166,0.3522699653159973,0.5521746031180067,0.44782539688199335,0.44782539688199335,2.158159176121311,2,14,2583.37803518654,1351.2597071261669,1232.118328060373,1232.118328060373,118.447509765625,159.28440856933594,397.3600189208985,732.6087036132812,10.0,0.1,2.0,498,0.14337105,False
25372,8762,ok,True,True,20260908,5,analysis_activations,positive,False,4.927924895896037,5.328185405244171,0.011844404803014776,0.056894778762255356,0.10883200266013107,0.2385262643028129,0.5374279514069368,0.4625720485930632,0.4625720485930632,2.1590144883277693,2,12,1891.8941957324923,-298.5869856542077,2190.4811813867,2190.4811813867,116.50777435302734,154.93145751953125,280.3897430419922,504.1447448730469,10.0,0.1,2.0,3171,0.072518624,False
25417,1639,ok,True,False,20260908,5,analysis_activations,positive,False,4.974735653841381,5.187798961449625,0.0037720576776552983,0.019614851209044167,0.06141707969006096,0.14005302998880162,0.7066489770702873,0.2933510229297126,0.2933510229297126,1.9703222004256342,2,6,-1934.0550749987178,-2519.9110926098006,585.8560176110827,585.8560176110827,131.74632263183594,147.6373291015625,199.70746459960935,329.7210693359375,10.0,0.1,2.0,336,0.017839832,False
25463,1016,ok,True,False,20260908,5,analysis_activations,positive,False,4.99947747190546,5.394717474030722,0.010467767893837826,0.08262291410533225,0.10231211020127494,0.2874420186843466,0.6586460425956473,0.3413539574043528,0.3413539574043528,1.831988675660438,2,9,198.49840617150687,-248.47054123462993,446.9689474061368,446.9689474061368,128.0452880859375,156.12218475341797,283.02989196777344,624.797607421875,10.0,0.1,2.0,334,0.070288435,False
25477,2636,ok,True,False,20260908,5,analysis_activations,positive,False,4.80298027181849,5.122990577173501,0.007221960386777725,0.05363849997721339,0.08498211804125456,0.2315998704170911,0.6530008149512767,0.3469991850487233,0.3469991850487233,1.8344730901178152,2,10,-589.8437839779184,-1716.378466371056,1126.5346823931377,1126.5346823931377,107.41240692138672,126.36068725585938,208.41083908081055,427.4135437011719,10.0,0.1,2.0,895,0.046549425,False
25486,1440,ok,True,False,20260908,5,analysis_activations,positive,False,4.981383396119289,5.232318214742561,0.005637598988917221,0.03300813166970534,0.07508394627959576,0.18168140155146686,0.6632479704045798,0.3367520295954201,0.3367520295954201,1.8051993263113388,2,8,-1001.2685653682704,-1495.4540108589404,494.18544549066996,494.18544549066996,130.65147399902344,149.86524200439453,219.5474197387695,402.3919677734375,10.0,0.1,2.0,392,0.028937748,False
25532,3220,ok,True,True,20260908,5,analysis_activations,positive,False,4.868821188626307,5.297381820560304,0.013035772848661205,0.07087860617613385,0.11417430905707818,0.26623036298689495,0.5568912903589291,0.4431087096410709,0.4431087096410709,2.092228333064795,2,16,1177.879637863706,239.5619621235839,938.317675740122,938.317675740122,110.4090805053711,144.52511596679688,278.1566360473632,644.957275390625,10.0,0.1,2.0,1716,0.08401291,False
25548,861,ok,True,True,20260908,5,analysis_activations,positive,False,5.00918451756726,5.155650594709808,0.001719399489864131,0.007750631260120252,0.041465642282064445,0.08803766955184725,0.7049471832811056,0.2950528167188944,0.2950528167188944,2.1285132258213686,2,6,-1704.5720191869061,-1990.8298906218683,286.2578714349622,286.2578714349622,140.42047119140625,151.40428161621094,187.5447540283203,237.8192138671875,10.0,0.1,2.0,422,0.007969195,False
25559,4403,ok,True,False,20260908,5,analysis_activations,positive,False,4.945339895270236,5.31036728857803,0.008554408209146824,0.07522044938865957,0.09249004383795492,0.2742634671053722,0.6768302189833846,0.32316978101661553,0.32316978101661553,1.7835430880871437,2,10,68.57701253308511,-2157.2262091165217,2225.8032216496067,2225.8032216496067,122.86386108398438,145.32281494140625,256.9557861328124,753.3739624023438,10.0,0.1,2.0,1207,0.059256144,False
25589,3263,ok,True,False,20260908,5,analysis_activations,positive,False,5.015269411165809,5.34294461591172,0.006880309633277822,0.05176086588089853,0.08294763187263288,0.22751014456700283,0.6152574965446602,0.38474250345533967,0.38474250345533967,1.9136267954350765,2,11,-527.532924070033,-1871.0875442759977,1343.5546202059647,1343.5546202059647,133.2105255126953,158.18727111816406,266.6168945312497,567.7855834960938,10.0,0.1,2.0,1087,0.04957839,False
25598,1176,ok,True,False,20260908,5,analysis_activations,positive,False,4.128749465719202,4.364075391354937,0.005196671919140465,0.024890721397810515,0.07208794572701087,0.1577679352650928,0.6103938768411953,0.3896061231588047,0.3896061231588047,1.9186355703618085,2,7,-938.7852312909372,-1243.8813893690149,305.0961580780777,305.0961580780777,55.045623779296875,64.19929122924805,93.45998191833496,143.55722045898438,10.0,0.1,2.0,731,0.026060399,False
25700,11745,ok,True,False,20260908,5,analysis_activations,positive,False,4.994885865803664,5.488385886812742,0.015269060953310931,0.11168482636236557,0.12356804179605231,0.33419279819045405,0.5928321578938271,0.4071678421061729,0.4071678421061729,1.9587507311718197,2,13,7773.600192883865,3127.4838463517444,4646.116346532121,4646.116346532121,123.45286560058594,162.20257568359375,358.0283630371093,819.759033203125,10.0,0.1,2.0,1386,0.11332153,False
25702,761,ok,True,True,20260908,5,analysis_activations,positive,False,4.741089903656052,5.405789319807126,0.031743810375294765,0.0837168301085915,0.17816792745972762,0.28933860805048384,0.6350218578666613,0.3649781421333386,0.3649781421333386,2.766453112894078,2,6,744.8184399360263,560.8351800677256,183.9832598683007,183.9832598683007,88.34835815429688,131.67189025878906,312.75592041015625,441.29345703125,10.0,0.1,2.0,445,0.15331487,False
25757,5616,ok,True,True,20260908,5,analysis_activations,positive,False,5.0336080818132745,5.307073023352865,0.006206695927641559,0.02943842270971887,0.07878258644930083,0.17157628830849228,0.6119845962103541,0.38801540378964583,0.38801540378964583,2.0484087526190025,2,9,-3206.543148526648,-4828.297384237646,1621.7542357109978,1621.7542357109978,136.1917266845703,161.96669006347656,244.1292724609375,405.84283447265625,10.0,0.1,2.0,2763,0.032983743,False
25843,4525,ok,True,False,20260908,5,analysis_activations,positive,False,4.903786134244413,5.051433834354092,0.0018547225576410374,0.010053886086252059,0.04306648996193023,0.10026906844212755,0.6259554675442868,0.37404453245571323,0.37404453245571323,1.9134238046494745,2,9,-7969.009962007851,-9409.396392576318,1440.3864305684674,1440.3864305684674,125.92314147949219,137.66673278808594,173.72560729980472,245.29771423339844,10.0,0.1,2.0,973,0.010026949,False
25869,735,ok,True,True,20260908,5,analysis_activations,positive,False,4.772626826965198,5.051102922201871,0.006294667357287245,0.02923056098686752,0.07933893972878164,0.17096947384509179,0.7126210914085598,0.28737890859144016,0.28737890859144016,2.089462010631824,2,6,-509.14329287437647,-753.9182824754041,244.77498960102764,244.77498960102764,104.11952209472656,120.98112487792969,183.09341735839843,312.65570068359375,10.0,0.1,2.0,281,0.028805543,False
25926,7437,ok,True,True,20260908,5,analysis_activations,positive,False,4.893353144144027,5.309287482496761,0.010112810942476345,0.07188346753101807,0.10056247283393714,0.26811092393078295,0.5792761949040387,0.42072380509596136,0.42072380509596136,2.0541998961845556,2,13,2176.047783246472,-699.1335484375045,2875.1813316839766,2875.1813316839766,114.63526916503906,145.38333129882812,281.44001464843745,574.1497192382812,10.0,0.1,2.0,1215,0.0782738,False
25969,839,ok,True,True,20260908,5,analysis_activations,positive,False,4.895235431530634,5.174083429351672,0.00731872360042458,0.029284149115300067,0.08554953886739881,0.17112612049392129,0.6329839819525024,0.36701601804749756,0.36701601804749756,2.0612228229362173,2,6,-456.3970178649395,-650.0438189655102,193.6468011005707,193.6468011005707,117.30740356445312,140.4552001953125,211.39178314208976,288.9671936035156,10.0,0.1,2.0,232,0.033483226,False
25997,880,ok,True,False,20260908,5,analysis_activations,positive,False,4.953123522879931,5.39401224080223,0.010573827641326349,0.10183901131144844,0.10282911864509171,0.3191222513574515,0.6120632056770399,0.38793679432296013,0.38793679432296013,1.8596706010515995,2,14,412.50815424414105,-3.626337509247179,416.13449175338826,416.13449175338826,122.0162124633789,151.35564422607422,317.9215515136719,596.5014038085938,10.0,0.1,2.0,503,0.0922376,False
25998,1207,ok,True,True,20260908,5,analysis_activations,positive,False,5.081390050526539,5.726183638874059,0.02039475477662087,0.16039516984557264,0.14281020543581915,0.4004936576845789,0.48516897719952673,0.5148310228004732,0.48516897719952673,2.144611331279532,2,17,1474.4932961883044,1093.835896403052,380.65739978525244,380.65739978525244,130.6982879638672,197.92478942871094,563.0346069335939,938.992919921875,10.0,0.1,2.0,660,0.19648129,False
26000,743,ok,True,True,20260908,5,analysis_activations,positive,False,5.112594014684812,5.544776724245312,0.011294612849340841,0.06437040894594735,0.10627611608137005,0.2537132415660392,0.7705994036923755,0.22940059630762455,0.22940059630762455,2.2219526765818176,2,9,-13.418023849646282,-373.1638352466699,359.74581139702366,359.74581139702366,142.4819793701172,169.3471221923828,328.5146911621091,418.4656066894531,10.0,0.1,2.0,162,0.056563817,False
26022,1338,ok,True,True,20260908,5,analysis_activations,positive,False,5.029069708454256,5.503845443928487,0.010134339741689195,0.07993798785161263,0.10066945783945196,0.28273306819615673,0.380916271094502,0.6190837289054979,0.380916271094502,2.237215503331167,2,24,814.9301807346469,526.6285869396963,288.3015937949506,288.3015937949506,130.8638153076172,193.76241302490234,380.9712661743164,623.2357177734375,10.0,0.1,2.0,810,0.10658389,False
26069,574,ok,True,True,20260908,5,analysis_activations,positive,False,5.135261840384004,5.654060161981239,0.028359648952608323,0.062392040841690914,0.168403233201172,0.24978398836132573,0.4627465650677315,0.5372534349322685,0.4627465650677315,2.435489155110121,2,5,392.9384850642036,358.86502704356474,34.07345802063884,34.07345802063884,129.7666015625,221.34637451171875,408.0662353515625,583.6890869140625,10.0,0.1,2.0,159,0.11375514,False
26137,7368,ok,True,False,20260908,5,analysis_activations,positive,False,4.941133051834836,5.308886467618274,0.009525206119004273,0.07129079781258163,0.09759716245365063,0.2670033666690022,0.7241661106300319,0.2758338893699681,0.2758338893699681,1.8294604574190565,2,8,-636.3138051438006,-4280.021268718088,3643.707463574288,3643.707463574288,121.68702697753906,143.3822021484375,249.92174987792953,646.8474731445312,10.0,0.1,2.0,1381,0.053583268,False
26156,7141,ok,True,True,20260908,5,analysis_activations,positive,False,4.413244842268148,5.339549807680215,0.028084420436181253,0.3920588130599745,0.1675840697565889,0.6261459997955544,0.8573003511698747,0.14269964883012523,0.14269964883012523,2.0210185659128417,2,10,8233.003770161313,1490.4635622622975,6742.5402078990155,6742.5402078990155,65.42875671386719,81.54559326171875,260.18341064453125,869.065673828125,10.0,0.1,2.0,2883,0.18501759,False
26214,3016,ok,True,False,20260908,5,analysis_activations,positive,False,5.055485247111783,5.454067062999863,0.014214252849458505,0.06851306756057225,0.11922354150694613,0.2617500096668045,0.7095025085481251,0.2904974914518749,0.2904974914518749,1.959783065067245,2,5,224.0542509960002,-801.5155724024761,1025.5698233984763,1025.5698233984763,131.80035400390625,162.77471923828125,294.93285369873047,589.781005859375,10.0,0.1,2.0,1132,0.06275153,False
26234,2142,ok,True,False,20260908,5,analysis_activations,positive,False,4.887974744892967,5.198759452690995,0.007543125255829653,0.04162797453763906,0.08685116726808946,0.20402934724602503,0.6792538624777616,0.3207461375222385,0.3207461375222385,1.9820731476267215,2,8,-826.730392781518,-1620.824128784888,794.0937360033699,794.0937360033699,116.30796813964844,137.29458618164062,221.5507690429687,371.15576171875,10.0,0.1,2.0,476,0.039536458,False
26287,10179,ok,True,True,20260908,5,analysis_activations,positive,False,4.931140095720182,5.49793404929351,0.01923481755314724,0.07430684771389096,0.13868964472211773,0.2725928240322752,0.4841948085544001,0.5158051914455999,0.4841948085544001,2.6208227978731617,2,14,7969.945238706575,5689.361357159785,2280.5838815467896,2280.5838815467896,112.25608825683594,173.11001586914062,353.2287475585938,539.6639404296875,10.0,0.1,2.0,3375,0.12788643,False
26334,3917,ok,True,False,20260908,5,analysis_activations,positive,False,5.032786840040176,5.372630268828211,0.006127705167631673,0.0663437803843406,0.07827965998668922,0.25757286422358355,0.6412528383174783,0.3587471616825217,0.3587471616825217,1.7852962500717977,2,12,-278.7545695890915,-2429.9298095058984,2151.175239916807,2151.175239916807,136.992431640625,159.1683807373047,278.90385131835933,726.09765625,10.0,0.1,2.0,1086,0.054311886,False
26348,2785,ok,True,True,20260908,5,analysis_activations,positive,False,5.052988310595005,5.636719405954308,0.02887967435134983,0.07303554561433587,0.1699402081655481,0.2702508938270804,0.6240117594028937,0.3759882405971062,0.3759882405971062,2.585879620998754,2,4,2137.5824858159926,1563.4000217675118,574.1824640484808,574.1824640484808,121.10292053222656,179.54432678222656,387.08403320312493,568.0155639648438,10.0,0.1,2.0,1607,0.12547122,False
26377,12131,ok,True,False,20260908,5,analysis_activations,positive,False,4.423727529510416,5.134349472372987,0.016142796310308988,0.2628528245050699,0.12705430457213557,0.5126917441358598,0.6276198179287696,0.3723801820712303,0.3723801820712303,1.9026325320857032,2,17,16405.397494622808,7515.439737741141,8889.957756881668,8889.957756881668,69.6049575805664,89.57630157470703,347.28746032714844,731.3980102539062,10.0,0.1,2.0,3942,0.22605222,False
26383,1420,ok,True,True,20260908,5,analysis_activations,positive,False,4.995136486402297,5.648754891810435,0.015613377613640523,0.19349051748574422,0.124953501806234,0.43987557045799236,0.6512282965551156,0.34877170344488434,0.34877170344488434,2.0214276857595737,2,15,1566.7250500275031,618.1209561801134,948.6040938473898,948.6040938473898,123.83523559570312,157.2970199584961,473.8245819091793,1109.50439453125,10.0,0.1,2.0,356,0.17480716,False
26411,1045,ok,True,True,20260908,5,analysis_activations,positive,False,4.752973412860324,5.979391820101701,0.010211822677660297,0.332325692500691,0.10105356340901737,0.5764769661492911,0.3192155272641644,0.6807844727358355,0.3192155272641644,2.963463527299608,2,19,2366.774848968444,1798.4446321912906,568.3302167771535,568.3302167771535,100.53572082519531,260.6424255371094,855.8831298828125,1043.2320556640625,10.0,0.1,2.0,777,0.5569011,False
26525,584,ok,True,True,20260908,5,analysis_activations,positive,False,5.061942483818572,5.604920329350651,0.031033517058405836,0.095193776924071,0.1761633249527433,0.30853488769354914,0.6534592980086212,0.3465407019913788,0.3465407019913788,2.16132696473991,2,5,431.9712985250406,328.2379481485076,103.733350376533,103.733350376533,121.76528930664062,176.0678482055664,375.6711944580079,636.0794677734375,10.0,0.1,2.0,178,0.12023566,False
26527,520,ok,True,True,20260908,5,analysis_activations,positive,False,4.735566589824944,5.232655609809378,0.010010098666808999,0.08944566627129209,0.10005048059259385,0.29907468343424204,0.3674047401027993,0.6325952598972008,0.3674047401027993,2.2291237913680173,2,17,375.55772429443147,270.5100872488531,105.04763704557837,105.04763704557837,96.7216796875,145.41213989257812,277.1003967285156,577.7241821289062,10.0,0.1,2.0,320,0.117916465,False
26528,977,ok,True,True,20260908,5,analysis_activations,positive,False,5.258977690768945,6.416141472706155,0.08845285245758952,0.04450640188249982,0.2974102426911177,0.21096540446836257,0.5721895647819244,0.42781043521807555,0.42781043521807555,4.4879761943477385,2,5,1884.8613094072375,1404.1672682236294,480.6940411836081,480.6940411836081,123.51010131835938,271.987548828125,770.0839111328125,919.26806640625,10.0,0.1,2.0,654,0.3978373,False
26567,1608,ok,True,True,20260908,5,analysis_activations,positive,False,4.633231752187953,5.433576687989213,0.01995574286778945,0.2338351869270418,0.14126479698703936,0.4835650803429067,0.7745998495269061,0.22540015047309395,0.22540015047309395,2.2467468977094245,2,16,1820.6789044501575,415.084975713368,1405.5939287367894,1405.5939287367894,84.36483764648438,105.13105010986328,376.7944808959961,589.1161499023438,10.0,0.1,2.0,922,0.18011238,False
26570,2194,ok,True,False,20260908,5,analysis_activations,positive,False,4.696478386789316,4.901234464507523,0.0026634943897052648,0.020980495457977436,0.051609053369590735,0.14484645476495941,0.5858438095621157,0.4141561904378843,0.4141561904378843,1.8831781971395067,2,11,-2295.595183116903,-3144.309618815226,848.7144356983226,848.7144356983226,100.80134582519531,113.32843780517578,158.33531951904297,254.66493225097656,10.0,0.1,2.0,1321,0.020430243,False
26617,3017,ok,True,False,20260908,5,analysis_activations,positive,False,4.950116889411102,5.404084939585455,0.01006294028130997,0.09716738236881538,0.10031420777392387,0.3117168304227659,0.5847657974026322,0.4152342025973677,0.4152342025973677,1.9605660600577548,2,14,1516.3649771877526,81.45849838001985,1434.9064788077328,1434.9064788077328,122.00736999511719,152.7943115234375,331.6370544433594,713.1826782226562,10.0,0.1,2.0,1179,0.09630357,False
26636,1768,ok,True,True,20260908,5,analysis_activations,positive,False,4.991749684715831,5.579412234127669,0.013407995498583515,0.09283315199598194,0.11579289917168287,0.3046853327549292,0.4927321209709524,0.5072678790290477,0.4927321209709524,2.5497443393630403,2,14,1556.4288291575904,926.2598242684413,630.169004889149,630.169004889149,123.94023132324219,177.09823608398438,398.11030883789056,562.1370849609375,10.0,0.1,2.0,751,0.14009467,False
26762,2020,ok,True,False,20260908,5,analysis_activations,positive,False,4.885974661124958,5.407341106331617,0.02151658605803568,0.13258359530629013,0.14668533007099135,0.3641203033425768,0.6500688088736705,0.34993119112632953,0.34993119112632953,1.878263416650118,2,9,1501.7553619831435,766.9620648042038,734.7932971789397,734.7932971789397,106.34053802490234,142.67306518554688,312.8400421142577,952.0556640625,10.0,0.1,2.0,558,0.12227617,False
26776,3094,ok,True,True,20260908,5,analysis_activations,positive,False,5.044334184236791,5.67184244673668,0.026730382857463115,0.12151380550267178,0.16349428998427779,0.3485883037376208,0.5560222491319501,0.44397775086804986,0.44397775086804986,2.304865610533986,2,13,3240.677095365386,2409.888158919186,830.7889364461998,830.7889364461998,121.41197204589844,184.6365509033203,462.5212509155273,791.1589965820312,10.0,0.1,2.0,514,0.1660705,False
26872,10478,ok,True,False,20260908,5,analysis_activations,positive,False,4.952452248673758,5.225672920203999,0.005569925386149434,0.03315721192912614,0.07463193275099764,0.18209121870404993,0.6084629284364989,0.3915370715635012,0.3915370715635012,1.9634545584420096,2,10,-5628.939821411767,-9202.725318787605,3573.7854973758376,3573.7854973758376,126.0862045288086,148.5474853515625,228.32298583984374,427.3282470703125,10.0,0.1,2.0,3916,0.034157865,False
26891,1674,ok,True,True,20260908,5,analysis_activations,positive,False,4.953876441498238,5.401729245709796,0.01612202427137739,0.065930213780627,0.12697253353137988,0.256768794405837,0.6197414186615731,0.38025858133842694,0.38025858133842694,2.2110831758201708,2,9,585.4054514093157,139.28875817048907,446.1166932388266,446.1166932388266,117.7474365234375,155.62530517578125,295.6066452026367,527.7361450195312,10.0,0.1,2.0,449,0.082377434,False
26902,1487,ok,True,True,20260908,5,analysis_activations,positive,False,5.149926360150046,5.669095052415387,0.022362358070068377,0.0634744367501336,0.14954048973461462,0.2519413359298819,0.596496540690068,0.403503459309932,0.403503459309932,2.506032775243967,2,6,866.3972330421091,568.6011061933334,297.79612684877566,297.79612684877566,136.51116943359375,197.7103271484375,393.7484191894531,547.5337524414062,10.0,0.1,2.0,933,0.103894494,False
26910,543,ok,True,True,20260908,5,analysis_activations,positive,False,4.734382086826112,5.694660908547746,0.015402262441771857,0.25137133682671126,0.12410585176280713,0.5013694614021792,0.5086965160342718,0.4913034839657282,0.4913034839657282,2.629304741600791,2,21,1001.5097776775715,640.2122138176987,361.29756385987275,361.29756385987275,96.48602294921875,139.6865234375,568.9066284179687,844.0347290039062,10.0,0.1,2.0,405,0.36246526,False
26974,19672,ok,True,False,20260908,5,analysis_activations,positive,False,4.956192595591767,5.391090709297807,0.012025464131517529,0.08617771041248384,0.10966067723444685,0.2935604033456894,0.616525755609449,0.383474244390551,0.383474244390551,1.962635988924288,2,12,7393.630743409139,-767.2769402667562,8160.907683675895,8160.907683675895,121.32862091064453,152.56417846679688,306.9704055786133,749.6080932617188,10.0,0.1,2.0,3013,0.08518014,False
27290,644,ok,True,False,20260908,5,analysis_activations,positive,False,4.930813540494744,5.260420928464067,0.00878602095613866,0.0595899965803806,0.09373377702908733,0.24411062365325398,0.6674741431011955,0.33252585689880454,0.33252585689880454,1.7826251698590714,2,5,-91.41063368066564,-330.820339384178,239.40970570351237,239.40970570351237,120.59722137451172,144.349365234375,242.59801254272463,484.74713134765625,10.0,0.1,2.0,277,0.049869254,False
27358,7111,ok,True,False,20260908,5,analysis_activations,positive,False,4.6643893681499655,5.284992973587922,0.01554904415219433,0.22008180159352975,0.12469580647397221,0.46912876866967956,0.7475099090641126,0.25249009093588737,0.25249009093588737,1.8080615936498208,2,11,6210.913162709885,476.8405745964587,5734.072588113427,5734.072588113427,89.2944107055664,108.40866088867188,275.36387634277344,754.5594482421875,10.0,0.1,2.0,2427,0.13990219,False
27417,815,ok,True,False,20260908,5,analysis_activations,positive,False,4.974903839264537,5.412392211332722,0.015600770829771576,0.0977654942093442,0.12490304571855554,0.31267474187939165,0.7944626178631801,0.20553738213681996,0.20553738213681996,1.8375518103191117,2,5,82.64168259715211,-270.2375922123244,352.8792748094765,352.8792748094765,121.24702453613281,146.4138641357422,261.6993774414062,843.28466796875,10.0,0.1,2.0,272,0.06381946,False
27435,1994,ok,True,False,20260908,5,analysis_activations,positive,False,5.063408428059991,5.553870401843249,0.015369194139115541,0.11014597477399635,0.12397255397512605,0.33188247132681825,0.6445403887545617,0.3554596112454383,0.3554596112454383,1.957817616318133,2,12,1164.0334348322715,301.94351280236936,862.0899220299021,862.0899220299021,132.8200225830078,168.72286987304688,375.86296844482416,803.3756103515625,10.0,0.1,2.0,433,0.1042225,False
27500,1823,ok,True,False,20260908,5,analysis_activations,positive,False,4.954355587142223,5.332533551004946,0.005930038962359725,0.09038227707521153,0.07700674621330085,0.30063645333726835,0.6765543458542898,0.3234456541457103,0.3234456541457103,1.7233373627018125,2,13,192.6260269852923,-1112.9622444787879,1305.5882714640802,1305.5882714640802,126.98819732666016,145.90878295898438,266.630108642578,753.973876953125,10.0,0.1,2.0,714,0.06457682,False
27503,4306,ok,True,False,20260908,5,analysis_activations,positive,False,4.928471686368017,5.231402027194021,0.007475934795556782,0.04940983706035405,0.08646348822223622,0.22228323612084214,0.7412821465477001,0.25871785345229975,0.25871785345229975,1.7962051767375236,2,5,-2086.7129347995237,-3994.1678442826283,1907.4549094831045,1907.4549094831045,122.24160766601562,140.66595458984375,218.80856704711914,503.8279724121094,10.0,0.1,2.0,1297,0.03593167,False
27584,10357,ok,True,True,20260908,5,analysis_activations,positive,False,5.132281332823683,5.737599626531761,0.03492212126113935,0.11463121763680548,0.18687461374177966,0.33857232260893017,0.5998698149132684,0.4001301850867316,0.4001301850867316,2.213608125530162,2,6,10085.67635533149,7969.134367366529,2116.5419879649617,2116.5419879649617,128.00869750976562,198.09317016601562,466.65573120117153,1026.7139892578125,10.0,0.1,2.0,373,0.15477812,False
27633,1136,ok,True,True,20260908,5,analysis_activations,positive,False,4.939251063332873,5.495738489364788,0.018026500951280344,0.11163530037414493,0.1342628055392868,0.3341186920454241,0.5852234578141188,0.41477654218588117,0.41477654218588117,2.185568024810069,2,13,937.746301055495,531.1769937921255,406.5693072633695,406.5693072633695,114.38416290283203,157.48114776611328,374.72786712646484,688.7412109375,10.0,0.1,2.0,517,0.13213885,False
27650,4472,ok,True,False,20260908,5,analysis_activations,positive,False,4.984251087482153,5.324993840517766,0.007436268462886321,0.06152802072419412,0.08623380116222594,0.24804842415180572,0.5914807064601748,0.40851929353982525,0.40851929353982525,1.8349722194862752,2,14,-57.29848201075394,-1885.1048094669807,1827.8063274562267,1827.8063274562267,128.7569580078125,155.07828521728516,273.24424591064445,769.3929443359375,10.0,0.1,2.0,879,0.057600547,False
27664,13188,ok,True,False,20260908,5,analysis_activations,positive,False,4.851372265751568,5.098401966000589,0.004989548949061571,0.02781845298152281,0.07063673937167238,0.1667886476398283,0.6313084749717127,0.36869152502828734,0.36869152502828734,1.928742624375247,2,9,-9894.86560496433,-14315.517232208802,4420.6516272444715,4420.6516272444715,114.70294952392578,132.87506103515625,194.64038085937497,363.54608154296875,10.0,0.1,2.0,2134,0.027611278,False
27753,634,ok,True,True,20260908,5,analysis_activations,positive,False,5.042047681058161,5.405287295813682,0.010319456652058455,0.05553741287714858,0.10158472647036293,0.23566377082009993,0.7088994306027455,0.2911005693972545,0.2911005693972545,2.0017399777683194,2,8,-78.24504843478279,-309.92704531138105,231.68199687659825,231.68199687659825,135.12460327148438,160.50623321533203,272.3933837890626,524.7979736328125,10.0,0.1,2.0,199,0.050789338,False
27762,6438,ok,True,False,20260908,5,analysis_activations,positive,False,4.981656563814691,5.230537203409429,0.0048819241731461694,0.030412020752518074,0.06987076765820002,0.17439042620659562,0.6369098554276167,0.36309014457238326,0.36309014457238326,1.8735099770283705,2,9,-4623.30515259587,-6959.096397946382,2335.7912453505123,2335.7912453505123,131.30747985839844,151.16793823242188,223.49854202270507,486.3293151855469,10.0,0.1,2.0,2644,0.028479533,False
27809,2384,ok,True,True,20260908,5,analysis_activations,positive,False,5.0539506038967925,5.601290400598551,0.02004308743846587,0.07650842673592016,0.1415736113774946,0.2766015667633142,0.46841934852712747,0.5315806514728725,0.46841934852712747,2.4911075608158257,2,13,1817.062936224893,1385.5930986309868,431.4698375939063,431.4698375939063,125.78155517578125,195.44338989257812,399.24208068847656,662.4163208007812,10.0,0.1,2.0,1524,0.12470692,False
27902,553,ok,True,False,20260908,5,analysis_activations,positive,False,4.744942579381065,4.89227732567965,0.0008971224759495908,0.012362876677783949,0.029952002870419048,0.11118847367323624,0.472958649056746,0.527041350943254,0.472958649056746,1.8094576761531487,2,23,-847.9575503323558,-1054.8865932643462,206.92904293199035,206.92904293199035,109.11685180664062,119.03506469726562,154.64219665527344,235.4024200439453,10.0,0.1,2.0,265,0.012372456,False
27953,1708,ok,True,False,20260908,5,analysis_activations,positive,False,5.019349665804319,5.293960155428404,0.004902140606421894,0.03478957135888187,0.07001528837633887,0.18651962727520627,0.6671013257584794,0.3328986742415207,0.3328986742415207,1.9493158081722302,2,11,-1038.5994714136204,-1797.5479158898047,758.9484444761842,758.9484444761842,136.20750427246094,155.9739532470703,242.90502624511714,390.3453674316406,10.0,0.1,2.0,970,0.031616114,False
27958,2635,ok,True,True,20260908,5,analysis_activations,positive,False,4.97942511740341,5.599226004171503,0.022618288409843635,0.14046988510728944,0.15039377782954863,0.374793123078972,0.5858030435881006,0.4141969564118994,0.4141969564118994,2.1704808409290655,2,14,2740.0535140220686,1769.5823949638188,970.4711190582498,970.4711190582498,117.57485961914062,165.4774627685547,434.54340209960924,808.81640625,10.0,0.1,2.0,509,0.16470358,False
27964,2808,ok,True,False,20260908,5,analysis_activations,positive,False,4.983667826360863,5.408741512707896,0.012249442361392155,0.09282764822988643,0.11067719892277793,0.30467630073552887,0.6616415659210418,0.33835843407895816,0.33835843407895816,1.8544930047278574,2,11,891.117462730713,-371.3184147237023,1262.4358774544153,1262.4358774544153,124.83114624023438,153.5327606201172,297.0137023925781,777.3389282226562,10.0,0.1,2.0,498,0.07999197,False
28004,1825,ok,True,True,20260908,5,analysis_activations,positive,False,4.5932616402800495,5.832608171773652,0.07098392392217014,0.13929173145389218,0.26642808395919926,0.37321807492924586,0.7338580338773464,0.2661419661226537,0.2661419661226537,3.8221986598435502,2,3,3471.7519766482183,2539.0138389133126,932.7381377349056,932.7381377349056,69.88584899902344,107.117919921875,477.6770446777344,718.644287109375,10.0,0.1,2.0,1030,0.38936898,False
28018,7237,ok,True,True,20260908,5,analysis_activations,positive,False,4.923717292280283,5.396841672964737,0.014884204149877426,0.08585613082797112,0.12200083667695655,0.29301216839573596,0.48119968944253716,0.5188003105574628,0.48119968944253716,2.108087489231553,2,14,4420.854701276881,2679.0309587692886,1741.8237425075927,1741.8237425075927,114.10407257080078,162.8543701171875,316.67551879882814,770.3190307617188,10.0,0.1,2.0,1077,0.10760047,False
28027,47597,ok,True,True,20260908,5,analysis_activations,positive,False,4.439350395518989,5.107633880803813,0.03035444367385953,0.09881773314577537,0.17422526703626984,0.3143528799705442,0.6208644823863236,0.37913551761367636,0.37913551761367636,2.6296093636833286,2,8,48296.150171665555,34573.818969875865,13722.33120178969,13722.33120178969,65.20135498046875,97.46507263183594,239.77225341796864,479.9508056640625,10.0,0.1,2.0,5836,0.16144097,True
28042,2282,ok,True,True,20260908,5,analysis_activations,positive,False,4.989309907511936,5.343329657563744,0.012020011122719302,0.04271365080800453,0.10963581131509587,0.206672811003297,0.5606244614989861,0.43937553850101374,0.43937553850101374,2.140007208538268,2,9,-70.83616088875712,-490.11057541240655,419.2744145236494,419.2744145236494,124.18690490722656,163.1437225341797,268.9697631835937,410.3251953125,10.0,0.1,2.0,1317,0.05640164,False
28220,12653,ok,True,False,20260908,5,analysis_activations,positive,False,4.942844712099369,5.149501735144779,0.0032022097734876274,0.021481060662638368,0.05658807094686677,0.14656418615281963,0.6690853555579489,0.3309146444420511,0.3309146444420511,1.8602178870674637,2,9,-14418.786368403033,-19683.95227784646,5265.165909443427,5265.165909443427,128.61395263671875,143.19122314453125,197.56202087402343,351.663818359375,10.0,0.1,2.0,3592,0.018707285,False
28253,519,ok,True,True,20260908,5,analysis_activations,positive,False,4.6683175346556665,5.677628856915718,0.014118521190681521,0.3119016444472036,0.11882138355818586,0.5584815524681219,0.5614359293920962,0.43856407060790376,0.43856407060790376,2.4998727992627554,2,10,1003.9967455774284,563.5499323431909,440.44681323423754,440.44681323423754,88.79893493652344,121.68846130371094,650.7944824218748,903.8411254882812,10.0,0.1,2.0,403,0.39631024,False
28271,2457,ok,True,True,20260908,5,analysis_activations,positive,False,5.119160203875026,5.75100923433038,0.045655222416350096,0.06334733274220554,0.2136708272468427,0.2516889603105499,0.5166137579087136,0.48338624209128644,0.48338624209128644,2.706512155989763,2,4,2390.1902280468257,2163.4899402466663,226.70028780015946,226.70028780015946,117.66668701171875,221.77447509765625,439.5812622070312,650.5054321289062,10.0,0.1,2.0,1487,0.15396696,False
28284,7228,ok,True,True,20260908,5,analysis_activations,positive,False,4.444418324487355,5.43046063452097,0.03125043674199559,0.42389736822538643,0.17677793058522773,0.6510740113269662,0.848220883140459,0.15177911685954107,0.15177911685954107,2.0669707075410444,2,11,9453.821447192351,2614.076873772071,6839.74457342028,6839.74457342028,66.69290924072266,84.16195678710938,324.42243347167835,837.4874877929688,10.0,0.1,2.0,3157,0.21604814,False
28335,1078,ok,True,True,20260908,5,analysis_activations,positive,False,5.0744188469869185,5.673791315081878,0.025354235038823763,0.12497344944083925,0.15923013232056224,0.35351584043835893,0.5271924884090565,0.47280751159094353,0.47280751159094353,2.186212150923439,2,12,1111.0668465903673,857.0792613328969,253.9875852574704,253.9875852574704,128.0887451171875,192.6299591064453,454.05541381835934,857.5299682617188,10.0,0.1,2.0,589,0.16215041,False
28413,1864,ok,True,True,20260908,5,analysis_activations,positive,False,4.73410805699677,5.735790117655542,0.05905782137123653,0.13767633832507847,0.24301815029177662,0.3710476227185379,0.7072289569868573,0.29277104301314266,0.29277104301314266,3.193780070107174,2,3,2996.3559836464087,2297.5222662048786,698.8337174415301,698.8337174415301,83.01908111572266,126.17245483398438,449.11517639160155,623.3596801757812,10.0,0.1,2.0,1195,0.2899837,False
28420,3771,ok,True,True,20260908,5,analysis_activations,positive,False,5.038561849334249,5.627409536427421,0.018375874007703432,0.12741609775301324,0.13555764090490596,0.356953915447097,0.5795133798980666,0.4204866201019335,0.4204866201019335,2.1809774064134237,2,14,3531.6970845988717,2029.051908305135,1502.6451762937368,1502.6451762937368,126.80549621582031,174.24366760253906,448.12005615234375,771.1166381835938,10.0,0.1,2.0,1297,0.1487576,False
28448,3712,ok,True,False,20260908,5,analysis_activations,positive,False,4.930276776503219,5.216771816504582,0.00601826264786652,0.040446058161233076,0.07757746224172662,0.2011120537442574,0.5987222310129822,0.40127776898701784,0.40127776898701784,1.879629743662902,2,12,-1439.612253230569,-2762.1453713817186,1322.5331181511497,1322.5331181511497,123.01277160644531,145.64684295654297,227.342999267578,438.20294189453125,10.0,0.1,2.0,646,0.03956292,False
28484,2718,ok,True,True,20260908,5,analysis_activations,positive,False,5.138388410480283,5.651504108288279,0.015385981392905776,0.1093903919687549,0.1240402410224431,0.33074218353387413,0.6006693142257858,0.39933068577421404,0.39933068577421404,2.0543011997200007,2,12,1875.960166824489,779.2351635480514,1096.7250032764377,1096.7250032764377,143.07749938964844,187.07544708251953,426.10313415527355,937.9740600585938,10.0,0.1,2.0,1539,0.11612022,False
28544,985,ok,True,False,20260908,5,analysis_activations,positive,False,4.693516653290142,4.981262371298294,0.00782894824190739,0.04469925229272644,0.08848134403312029,0.21142197684424022,0.6849574704457092,0.31504252955429074,0.31504252955429074,1.7755283278363991,2,5,-430.05601090349853,-762.3172462434333,332.26123533993473,332.26123533993473,95.83446502685547,112.29228210449219,176.84317626953123,423.2496643066406,10.0,0.1,2.0,435,0.037348602,False
28600,5508,ok,True,True,20260908,5,analysis_activations,positive,False,5.000279327216531,5.663493170357807,0.03315868500275721,0.09307896363032064,0.18209526353740563,0.3050884521418676,0.509621606618032,0.4903783933819679,0.4903783933819679,2.639818889294083,2,10,5967.568328119209,4983.8872992675315,983.6810288516772,983.6810288516772,113.4451675415039,192.07200622558594,436.6475860595702,719.68798828125,10.0,0.1,2.0,266,0.17249516,False
28672,5817,ok,True,False,20260908,5,analysis_activations,positive,False,4.926174215691023,5.170440740528343,0.004309520906793083,0.0263217457821956,0.06564694133615886,0.16223977866785816,0.62957739898663,0.37042260101337,0.37042260101337,1.9737696803674858,2,10,-4621.041120193327,-6770.139167974751,2149.0980477814246,2149.0980477814246,124.63619232177734,143.00656127929688,210.3234436035156,375.4456481933594,10.0,0.1,2.0,1493,0.026381504,False
28674,14690,ok,True,False,20260908,5,analysis_activations,positive,False,4.446327306013798,5.200666216005907,0.020648332762583158,0.28039353345155776,0.1436952774540039,0.5295219858056488,0.7443429581381528,0.2556570418618472,0.2556570418618472,1.944321412098258,2,12,17718.401520627347,5537.552502114907,12180.84901851244,12180.84901851244,69.45510864257812,87.49576568603516,307.9454971313476,836.7192993164062,10.0,0.1,2.0,4222,0.19534932,False
28709,20171,ok,True,False,20260908,5,analysis_activations,positive,False,4.930608336554723,5.307732776988975,0.009689692520709442,0.06387833168583046,0.09843623581135882,0.25274163029827607,0.5655794830714358,0.43442051692856415,0.43442051692856415,1.966324227930148,2,13,3089.3730726849644,-3739.869511731658,6829.242584416623,6829.242584416623,119.76773834228516,150.8419189453125,273.7411193847656,675.1217651367188,10.0,0.1,2.0,2258,0.068176314,False
28712,5705,ok,True,False,20260908,5,analysis_activations,positive,False,4.975460308292163,5.336054127665816,0.008466114588623307,0.06720739820476662,0.09201149161177263,0.2592438971408327,0.6249180319044954,0.3750819680955046,0.3750819680955046,1.8537933894137255,2,12,248.92065050103986,-2225.9407966365134,2474.861447137553,2474.861447137553,126.64997863769531,152.81146240234375,270.93442382812503,772.6734619140625,10.0,0.1,2.0,1019,0.06098652,False
28738,1650,ok,True,True,20260908,5,analysis_activations,positive,False,4.977962070861399,5.5024184334262385,0.012234117533746742,0.10367217518526163,0.11060794516555644,0.32198163796288387,0.6087017422939641,0.39129825770603577,0.39129825770603577,2.178566638721711,2,15,1107.3739155290173,281.8464365724741,825.5274789565432,825.5274789565432,125.05874633789062,158.5314483642578,371.0373031616211,585.2877197265625,10.0,0.1,2.0,788,0.113595106,False
28755,10056,ok,True,False,20260908,5,analysis_activations,positive,False,4.949160528951759,5.2314593061012,0.005548444306885998,0.03477925062885726,0.07448788026844366,0.18649195861714055,0.6102605460589903,0.38973945394100973,0.38973945394100973,1.9880270766964865,2,11,-4902.011120380809,-8569.047592214696,3667.036471833887,3667.036471833887,126.04315185546875,148.12252044677734,229.5866355895996,397.0991516113281,10.0,0.1,2.0,2416,0.0358978,False
28848,1675,ok,True,True,20260908,5,analysis_activations,positive,False,4.79835436526642,5.242037307502798,0.020206916787486554,0.06347708095411392,0.14215103512632807,0.25194658353332344,0.5778107826238178,0.4221892173761821,0.4221892173761821,2.1690348030999136,2,6,668.4634826676685,392.9043399748688,275.5591426927997,275.5591426927997,97.23919677734375,137.13525390625,256.169189453125,439.163818359375,10.0,0.1,2.0,915,0.08654756,False
28854,2364,ok,True,True,20260908,5,analysis_activations,positive,False,5.021899330438951,5.346990721558046,0.008287240718168866,0.03935168503848808,0.09103428320236759,0.1983725914497466,0.5940475586837404,0.4059524413162596,0.4059524413162596,2.1063934076304984,2,11,-535.1330694830515,-1193.9945876372835,658.861518154232,658.861518154232,132.0128173828125,162.48339080810547,265.4458923339843,425.3043212890625,10.0,0.1,2.0,1167,0.046402987,False
29004,716,ok,True,True,20260908,5,analysis_activations,positive,False,5.116685138799823,5.962080760749756,0.014529145337847155,0.047649534747991766,0.12053690446434716,0.21828773384684666,0.45341069786644317,0.5465893021335569,0.45341069786644317,4.794620554789144,2,5,926.8027726531255,447.07972769549485,479.7230449576307,479.7230449576307,140.3903350830078,280.6757507324219,506.3702392578125,576.4940795898438,10.0,0.1,2.0,510,0.21004687,False
29098,5747,ok,True,True,20260908,5,analysis_activations,positive,False,4.691843307355984,5.381213168886216,0.019630841473759753,0.1443554538693857,0.14011010482388397,0.3799413821491227,0.5972855335007587,0.4027144664992413,0.4027144664992413,2.407484574218654,2,14,6603.20777025498,3794.8918906960116,2808.315879558968,2808.315879558968,89.25850677490234,122.95291137695312,361.0960693359375,575.443359375,10.0,0.1,2.0,2859,0.1842002,False
29142,1326,ok,True,False,20260908,5,analysis_activations,positive,False,4.703155397585268,5.042319336736373,0.005254212247965505,0.06711098651834344,0.07248594517536144,0.2590578825636144,0.6053891579298565,0.3946108420701436,0.3946108420701436,1.783034673993966,2,15,-17.87108956177251,-755.67054166873,737.7994521069576,737.7994521069576,98.66120910644531,115.48446655273438,203.56119537353516,448.9983825683594,10.0,0.1,2.0,395,0.057186108,False
29165,3782,ok,True,True,20260908,5,analysis_activations,positive,False,5.031488220026293,5.712587785545829,0.019501782977530354,0.20367957700899264,0.13964878437541214,0.45130873801533317,0.63701918814722,0.3629808118527799,0.3629808118527799,2.0389033584338616,2,12,4539.79406786317,2313.542442092113,2226.251625771057,2226.251625771057,125.87165832519531,167.08985137939453,533.093713378906,1033.5718994140625,10.0,0.1,2.0,1474,0.19366959,False
29222,7364,ok,True,True,20260908,5,analysis_activations,positive,False,4.912993225152073,5.489840451161521,0.02784021951246949,0.11253541230012937,0.1668538867167004,0.33546298201162134,0.6367480458721011,0.36325195412789885,0.36325195412789885,2.177358516257828,2,7,6200.729102770439,4140.855418406682,2059.873684363757,2059.873684363757,106.24148559570312,151.52935791015625,353.20325927734376,679.8641357421875,10.0,0.1,2.0,878,0.13558906,False
29241,9112,ok,True,False,20260908,5,analysis_activations,positive,False,4.952427424742453,5.2223149773428075,0.005313261828331642,0.03757858673489194,0.07289212459746006,0.1938519711916594,0.6346106562361828,0.3653893437638172,0.3653893437638172,1.8429369219188658,2,11,-4936.539112629911,-8599.295261346806,3662.756148716895,3662.756148716895,126.98411560058594,147.17506408691406,225.0483413696287,546.4808959960938,10.0,0.1,2.0,2981,0.033995368,False
29268,5555,ok,True,False,20260908,5,analysis_activations,positive,False,4.948273545974146,5.163693080388713,0.002965467648726818,0.020263223770687414,0.05445610754292688,0.1423489507186035,0.5980888702217193,0.40191112977828064,0.40191112977828064,1.9988845371928563,2,11,-5659.7160007595385,-7767.622564293911,2107.9065635343723,2107.9065635343723,129.27737426757812,146.442626953125,204.73403015136722,314.4092712402344,10.0,0.1,2.0,1682,0.021075316,False
29333,2953,ok,True,False,20260908,5,analysis_activations,positive,False,5.029444427788174,5.509949949809362,0.01244959192928276,0.11525069376452679,0.11157773939851426,0.3394859257237725,0.6509230519246093,0.3490769480753906,0.3490769480753906,1.9015924586076591,2,12,1620.1234303481162,68.63064473149578,1551.4927856166205,1551.4927856166205,130.39259338378906,161.3708953857422,353.02490234375006,947.8922729492188,10.0,0.1,2.0,591,0.100830555,False
29335,3331,ok,True,True,20260908,5,analysis_activations,positive,False,5.018116604672348,6.294682297187712,0.06758951704734935,0.024189366201490238,0.2599798396940604,0.15552930978272306,0.4544538604172894,0.5455461395827105,0.4544538604172894,5.959183818796954,2,3,6794.049267814464,3193.496625459953,3600.5526423545107,3600.5526423545107,108.09107971191406,433.94158935546875,658.46484375,793.5858154296875,10.0,0.1,2.0,1618,0.44807023,False
29490,13295,ok,True,False,20260908,5,analysis_activations,positive,False,4.503758808744931,4.977527148942547,0.011001367134819764,0.10213190695581703,0.10488740217404455,0.31958083008186994,0.676669683995317,0.323330316004683,0.323330316004683,1.9919840438509726,2,11,5671.845378278527,-2060.961079315871,7732.806457594398,7732.806457594398,77.34430694580078,94.34110260009766,203.66328430175773,405.64031982421875,10.0,0.1,2.0,4242,0.08958081,False
29664,1173,ok,True,True,20260908,5,analysis_activations,positive,False,4.700216162269868,5.172092702369361,0.023777531976994042,0.08501333165080843,0.15419964973045186,0.2915704574383496,0.6401839240569018,0.3598160759430981,0.3598160759430981,2.023238926250674,2,5,607.5274398677905,360.25647663269393,247.27096323509653,247.27096323509653,86.98565673828125,120.53563690185547,249.014172363281,457.4781494140625,10.0,0.1,2.0,505,0.097184494,False
29669,16620,ok,True,False,20260908,5,analysis_activations,positive,False,4.970392542078813,5.352259480787595,0.009757988679130643,0.06591900254848745,0.09878253225712855,0.2567469621017695,0.5774972139752383,0.4225027860247616,0.4225027860247616,1.9631122312745,2,13,2764.555435163036,-3150.7169804647137,5915.272415627749,5915.272415627749,124.44612884521484,156.1875762939453,285.14466705322263,682.67431640625,10.0,0.1,2.0,3308,0.06906908,False
29681,7109,ok,True,False,20260908,5,analysis_activations,positive,False,4.942682324844196,5.172907652716224,0.0030379053005028882,0.027374101153706344,0.055117196050805124,0.16545120475145034,0.6003102803444114,0.3996897196555886,0.3996897196555886,1.867005343692405,2,12,-5896.44069532758,-9115.58675696718,3219.146061639599,3219.146061639599,128.67442321777344,145.00973510742188,211.43296508789052,405.7947998046875,10.0,0.1,2.0,1816,0.025484907,False
29686,3655,ok,True,False,20260908,5,analysis_activations,positive,False,4.893875426422178,5.203973725791797,0.006502407994881599,0.053750997919099,0.08063750985045111,0.23184261454508098,0.6730651724383345,0.3269348275616654,0.3269348275616654,1.78658458211313,2,10,-1102.584054114933,-2853.056547034875,1750.4724929199422,1750.4724929199422,118.64857482910156,137.39300537109375,224.41260681152335,541.4560546875,10.0,0.1,2.0,1177,0.043120485,False
29693,4472,ok,True,False,20260908,5,analysis_activations,positive,False,4.969525252156267,5.262868200746423,0.00521437280790401,0.04413506647524992,0.07221061423297831,0.2100834750170749,0.6588713090232676,0.3411286909767324,0.3411286909767324,1.8674523950995585,2,11,-1936.3380936180297,-4139.200783536904,2202.8626899188744,2202.8626899188744,129.49302673339844,148.5136260986328,240.03515548706054,466.4593505859375,10.0,0.1,2.0,1348,0.037839785,False
29734,4250,ok,True,True,20260908,5,analysis_activations,positive,False,5.019561010350723,5.57661375162743,0.02109559510158888,0.08515801430686794,0.1452432273863015,0.2918184612166748,0.5800096687764598,0.4199903312235401,0.4199903312235401,2.4167930739127987,2,11,3191.871320994282,2027.3966948134598,1164.4746261808223,1164.4746261808223,121.50874328613281,174.5589599609375,374.89704284667965,639.9400024414062,10.0,0.1,2.0,2163,0.123619825,False
29854,1521,ok,True,True,20260908,5,analysis_activations,positive,False,5.08338951789226,5.538337278595604,0.011957410792740096,0.08149845231313493,0.10934994646884878,0.2854793378042182,0.5718577693453151,0.428142230654685,0.428142230654685,2.104617867989426,2,13,708.6991110506518,157.9541579172585,550.7449531333933,550.7449531333933,137.1798858642578,177.55836486816406,372.79766845703125,666.1535034179688,10.0,0.1,2.0,592,0.0924663,False
29872,2486,ok,True,False,20260908,5,analysis_activations,positive,False,4.620459738137862,5.073421308821964,0.011474458999877748,0.10322922344405469,0.10711890122605697,0.3212930491685973,0.5862909814679019,0.413709018532098,0.413709018532098,1.8914186868128915,2,13,1326.3802763015906,240.76484158147,1085.6154347201207,1085.6154347201207,86.57780456542969,109.95984649658203,238.78313064575195,441.70025634765625,10.0,0.1,2.0,729,0.09923877,False
29894,862,ok,True,True,20260908,5,analysis_activations,positive,False,4.526681551433117,5.175926288157905,0.02741322246284024,0.15756905612054062,0.165569388664814,0.39694968965920685,0.7084707909702316,0.2915292090297684,0.2915292090297684,2.134805795128392,2,8,838.2295145393094,472.84262664231085,365.3868878969986,365.3868878969986,72.4515380859375,97.83039855957031,260.9390075683593,524.166748046875,10.0,0.1,2.0,281,0.15259388,False
29917,847,ok,True,False,20260908,5,analysis_activations,positive,False,5.0613522838598834,5.75627907121535,0.0344161288929412,0.2228793129548993,0.18551584539586152,0.4721009563164422,0.7852547417846146,0.21474525821538534,0.21474525821538534,1.9374834629658422,2,5,845.2706566279913,445.47225008328473,399.7984065447066,399.7984065447066,122.82414245605469,162.28717041015625,426.47445678710835,1480.4443359375,10.0,0.1,2.0,432,0.15650663,False
29965,549,ok,True,False,20260908,5,analysis_activations,positive,False,4.798356423129715,5.246132214286552,0.011156455140722403,0.11366666158872296,0.10562412196426725,0.3371448673622705,0.7520228942334423,0.24797710576655763,0.24797710576655763,1.79237177590554,2,11,140.9351872355097,-195.41798443580674,336.35317167131643,336.35317167131643,104.48045349121094,122.52919006347656,241.4519805908204,524.3505249023438,10.0,0.1,2.0,281,0.07410129,False
29970,2409,ok,True,True,20260908,5,analysis_activations,positive,False,5.045376790628624,5.664400728926988,0.021397532427097774,0.09042255952312536,0.14627895414958972,0.30070344115610875,0.4901102321447164,0.5098897678552836,0.4901102321447164,2.617957062062367,2,15,2319.335688291457,1733.7347163284503,585.6009719630065,585.6009719630065,125.53585815429688,196.4746551513672,435.8705810546875,638.5858154296875,10.0,0.1,2.0,1637,0.15241551,False
29986,2709,ok,True,True,20260908,5,analysis_activations,positive,False,4.90398846035027,5.399355596197932,0.020434187027415306,0.07153899574319371,0.1429481970065216,0.26746774710830784,0.5345970969365054,0.4654029030634947,0.4654029030634947,2.3099978771648804,2,11,1605.0685080670835,1097.785516304361,507.28299176272253,507.28299176272253,108.78487396240234,158.39833068847656,311.1148864746092,532.9442138671875,10.0,0.1,2.0,174,0.10530993,False
30119,3496,ok,True,True,20260908,5,analysis_activations,positive,False,5.00447091883297,5.529298007360467,0.02291975924812843,0.07750850476163763,0.1513927318206803,0.2784034927252847,0.5064631884775507,0.4935368115224492,0.4935368115224492,2.3420882902143787,2,10,2487.300670869024,1893.098291040219,594.2023798288051,594.2023798288051,118.64157104492188,181.37930297851562,370.1382751464844,719.468505859375,10.0,0.1,2.0,2001,0.118743695,False
30162,7934,ok,True,False,20260908,5,analysis_activations,positive,False,5.032711671629232,5.415310785483301,0.008786281726498623,0.07456378065582167,0.09373516803472762,0.2730636934047104,0.6279216338543512,0.3720783661456489,0.3720783661456489,1.8741571022112364,2,12,1141.8377022278016,-2551.0559183938244,3692.893620621626,3692.893620621626,133.89077758789062,161.97309112548828,299.2423187255858,749.9254150390625,10.0,0.1,2.0,1507,0.0674683,False
30166,616,ok,True,False,20260908,5,analysis_activations,positive,False,4.628911307851103,5.107356212880617,0.009802583245419591,0.12811910077629896,0.09900799586608948,0.35793728609394543,0.6690965614424873,0.33090343855751275,0.33090343855751275,1.8219256761656497,2,15,340.3335227000833,-57.08715456851403,397.42067726859733,397.42067726859733,87.38711547851562,106.468994140625,233.34400939941406,538.5496215820312,10.0,0.1,2.0,138,0.09979675,False
30193,1200,ok,True,True,20260908,5,analysis_activations,positive,False,4.988878657235397,5.639016395472729,0.018663812547921068,0.16100167444857974,0.13661556480841072,0.40125013949976357,0.6463603645049727,0.35363963549502725,0.35363963549502725,2.1691423045094815,2,13,1261.9218935556032,612.8578814295008,649.0640121261024,649.0640121261024,119.2437515258789,159.3362579345703,470.52093200683584,781.97265625,10.0,0.1,2.0,340,0.16575268,False
30202,4151,ok,True,True,20260908,5,analysis_activations,positive,False,4.485464540221015,5.787797932950384,0.032402263526990424,0.3551240683521128,0.18000628746516167,0.595922871143668,0.7853464249696469,0.2146535750303532,0.2146535750303532,2.9586021285558437,2,14,7862.386519155875,3314.506047420803,4547.880471735072,4547.880471735072,69.5254135131836,90.47759246826172,576.8266906738281,756.9026489257812,10.0,0.1,2.0,1926,0.3876882,False
30274,5315,ok,True,True,20260908,5,analysis_activations,positive,False,4.99099023289436,5.309941863481081,0.009032096174934645,0.03928598614247347,0.0950373409504635,0.19820692758446531,0.6883244061333755,0.3116755938666244,0.3116755938666244,2.0520360204348167,2,6,-1970.108621383214,-3625.4209052077886,1655.3122838245745,1655.3122838245745,127.78522491455078,153.154296875,243.28681945800784,460.8146057128906,10.0,0.1,2.0,950,0.04029271,False
30283,5729,ok,True,False,20260908,5,analysis_activations,positive,False,5.019950107007414,5.611907943839441,0.015988536979450147,0.16727841258942133,0.12644578672083204,0.4089968368941517,0.6200365369063524,0.37996346309364754,0.37996346309364754,1.9555264600348938,2,15,5632.577860688225,2463.4520439335815,3169.1258167546434,3169.1258167546434,126.75809478759766,164.83163452148438,448.136584472656,1242.534912109375,10.0,0.1,2.0,930,0.15605399,False
30304,564,ok,True,False,20260908,5,analysis_activations,positive,False,5.378104326047544,5.6179788494642855,0.004263522230438656,0.026118808118343433,0.06529565246200282,0.1616131433960228,0.5764559160471512,0.42354408395284876,0.42354408395284876,1.9462049909591075,2,10,-412.15155712443925,-573.5886747943202,161.437117669881,161.437117669881,196.4927978515625,228.1002197265625,336.41884765625,530.8004150390625,10.0,0.1,2.0,248,0.027616715,False
30319,9642,ok,True,False,20260908,5,analysis_activations,positive,False,4.425496098685857,5.258823916107818,0.022388834892119125,0.34256082617637623,0.14962899081434428,0.5852869605384834,0.7464577214522351,0.25354227854776484,0.25354227854776484,1.9508074021539685,2,13,13417.610505919678,4769.894807280319,8647.71569863936,8647.71569863936,67.53874206542969,85.71556854248047,376.5140563964842,809.569091796875,10.0,0.1,2.0,3740,0.23501603,False
30421,959,ok,True,False,20260908,5,analysis_activations,positive,False,5.017342660366949,5.433899997029317,0.009534025426571452,0.0862450706402575,0.09764233419255938,0.2936751106925092,0.6213068128380487,0.37869318716195133,0.37869318716195133,1.9035067393533371,2,12,305.97812570526656,-142.05955093491673,448.0376766401833,448.0376766401833,129.57638549804688,160.4720001220703,321.2332458496092,628.6190185546875,10.0,0.1,2.0,385,0.07949242,False
30476,3029,ok,True,True,20260908,5,analysis_activations,positive,False,5.058873500532869,5.427202067892276,0.00796024789777828,0.05881485758713286,0.08922022135019773,0.2425177469529454,0.5556019647771809,0.44439803522281907,0.44439803522281907,2.015779899356713,2,14,288.27685246712764,-813.3353496724285,1101.612202139556,1101.612202139556,137.87193298339844,170.6902618408203,307.1477539062498,548.473388671875,10.0,0.1,2.0,919,0.064077154,False
30490,7260,ok,True,True,20260908,5,analysis_activations,positive,False,5.080035862469913,5.785714219301175,0.05719120756401032,0.07694143215364482,0.239146832644738,0.2773831865013538,0.49192674552037885,0.5080732544796212,0.49192674552037885,2.724925040709443,2,4,8628.06606690621,7923.0602724015,705.005794504711,705.005794504711,108.75794982910156,226.95840454101562,473.60869445800773,662.9421997070312,10.0,0.1,2.0,1861,0.19171445,False
30519,5302,ok,True,True,20260908,5,analysis_activations,positive,False,5.146315282811173,5.973970289579378,0.04521775081724621,0.19233975482583499,0.2126446585674002,0.43856556502515676,0.5582358976148083,0.44176410238519165,0.44176410238519165,2.401485485708787,2,12,8298.002238563546,6862.038858348754,1435.9633802147919,1435.9633802147919,126.33720397949219,215.74005126953125,715.0879516601561,1194.175537109375,10.0,0.1,2.0,679,0.2791929,False
30521,1864,ok,True,False,20260908,5,analysis_activations,positive,False,5.086890425853457,5.44346326737016,0.009531744143966337,0.05455019164130671,0.09763065166210014,0.23355982454460508,0.5489683284924539,0.4510316715075461,0.4510316715075461,1.9920280456565702,2,13,101.1280912640538,-414.13577373659274,515.2638650006465,515.2638650006465,139.9726104736328,177.25420379638672,306.80510406494136,529.7335205078125,10.0,0.1,2.0,810,0.061349574,False
30638,693,ok,True,True,20260908,5,analysis_activations,positive,False,5.045963806393341,5.626301170930409,0.030424825768763177,0.07014929252223404,0.17442713598738924,0.2648571171825179,0.5740373018944919,0.42596269810550813,0.42596269810550813,2.587929338283594,2,5,564.2391278126294,465.75574118426664,98.48338662836272,98.48338662836272,119.80006408691406,187.2412872314453,380.237841796875,567.862548828125,10.0,0.1,2.0,534,0.12988418,False
30641,508,ok,True,True,20260908,5,analysis_activations,positive,False,5.21917500684216,6.187775138176708,0.06735812255543035,0.1092479166627495,0.25953443423836914,0.3305267260945013,0.5932740619583557,0.40672593804164425,0.40672593804164425,3.2595432362371395,2,3,860.4166332255089,756.4304722890932,103.98616093641567,103.98616093641567,124.62606811523438,243.7659454345703,718.5172576904295,858.5706787109375,10.0,0.1,2.0,286,0.3113919,False
30774,4788,ok,True,False,20260908,5,analysis_activations,positive,False,4.96228025314072,5.549186505768285,0.013514358679895434,0.1734855100807857,0.11625127388504367,0.4165159181601415,0.6362669046895705,0.3637330953104295,0.3637330953104295,1.919389361228685,2,14,4566.36643498444,1468.1742013482283,3098.192233636212,3098.192233636212,121.72754669189453,152.51377868652344,422.06736755371094,1090.32958984375,10.0,0.1,2.0,822,0.15145041,False
30817,5463,ok,True,True,20260908,5,analysis_activations,positive,False,4.685168958366284,5.250878691131123,0.011880936685540692,0.09075862101611933,0.10899970956631348,0.301261715151659,0.5111306394779237,0.4888693605220763,0.4888693605220763,2.497188133489283,2,16,4391.928055102872,2156.7421557149637,2235.1858993879086,2235.1858993879086,92.25753784179688,126.58822631835938,284.65582885742185,435.94647216796875,10.0,0.1,2.0,2786,0.13043201,False
31029,1539,ok,True,False,20260908,5,analysis_activations,positive,False,4.909006060232618,5.134160081293735,0.004087849009432589,0.0250090290472806,0.06393628867421529,0.15814243278538687,0.6236892693593439,0.3763107306406561,0.3763107306406561,1.8666870231632702,2,10,-1366.9906445174317,-1884.7235776352502,517.7329331178184,517.7329331178184,122.84737396240234,140.04183959960938,200.9036087036132,317.63916015625,10.0,0.1,2.0,908,0.023873229,False
31109,5225,ok,True,True,20260908,5,analysis_activations,positive,False,5.124509134024269,5.563080745197169,0.019583871724632447,0.05875051173597357,0.13994238716211913,0.24238504849922896,0.5599029414896995,0.4400970585103005,0.4400970585103005,2.2160486952552345,2,6,1916.4484491709914,1097.9711080628601,818.4773411081312,818.4773411081312,135.28916931152344,192.1869354248047,348.81979370117193,634.2891845703125,10.0,0.1,2.0,352,0.08423237,False
31114,12397,ok,True,False,20260908,5,analysis_activations,positive,False,4.446179701663204,5.167648584177245,0.023041761926291933,0.2835562505281041,0.15179513143145248,0.5325000004958724,0.7439313572989225,0.25606864270107754,0.25606864270107754,1.8426715671651803,2,15,14540.445945034886,5285.900259869021,9254.545685165864,9254.545685165864,68.65914916992188,87.77726745605469,332.94008789062485,664.6860961914062,10.0,0.1,2.0,4003,0.18892248,False
31129,2187,ok,True,True,20260908,5,analysis_activations,positive,False,5.0831470124886335,5.619199944415632,0.02393860934517948,0.10581993458656964,0.15472106949339343,0.32529976112282905,0.5681859965350758,0.4318140034649241,0.4318140034649241,2.104527920205894,2,9,1756.4420803128946,1234.820563456157,521.6215168567376,521.6215168567376,128.36288452148438,187.58352661132812,410.66282958984345,808.1987915039062,10.0,0.1,2.0,1460,0.1298569,False
31133,1464,ok,True,False,20260908,5,analysis_activations,positive,False,4.0317754936774035,4.332344160942445,0.009237500915496199,0.03656600912769146,0.09611191869636251,0.19122240749371255,0.7087929742052874,0.2912070257947126,0.2912070257947126,1.9861375545864424,2,5,-703.9021613192169,-1094.7469052259128,390.84474390669584,390.84474390669584,47.739341735839844,57.856380462646484,88.44027709960932,147.84251403808594,10.0,0.1,2.0,1000,0.035866175,False
31149,2207,ok,True,True,20260908,5,analysis_activations,positive,False,4.985659715774671,5.407998974622763,0.01431354488855536,0.07053592406590628,0.11963922805064968,0.2655860012611852,0.561894738232324,0.43810526176767595,0.43810526176767595,2.050462764087535,2,11,781.6504687084736,214.23050449171058,567.419964216763,567.419964216763,122.85749816894531,164.0663604736328,307.9542358398437,556.4701538085938,10.0,0.1,2.0,723,0.08289082,False
31198,3457,ok,True,False,20260908,5,analysis_activations,positive,False,4.962203747827094,5.396293938928992,0.010652208664927935,0.09307143737011393,0.1032095376645392,0.30507611733813894,0.5515669520300421,0.4484330479699579,0.4484330479699579,1.9061456531345096,2,14,1660.9132236143835,303.00513236595344,1357.90809124843,1357.90809124843,123.00153350830078,157.60377502441406,321.44937744140617,828.5047607421875,10.0,0.1,2.0,557,0.09424539,False
31308,1536,ok,True,False,20260908,5,analysis_activations,positive,False,4.942415226784654,5.433472922161479,0.017857007653625075,0.14139368361546792,0.1336301150700136,0.37602351471080625,0.7145662315427462,0.28543376845725377,0.28543376845725377,1.7402308205695627,2,8,871.8147772897239,140.52085160326283,731.2939256864611,731.2939256864611,116.31526184082031,145.3129425048828,285.0153579711914,902.9559936523438,10.0,0.1,2.0,978,0.10236688,False
31430,6137,ok,True,True,20260908,5,analysis_activations,positive,False,5.024672198034917,5.412122774371842,0.00860167443248414,0.06527313138790808,0.09274521245047715,0.2554860688724692,0.5684779432476857,0.43152205675231414,0.43152205675231414,2.015965673224501,2,14,1103.1933796744838,-1289.397916996119,2392.591296670603,2392.591296670603,132.7110137939453,165.212646484375,310.4186767578125,648.1019287109375,10.0,0.1,2.0,911,0.06989268,False
31571,2036,ok,True,False,20260908,5,analysis_activations,positive,False,4.9241803711721674,5.045937310427946,0.0010987450914281144,0.007686872718966363,0.03314732404626525,0.08767481234063956,0.62385938537342,0.37614061462658,0.37614061462658,1.8370567245921292,2,12,-4293.351862438657,-5065.796371891845,772.4445094531884,772.4445094531884,130.33746337890625,139.66524505615234,169.0586700439453,216.16647338867188,10.0,0.1,2.0,1009,0.007058032,False
31578,505,ok,True,True,20260908,5,analysis_activations,positive,False,5.047566295581819,5.206166016893358,0.001954213012861698,0.008213466615646071,0.044206481570711983,0.09062817782371038,0.6903454820135873,0.30965451798641275,0.30965451798641275,2.224367243042129,2,6,-918.3940203106192,-1071.745827295634,153.35180698501472,153.35180698501472,145.41384887695312,158.2335968017578,199.8921417236328,219.507568359375,10.0,0.1,2.0,292,0.009286917,False
31624,1155,ok,True,True,20260908,5,analysis_activations,positive,False,5.02736404414377,5.645480456465773,0.017270047055612803,0.1643385709611514,0.13141555104177283,0.4053869398009159,0.5254020645370224,0.4745979354629775,0.4745979354629775,2.0512426893537037,2,22,1326.164506135081,859.6500909393495,466.51441519573143,466.51441519573143,126.30780029296875,178.4035186767578,525.2078613281249,787.6763916015625,10.0,0.1,2.0,758,0.18249573,False
31645,6855,ok,True,True,20260908,5,analysis_activations,positive,False,5.054567293588106,5.457870332423216,0.015444566374336024,0.0520288346165223,0.12427616977657471,0.22809830033676776,0.6007102919721659,0.3992897080278342,0.3992897080278342,2.1957363498077247,2,7,1149.895221777187,-262.2039354011122,1412.0991571782993,1412.0991571782993,129.14712524414062,173.55386352539062,302.356945800781,543.9788818359375,10.0,0.1,2.0,3163,0.069075145,False
31741,2986,ok,True,False,20260908,5,analysis_activations,positive,False,4.98704436210305,5.430556421017809,0.0074486950222635035,0.11337437719748854,0.0863058226440343,0.3367111183158176,0.7219692159871004,0.2780307840128996,0.2780307840128996,1.8044526616852012,2,11,809.9039011297851,-1595.0217614166272,2404.9256625464122,2404.9256625464122,129.8224334716797,149.49522399902344,302.51924896240234,954.8167724609375,10.0,0.1,2.0,1115,0.07640807,False
31777,4959,ok,True,False,20260908,5,analysis_activations,positive,False,5.004136170584512,5.406914918610871,0.012573446934815855,0.08557083358815389,0.11213138247081347,0.29252492814827574,0.6479035004331268,0.3520964995668732,0.3520964995668732,1.8182309566138346,2,9,1263.6173234309492,-677.282114027461,1940.8994374584104,1940.8994374584104,126.29320526123047,158.037353515625,297.03243103027313,744.5977783203125,10.0,0.1,2.0,1944,0.075298674,False
31780,4917,ok,True,True,20260908,5,analysis_activations,positive,False,4.472564838648754,5.479083525419168,0.029291669786062315,0.3114109177415003,0.17114809314176513,0.558042039403395,0.7867089137914877,0.2132910862085124,0.2132910862085124,2.438648035905385,2,13,7337.00094664003,2904.4200126534943,4432.5809339865355,4432.5809339865355,68.8914566040039,89.57186889648438,421.29754638671847,658.3200073242188,10.0,0.1,2.0,2236,0.25950956,False
31885,5551,ok,True,True,20260908,5,analysis_activations,positive,False,5.30628246423368,6.107491080476523,0.06480328914592495,0.05507769438349404,0.2545649016379221,0.23468637451606353,0.5080649872749169,0.49193501272508317,0.49193501272508317,3.2725437423086525,2,3,7376.9701901591925,6305.655529394023,1071.3146607651697,1071.3146607651697,135.28427124023438,297.5385437011719,602.0791625976562,791.46484375,10.0,0.1,2.0,1728,0.22049968,False
31914,3079,ok,True,True,20260908,5,analysis_activations,positive,False,4.8098189615861955,6.477982075576363,0.11617722541881924,0.03990228330531223,0.3408478038932028,0.19975555888463337,0.5942267573711053,0.40577324262889475,0.40577324262889475,5.97146054405435,2,6,7893.5068063820745,4898.641648540655,2994.865157841419,2994.865157841419,81.13725280761719,174.5643768310547,797.8691345214843,965.40673828125,10.0,0.1,2.0,1576,0.7564559,False
31929,512,ok,True,True,20260908,5,analysis_activations,positive,False,5.2551307427887055,5.829136484371874,0.04395209062169499,0.06591120599341005,0.20964753903085767,0.25673177830843236,0.6117017639765179,0.3882982360234821,0.3882982360234821,2.4490909928274225,2,4,423.7725661274735,395.74183217578684,28.03073395168667,28.03073395168667,132.17919921875,228.12603759765625,456.54435424804683,688.8545532226562,10.0,0.1,2.0,191,0.13099323,False
31935,5455,ok,True,False,20260908,5,analysis_activations,positive,False,4.918968884809342,5.495790325436817,0.016905691353011565,0.17009445971432915,0.13002188797664632,0.4124250958832757,0.6618022612312416,0.3381977387687583,0.3381977387687583,1.8864070638296306,2,12,4895.311154886432,1775.3455178074528,3119.965637078979,3119.965637078979,114.38633728027344,145.39694213867188,367.68894042968753,1287.4542236328125,10.0,0.1,2.0,667,0.14320968,False
32027,1785,ok,True,False,20260908,5,analysis_activations,positive,False,4.928739337549657,5.268884133130056,0.007685472088349889,0.07076159149265604,0.08766682433138484,0.266010510116905,0.6810431588955809,0.31895684110441913,0.31895684110441913,1.7174752303407372,2,9,-164.96263187160707,-1066.0875554372324,901.1249235656253,901.1249235656253,121.79851531982422,142.46209716796875,238.6816467285156,605.8225708007812,10.0,0.1,2.0,495,0.052965097,False
32031,1059,ok,True,True,20260908,5,analysis_activations,positive,False,4.706284917013694,5.546184813572108,0.0405384234493181,0.29550140776787387,0.20134155917077354,0.5436004118540326,0.7597739852170913,0.24022601478290867,0.24022601478290867,2.0490244783014626,2,11,1465.3376539073893,877.5829136301547,587.7547402772345,587.7547402772345,84.24386596679688,115.20358276367188,423.72873840331954,856.9957885742188,10.0,0.1,2.0,407,0.23075755,False
32044,6950,ok,True,False,20260908,5,analysis_activations,positive,False,4.856400193644195,5.008796165951471,0.0019460080332917664,0.011159196790832635,0.044113581052684515,0.10563709950028273,0.651185170376217,0.348814829623783,0.348814829623783,1.882636959702893,2,8,-11969.728845393201,-14395.815829946574,2426.0869845533725,2426.0869845533725,119.84934997558594,130.82360076904297,165.3819366455078,270.67913818359375,10.0,0.1,2.0,2351,0.010435477,False
32166,2244,ok,True,False,20260908,5,analysis_activations,positive,False,4.942658053385168,5.229973495645043,0.005498275873516738,0.040756158670810005,0.07415035990146465,0.2018815461373575,0.5877589547056086,0.4122410452943914,0.4122410452943914,1.8892841377514222,2,10,-837.6342508834765,-1670.1811998979085,832.546949014432,832.546949014432,125.1203384399414,148.12943267822266,235.84996490478517,447.12493896484375,10.0,0.1,2.0,613,0.040051583,False
32179,5981,ok,True,True,20260908,5,analysis_activations,positive,False,4.401769221900129,5.24496619182056,0.020218519013734924,0.32901792844009914,0.1421918387733098,0.5736008441765922,0.699879837513582,0.300120162486418,0.300120162486418,2.0178285110983194,2,11,8985.073785246646,3722.3419685044514,5262.7318167421945,5262.7318167421945,66.50859069824219,85.43330383300781,402.1124267578125,673.5216674804688,10.0,0.1,2.0,2374,0.2622786,False
32191,735,ok,True,False,20260908,5,analysis_activations,positive,False,5.249045991036979,5.648670141059585,0.013286296934114565,0.07121191709232372,0.11526620031090885,0.2668556109440529,0.6145762449203006,0.3854237550796994,0.3854237550796994,1.944209041805701,2,9,179.7396112878721,-30.822018246613013,210.56162953448512,210.56162953448512,160.17457580566406,206.00796508789062,377.40203857421864,706.5252685546875,10.0,0.1,2.0,233,0.073539555,False
32261,918,ok,True,False,20260908,5,analysis_activations,positive,False,4.97670401114247,5.356899180801555,0.0091571081702507,0.07219146406612743,0.09569278013649044,0.26868469265316813,0.6495292599585359,0.35047074004146406,0.35047074004146406,1.8851530942435824,2,10,97.54198825049177,-307.1366348443069,404.6786230947987,404.6786230947987,125.3568115234375,152.2152099609375,274.04661560058594,517.1007690429688,10.0,0.1,2.0,343,0.064222895,False
32488,5705,ok,True,True,20260908,5,analysis_activations,positive,False,5.117612403867996,5.573189037542712,0.015532174173989614,0.05778933085710917,0.12462814358719147,0.2403941156873628,0.5681080868598388,0.4318919131401611,0.4318919131401611,2.379363272422569,2,10,2124.231982059287,765.994231274926,1358.237750784361,1358.237750784361,138.24972534179688,189.88693237304688,354.71029052734383,574.2198486328125,10.0,0.1,2.0,2850,0.084721364,False
32514,6182,ok,True,False,20260908,5,analysis_activations,positive,False,4.88699638854305,5.09217019893714,0.003602497994973227,0.020644949889527957,0.060020813014930306,0.1436835059759051,0.667019399245608,0.3329806007543919,0.3329806007543919,1.8633906182948274,2,7,-7062.881156022779,-9267.014447256515,2204.1332912337366,2204.1332912337366,120.95198059082031,135.81594848632812,184.5442687988281,322.6504211425781,10.0,0.1,2.0,1850,0.018629132,False
32568,3571,ok,True,True,20260908,5,analysis_activations,positive,False,4.400241977821523,5.530786948054948,0.025215024376239372,0.3359709323089283,0.1587923939495824,0.5796299960396532,0.8100572937609742,0.1899427062390257,0.1899427062390257,2.6603416388177856,2,10,5616.106112978032,1583.7563674196006,4032.349745558431,4032.349745558431,64.9139404296875,82.19633483886719,415.9720001220703,691.3185424804688,10.0,0.1,2.0,1749,0.2809777,False
32626,2428,ok,True,True,20260908,5,analysis_activations,positive,False,5.035853185060439,5.627226843678999,0.018260982010855218,0.15498000043888688,0.13513320099389053,0.39367499341320483,0.6401491023332185,0.3598508976667815,0.3598508976667815,2.009331787590296,2,13,2267.484330210243,1045.3524753386603,1222.1318548715828,1222.1318548715828,127.55154418945312,166.75186157226562,446.9306442260743,910.5894165039062,10.0,0.1,2.0,1030,0.1480807,False
32654,760,ok,True,False,20260908,5,analysis_activations,positive,False,5.114764766740729,5.667545508866395,0.01155228919572755,0.1542047039615925,0.10748157607575147,0.39268906778976226,0.5479688355158231,0.45203116448417696,0.45203116448417696,1.9201359216983154,2,13,736.9228897379447,354.127927615745,382.7949621221997,382.7949621221997,141.65586853027344,185.2655487060547,489.0518371582028,1000.8321533203125,10.0,0.1,2.0,161,0.1519235,False
32655,11640,ok,True,False,20260908,5,analysis_activations,positive,False,4.855920633770878,5.072593935680565,0.0038836640523252806,0.023141821325229316,0.06231905047676257,0.15212436137985696,0.6354921404390602,0.36450785956093973,0.36450785956093973,1.8639473812090606,2,9,-11493.310491253917,-15536.41290138767,4043.1024101337534,4043.1024101337534,116.72811889648438,132.56239318847656,184.16306991577147,337.031005859375,10.0,0.1,2.0,3287,0.021779176,False
32778,2066,ok,True,True,20260908,5,analysis_activations,positive,False,5.022683640934249,5.680033108557796,0.014651182241010922,0.1879482839494957,0.12104206806317762,0.4335300265835063,0.5444152039456495,0.4555847960543506,0.4555847960543506,2.06534289513398,2,18,2561.2263363584343,1452.5089433823662,1108.7173929760681,1108.7173929760681,127.85175323486328,173.05650329589844,536.6997680664062,1032.1529541015625,10.0,0.1,2.0,297,0.20087379,False
32804,926,ok,True,False,20260908,5,analysis_activations,positive,False,4.801791497231655,5.1030437454390905,0.008423858679100015,0.04388178419187402,0.09178158137175463,0.20947979423293794,0.6277280499503242,0.3722719500496758,0.3722719500496758,1.8628205590965634,2,6,-275.83166043334154,-538.4055913952147,262.5739309618732,262.5739309618732,106.52168273925781,127.92235565185547,202.80965423583984,372.8880615234375,10.0,0.1,2.0,135,0.042876776,False
32822,3326,ok,True,False,20260908,5,analysis_activations,positive,False,4.4587328579980605,5.157024607983916,0.023635509068867626,0.2268468337783817,0.15373844369209552,0.4762844042989248,0.6953029207483004,0.30469707925169975,0.30469707925169975,1.973164760076707,2,12,3911.3227132510738,1886.3260008519317,2024.996712399142,2024.996712399142,69.37895965576172,91.04818725585938,297.2423324584961,609.1220092773438,10.0,0.1,2.0,1646,0.18891323,False
32908,988,ok,True,False,20260908,5,analysis_activations,positive,False,4.915941166609048,5.1250057218807195,0.0033231441231840945,0.022102391642410322,0.05764671823429409,0.14866873121948113,0.5690521312493794,0.4309478687506205,0.4309478687506205,1.8542161106861301,2,10,-947.3162251755126,-1246.1515335973452,298.83530842183256,298.83530842183256,124.4173812866211,142.05978393554688,197.87029724121092,299.2359313964844,10.0,0.1,2.0,683,0.022155976,False
32933,2558,ok,True,True,20260908,5,analysis_activations,positive,False,4.648735621374654,5.928838494418096,0.01700314610095695,0.2634771834896362,0.13039611229234158,0.5133002858850132,0.36696421706926885,0.6330357829307312,0.36696421706926885,3.4182881195032713,2,23,5762.834652090157,4279.303800421868,1483.530851668289,1483.530851668289,88.26095581054688,222.1373748779297,687.0187103271485,1075.727294921875,10.0,0.1,2.0,1053,0.55390894,False
32952,5696,ok,True,False,20260908,5,analysis_activations,positive,False,4.951078185314096,5.311649296104783,0.008576634772023474,0.05989545504882455,0.09261012240583355,0.24473547975073934,0.6471757029552079,0.3528242970447922,0.3528242970447922,1.9487186165988797,2,11,-198.9282832382472,-2634.0061236815836,2435.0778404433363,2435.0778404433363,123.56768798828125,148.5481948852539,262.47786712646484,592.0426025390625,10.0,0.1,2.0,1284,0.056378603,False
32985,1189,ok,True,True,20260908,5,analysis_activations,positive,False,5.212159537240562,5.865391207534009,0.026030480718168107,0.14815710581282115,0.1613396439755837,0.3849118156316082,0.5687021888681012,0.43129781113189875,0.43129781113189875,2.213469943857824,2,11,1371.532859943129,994.8658457941449,376.6670141489842,376.6670141489842,144.61968994140625,215.59146118164062,568.9546020507812,1143.85888671875,10.0,0.1,2.0,204,0.18352064,False
33001,2706,ok,True,False,20260908,5,analysis_activations,positive,False,4.908284017724531,5.389834458111589,0.013875496230225368,0.10208012892193073,0.11779429625506223,0.31949981051939724,0.4978896925661911,0.5021103074338088,0.4978896925661911,1.9999119313228777,2,17,1869.0697328867006,1055.6830385894136,813.386694297287,813.386694297287,113.92713165283203,157.52518463134766,337.8313751220703,769.6399536132812,10.0,0.1,2.0,1416,0.11617744,False
33059,1836,ok,True,True,20260908,5,analysis_activations,positive,False,4.799100829871686,5.297611689402288,0.01759406571632146,0.07473948963261369,0.13264262405547267,0.27338524033424644,0.5933891416376986,0.40661085836230143,0.40661085836230143,2.3201167631581705,2,11,1012.2717947456549,504.5789235752264,507.69287117042853,507.69287117042853,99.26812744140625,136.58677673339844,278.0862121582031,500.9961853027344,10.0,0.1,2.0,1267,0.100844905,False
33079,902,ok,True,False,20260908,5,analysis_activations,positive,False,5.031656285920012,5.438515976004478,0.015419039473937106,0.07950857533033355,0.12417342499076485,0.2819726499686336,0.6574631149924395,0.34253688500756047,0.34253688500756047,1.8675118980520882,2,8,232.73896580436238,-34.175728823878806,266.9146946282412,266.9146946282412,127.61851501464844,163.20472717285156,301.83590240478514,714.6561279296875,10.0,0.1,2.0,269,0.07473331,False
33113,7118,ok,True,False,20260908,5,analysis_activations,positive,False,4.620493723903907,5.2854025539988525,0.01545104934953577,0.23972303239688736,0.12430224997776898,0.48961518807823695,0.7714339497078931,0.2285660502921069,0.2285660502921069,1.861481901160343,2,11,6456.241926804489,56.77953335054628,6399.462393453942,6399.462393453942,85.16241455078125,102.92904663085938,282.44109039306636,732.66748046875,10.0,0.1,2.0,2601,0.14468448,False
33167,1209,ok,True,True,20260908,5,analysis_activations,positive,False,5.127512711464488,5.515749753005891,0.013047205281838382,0.06097148281937986,0.11422436378390725,0.24692404261104237,0.7014148203095284,0.29858517969047166,0.29858517969047166,2.0180934600445983,2,5,21.875439853976133,-373.1300203632641,395.0054602172403,395.0054602172403,142.81253051757812,176.09811401367188,312.7215637207031,536.8659057617188,10.0,0.1,2.0,152,0.058971625,False
33268,1002,ok,True,False,20260908,5,analysis_activations,positive,False,5.009577101101447,5.376514749125805,0.007866829736820733,0.06209619072591714,0.08869515058232177,0.24919107272516233,0.5909348907164292,0.40906510928357076,0.40906510928357076,1.9618825095332362,2,11,80.78580929720397,-318.17357545551044,398.9593847527144,398.9593847527144,132.1089630126953,160.04295349121094,283.45396728515624,589.6624145507812,10.0,0.1,2.0,491,0.06265933,False
33270,1076,ok,True,True,20260908,5,analysis_activations,positive,False,5.303171650561316,5.6774122241795695,0.017139047028698305,0.04221124643808749,0.1309161832192579,0.20545375742022215,0.5731486789396305,0.4268513210603695,0.4268513210603695,2.172473224883051,2,5,77.38601144525133,-35.41342832158168,112.799439766833,112.799439766833,164.79156494140625,226.41891479492188,376.8462829589844,571.1637573242188,10.0,0.1,2.0,400,0.06216254,False
33282,1900,ok,True,False,20260908,5,analysis_activations,positive,False,5.063827982234543,5.551626972335496,0.016283821710608787,0.11647556721375878,0.12760807854759348,0.3412851699294283,0.6743051037492822,0.32569489625071785,0.32569489625071785,1.8933167292496953,2,11,1054.2986812802128,211.12256766550797,843.1761136147048,843.1761136147048,131.9439697265625,167.05208587646484,363.964646911621,760.8705444335938,10.0,0.1,2.0,453,0.10122562,False
33326,1065,ok,True,True,20260908,5,analysis_activations,positive,False,4.810309462343502,5.500694053491346,0.04223667387553953,0.1072186525609026,0.2055156292731517,0.327442594298455,0.6570105683524854,0.3429894316475145,0.3429894316475145,2.5255175383341575,2,4,1161.1783709968336,943.857922962683,217.32044803415056,217.32044803415056,89.49398040771484,141.55609130859375,360.68866577148435,559.4149169921875,10.0,0.1,2.0,281,0.17209297,False
33399,5597,ok,True,False,20260908,5,analysis_activations,positive,False,4.873990500938102,5.126665261269283,0.00476529428773371,0.03212257924973974,0.0690311110133229,0.17922773013610294,0.6511381228187673,0.34886187718123274,0.34886187718123274,1.8605230296183148,2,10,-3951.698143561458,-6195.372289373064,2243.6741458116057,2243.6741458116057,117.68505096435547,134.89816284179688,200.81450195312493,374.0797119140625,10.0,0.1,2.0,1436,0.028816,False
33438,11341,ok,True,False,20260908,5,analysis_activations,positive,False,4.4903894235429345,5.2247260183177,0.014325728018144222,0.26694082666961716,0.11969013333664652,0.516663165582391,0.6094396377675044,0.39056036223249546,0.39056036223249546,1.9581732901186804,2,15,16081.259335499033,7327.015192208424,8754.244143290609,8754.244143290609,75.041259765625,96.8005142211914,406.1040344238281,638.0549926757812,10.0,0.1,2.0,3444,0.24136083,False
33467,7519,ok,True,True,20260908,5,analysis_activations,positive,False,4.927251066829597,5.575916013973393,0.04433832895228424,0.08026950681309596,0.21056668528588335,0.28331873713733785,0.5359311658145359,0.46406883418546413,0.46406883418546413,2.5987395217217673,2,4,7838.064861100262,6991.69801024629,846.3668508539713,846.3668508539713,98.72542572021484,178.3304443359375,386.2309478759765,592.1214599609375,10.0,0.1,2.0,2427,0.16568188,False
33514,5102,ok,True,False,20260908,5,analysis_activations,positive,False,5.00057096286638,5.270283977070821,0.004509745179665684,0.038315182455177045,0.06715463632293517,0.19574264342543513,0.649782566704729,0.3502174332952709,0.3502174332952709,1.8431835318438543,2,10,-2923.397002263559,-5357.434175150404,2434.0371728868454,2434.0371728868454,134.08694458007812,153.33416748046875,237.53665161132812,545.6478271484375,10.0,0.1,2.0,896,0.032908604,False
33571,2307,ok,True,False,20260908,5,analysis_activations,positive,False,5.03302961552765,5.444376128432544,0.0105524861842651,0.08287090049426986,0.10272529476358343,0.28787306316199485,0.6316318201064017,0.3683681798935983,0.3683681798935983,1.9032463889075264,2,12,634.245634677383,-383.7055341534528,1017.9511688308357,1017.9511688308357,132.11769104003906,162.38580322265625,317.30802612304666,685.0151977539062,10.0,0.1,2.0,518,0.076594055,False
33701,17566,ok,True,False,20260908,5,analysis_activations,positive,False,4.85489439622389,5.156495847308521,0.007150089913278158,0.045510921143028626,0.08455820429312674,0.2133328880951754,0.6681271518499958,0.3318728481500041,0.3318728481500041,1.858676585684634,2,9,-6651.296400711016,-13634.642656135877,6983.346255424861,6983.346255424861,113.1926498413086,132.80867767333984,212.34249114990234,563.9710083007812,10.0,0.1,2.0,2936,0.04005183,False
33710,1139,ok,True,False,20260908,5,analysis_activations,positive,False,4.902669871110884,5.263853160515773,0.0065607005355637574,0.0600411559654477,0.08099815143300344,0.2450329691397623,0.58652542790573,0.4134745720942701,0.4134745720942701,1.9792446477428378,2,13,47.797415614694714,-461.6832048272443,509.48062044193904,509.48062044193904,118.71710205078125,143.47836303710938,255.18894042968742,478.8964538574219,10.0,0.1,2.0,560,0.06036218,False
33946,1042,ok,True,True,20260908,5,analysis_activations,positive,False,4.8657521756568265,5.318928399946778,0.01742867472279881,0.08425159087119719,0.13201770609580674,0.2902612458996157,0.659110095807859,0.34088990419214105,0.34088990419214105,2.0098506126611055,2,7,418.74650692801293,103.9432101678746,314.8032967601383,314.8032967601383,105.39213562011719,138.43011474609375,273.4579803466796,591.5121459960938,10.0,0.1,2.0,310,0.086432874,False
34005,1860,ok,True,True,20260908,5,analysis_activations,positive,False,5.005358231474032,5.578921077772815,0.02053759622120993,0.1342098177564657,0.143309442191399,0.36634658147233434,0.6354242153168393,0.3645757846831607,0.3645757846831607,2.06197933744674,2,11,1612.3210089499967,856.1980340456062,756.1229749043905,756.1229749043905,121.38063049316406,163.19275665283203,416.281492614746,791.3191528320312,10.0,0.1,2.0,541,0.13826345,False
34132,1467,ok,True,False,20260908,5,analysis_activations,positive,False,5.041001009038891,5.484301031102009,0.012298896971667661,0.1200465686511661,0.11090039211683456,0.34647737105208776,0.6610078851379206,0.3389921148620794,0.3389921148620794,1.7232894038254487,2,11,691.1504227785688,-53.58264357848617,744.7330663570549,744.7330663570549,132.488525390625,162.47198486328125,329.94688720703124,951.3850708007812,10.0,0.1,2.0,480,0.09292118,False
34174,3098,ok,True,False,20260908,5,analysis_activations,positive,False,5.1298572714401045,5.617409876213032,0.012307316621661932,0.1356766719000859,0.11093834603806717,0.3683431442284299,0.6289531937569633,0.3710468062430367,0.3710468062430367,1.7923759776598374,2,13,2068.2527450778234,387.9482679219899,1680.3044771558334,1680.3044771558334,144.4918975830078,180.08541870117188,396.46356658935537,1451.4466552734375,10.0,0.1,2.0,1169,0.11359303,False
34346,3567,ok,True,True,20260908,5,analysis_activations,positive,False,4.87574908730007,5.3691524764595355,0.012183019913172288,0.0891929887264226,0.11037671816634288,0.29865195249055815,0.5632343477412104,0.4367656522587896,0.4367656522587896,2.191540657054115,2,14,2123.6704325881346,702.8679207835183,1420.8025118046162,1420.8025118046162,110.82193756103516,145.70831298828125,317.55961914062493,660.9035034179688,10.0,0.1,2.0,305,0.10573496,False
34461,3663,ok,True,False,20260908,5,analysis_activations,positive,False,4.995905014956419,5.331713555885393,0.006599938122851604,0.05423547809525186,0.08124000321794432,0.2328851178054361,0.6227754577193135,0.3772245422806864,0.3772245422806864,1.9254333671500916,2,12,-484.95024232730475,-2148.984158358958,1664.0339160316535,1664.0339160316535,130.88369750976562,155.49850463867188,268.16921081542966,514.947998046875,10.0,0.1,2.0,952,0.051074293,False
34550,2705,ok,True,False,20260908,5,analysis_activations,positive,False,4.991372818663026,5.4174930462884365,0.009594997645816972,0.10155017377115169,0.0979540588532041,0.3186693800338396,0.6774128174271721,0.3225871825728279,0.3225871825728279,1.8075979835261533,2,13,823.9812951806701,-761.7429988615401,1585.7242940422102,1585.7242940422102,128.38034057617188,152.60162353515625,302.17419433593744,648.2392578125,10.0,0.1,2.0,950,0.07896613,False
34553,15783,ok,True,False,20260908,5,analysis_activations,positive,False,4.411888457256614,5.012585884475662,0.018540142893051084,0.1781388898242445,0.13616219333225754,0.42206503032618625,0.7590358653513771,0.24096413464862287,0.24096413464862287,1.9155422607378698,2,9,11734.385010115657,1366.660178631248,10367.72483148441,10367.72483148441,67.45590209960938,84.00070190429688,201.90307617187494,574.8529663085938,10.0,0.1,2.0,4434,0.12300234,False
34566,1351,ok,True,True,20260908,5,analysis_activations,positive,False,5.022527939538297,5.412290714688522,0.011684834226243964,0.06211989668069361,0.10809641171770673,0.24923863400503063,0.5525343162212027,0.44746568377879714,0.44746568377879714,2.028958929726081,2,13,290.2420018533115,-64.01443582952396,354.25643768283544,354.25643768283544,129.68936157226562,168.6201171875,302.9499206542969,601.6344604492188,10.0,0.1,2.0,166,0.07186472,False
34765,10264,ok,True,True,20260908,5,analysis_activations,positive,False,4.995949088091685,5.4150085085544575,0.01087486177662113,0.07686532773634104,0.10428260534058942,0.27724596973867993,0.5895206444878185,0.4104793555121814,0.4104793555121814,2.0007430724177335,2,13,3280.8240573036383,-689.2162243180487,3970.040281621687,3970.040281621687,126.74139404296875,160.27103424072266,311.41874084472664,661.1947021484375,10.0,0.1,2.0,2296,0.08046511,False
34788,977,ok,True,True,20260908,5,analysis_activations,positive,False,4.8652494544121865,5.556411685671436,0.01666257287673722,0.1587868224541964,0.1290835887196247,0.39848064250876275,0.6154733497922424,0.38452665020775745,0.38452665020775745,2.3335604624353747,2,14,1134.4458218210295,567.7005841842823,566.7452376367472,566.7452376367472,108.18998718261719,142.7954559326172,435.3339843749999,642.608642578125,10.0,0.1,2.0,548,0.18455774,False
34813,8630,ok,True,True,20260908,5,analysis_activations,positive,False,5.067019087952437,5.5794844770977035,0.01612609036723218,0.10707908443472226,0.12698854423621125,0.3272294064333495,0.6342939243102272,0.3657060756897728,0.3657060756897728,2.064738531785237,2,12,5484.197771336275,1825.8521329759253,3658.3456383603498,3658.3456383603498,132.2208709716797,171.55255126953125,390.43664703369126,745.9022827148438,10.0,0.1,2.0,1192,0.11031908,False
34889,1825,ok,True,True,20260908,5,analysis_activations,positive,False,5.295836495074877,5.948059405906342,0.03804589329118335,0.12646551104825407,0.19505356518449837,0.35561989686778506,0.6793359843929422,0.32066401560705776,0.32066401560705776,2.27411824922864,2,4,1838.9901897450652,1375.019315124011,463.97087462105424,463.97087462105424,149.53944396972656,222.31398010253906,570.0499389648437,993.6002197265625,10.0,0.1,2.0,378,0.15915255,False
34942,10444,ok,True,True,20260908,5,analysis_activations,positive,False,5.132481728324313,5.548113306055338,0.01379169768026339,0.060510344981711366,0.11743805890878557,0.24598850579185882,0.5379981895228172,0.46200181047718286,0.46200181047718286,2.1563693833964894,2,12,3055.9622275892384,669.8564354887864,2386.105792100452,2386.105792100452,141.37229919433594,191.95103454589844,351.1094421386719,812.7938232421875,10.0,0.1,2.0,3364,0.0783202,False
34962,2321,ok,True,False,20260908,5,analysis_activations,positive,False,5.002848557661873,5.209831551183878,0.0038521709779577936,0.02069062663890114,0.06206586000336895,0.14384236732931344,0.654259437190221,0.34574056280977916,0.34574056280977916,1.8684764501093418,2,8,-2552.6082137808853,-3301.7477637155894,749.1395499347041,749.1395499347041,135.85711669921875,152.91790771484375,211.76486206054688,344.2947082519531,10.0,0.1,2.0,699,0.019372273,False
34983,995,ok,True,True,20260908,5,analysis_activations,positive,False,5.142158770619174,5.697966483695412,0.031978865532109456,0.07443432545039999,0.17882635580950995,0.2728265482873688,0.5505586803510858,0.44944131964891426,0.44944131964891426,2.4095826858750455,2,5,788.1524164055073,676.2373433220763,111.91507308343103,111.91507308343103,128.77780151367188,206.37588500976562,413.935382080078,638.4007568359375,10.0,0.1,2.0,729,0.12762809,False
34993,11073,ok,True,True,20260908,5,analysis_activations,positive,False,4.492306076459535,5.394996671816693,0.02531057315489623,0.28224284981538894,0.1590929701617775,0.5312653290168566,0.7696930254503421,0.2303069745496578,0.2303069745496578,2.301938057913516,2,13,15116.977868394739,5507.739725047387,9609.238143347353,9609.238143347353,71.60414123535156,91.36686706542969,382.5454345703124,713.0521850585938,10.0,0.1,2.0,3882,0.22894777,False
35017,4920,ok,True,True,20260908,5,analysis_activations,positive,False,5.039082903851785,5.4920237581014275,0.012895129515638466,0.0880106741217983,0.11355672377996147,0.2966659301669107,0.5805137328275495,0.4194862671724505,0.4194862671724505,2.0165008986338884,2,13,2365.1752213399277,551.5941328367527,1813.5810885031751,1813.5810885031751,130.99508666992188,169.57029724121094,349.5764099121094,713.584228515625,10.0,0.1,2.0,1222,0.094381995,False
35053,14602,ok,True,True,20260908,5,analysis_activations,positive,False,4.484760953581861,5.346435493788233,0.02145359753893715,0.29441768677509933,0.14647046643926942,0.5426026969847269,0.7271151285350754,0.27288487146492457,0.27288487146492457,2.1682191997208697,2,10,20816.288376804016,7966.415441154634,12849.872935649382,12849.872935649382,71.84325408935547,92.23663330078125,410.3808166503906,678.4605712890625,10.0,0.1,2.0,4740,0.24327967,True
35068,8670,ok,True,True,20260908,5,analysis_activations,positive,False,4.331914923608487,5.3360240804515335,0.023176296340331876,0.33841663272762756,0.15223763115712186,0.5817358788381782,0.76812741700018,0.23187258299982005,0.23187258299982005,2.3614891840073935,2,10,13456.306567227455,4483.503387258442,8972.803179969014,8972.803179969014,61.32951736450195,77.48480224609375,389.9131027221677,682.0357666015625,10.0,0.1,2.0,3494,0.27587757,False
35080,2711,ok,True,False,20260908,5,analysis_activations,positive,False,4.955561247950634,5.4635610388000435,0.014864089884575174,0.13325442977500973,0.12191837385962451,0.36504031253412234,0.6481109329819045,0.3518890670180955,0.3518890670180955,1.8666970873860471,2,11,1854.7822620148727,500.7370632395683,1354.0451987753045,1354.0451987753045,119.37486267089844,151.31468200683594,337.6029968261719,998.081298828125,10.0,0.1,2.0,1002,0.115420714,False
35110,10635,ok,True,False,20260908,5,analysis_activations,positive,False,4.942663070649116,5.341426317746004,0.008526010773440427,0.08860403016518334,0.09233640004592136,0.2976642910481258,0.6573430035845181,0.3426569964154819,0.3426569964154819,1.809478118618916,2,12,2185.2915435500367,-3792.6955740444205,5977.987117594457,5977.987117594457,122.43849182128906,146.19644165039062,280.50879516601555,956.8409423828125,10.0,0.1,2.0,2486,0.071787134,False
35116,6341,ok,True,False,20260908,5,analysis_activations,positive,False,5.000908770096425,5.405287231758086,0.009978592494557141,0.08753797869958446,0.09989290512622577,0.2958681779096638,0.6758181029568893,0.3241818970431107,0.3241818970431107,1.8313181612794525,2,10,1235.2971637655414,-2038.2022453974753,3273.499409163017,3273.499409163017,128.5966033935547,154.81378173828125,294.5094299316406,832.3988037109375,10.0,0.1,2.0,1493,0.07095776,False
35199,766,ok,True,False,20260908,5,analysis_activations,positive,False,5.0031721564479055,5.462145651747762,0.007549946400631983,0.11291149515439301,0.0868904275546621,0.33602305747432426,0.6954164614673756,0.3045835385326244,0.3045835385326244,1.870159193436501,2,10,292.1289380085301,-291.3036157162191,583.4325537247491,583.4325537247491,131.4102325439453,153.0370101928711,318.6436004638672,725.8013305664062,10.0,0.1,2.0,285,0.08437018,False
35238,2607,ok,True,False,20260908,5,analysis_activations,positive,False,4.936820614794277,5.415001985268699,0.010462622871212812,0.10883195632641796,0.10228696334925977,0.329896887415474,0.6403961882361314,0.3596038117638685,0.3596038117638685,1.95793060679775,2,14,1371.648351926829,-119.51065933959403,1491.159011266423,1491.159011266423,120.5060043334961,147.39508056640625,335.7122894287108,626.7909545898438,10.0,0.1,2.0,720,0.09853063,False
35249,635,ok,True,True,20260908,5,analysis_activations,positive,False,4.626006961480413,5.78587886070467,0.020494226019148288,0.183994342017877,0.14315804559698447,0.42894561662042546,0.6762080976672372,0.3237919023327628,0.3237919023327628,3.627358731074439,2,7,1180.1469629216647,541.5239186436369,638.6230442780278,638.6230442780278,84.26513671875,109.623779296875,514.9296264648434,674.4581298828125,10.0,0.1,2.0,418,0.36856866,False
35253,1257,ok,True,False,20260908,5,analysis_activations,positive,False,4.989827332546866,5.341410225061926,0.0073778598211747155,0.0641307907454573,0.08589446909536559,0.25324057878913736,0.6141958080082914,0.3858041919917086,0.3858041919917086,1.8593598180792519,2,12,14.556621200480091,-542.4395506527405,556.9961718532206,556.9961718532206,129.75820922851562,154.3848114013672,270.13697509765626,631.2977294921875,10.0,0.1,2.0,428,0.058609653,False
35285,8977,ok,True,False,20260908,5,analysis_activations,positive,False,4.845609901824579,5.297558614721401,0.010245906885189459,0.10877800416690965,0.10122206718492495,0.3298151060320155,0.6521950550514111,0.34780494494858905,0.34780494494858905,1.852622965405466,2,13,3961.884781843321,-1203.628644037292,5165.513425880613,5165.513425880613,110.15330505371094,133.50497436523438,278.5753723144529,1002.5521850585938,10.0,0.1,2.0,2464,0.09085809,False
35304,947,ok,True,True,20260908,5,analysis_activations,positive,False,5.027296001038426,5.297019100055631,0.004700526134271866,0.027531138496790727,0.06856038312518291,0.16592509905614258,0.6379726624145553,0.3620273375854447,0.3620273375854447,2.124671395167899,2,10,-626.9001765363171,-978.9171331372381,352.01695660092105,352.01695660092105,137.55702209472656,158.79039001464844,244.8268890380859,330.96875,10.0,0.1,2.0,209,0.029799037,False
35348,4303,ok,True,True,20260908,5,analysis_activations,positive,False,5.030164504875458,5.821759790406094,0.04111190251324373,0.26246749672420905,0.2027607025861859,0.5123158173667968,0.6814809260870329,0.3185190739129669,0.3185190739129669,2.0318051101225807,2,10,6221.987753936925,4319.506252738046,1902.4815011988794,1902.4815011988794,114.39424896240234,167.47274780273438,597.0805725097646,1315.961669921875,10.0,0.1,2.0,429,0.24769124,False
35385,4467,ok,True,False,20260908,5,analysis_activations,positive,False,5.056516215525825,5.4322321010498005,0.0101492636213843,0.060935085910359524,0.10074355374605513,0.24685033099098636,0.5761972697144099,0.4238027302855902,0.4238027302855902,1.992909414182478,2,12,561.4814526564347,-864.2969304098422,1425.778383066277,1425.778383066277,134.9124755859375,171.14013671875,309.5111083984374,539.2938232421875,10.0,0.1,2.0,1690,0.06615711,False
35435,1041,ok,True,False,20260908,5,analysis_activations,positive,False,4.924997359383595,5.1550827881446235,0.004282640440539954,0.02367300643373704,0.06544188597939361,0.15386034717800762,0.6028720489767189,0.3971279510232812,0.3971279510232812,1.9461187667487387,2,10,-886.3923424676085,-1196.1354772678787,309.74313480027024,309.74313480027024,124.97215270996094,143.84974670410156,204.3859405517578,289.21197509765625,10.0,0.1,2.0,179,0.024680372,False
35441,665,ok,True,True,20260908,5,analysis_activations,positive,False,5.322675078158076,6.502919950927643,0.08509733432887545,0.043074792184440866,0.29171447397905276,0.20754467515318448,0.7609446533703922,0.23905534662960784,0.23905534662960784,4.662193830992345,2,8,1159.7847928184926,862.5069655432933,297.27782727519934,297.27782727519934,127.80584716796875,226.51223754882812,781.7417236328125,954.5186767578125,10.0,0.1,2.0,506,0.3289384,False
35563,818,ok,True,False,20260908,5,analysis_activations,positive,False,4.941726324030464,5.4016831475366045,0.011889713259487398,0.1303177377818401,0.1090399617547961,0.3609954816640232,0.7970785483472013,0.20292145165279885,0.20292145165279885,1.7249276658517991,2,7,161.14488876821315,-380.5812968662983,541.7261856345115,541.7261856345115,120.39024353027344,140.97695922851562,251.68044052124023,1002.535888671875,10.0,0.1,2.0,357,0.07022483,False
35827,950,ok,True,True,20260908,5,analysis_activations,positive,False,4.5380325832405175,5.160145548509584,0.04484070860693418,0.11076997969687964,0.21175624809420426,0.3328212428570022,0.5669459327887446,0.43305406721125544,0.43305406721125544,2.230306440028276,2,5,1017.4226248766865,916.9432402845262,100.47938459216039,100.47938459216039,66.54214477539062,114.318603515625,257.38630371093745,592.6149291992188,10.0,0.1,2.0,335,0.16858962,False
35837,5555,ok,True,True,20260908,5,analysis_activations,positive,False,4.813497199224867,6.152851167856336,0.09005499080496364,0.12999667037447402,0.30009163734593414,0.36055051015700146,0.8670700948485807,0.13292990515141928,0.13292990515141928,4.037830098520238,2,3,9132.77328931068,6590.335713597945,2542.4375757127355,2542.4375757127355,82.98916625976562,125.908447265625,594.8182067871094,800.685546875,10.0,0.1,2.0,2553,0.30217847,False
36005,6339,ok,True,False,20260908,5,analysis_activations,positive,False,5.050073154428809,5.208090183701419,0.0018732236307528014,0.012456727817709276,0.04328075358346711,0.11160971202233826,0.6096282084636205,0.3903717915363795,0.3903717915363795,1.866794579298509,2,11,-10058.226310032105,-12353.509488485797,2295.283178453692,2295.283178453692,145.84066772460938,159.90438842773438,206.26503143310543,304.3865966796875,10.0,0.1,2.0,797,0.011947875,False
36152,9790,ok,True,True,20260908,5,analysis_activations,positive,False,4.487709866905441,5.2314952069583525,0.015372835699473444,0.2414589493736206,0.12398724006716758,0.4913847264350212,0.6644502828224043,0.3355497171775958,0.3355497171775958,2.07557402432571,2,12,12733.581878255143,4678.901928717392,8054.679949537751,8054.679949537751,74.22663116455078,94.1070556640625,307.63161468505825,838.003173828125,10.0,0.1,2.0,3333,0.21459953,False
36183,12046,ok,True,False,20260908,5,analysis_activations,positive,False,4.566114176215467,5.171041703721183,0.016357431747027324,0.2169792082820476,0.12789617565442418,0.46581027069188546,0.7773700756547391,0.22262992434526094,0.22262992434526094,1.771033905558087,2,10,9092.307298208827,-420.26576225864864,9512.573060467475,9512.573060467475,80.36531066894531,97.15255737304688,229.40126037597656,1033.0367431640625,10.0,0.1,2.0,3952,0.1243622,False
36257,4694,ok,True,False,20260908,5,analysis_activations,positive,False,5.046822289467889,5.496084967550317,0.012297134901991445,0.09575240835218915,0.11089244745243675,0.3094388604428816,0.6310469759133913,0.3689530240866086,0.3689530240866086,1.932875457908128,2,11,2039.189458731108,-58.89403912853835,2098.0834978596463,2098.0834978596463,132.7200164794922,166.55799102783203,344.087239074707,850.9893798828125,10.0,0.1,2.0,955,0.09009938,False
36292,638,ok,True,True,20260908,5,analysis_activations,positive,False,5.217626325073491,5.827863440200932,0.02980839249057011,0.0737093450959752,0.1726510715013669,0.2714946502161234,0.5892774614189629,0.410722538581037,0.410722538581037,2.682293086349471,2,6,559.7729793966939,443.71730763119234,116.05567176550159,116.05567176550159,144.7082977294922,222.1747055053711,475.0592987060546,622.3125610351562,10.0,0.1,2.0,100,0.13818446,False
36324,2350,ok,True,False,20260908,5,analysis_activations,positive,False,5.035289961595833,5.430255127794501,0.011513357010921718,0.06808016974611697,0.1073003122591995,0.2609217693986398,0.606114488640329,0.393885511359671,0.393885511359671,1.9798619919951101,2,12,469.7994848218538,-324.1760689496528,793.9755537715066,793.9755537715066,131.54473876953125,165.31853485107422,313.18213043212876,544.463134765625,10.0,0.1,2.0,930,0.07106617,False
36467,9035,ok,True,False,20260908,5,analysis_activations,positive,False,4.5709476794441875,5.129530837279771,0.01540749652252417,0.18572318227922713,0.12412693713503194,0.43095612570101277,0.7099952243907469,0.29000477560925303,0.29000477560925303,1.7614230493662906,2,12,7158.312510154651,1077.2320108588453,6081.080499295806,6081.080499295806,80.95021057128906,99.86300659179688,257.9306610107422,938.9810180664062,10.0,0.1,2.0,3443,0.12905797,False
36627,4133,ok,True,False,20260908,5,analysis_activations,positive,False,4.903247281447473,5.412510065140992,0.013821533812960774,0.12451286044735392,0.1175650195124416,0.3528637987203475,0.6163029737950572,0.38369702620494295,0.38369702620494295,1.9363856301001616,2,13,2899.8102525302425,890.7166485680293,2009.0936039622131,2009.0936039622131,114.1318588256836,145.7890167236328,341.4164733886717,719.2683715820312,10.0,0.1,2.0,1064,0.11764986,False
36680,9129,ok,True,False,20260908,5,analysis_activations,positive,False,4.726263445940644,5.407081733314756,0.020367064413197303,0.22274124450475138,0.1427132243809147,0.4719547059885635,0.6762987295145099,0.3237012704854901,0.3237012704854901,1.9527484844695853,2,16,10636.018047438847,4733.8689362357045,5902.149111203143,5902.149111203143,92.6010971069336,119.04024505615234,410.7730895996095,729.6198120117188,10.0,0.1,2.0,2053,0.18736704,False
36690,675,ok,True,True,20260908,5,analysis_activations,positive,False,5.144074318358811,5.806217993241908,0.04308568747318087,0.13739350253789678,0.20757092155015563,0.37066629538966284,0.7318534621098366,0.26814653789016335,0.26814653789016335,2.2042135410672787,2,4,667.6127905742992,506.82495587411984,160.78783470017936,160.78783470017936,124.2255859375,185.8873291015625,464.71173706054674,882.830078125,10.0,0.1,2.0,342,0.15464222,False
36728,15670,ok,True,True,20260908,5,analysis_activations,positive,False,4.8739562498628635,5.297580933120589,0.013352589134103412,0.06507446199959711,0.11555340381876862,0.2550969658768938,0.5856664437769168,0.41433355622308315,0.41433355622308315,2.139258725585655,2,11,4579.945019677577,17.878304296001815,4562.066715381575,4562.066715381575,109.6648178100586,144.00482177734375,272.82883453369135,539.5528564453125,10.0,0.1,2.0,3487,0.07833425,False
36759,3101,ok,True,False,20260908,5,analysis_activations,positive,False,5.052687598834069,5.395780232531621,0.008376739738887666,0.060142337719616704,0.09152453080397444,0.24523934782089252,0.6279470399163083,0.3720529600836916,0.3720529600836916,1.853619706981547,2,11,-170.1913320928108,-1401.736417363891,1231.54508527108,1231.54508527108,136.71505737304688,164.6229248046875,284.44915771484375,631.8228149414062,10.0,0.1,2.0,433,0.0551542,False
36780,578,ok,True,False,20260908,5,analysis_activations,positive,False,5.085013315991956,5.5966991374204,0.015432214657856361,0.11704473739922307,0.12422646520712227,0.34211801677085507,0.48306525458741295,0.516934745412587,0.48306525458741295,1.988145740542764,2,16,488.42169772036004,335.4564949343549,152.96520278600514,152.96520278600514,134.5048370361328,191.09019470214844,433.89263610839845,777.1159057617188,10.0,0.1,2.0,297,0.13356987,False
36804,1919,ok,True,True,20260908,5,analysis_activations,positive,False,5.0004567816497625,6.0702658588373755,0.1075872428690154,0.10610938966671667,0.32800494336063807,0.3257443624480962,0.6012783321260883,0.3987216678739117,0.3987216678739117,3.2728223860542207,2,3,3611.1701704316297,3218.1567026210532,393.01346781057646,393.01346781057646,96.1591796875,211.9768829345703,617.3456420898436,756.2037353515625,10.0,0.1,2.0,1180,0.38157916,False
36810,2352,ok,True,True,20260908,5,analysis_activations,positive,False,5.076099678211585,5.586451161337762,0.017347915353986672,0.09668048219114977,0.13171148527743004,0.3109348520046438,0.5558039247557679,0.444196075244232,0.444196075244232,2.1373609400092097,2,13,1641.5872378282818,942.134640831152,699.4525969971298,699.4525969971298,131.27615356445312,182.94822692871094,403.41881256103517,751.0146484375,10.0,0.1,2.0,518,0.11693925,False
36836,1949,ok,True,False,20260908,5,analysis_activations,positive,False,4.974965063161668,5.428939934537245,0.008215753578322141,0.11536855004539785,0.09064079422821791,0.33965946188115803,0.5542616381783148,0.44573836182168525,0.44573836182168525,1.8262707134647171,2,21,1188.3574233854297,154.7221432408063,1033.6352801446233,1033.6352801446233,126.79585266113281,157.7677459716797,350.1175964355468,786.1182250976562,10.0,0.1,2.0,601,0.1069484,False
36865,1585,ok,True,True,20260908,5,analysis_activations,positive,False,5.075595202710499,5.625629364178008,0.009596726232302916,0.12129303597023118,0.09796288191097134,0.34827149749905056,0.4138977600459555,0.5861022399540444,0.4138977600459555,2.1500661504799865,2,24,1489.4017997868089,936.4246222802941,552.9771775065147,552.9771775065147,139.19281005859375,200.16152954101562,473.8988891601562,835.0996704101562,10.0,0.1,2.0,1048,0.14854634,False
36902,3477,ok,True,True,20260908,5,analysis_activations,positive,False,4.870994040248965,5.315100901086593,0.015722387964749566,0.06644777319850635,0.12538894674072976,0.2577746558498456,0.575149381349432,0.42485061865056795,0.42485061865056795,2.1910153032497237,2,10,1331.4488913961288,475.62086935192207,855.8280220442068,855.8280220442068,107.74678802490234,146.28253173828125,279.957861328125,508.48614501953125,10.0,0.1,2.0,360,0.08549048,False
37005,2817,ok,True,False,20260908,5,analysis_activations,positive,False,5.027581158923863,5.559703939760605,0.013229970670434714,0.16853689082171291,0.11502160958026415,0.4105324479523061,0.6955986304735495,0.3044013695264504,0.3044013695264504,1.7651007342662557,2,12,2048.1845794379433,146.60724185903706,1901.5773375789063,1901.5773375789063,129.19845581054688,158.2089080810547,363.3378845214843,1112.37939453125,10.0,0.1,2.0,864,0.120502874,False
37016,3788,ok,True,True,20260908,5,analysis_activations,positive,False,4.497358593305949,5.417872343058995,0.015090750171850822,0.3271965138291819,0.12284441449187188,0.5720109385572814,0.6956248306200818,0.30437516937991815,0.30437516937991815,2.2251019165424393,2,12,6070.703785081538,1945.9371819604985,4124.766603121039,4124.766603121039,75.84228515625,93.6949462890625,462.0264129638669,801.5635375976562,10.0,0.1,2.0,1985,0.28957266,False
37018,723,ok,True,False,20260908,5,analysis_activations,positive,False,5.097949805497247,5.786383503981524,0.018277614431675436,0.11944483782229723,0.13519472782499856,0.3456079249992645,0.9170568238707686,0.08294317612923144,0.08294317612923144,2.62346180075388,2,5,62.880849264672065,-379.5991447945675,442.4799940592396,442.4799940592396,132.4900360107422,162.4377899169922,283.65687561035156,761.8973999023438,10.0,0.1,2.0,302,0.06280411,False
37051,7884,ok,True,False,20260908,5,analysis_activations,positive,False,5.1065969140854905,5.578033449000235,0.015461220057050943,0.1073923105430196,0.12434315444386532,0.32770766018361486,0.6634984175369957,0.3365015824630043,0.3365015824630043,1.9021484727419995,2,10,3917.7496577231564,510.2097428483441,3407.5399148748124,3407.5399148748124,138.00326538085938,175.1815643310547,369.239599609375,965.3171997070312,10.0,0.1,2.0,1377,0.0960293,False
37147,4565,ok,True,False,20260908,5,analysis_activations,positive,False,4.978944949681768,5.409111223395391,0.009147183551119022,0.09669144153797703,0.09564090940135932,0.3109524747256034,0.6442141751226714,0.3557858248773286,0.3557858248773286,1.8699468409455373,2,15,1593.6377682053815,-994.2500503302329,2587.8878185356143,2587.8878185356143,126.58320617675781,152.37118530273438,315.900311279297,775.886474609375,10.0,0.1,2.0,1054,0.082723476,False
37328,1565,ok,True,True,20260908,5,analysis_activations,positive,False,5.280803955088387,6.377801173472727,0.09382712441317533,0.022139724905080347,0.30631213559566217,0.1487942368006246,0.8245327409691346,0.1754672590308654,0.1754672590308654,4.55568403211536,2,9,2319.599545255069,1758.3503774215017,561.2491678335675,561.2491678335675,117.42324829101562,215.46807861328125,641.6799194335937,882.8909301757812,10.0,0.1,2.0,786,0.25551683,False
37331,979,ok,True,True,20260908,5,analysis_activations,positive,False,5.009506463536952,5.382738823513372,0.00966229799259453,0.059872022379520926,0.09829698872597538,0.24468760160564107,0.6533732318415149,0.34662676815848514,0.34662676815848514,2.0016801461794453,2,8,14.846633088077844,-353.03652254478055,367.8831556328584,367.8831556328584,128.69252014160156,158.4612274169922,276.22764892578124,515.6919555664062,10.0,0.1,2.0,372,0.05867397,False
37336,4429,ok,True,False,20260908,5,analysis_activations,positive,False,4.995827117461972,5.335458301466153,0.006349953788415597,0.055018352806779476,0.07968659729474961,0.23455991304308474,0.6276104491668203,0.37238955083317976,0.37238955083317976,1.938878019624668,2,11,-557.3283191539674,-2689.634577675069,2132.306258521102,2132.306258521102,131.21279907226562,154.9539794921875,272.07353515624993,551.0556640625,10.0,0.1,2.0,895,0.051443286,False
37423,9461,ok,True,False,20260908,5,analysis_activations,positive,False,4.4510896244313365,5.3282680726512925,0.027807070382696402,0.3961191209396643,0.166754521326099,0.6293799495850374,0.8364761995818932,0.16352380041810674,0.16352380041810674,1.9052756889058313,2,9,11317.27054643164,2712.010811393577,8605.259735038064,8605.259735038064,67.67098999023438,85.47566223144531,239.55789184570312,843.3436279296875,10.0,0.1,2.0,3513,0.19330128,False
37479,9364,ok,True,False,20260908,5,analysis_activations,positive,False,4.6234406200154625,5.117395960266177,0.01345533588957756,0.14608119263496197,0.11599713741975515,0.3822056941425153,0.7527718480318268,0.24722815196817322,0.24722815196817322,1.7489307514990549,2,10,4214.452566309882,-1995.218098901396,6209.670665211278,6209.670665211278,86.29984283447266,103.51288604736328,208.84889068603522,701.2910766601562,10.0,0.1,2.0,3441,0.09166087,False
37484,3414,ok,True,True,20260908,5,analysis_activations,positive,False,5.059411132719227,5.632844348232922,0.028219947556555,0.07796600517858947,0.1679879387234542,0.2792239337495793,0.573740007304937,0.42625999269506293,0.42625999269506293,2.4886527896634574,2,6,2735.3203597082165,2102.1401737201586,633.1801859880579,633.1801859880579,122.055908203125,185.8109893798828,406.69556732177733,571.46044921875,10.0,0.1,2.0,1849,0.12987997,False
37588,5717,ok,True,True,20260908,5,analysis_activations,positive,False,5.142329915546659,5.71337220580535,0.03357669893050389,0.09404553735717767,0.1832394578973205,0.30666844858442427,0.5676320842480941,0.432367915751906,0.432367915751906,2.2605811145186774,2,6,4991.011232397633,4110.750233520632,880.2609988770009,880.2609988770009,129.27557373046875,204.50518798828125,444.00673828124997,912.5400390625,10.0,0.1,2.0,171,0.1397757,False
37653,1311,ok,True,True,20260908,5,analysis_activations,positive,False,4.984963803261846,5.5103077517687415,0.011907861267055475,0.11227892184188484,0.10912314725600374,0.3350804706960476,0.5413285326385585,0.45867146736144154,0.45867146736144154,2.108244825492633,2,17,1023.9869569899223,455.83374660636423,568.1532103835581,568.1532103835581,125.44434356689453,165.78880310058594,383.9840087890625,634.1058349609375,10.0,0.1,2.0,277,0.12656602,False
37700,3216,ok,True,True,20260908,5,analysis_activations,positive,False,5.11978297945028,5.747320876824105,0.02028131423938026,0.11543297110048407,0.14241247922629624,0.3397542804741157,0.4446652318686528,0.5553347681313472,0.4446652318686528,2.409029809558753,2,21,3451.0768650525656,2666.9981218863554,784.0787431662102,784.0787431662102,135.46328735351562,218.09683227539062,513.9255523681641,740.22021484375,10.0,0.1,2.0,394,0.17041928,False
37774,7220,ok,True,True,20260908,5,analysis_activations,positive,False,4.859425104471653,5.292945277549865,0.011880693598809023,0.0722900935661805,0.10899859448088779,0.26886817135202246,0.5894830203604021,0.4105169796395978,0.4105169796395978,2.113214660049551,2,13,2463.733630468391,-129.58555054385403,2593.319181012245,2593.319181012245,109.62930297851562,140.88726806640625,276.362187194824,475.6015930175781,10.0,0.1,2.0,884,0.08217001,False
37793,1024,ok,True,True,20260908,5,analysis_activations,positive,False,5.093828273247307,5.4683092070810195,0.007756541528529018,0.06039708786821368,0.0880712298570255,0.24575818982938022,0.5552795171836088,0.4447204828163912,0.4447204828163912,2.0286177201706943,2,13,133.34919998505282,-244.84811793450652,378.19731791955934,378.19731791955934,143.36648559570312,177.0621337890625,316.34356994628894,578.9856567382812,10.0,0.1,2.0,207,0.06586087,False
37851,2950,ok,True,True,20260908,5,analysis_activations,positive,False,4.438835662176004,5.240862666857304,0.017720072037081664,0.26014960487076133,0.13311676091718,0.5100486299077386,0.6775649027844923,0.32243509721550767,0.32243509721550767,2.151708379912641,2,10,4133.357067737285,1699.3828636611381,2433.9742040761475,2433.9742040761475,69.84800720214844,89.84404754638672,374.58782958984375,618.6502075195312,10.0,0.1,2.0,1429,0.23649766,False
37984,812,ok,True,True,20260908,5,analysis_activations,positive,False,5.285181985532152,6.043901482358716,0.0342428484820458,0.1079919332032794,0.1850482328530748,0.32862126103354816,0.5666790509064878,0.43332094909351215,0.43332094909351215,2.8450724935107443,2,9,1040.9929802160932,834.5142038262119,206.47877638988132,206.47877638988132,150.2960205078125,246.1103744506836,627.4125610351549,998.3199462890625,10.0,0.1,2.0,214,0.20780922,False
38050,9598,ok,True,True,20260908,5,analysis_activations,positive,False,4.477250870446621,5.469111969269465,0.02613937356682481,0.3535208916857917,0.16167675642102922,0.5945762286585226,0.810205133166771,0.18979486683322896,0.18979486683322896,2.2765032875392763,2,13,13540.950373231524,3850.4329867543765,9690.517386477148,9690.517386477148,70.59634399414062,88.2419319152832,414.8462631225585,823.6184692382812,10.0,0.1,2.0,3534,0.23957889,False
38098,3150,ok,True,False,20260908,5,analysis_activations,positive,False,4.897226178762624,5.239987297453974,0.007642819690027449,0.060918909989480255,0.08742322168638862,0.24681756418350834,0.7068661875894212,0.29313381241057873,0.29313381241057873,1.851252537000437,2,9,-635.9158979479873,-2234.5654132310033,1598.649515283016,1598.649515283016,118.37381744384766,137.41787719726562,230.66934661865227,628.1222534179688,10.0,0.1,2.0,1099,0.047617584,False
38171,923,ok,True,True,20260908,5,analysis_activations,positive,False,4.986485679008114,5.672015422532194,0.015986013033363666,0.18665033738553163,0.12643580597822623,0.43203048200969757,0.6047279988171702,0.39527200118282974,0.39527200118282974,2.153687179995523,2,14,1127.8076874328492,572.7077614636923,555.0999259691569,555.0999259691569,122.16357421875,160.72511291503906,520.758380126953,945.15771484375,10.0,0.1,2.0,289,0.19598942,False
38186,520,ok,True,True,20260908,5,analysis_activations,positive,False,5.019751972138994,5.577184080103562,0.014984072869813169,0.10722086935621664,0.12240944763298775,0.327445979294626,0.39277270868857095,0.607227291311429,0.39277270868857095,2.2550833226238205,2,20,484.4372210709059,385.97319705260395,98.46402401830193,98.46402401830193,123.08261108398438,197.89825439453125,418.9287597656248,699.8753662109375,10.0,0.1,2.0,403,0.14538127,False
38284,1403,ok,True,True,20260908,5,analysis_activations,positive,False,4.9761340124012055,5.4168994754808875,0.01166955110504721,0.08406965575211675,0.10802569650341168,0.28994767761117995,0.6259803360000129,0.37401966399998715,0.37401966399998715,2.0145481059665657,2,12,524.7729719967564,-65.53476328237019,590.3077352791265,590.3077352791265,123.83193969726562,155.30946350097656,315.70931091308546,543.335205078125,10.0,0.1,2.0,612,0.084292494,False
38341,3596,ok,True,False,20260908,5,analysis_activations,positive,False,4.873185704730456,5.050828226780774,0.0026002779958984885,0.015254815572616104,0.05099292103712522,0.12351038649691007,0.6250459476936263,0.37495405230637374,0.37495405230637374,1.880099625826996,2,10,-4943.653617861201,-6142.635009560199,1198.9813916989979,1198.9813916989979,120.51888275146484,134.12918090820312,176.88926315307617,313.473388671875,10.0,0.1,2.0,1987,0.014744044,False
38462,2223,ok,True,True,20260908,5,analysis_activations,positive,False,4.984451868018368,5.652669227363592,0.013392830898970792,0.15090405776091204,0.11572739908496514,0.38846371485752956,0.4918919933636901,0.5081080066363098,0.4918919933636901,2.331406924680337,2,18,2688.3741409058007,1652.1260704256965,1036.2480704801042,1036.2480704801042,124.05474853515625,176.21542358398438,496.377606201172,730.3185424804688,10.0,0.1,2.0,968,0.19494934,False
38498,2001,ok,True,True,20260908,5,analysis_activations,positive,False,4.905494828899849,5.65833400201264,0.03318544457555348,0.17787628052647947,0.18216872556932895,0.4217538150704502,0.5564136117571721,0.4435863882428278,0.4435863882428278,2.317461164664927,2,15,2815.11920926323,2184.536435225417,630.5827740378131,630.5827740378131,104.05755615234375,163.25845336914062,480.5201110839844,1042.1505126953125,10.0,0.1,2.0,943,0.23737398,False
38523,2982,ok,True,False,20260908,5,analysis_activations,positive,False,4.985895060350802,5.183861866435473,0.0035235185492954926,0.016767018024251772,0.059359233058518306,0.12948752072787467,0.6786148444080945,0.3213851555919055,0.3213851555919055,1.965443701334125,2,6,-3792.3360147687304,-4731.2106201252545,938.8746053565242,938.8746053565242,133.62936401367188,149.84524536132812,201.97658233642574,315.7032775878906,10.0,0.1,2.0,596,0.016331661,False
38565,1020,ok,True,False,20260908,5,analysis_activations,positive,False,4.967202046114857,5.286283485768461,0.006643692793525717,0.05534700599872625,0.08150885101340662,0.23525944401601873,0.6047343209731245,0.3952656790268756,0.3952656790268756,1.8123967499064346,2,12,-142.47864403554667,-554.7701645700155,412.2915205344688,412.2915205344688,127.34261322021484,151.40133666992188,251.0809463500976,493.7948303222656,10.0,0.1,2.0,187,0.050279193,False
38628,1371,ok,True,True,20260908,5,analysis_activations,positive,False,5.162228760290648,6.041442599792462,0.07540169862413686,0.07628069927439357,0.2745936973496239,0.2761896074699292,0.47201158976138663,0.5279884102386134,0.47201158976138663,3.1925809698200274,2,3,2102.511101130255,1878.696805900213,223.81429523004226,223.81429523004226,112.66043090820312,285.37811279296875,596.6606140136719,753.8074340820312,10.0,0.1,2.0,668,0.26870945,False
38775,2327,ok,True,True,20260908,5,analysis_activations,positive,False,4.969228577643945,5.423442972905138,0.004651098667789479,0.06225260305372105,0.06819896383222754,0.24950471549395825,0.34676284593009526,0.6532371540699048,0.34676284593009526,2.483423681163603,2,22,990.2349021847778,254.62879023165,735.6061119531278,735.6061119531278,129.9283447265625,184.1453399658203,327.8852600097656,508.1373291015625,10.0,0.1,2.0,316,0.08904888,False
38862,1114,ok,True,False,20260908,5,analysis_activations,positive,False,5.055730192901879,5.730296515306468,0.028082272086100746,0.20038877287584356,0.16757765986580891,0.4476480457634586,0.703213634527154,0.29678636547284587,0.29678636547284587,1.9958324024306089,2,9,1228.578974654625,694.1969456400952,534.3820290145297,534.3820290145297,122.51812744140625,167.0075454711914,489.12700500488256,979.6839599609375,10.0,0.1,2.0,477,0.17434464,False
39040,7388,ok,True,False,20260908,5,analysis_activations,positive,False,5.037176098533573,5.342649130586243,0.0051735353922109685,0.046681482302402856,0.07192729240150061,0.21605897875904823,0.5957131475889411,0.4042868524110589,0.4042868524110589,1.8971098548985006,2,14,-2021.4592574391252,-5400.321898303842,3378.862640864717,3378.862640864717,138.72740173339844,161.9553985595703,270.0127075195312,574.8546142578125,10.0,0.1,2.0,1959,0.044433184,False
39054,777,ok,True,False,20260908,5,analysis_activations,positive,False,4.459388377812444,5.130396744937446,0.015792896530217256,0.270017527227263,0.12566979163751826,0.5196321075792594,0.6609294019508942,0.3390705980491057,0.3390705980491057,1.775022659564315,2,15,978.9718602918947,396.98151584048014,581.9903444514146,581.9903444514146,72.07206726074219,90.26609802246094,294.18363037109367,667.965087890625,10.0,0.1,2.0,383,0.20315525,False
39107,4191,ok,True,True,20260908,5,analysis_activations,positive,False,4.966807926873123,5.250913677840392,0.007188106480325947,0.030634768154154,0.08478270153944109,0.17502790678675786,0.684625338056882,0.31537466194311814,0.31537466194311814,2.065940246308164,2,5,-2514.063935354214,-3784.955417393367,1270.8914820391528,1270.8914820391528,126.22970581054688,148.7284698486328,227.6146240234375,352.17657470703125,10.0,0.1,2.0,600,0.032016993,False
39139,5281,ok,True,True,20260908,5,analysis_activations,positive,False,4.977195185217078,5.338440395569969,0.011486015007285626,0.04692529443149024,0.1071728277469883,0.21662246982132358,0.5844953031155107,0.4155046968844893,0.4155046968844893,2.113823025888941,2,9,-41.519133234197355,-1271.8930755516228,1230.3739423174254,1230.3739423174254,122.81623840332031,158.7669677734375,266.3881530761719,433.67779541015625,10.0,0.1,2.0,658,0.057914265,False
39180,5718,ok,True,True,20260908,5,analysis_activations,positive,False,4.479637087288526,5.234680495798357,0.013960843750062103,0.24849795409336728,0.11815601444726419,0.4984956911482458,0.725445751341518,0.274554248658482,0.274554248658482,2.0842813895286336,2,10,6805.128907411925,1162.3638766117563,5642.7650308001685,5642.7650308001685,74.45004272460938,90.6330337524414,300.80498046874993,708.51416015625,10.0,0.1,2.0,2640,0.1919335,False
39239,5390,ok,True,False,20260908,5,analysis_activations,positive,False,4.984211197920864,5.206177917896131,0.0034450897062734123,0.023525807591301896,0.05869488654281063,0.15338124915158924,0.596035518381846,0.403964481618154,0.403964481618154,1.9114157693978941,2,11,-4921.862059991318,-6884.457338094044,1962.5952781027254,1962.5952781027254,133.37820434570312,152.03443908691406,215.66721801757814,368.32232666015625,10.0,0.1,2.0,2544,0.023423301,False
39243,3052,ok,True,False,20260908,5,analysis_activations,positive,False,4.949354466694926,5.35349801504047,0.009348297806573497,0.0771708988101794,0.09668659579576425,0.27779650611586065,0.6413337024056835,0.35866629759431645,0.35866629759431645,1.9430966767019588,2,11,614.922187240123,-842.8405325721459,1457.7627198122689,1457.7627198122689,122.30790710449219,148.82969665527344,283.8428314208984,609.3125,10.0,0.1,2.0,886,0.0712666,False
39379,973,ok,True,True,20260908,5,analysis_activations,positive,False,5.181036895809095,5.777376866228435,0.032716473643892574,0.08225276443362294,0.18087695719436617,0.2867974275226731,0.5690535179615073,0.4309464820384926,0.4309464820384926,2.487242274874352,2,5,870.7917046464772,725.5457790009065,145.24592564557076,145.24592564557076,134.56326293945312,215.00210571289062,464.82918090820294,645.0484619140625,10.0,0.1,2.0,522,0.14141789,False
39425,973,ok,True,True,20260908,5,analysis_activations,positive,False,5.119549878570636,5.914126895585322,0.07002141047327085,0.11696510989832416,0.26461559000419993,0.3420016226545192,0.5776774214132555,0.4223225785867445,0.4223225785867445,2.598638371146258,2,4,1402.0134031849004,1307.8913169101138,94.12208627478662,94.12208627478662,109.53303527832031,219.40895080566406,554.805126953125,1047.215576171875,10.0,0.1,2.0,619,0.24412553,False
39617,3992,ok,True,True,20260908,5,analysis_activations,positive,False,4.809576574232533,5.747016975021036,0.03996637253625912,0.10092737690461073,0.1999159136643682,0.31769069376456516,0.23272191113474794,0.7672780888652521,0.23272191113474794,3.5319358003121826,2,11,5708.74444422046,4990.817345277473,717.927098942987,717.927098942987,91.6230697631836,274.9356231689453,522.6283050537108,789.6820068359375,10.0,0.1,2.0,2068,0.24372002,False
39625,4688,ok,True,True,20260908,5,analysis_activations,positive,False,4.969160050376976,5.294044609345164,0.006417421412369134,0.04591866088877112,0.08010880982993777,0.21428639921556178,0.5554057500513,0.4445942499487,0.4445942499487,2.0083687896901865,2,14,-719.1906810767919,-2379.5253177091963,1660.3346366324045,1660.3346366324045,127.65736389160156,154.86929321289062,262.01838989257806,432.8081359863281,10.0,0.1,2.0,1353,0.050052624,False
39677,17794,ok,True,False,20260908,5,analysis_activations,positive,False,4.452163005904093,4.882459004059158,0.01637531805902883,0.13984658578678616,0.127966081674125,0.3739606741179962,0.7962243878864854,0.2037756121135147,0.2037756121135147,1.5396121929175486,2,4,3594.1347885178907,-5666.3273835053415,9260.462172023232,9260.462172023232,71.00155639648438,86.2842788696289,146.90158843994135,732.982421875,10.0,0.1,2.0,4550,0.071580626,False
39788,761,ok,True,False,20260908,5,analysis_activations,positive,False,5.093739383812864,5.606628365232943,0.012598049656262721,0.12593218160475916,0.11224103374551894,0.3548692457860489,0.6658931715904242,0.3341068284095758,0.3341068284095758,1.948794688529836,2,10,486.1177151331319,59.47995822672707,426.63775690640483,426.63775690640483,138.2401123046875,172.32955932617188,374.8055419921875,1234.734375,10.0,0.1,2.0,385,0.109130494,False
39850,2078,ok,True,True,20260908,5,analysis_activations,positive,False,5.064617094898989,5.5005478255470255,0.011901826066840529,0.08212672946523433,0.10909549058893557,0.2865776150805124,0.5357543091032483,0.46424569089675183,0.46424569089675183,2.0104931649219004,2,17,949.1103119622179,282.9537501956644,666.1565617665535,666.1565617665535,134.64468383789062,176.95880126953125,362.1847610473632,576.140625,10.0,0.1,2.0,1047,0.09181262,False
39919,852,ok,True,True,20260908,5,analysis_activations,positive,False,5.494764657005847,5.770512888365506,0.007711265036925831,0.030237369291922955,0.08781380891935978,0.1738889567854237,0.5704844088675664,0.4295155911324336,0.4295155911324336,2.001841358831347,2,7,-400.4784756012736,-550.1672008507578,149.6887252494842,149.6887252494842,212.10711669921875,260.84246826171875,396.4574523925779,598.538330078125,10.0,0.1,2.0,175,0.036059555,False
39932,2320,ok,True,True,20260908,5,analysis_activations,positive,False,4.482139331534636,5.41309585654456,0.0136829579548032,0.29961361694834393,0.11697417644421866,0.5473697260064205,0.5771611931555708,0.4228388068444293,0.4228388068444293,2.3521584526679766,2,10,4137.752481911766,2122.0284245836488,2015.7240573281174,2015.7240573281174,74.44779205322266,99.54631042480469,508.9011840820312,688.2005004882812,10.0,0.1,2.0,1423,0.3462441,False
39978,2308,ok,True,True,20260908,5,analysis_activations,positive,False,5.051584842116313,5.46145713194753,0.011656027825234552,0.05252659221744554,0.10796308547477954,0.22918680637734262,0.6185034998915899,0.38149650010841013,0.38149650010841013,2.2879937563557897,2,10,322.7322168021795,-395.1524884110787,717.8847052132583,717.8847052132583,132.80465698242188,169.18905639648438,309.75028533935546,474.9520263671875,10.0,0.1,2.0,1620,0.06691562,False
40018,1544,ok,True,False,20260908,5,analysis_activations,positive,False,5.049069793695949,5.407361034835297,0.006163891426764821,0.06906120051587468,0.07851045425142324,0.26279497810246427,0.5807020401388302,0.4192979598611698,0.4192979598611698,1.8474378012266068,2,15,147.09832582376237,-612.0675077623542,759.1658335861166,759.1658335861166,138.48316955566406,165.2636947631836,305.3641494750975,588.4954223632812,10.0,0.1,2.0,492,0.06383396,False
40029,1953,ok,True,False,20260908,5,analysis_activations,positive,False,4.972717195947025,5.305019712627844,0.007252332453617119,0.06106667765231294,0.08516062736744674,0.24711672879898872,0.6123034360542486,0.38769656394575125,0.38769656394575125,1.7979509754023946,2,13,-130.98646297240788,-959.7891530027732,828.8026900303653,828.8026900303653,127.33914184570312,151.6329803466797,259.61144409179684,539.0498657226562,10.0,0.1,2.0,456,0.054355998,False
40051,5312,ok,True,False,20260908,5,analysis_activations,positive,False,5.0441339369698595,5.35855968016754,0.007004658039500704,0.051021811061604944,0.08369383513437954,0.22588008115282088,0.6765715113421935,0.32342848865780655,0.32342848865780655,1.8459503749866266,2,10,-1638.176914567331,-4026.6816835885493,2388.504769021218,2388.504769021218,137.21580505371094,160.2121124267578,261.3951965332031,679.8955078125,10.0,0.1,2.0,2726,0.0428817,False
40208,2904,ok,True,True,20260908,5,analysis_activations,positive,False,4.488546862412465,5.429863120521857,0.014660513590845227,0.2324216640546999,0.12108060782323991,0.48210130061502626,0.601284382529062,0.398715617470938,0.398715617470938,2.6781188569418446,2,13,4892.458703409008,2345.8381847747733,2546.620518634235,2546.620518634235,74.7113265991211,98.15117263793945,387.60037536621087,636.7608032226562,10.0,0.1,2.0,1347,0.31402093,False
40272,4573,ok,True,True,20260908,5,analysis_activations,positive,False,4.950273224496123,5.426594311815724,0.013409718450137926,0.08113192671508258,0.11580033873067007,0.28483666673215124,0.49220897391922,0.5077910260807801,0.49220897391922,2.1908025049069026,2,15,2666.215590666607,1427.4002989324931,1238.815291734114,1238.815291734114,118.35529327392578,165.582275390625,332.7199279785155,656.4573974609375,10.0,0.1,2.0,1113,0.104527034,False
40341,6409,ok,True,True,20260908,5,analysis_activations,positive,False,4.492843674972224,5.212467969556568,0.019969382966772916,0.19378126991024885,0.14131306721875694,0.44020594033957433,0.5626183931862916,0.43738160681370836,0.43738160681370836,2.2012384469849495,2,15,8600.440381259434,5396.84817875518,3203.5922025042537,3203.5922025042537,72.47205352783203,102.7361068725586,333.72259521484375,667.5238647460938,10.0,0.1,2.0,2505,0.2234595,False
40457,6244,ok,True,True,20260908,5,analysis_activations,positive,False,4.986625331335643,5.531744237469783,0.01827528964548548,0.12211543245387976,0.13518612963423976,0.34945018594054256,0.5542951855439753,0.4457048144560247,0.4457048144560247,2.0574867100980754,2,14,5369.528164576442,3226.184029909925,2143.3441346665168,2143.3441346665168,120.58206939697266,167.12330627441406,400.1120452880859,845.3789672851562,10.0,0.1,2.0,697,0.1379912,False
40554,7163,ok,True,False,20260908,5,analysis_activations,positive,False,4.429271040956704,5.14907005530478,0.01859868434044525,0.2577879387672483,0.13637699344260837,0.5077282134836002,0.6356787868386077,0.36432121316139227,0.36432121316139227,1.9362781095425778,2,12,9683.922997138023,4800.039754918707,4883.883242219315,4883.883242219315,69.02902221679688,90.59550476074219,333.2498260498045,719.8900146484375,10.0,0.1,2.0,3054,0.22576055,False
40570,620,ok,True,False,20260908,5,analysis_activations,positive,False,5.051982388145108,5.209651608880145,0.0020150963886696187,0.010514453112952401,0.044889825001548166,0.10254000737737637,0.7069675985644932,0.29303240143550685,0.29303240143550685,1.9920222769479277,2,7,-1104.648973153411,-1321.9119882980608,217.2630151446499,217.2630151446499,145.46414184570312,157.8889923095703,201.4163101196289,265.7142639160156,10.0,0.1,2.0,384,0.009670329,False
40613,8576,ok,True,False,20260908,5,analysis_activations,positive,False,4.51258255370559,5.193356246300567,0.0175591223393483,0.27446319802933594,0.13251083857310805,0.5238923534747725,0.7686498526978165,0.2313501473021835,0.2313501473021835,1.7815980918331438,2,11,8607.70952915495,1118.7305924137804,7488.97893674117,7488.97893674117,75.60601043701172,92.24983978271484,250.7681655883789,923.1649780273438,10.0,0.1,2.0,3523,0.1594263,False
40646,11157,ok,True,True,20260908,5,analysis_activations,positive,False,4.535322313666308,5.315150315463937,0.01797288123025769,0.25287645363192973,0.13406297486725294,0.5028682269063435,0.7208068863723242,0.2791931136276758,0.2791931136276758,2.1190926090519397,2,12,14050.785712049885,4336.225178258171,9714.560533791715,9714.560533791715,77.08431243896484,96.7603988647461,348.6253051757811,735.4393310546875,10.0,0.1,2.0,3401,0.20595706,False
40725,1152,ok,True,False,20260908,5,analysis_activations,positive,False,5.148835758021386,5.565798314698877,0.008561571815699895,0.08314887564659335,0.09252876209968387,0.28835546751638563,0.4953055741685982,0.5046944258314017,0.4953055741685982,1.94716452493879,2,22,505.08329569490303,99.80820572316144,405.2750899717416,405.2750899717416,150.09869384765625,194.14056396484375,388.594955444336,661.8551025390625,10.0,0.1,2.0,141,0.08974269,False
40748,3100,ok,True,True,20260908,5,analysis_activations,positive,False,5.273271838724627,5.986441981483488,0.05823959202897815,0.07943885693104738,0.2413288048057632,0.28184899668270486,0.5235594552985234,0.4764405447014765,0.4764405447014765,2.7181609463886933,2,4,3749.0814755733104,3452.572434629859,296.5090409434515,296.5090409434515,129.1189727783203,266.1385803222656,575.3880798339843,803.0736694335938,10.0,0.1,2.0,570,0.19527169,False
40802,540,ok,True,False,20260908,5,analysis_activations,positive,False,4.782411410525,5.051388044868565,0.004747401231697914,0.036554887215960494,0.06890138773419527,0.1911933241929762,0.5816685441080255,0.4183314558919745,0.4183314558919745,1.8717269568772694,2,11,-255.22001273110962,-442.95693354486724,187.73692081375762,187.73692081375762,107.441650390625,124.86099624633789,190.80306091308594,302.7751159667969,10.0,0.1,2.0,301,0.03572322,False
40892,5373,ok,True,True,20260908,5,analysis_activations,positive,False,5.085750256407971,5.652561750221725,0.017446095772496843,0.1269632459277791,0.1320836695905169,0.35631902268582166,0.5473945069757297,0.45260549302427017,0.45260549302427017,2.109385721895378,2,13,4949.05466709573,2974.2343600417507,1974.8203070539794,1974.8203070539794,133.4759521484375,185.20010375976562,452.55174560546857,912.1476440429688,10.0,0.1,2.0,1269,0.14663756,False
40977,4924,ok,True,True,20260908,5,analysis_activations,positive,False,4.671829668060531,5.420937834696,0.010865037808386737,0.1813389264265839,0.10423549207629203,0.4258390851326166,0.5898780290763637,0.4101219709236363,0.4101219709236363,2.416453036653858,2,15,6457.015673836263,2482.1696763943723,3974.8459974418906,3974.8459974418906,92.04803466796875,117.17924499511719,384.56695251464816,656.2858276367188,10.0,0.1,2.0,2423,0.2165807,False
41012,538,ok,True,False,20260908,5,analysis_activations,positive,False,4.996511515194495,5.436676400519495,0.011743360060608811,0.1210807346109387,0.10836678485868634,0.347966571111276,0.5709604347604605,0.42903956523953946,0.42903956523953946,1.708016095123955,2,14,332.4853041426187,117.90046420030384,214.58483994231486,214.58483994231486,125.82354736328125,161.98805236816406,320.55208892822264,829.41796875,10.0,0.1,2.0,270,0.10631081,False
41030,534,ok,True,False,20260908,5,analysis_activations,positive,False,5.111717940835182,5.40124945470638,0.007960607126322407,0.03854871207559618,0.08922223448402537,0.19633825932710156,0.7734224373732372,0.2265775626267628,0.2265775626267628,1.898632224997812,2,4,-352.0380802684352,-523.7037947515677,171.6657144831325,171.6657144831325,144.8588409423828,169.06517028808594,250.62330627441395,472.9413146972656,10.0,0.1,2.0,120,0.02963579,False
41137,6630,ok,True,True,20260908,5,analysis_activations,positive,False,5.239857891957233,5.844835909159062,0.040246705063649434,0.0853974020676971,0.20061581459010014,0.29222833891958033,0.5826877019908376,0.4173122980091624,0.4173122980091624,2.413701330329752,2,4,6169.622241556616,5343.234939517559,826.3873020390574,826.3873020390574,135.4490966796875,227.46453857421875,503.7484619140625,898.2015380859375,10.0,0.1,2.0,1403,0.14810738,False
41147,1460,ok,True,True,20260908,5,analysis_activations,positive,False,5.189932797003421,5.761367827775712,0.0387450954360557,0.055441368183964376,0.1968377388512063,0.23545990780590306,0.5750630135219312,0.4249369864780687,0.4249369864780687,2.633222836615363,2,4,1129.2699341357213,994.0375873754507,135.23234676027062,135.23234676027062,127.03532409667969,219.66455078125,423.9042999267578,569.58056640625,10.0,0.1,2.0,1159,0.12571995,False
41399,2736,ok,True,False,20260908,5,analysis_activations,positive,False,5.08700304046575,5.497881526624487,0.011700227431582938,0.07636235651307965,0.1081675895616748,0.27633739615383157,0.5712184086953248,0.42878159130467514,0.42878159130467514,1.9580901716935473,2,14,896.2158943603624,-17.67240323541955,913.888297595782,913.888297595782,138.35418701171875,176.80035400390625,346.91260528564453,617.1631469726562,10.0,0.1,2.0,409,0.080803715,False
41427,715,ok,True,True,20260908,5,analysis_activations,positive,False,4.992456789095417,5.596828269180333,0.018710584910168183,0.14201624128649423,0.13678664010117428,0.3768504229618089,0.5923524880850827,0.40764751191491727,0.40764751191491727,2.1319390054489333,2,13,719.1971670198757,422.9497300189086,296.24743700096707,296.24743700096707,121.12332153320312,164.52911376953125,445.31675720214844,802.3172607421875,10.0,0.1,2.0,385,0.15739575,False
41553,1027,ok,True,False,20260908,5,analysis_activations,positive,False,4.906779019723691,5.124980451397362,0.0023686122618996196,0.030724998243652355,0.048668390788063044,0.1752854764196177,0.5936390915157744,0.40636090848422546,0.40636090848422546,1.696291625567612,2,16,-844.7783215287313,-1379.050387069404,534.2720655406727,534.2720655406727,125.32794952392578,139.34716796875,198.14864654541014,416.929931640625,10.0,0.1,2.0,595,0.025400767,False
41564,3178,ok,True,True,20260908,5,analysis_activations,positive,False,4.802542982047964,5.115404288906987,0.00821916837407676,0.03861941444984013,0.09065962924078588,0.1965182293066985,0.6348955743978459,0.3651044256021541,0.3651044256021541,2.0443957984414864,2,8,-1039.1135490858385,-1981.4238828875232,942.3103338016847,942.3103338016847,105.96247100830078,128.5372543334961,203.651700592041,384.5370178222656,10.0,0.1,2.0,1393,0.04202017,False
41586,11827,ok,True,True,20260908,5,analysis_activations,positive,False,4.82844633171057,5.1441987292983935,0.0071499703791529255,0.031655789485450544,0.08455749747451687,0.17792073933482444,0.5934638197212342,0.4065361802787658,0.4065361802787658,2.2668018522547917,2,11,-4147.648451763587,-7575.028698235188,3427.380246471601,3427.380246471601,109.52740478515625,133.919189453125,210.86915893554686,353.3853759765625,10.0,0.1,2.0,1110,0.041169226,False
41617,1294,ok,True,True,20260908,5,analysis_activations,positive,False,4.9221126332006735,5.33587582573902,0.01476839339631274,0.052234773943669516,0.12152527883659738,0.22854928121451074,0.6320790103523755,0.36792098964762454,0.36792098964762454,2.260576380208295,2,7,214.88809085126138,-90.47440304361456,305.3624938948759,305.3624938948759,113.26748657226562,149.19171142578125,267.0938537597656,451.87408447265625,10.0,0.1,2.0,834,0.06841841,False
41636,4496,ok,True,False,20260908,5,analysis_activations,positive,False,4.967087969142274,5.397726863020949,0.013073461536832743,0.08037329547023755,0.11433923883266296,0.2835018438568567,0.5458198174363955,0.4541801825636046,0.4541801825636046,1.9922605351010794,2,14,1930.3606795739465,584.8733806770484,1345.4872988968982,1345.4872988968982,120.92160034179688,160.52377319335938,319.35662841796875,644.7210693359375,10.0,0.1,2.0,468,0.08963185,False
41640,1799,ok,True,True,20260908,5,analysis_activations,positive,False,5.033317469618539,5.326766665438795,0.006367970107783084,0.03642886079031967,0.07979956207763977,0.1908634611189886,0.6321406887623013,0.36785931123769855,0.36785931123769855,2.0060516754524604,2,10,-788.949479618793,-1414.4818263444663,625.5323467256733,625.5323467256733,135.9632110595703,161.1947479248047,252.03644714355465,396.50250244140625,10.0,0.1,2.0,856,0.0374704,False
41778,3343,ok,True,False,20260908,5,analysis_activations,positive,False,4.976935034947586,5.417824442477115,0.009758352588961848,0.11120084761272964,0.09878437421455809,0.33346791091907124,0.7240840761788335,0.27591592382116653,0.27591592382116653,1.7927726143722709,2,11,913.7756339671146,-1323.045472604743,2236.821106571858,2236.821106571858,126.4059829711914,148.12527465820312,288.52652282714826,983.5111083984375,10.0,0.1,2.0,1035,0.07660512,False
41883,2337,ok,True,True,20260908,5,analysis_activations,positive,False,4.553362808763434,5.682339056120854,0.02776686556799547,0.45228332883641686,0.16663392682162737,0.6725201326625225,0.7143581125533811,0.2856418874466188,0.2856418874466188,2.304392630839969,2,15,4558.865016112162,2232.875185846366,2325.989830265796,2325.989830265796,75.88490295410156,99.78056335449219,658.9575927734375,926.8238525390625,10.0,0.1,2.0,1124,0.40928167,False
41986,1577,ok,True,False,20260908,5,analysis_activations,positive,False,4.8863431624936515,5.2101639248708125,0.006382188682096626,0.05491754356305444,0.07988860170322563,0.23434492433815254,0.6694469885538251,0.33055301144617494,0.33055301144617494,1.8496535910450176,2,11,-378.4777252771809,-1158.8451848035365,780.3674595263556,780.3674595263556,117.28761291503906,137.2176055908203,233.2497344970703,477.4644775390625,10.0,0.1,2.0,1099,0.04565777,False
41992,3388,ok,True,False,20260908,5,analysis_activations,positive,False,4.881716253516816,5.27402167432876,0.012657559006929563,0.06791557708492355,0.11250581765815297,0.2606061723845457,0.6701831421506953,0.32981685784930465,0.32981685784930465,1.9545382465406524,2,8,365.12000042513597,-822.2159058836588,1187.3359063087948,1187.3359063087948,111.39018249511719,139.12525177001953,255.96196060180657,564.0628662109375,10.0,0.1,2.0,679,0.06491919,False
42148,760,ok,True,True,20260908,5,analysis_activations,positive,False,4.817121697387618,4.9049716212643,0.00020192542655680592,0.003639489117689786,0.014210046676798987,0.06032817847150522,0.38509984859761553,0.6149001514023844,0.38509984859761553,2.0045218711664026,2,30,-1999.7086078471414,-2264.613948935568,264.90534108842644,264.90534108842644,119.6287612915039,127.59326934814453,146.50727462768552,170.2902069091797,10.0,0.1,2.0,760,0.004147661,False
42227,5544,ok,True,True,20260908,5,analysis_activations,positive,False,5.043152765743836,5.454332548024812,0.008927990340577526,0.07113809503519589,0.09448804337363287,0.26671725672553676,0.5208775175129341,0.47912248248706596,0.47912248248706596,2.0550502818118,2,17,1811.6471987205998,-173.3038343047134,1984.9510330253133,1984.9510330253133,134.2866668701172,172.68328094482422,334.4156341552731,651.0416259765625,10.0,0.1,2.0,590,0.080941536,False
42351,1338,ok,True,True,20260908,5,analysis_activations,positive,False,5.197104295845145,5.754453583272742,0.01032546682125565,0.08896277026972862,0.10161430421577294,0.29826627410709483,0.5386577593381233,0.4613422406618766,0.4613422406618766,2.5014599170574936,2,13,1016.2616268983323,381.4710150344081,634.7906118639243,634.7906118639243,156.23605346679688,205.6695327758789,461.8980529785156,701.1168823242188,10.0,0.1,2.0,879,0.123891115,False
42467,3138,ok,True,True,20260908,5,analysis_activations,positive,False,4.907507055575697,5.423858590526476,0.015360079983593676,0.08737435362450016,0.12393578976064047,0.2955915317198721,0.41431740490301666,0.5856825950969833,0.41431740490301666,2.27825564350169,2,18,2325.854087711831,1711.308065954243,614.5460217575883,614.5460217575883,112.04261016845703,171.85693359375,345.86677398681564,549.7505493164062,10.0,0.1,2.0,316,0.12227283,False
42476,805,ok,True,False,20260908,5,analysis_activations,positive,False,4.679620598824415,5.0335856553875935,0.009499445865823507,0.06994816967470843,0.09746510075828942,0.2644771628604414,0.7232624453006085,0.2767375546993916,0.2767375546993916,1.7759672579285664,2,6,-92.9600218927644,-456.65400209062574,363.6939801978613,363.6939801978613,93.74927520751953,109.80255889892578,186.49770507812497,533.287841796875,10.0,0.1,2.0,290,0.0513682,False
42588,1998,ok,True,False,20260908,5,analysis_activations,positive,False,4.980730953764409,5.484417399971906,0.013799304221765483,0.12736164663051816,0.11747043977854804,0.35687763537453304,0.5826489022372866,0.41735109776271334,0.41735109776271334,1.8959111242320805,2,14,1496.4698855575054,613.4505195100091,883.0193660474963,883.0193660474963,123.43626403808594,159.97254180908203,370.1460571289059,762.2020874023438,10.0,0.1,2.0,974,0.1229472,False
42738,6528,ok,True,True,20260908,5,analysis_activations,positive,False,5.087593963523929,5.744164373303561,0.042677904327271504,0.1184287708837009,0.20658631205206096,0.34413481498346093,0.6253419736468456,0.3746580263531543,0.3746580263531543,2.3133403679657367,2,5,7054.377290219521,5823.252621214806,1231.1246690047146,1231.1246690047146,118.97923278808594,190.3111572265625,467.1628753662108,946.7955322265625,10.0,0.1,2.0,870,0.17208247,False
42743,9186,ok,True,False,20260908,5,analysis_activations,positive,False,4.988542309680053,5.567909040836371,0.01565023169252371,0.1542567823981177,0.12510088605810796,0.3927553722078384,0.5901060350029407,0.40989396499705927,0.40989396499705927,1.9877551949275907,2,15,8881.156392894864,4274.113689857792,4607.042703037071,4607.042703037071,123.33660125732422,162.3248062133789,427.21580505371094,1009.8934326171875,10.0,0.1,2.0,1661,0.15367097,False
42752,946,ok,True,False,20260908,5,analysis_activations,positive,False,4.85076720232918,5.264075862581934,0.012279970252699786,0.09273369657664825,0.11081502719712605,0.3045220789641504,0.6641053571832349,0.33589464281676495,0.33589464281676495,1.8037094952858719,2,9,277.84592160933636,-123.06426934132335,400.91019095065974,400.91019095065974,109.70243835449219,135.0044708251953,257.1964530944824,700.1753540039062,10.0,0.1,2.0,383,0.07749048,False
42758,817,ok,True,True,20260908,5,analysis_activations,positive,False,5.0804829881987414,5.4390212301583105,0.012808348591666097,0.05034990943575787,0.11317397488674726,0.2243878549203541,0.60945658200738,0.3905434179926201,0.3905434179926201,2.0176015872398643,2,5,6.6354700940356235,-160.62442638954676,167.25989648358237,167.25989648358237,133.80899047851562,174.36190795898438,290.3330627441406,638.4873046875,10.0,0.1,2.0,521,0.05813751,False
42762,6024,ok,True,False,20260908,5,analysis_activations,positive,False,5.039119962609445,5.481997521282764,0.01634423728169984,0.09109721683548536,0.12784458252777017,0.30182315490280953,0.6991497276670615,0.3008502723329385,0.3008502723329385,1.9107890046506406,2,7,1904.4698288830843,-375.87972150788625,2280.3495503909708,2280.3495503909708,128.68223571777344,162.20175170898438,319.13816223144505,737.5744018554688,10.0,0.1,2.0,751,0.08010195,False
42856,7840,ok,True,False,20260908,5,analysis_activations,positive,False,4.9922052885301005,5.2847655131693205,0.006834051295493484,0.04161611193478256,0.08266832099113591,0.20400027434977278,0.6534901556853244,0.3465098443146756,0.3465098443146756,1.8796745286222178,2,8,-3316.387153074386,-6243.1920418873715,2926.8048888129856,2926.8048888129856,130.6563720703125,153.27178955078125,241.95943603515624,564.4907836914062,10.0,0.1,2.0,2118,0.038271617,False
42910,1643,ok,True,True,20260908,5,analysis_activations,positive,False,5.03481980037827,5.842012776686306,0.046669954945525643,0.1446740721147055,0.21603230069951493,0.3803604502504243,0.7000402830993394,0.2999597169006606,0.2999597169006606,2.609665938322854,2,4,2135.702396764785,1635.962268481317,499.74012828346804,499.74012828346804,111.17440795898438,173.0595245361328,522.8861145019529,857.5011596679688,10.0,0.1,2.0,666,0.21301301,False
42929,5298,ok,True,False,20260908,5,analysis_activations,positive,False,4.810713441882455,5.153571813978082,0.00780564088783582,0.0815701891061524,0.08834953813029144,0.28560495287398713,0.8255366596570619,0.17446334034293803,0.17446334034293803,1.6218837129977708,2,5,-2328.5826489142232,-5687.583778696594,3359.0011297823708,3359.0011297823708,108.45079803466797,122.31405639648438,183.31141738891583,607.286376953125,10.0,0.1,2.0,2378,0.03761146,False
43117,6484,ok,True,False,20260908,5,analysis_activations,positive,False,4.945953265552694,5.202446317751174,0.005654523554809414,0.03178362963327374,0.0751965661104908,0.1782796388634264,0.6726337083327468,0.3273662916672531,0.3273662916672531,1.8747069736920057,2,7,-4606.810870088011,-6915.539948661933,2308.7290785739215,2308.7290785739215,125.71392822265625,144.9112548828125,214.70451660156246,385.0133056640625,10.0,0.1,2.0,1699,0.028698243,False
43174,2254,ok,True,True,20260908,5,analysis_activations,positive,False,5.048163418687268,5.566202668376869,0.017868261184561918,0.09763016258137176,0.13367221545467822,0.31245825734227567,0.538633425979629,0.461366574020371,0.461366574020371,2.1557065179237855,2,14,1658.2943929166984,1024.2905681809523,634.0038247357461,634.0038247357461,127.22201538085938,180.3675537109375,392.1845245361327,710.5633544921875,10.0,0.1,2.0,1194,0.12141102,False
43192,992,ok,True,True,20260908,5,analysis_activations,positive,False,4.972908632239811,5.532310964942881,0.02918742791171806,0.07642792152193091,0.17084328465502546,0.2764560028683243,0.5711172571482809,0.4288827428517191,0.4288827428517191,2.4343092578713827,2,5,774.8361105714175,626.9988676407671,147.8372429306504,147.8372429306504,111.486328125,170.93804931640625,354.60582885742184,534.10693359375,10.0,0.1,2.0,584,0.12622431,False
43303,11009,ok,True,True,20260908,5,analysis_activations,positive,False,4.974021282316868,5.341974913456692,0.00941823615972137,0.051307577531306846,0.09704759739283281,0.22651176024945557,0.5159602349661333,0.4840397650338667,0.4840397650338667,2.111647485164805,2,14,913.2183648729367,-1938.5579736584762,2851.776338531413,2851.776338531413,124.61331176757812,161.52435302734375,282.58057861328126,526.9728393554688,10.0,0.1,2.0,2935,0.06351229,False
43392,1654,ok,True,True,20260908,5,analysis_activations,positive,False,5.108391271196464,5.765378502924844,0.02775572163757642,0.1705895608974394,0.1666004851060657,0.41302489137755294,0.5916218778492538,0.40837812215074615,0.40837812215074615,2.086224250238981,2,14,1965.0357221837178,1385.2138135182608,579.8219086654569,579.8219086654569,129.59129333496094,190.1588897705078,555.1307556152341,1075.3597412109375,10.0,0.1,2.0,320,0.19048515,False
43490,746,ok,True,False,20260908,5,analysis_activations,positive,False,5.011127093265428,5.655299020789887,0.01020038612058581,0.2000866061476664,0.10099696094727707,0.4473104136365108,0.5152008537359971,0.4847991462640028,0.4847991462640028,1.9866007169269675,2,20,951.3320686179613,502.0372439862485,449.29482463171286,449.29482463171286,130.39581298828125,172.32626342773438,562.5244903564453,891.1560668945312,10.0,0.1,2.0,397,0.20617571,False
43560,20195,ok,True,False,20260908,5,analysis_activations,positive,False,4.364832263191841,4.931172415976353,0.018212149354032894,0.1723494857251842,0.13495239662204186,0.41514995570899943,0.7259958233145878,0.2740041766854122,0.2740041766854122,1.8347403670477067,2,10,15214.75787200528,3062.734759473059,12152.02311253222,12152.02311253222,64.39338684082031,80.90646362304688,193.9857208251952,536.637451171875,10.0,0.1,2.0,4955,0.12425475,False
43571,2598,ok,True,True,20260908,5,analysis_activations,positive,False,4.9991408977491,5.553761876350371,0.024425815138439798,0.12218926437527669,0.15628760391803248,0.3495558101008717,0.6296130779273585,0.3703869220726415,0.3703869220726415,2.048433975660256,2,10,2134.945590898081,1323.9638700453092,810.9817208527716,810.9817208527716,118.1434326171875,163.6726837158203,379.18472747802747,767.271484375,10.0,0.1,2.0,479,0.13241951,False
43661,1851,ok,True,True,20260908,5,analysis_activations,positive,False,4.924815901034919,5.531729138588953,0.010298613949736614,0.16681177050520443,0.10148208684165208,0.40842596698202777,0.6619658264708613,0.3380341735291387,0.3380341735291387,2.039480677425464,2,12,1701.6308404265103,202.08466923964954,1499.5461711868606,1499.5461711868606,119.15433502197266,144.928955078125,417.5397491455078,777.572509765625,10.0,0.1,2.0,419,0.14570615,False
43748,11429,ok,True,False,20260908,5,analysis_activations,positive,False,4.502026610770684,5.259124307272837,0.02828015116610264,0.371229227059996,0.16816703352947224,0.609285833628188,0.8969431159225169,0.1030568840774832,0.1030568840774832,1.6939611014904619,2,10,7892.436036181579,-646.4639995563705,8538.90003573795,8538.90003573795,71.69296264648438,87.64215087890625,161.9473419189453,822.2240600585938,10.0,0.1,2.0,4041,0.11661678,False
43755,950,ok,True,True,20260908,5,analysis_activations,positive,False,5.0018181720961055,5.889744727241401,0.06319583329690394,0.0573501907600428,0.25138781453543835,0.23947899857825278,0.4527100698075807,0.5472899301924192,0.4527100698075807,3.616725906984375,2,3,1412.7792051918584,1161.3141859486007,251.46501924325776,251.46501924325776,103.22928619384766,253.2833251953125,477.53749694824216,588.268310546875,10.0,0.1,2.0,573,0.25560498,False
43822,2105,ok,True,False,20260908,5,analysis_activations,positive,False,4.942220295277364,5.2360225314440845,0.00541074237249782,0.04373858964674976,0.07355774855511703,0.2091377288935446,0.5709999600913184,0.4290000399086816,0.4290000399086816,1.8741799387769316,2,13,-634.6007429027698,-1434.6539079754339,800.0531650726641,800.0531650726641,125.24394226074219,148.52854919433594,240.2338897705078,486.51812744140625,10.0,0.1,2.0,1296,0.043017644,False
43999,9885,ok,True,False,20260908,5,analysis_activations,positive,False,4.460646922599485,4.938714713694047,0.01849954380544792,0.16147410695803188,0.13601302807248988,0.4018384090129164,0.7780740834856704,0.2219259165143296,0.2219259165143296,1.5936759527637603,2,4,4234.485407560775,-993.5746108570468,5228.060018417821,5228.060018417821,70.64479064941406,87.73290252685547,162.90518493652343,693.3803100585938,10.0,0.1,2.0,3578,0.089701965,False
44077,4124,ok,True,True,20260908,5,analysis_activations,positive,False,4.867882802751128,5.486880997180121,0.01819599181863984,0.1424970487119253,0.13489251950586378,0.3774878126667473,0.5783318154052425,0.4216681845947576,0.4216681845947576,2.1837647224373016,2,16,4265.514090688523,2441.0256524546,1824.4884382339228,1824.4884382339228,107.44649505615234,147.21963500976562,410.5199081420897,640.4631958007812,10.0,0.1,2.0,640,0.16408709,False
44098,3563,ok,True,True,20260908,5,analysis_activations,positive,False,4.938104341882528,5.361098170639482,0.01240740197804528,0.07498412597875868,0.111388518160739,0.273832295353851,0.5971648966066243,0.40283510339337564,0.40283510339337564,2.023551970729264,2,13,1157.6489638908624,-80.04679968266507,1237.6957635735275,1237.6957635735275,118.85010528564453,151.9660186767578,293.07330627441365,564.1063232421875,10.0,0.1,2.0,939,0.08067893,False
44356,4368,ok,True,True,20260908,5,analysis_activations,positive,False,4.793379956936232,5.564020686301451,0.04479854625075864,0.06583283838780254,0.2116566706975205,0.2565791074655194,0.480333243078188,0.5196667569218121,0.480333243078188,3.276632858957803,2,4,5468.451407123829,4606.158964318976,862.2924428048527,862.2924428048527,88.49281311035156,178.53305053710938,366.87351684570314,533.5825805664062,10.0,0.1,2.0,2273,0.20401743,False
44465,1794,ok,True,False,20260908,5,analysis_activations,positive,False,4.989698913247654,5.2606947236125885,0.005461474103180321,0.040239252477706024,0.07390178687406902,0.20059723945684305,0.6298960197270455,0.3701039802729546,0.3701039802729546,1.7927346891037683,2,10,-885.0414916715492,-1588.2486453402341,703.2071536686849,703.2071536686849,131.19180297851562,152.74256134033203,235.32853775024412,631.49609375,10.0,0.1,2.0,796,0.03547218,False
44499,2327,ok,True,True,20260908,5,analysis_activations,positive,False,4.7558402465025935,5.452929226366299,0.012542363439273866,0.19526829997393919,0.11199269368701632,0.4418917287910458,0.4713913794550472,0.5286086205449527,0.4713913794550472,2.1625656506859308,2,19,3201.5072724589804,2033.0965192867682,1168.4107531722123,1168.4107531722123,99.43740844726562,142.28323364257812,444.6104187011716,770.5145874023438,10.0,0.1,2.0,1353,0.23031622,False
44655,1235,ok,True,True,20260908,5,analysis_activations,positive,False,4.842236836583284,5.3686728462418065,0.016652566042089936,0.09158725780944725,0.12904482183369442,0.30263386758498667,0.4006830271101778,0.5993169728898222,0.4006830271101778,2.2629087825222776,2,16,981.2688101201238,774.5127983721063,206.7560117480175,206.7560117480175,104.68595123291016,164.08078002929688,317.09678649902344,895.6386108398438,10.0,0.1,2.0,808,0.12821507,False
44720,5516,ok,True,True,20260908,5,analysis_activations,positive,False,5.137514422929134,5.656731137156159,0.017793427757938976,0.10721131406419772,0.13339200784881744,0.32743138833074287,0.5813695040110051,0.4186304959889948,0.4186304959889948,2.0768274654958714,2,13,4013.930014711505,2131.5669045396435,1882.3631101718615,1882.3631101718615,140.14376831054688,190.9734878540039,432.17684173583984,911.129150390625,10.0,0.1,2.0,766,0.12085874,False
44760,2628,ok,True,True,20260908,5,analysis_activations,positive,False,4.895760722176762,5.434410324810962,0.01330920051753342,0.12298751994525069,0.115365508352945,0.35069576550801224,0.6192586934088306,0.3807413065911695,0.3807413065911695,2.06337725344188,2,14,1976.6899131037787,601.6626426051848,1375.027270498594,1375.027270498594,113.49205017089844,144.4029083251953,353.21915130615236,735.1251831054688,10.0,0.1,2.0,682,0.12352348,False
44792,2742,ok,True,False,20260908,5,analysis_activations,positive,False,4.986541458596752,5.472280007018063,0.011177122940383295,0.11559551078513884,0.10572191324594582,0.3399933981493447,0.6502715374294028,0.34972846257059725,0.34972846257059725,1.9293224238391322,2,14,1520.42041201716,-57.536707070973335,1577.9571190881334,1577.9571190881334,125.66886138916016,154.02935791015625,347.1556640624999,716.19482421875,10.0,0.1,2.0,1212,0.10138887,False
44806,992,ok,True,False,20260908,5,analysis_activations,positive,False,4.823077331406946,5.2416051036038125,0.00937518667600366,0.07955262278250629,0.09682554764112444,0.2820507450486637,0.6299008989254664,0.37009910107453353,0.37009910107453353,1.9848170513900147,2,13,274.94543941885155,-195.3723796770495,470.3178190959011,470.3178190959011,107.9820785522461,131.52708435058594,265.3698455810546,412.23052978515625,10.0,0.1,2.0,278,0.076259226,False
44862,10112,ok,True,True,20260908,5,analysis_activations,positive,False,4.974670851625565,5.292161174295401,0.007907087043827055,0.03765775400272686,0.08892180297220167,0.19405605891784689,0.6085148226865225,0.3914851773134775,0.3914851773134775,2.1034420916672425,2,10,-2970.65528166272,-5968.600769761814,2997.9454880990943,2997.9454880990943,126.55828857421875,154.42308807373047,247.59452972412106,419.0003356933594,10.0,0.1,2.0,2840,0.04357027,False
44886,3327,ok,True,False,20260908,5,analysis_activations,positive,False,4.910652668909893,5.3119269965376725,0.013940448528451438,0.07745055461157857,0.11806967658315762,0.2782993974330138,0.6652019622327758,0.3347980377672243,0.3347980377672243,1.8771745232081771,2,7,660.6329210380496,-491.89523514729444,1152.528156185344,1152.528156185344,114.42488861083984,143.02532958984375,266.98552551269523,562.3767700195312,10.0,0.1,2.0,532,0.07108452,False
44936,2564,ok,True,False,20260908,5,analysis_activations,positive,False,4.659639523299981,4.970879149826507,0.0070294581456534265,0.055133902724302346,0.08384186392043909,0.2348060960117994,0.6924525283828676,0.30754747161713236,0.30754747161713236,1.765398039799725,2,9,-808.6071549248765,-2011.6972620068254,1203.090107081949,1203.090107081949,93.35206604003906,108.13789367675781,172.01311950683592,407.2028503417969,10.0,0.1,2.0,1226,0.04246894,False
45063,1223,ok,True,True,20260908,5,analysis_activations,positive,False,5.140143438498272,5.6742874451388285,0.02169744151056696,0.10495347536237298,0.14730051429159016,0.3239652378919272,0.6019951731449549,0.3980048268550451,0.3980048268550451,2.1226050273462547,2,11,923.9672868892944,575.6332792629081,348.3340076263863,348.3340076263863,136.43118286132812,192.6648712158203,429.9166687011718,789.986572265625,10.0,0.1,2.0,200,0.123292916,False
45258,1723,ok,True,True,20260908,5,analysis_activations,positive,False,4.588455742692921,5.473639969802452,0.01995803803966412,0.29032420316975804,0.14127292040466963,0.5388174117173257,0.7612493478051315,0.23875065219486857,0.23875065219486857,2.247347363085472,2,11,2349.0591732459006,662.6317102992842,1686.4274629466163,1686.4274629466163,81.17585754394531,100.14117431640625,409.4536376953124,716.352783203125,10.0,0.1,2.0,1005,0.22704838,False
45344,1189,ok,True,True,20260908,5,analysis_activations,positive,False,5.006692929437504,5.331023025574791,0.007919852715371153,0.043895729197182876,0.08899355434732986,0.20951307643482037,0.6402128379794727,0.3597871620205274,0.3597871620205274,2.0149861191240004,2,9,-296.3729659554375,-696.2031360148308,399.83017005939325,399.83017005939325,130.39627075195312,158.1791534423828,257.1231262207031,426.74127197265625,10.0,0.1,2.0,685,0.04512986,False
45465,6939,ok,True,True,20260908,5,analysis_activations,positive,False,5.041665867119786,5.43212929600385,0.014396717011061181,0.04840508792907526,0.11998632009967296,0.22001156317129167,0.6569952833887842,0.34300471661121573,0.34300471661121573,2.2034809426380604,2,5,235.67824601339987,-1419.621559084779,1655.2998050981787,1655.2998050981787,128.87196350097656,166.03147888183594,291.26267089843736,440.47772216796875,10.0,0.1,2.0,315,0.0604269,False
45477,3225,ok,True,False,20260908,5,analysis_activations,positive,False,4.890418075362869,5.056442458650353,0.002526258341759188,0.012253961513899209,0.050261897514510816,0.1106976129548384,0.6496640542103388,0.35033594578966126,0.35033594578966126,1.931285262353426,2,8,-5040.26416510597,-6009.842676995133,969.5785118891627,969.5785118891627,122.98208618164062,135.92996215820312,174.95862121582024,270.89190673828125,10.0,0.1,2.0,1457,0.012210642,False
45500,8494,ok,True,True,20260908,5,analysis_activations,positive,False,5.043279153371132,5.386415826143844,0.00812468259325307,0.04972512267378573,0.09013702121355614,0.22299130627400193,0.5964548055425672,0.4035451944574328,0.4035451944574328,2.0175819456345843,2,11,-787.5629945819699,-3749.7623665865276,2962.1993720045575,2962.1993720045575,135.5015869140625,165.84873962402344,283.0899948120115,538.4730834960938,10.0,0.1,2.0,1411,0.053257752,False
45512,1037,ok,True,False,20260908,5,analysis_activations,positive,False,4.759016913155309,5.169205496003284,0.011817378331760626,0.07421840306010864,0.1087077657380586,0.2724305472227897,0.6046453924963517,0.3953546075036483,0.3953546075036483,1.9776936186627843,2,12,294.011776243991,-63.40961271293065,357.42138895692165,357.42138895692165,99.81851959228516,126.44928741455078,236.55698242187495,486.7546691894531,10.0,0.1,2.0,419,0.07678201,False
45604,928,ok,True,True,20260908,5,analysis_activations,positive,False,5.258659148410502,6.155421497977689,0.06374652700050323,0.09440914943814038,0.2524807458015427,0.3072607189963279,0.524031141931278,0.47596885806872197,0.47596885806872197,3.188966610135175,2,3,1462.321630512328,1298.28397059733,164.03765991499813,164.03765991499813,131.79348754882812,279.70135498046875,697.9956054687499,903.8636474609375,10.0,0.1,2.0,281,0.27922207,False
45968,8860,ok,True,True,20260908,5,analysis_activations,positive,False,5.011924731168952,5.548156518672452,0.01981934935705681,0.10304167956852152,0.14078121095180568,0.32100105851620103,0.5592308687505426,0.44076913124945744,0.44076913124945744,2.1635178312799423,2,13,6904.853712317697,4314.310031194338,2590.5436811233585,2590.5436811233585,122.20503234863281,172.85794830322266,388.71479492187495,748.2486572265625,10.0,0.1,2.0,478,0.1273916,False
46006,3716,ok,True,False,20260908,5,analysis_activations,positive,False,4.990932656001692,5.369588537968009,0.00692249281540184,0.07241233172609166,0.08320151930945636,0.26909539521532444,0.6280605562345116,0.3719394437654883,0.3719394437654883,1.9011998549987599,2,12,391.8221847605291,-1631.2680517771714,2023.0902365377005,2023.0902365377005,130.288330078125,154.50027465820312,290.7434768676758,604.12158203125,10.0,0.1,2.0,1750,0.06479087,False
46218,1501,ok,True,True,20260908,5,analysis_activations,positive,False,4.900388389567161,5.5564576612508185,0.027747013902365288,0.13410891201943292,0.16657434947303648,0.36620883662117293,0.570835536793032,0.429164463206968,0.429164463206968,2.3062181872215923,2,13,1690.6622266971547,1253.1384383633872,437.52378833376747,437.52378833376747,104.77079010009766,157.77268981933594,419.2431335449219,899.830322265625,10.0,0.1,2.0,274,0.17895903,False
46226,20864,ok,True,True,20260908,5,analysis_activations,positive,False,5.080759308983311,5.6840975980763915,0.02699619073396232,0.11589438592989164,0.16430517561526273,0.34043264521765776,0.5663699192963381,0.433630080703662,0.433630080703662,2.257221045338786,2,11,20324.557666838024,14910.149504075769,5414.4081627622545,5414.4081627622545,125.85037231445312,188.56336975097656,457.42902221679674,835.9384765625,10.0,0.1,2.0,1803,0.1549524,False
46288,1835,ok,True,False,20260908,5,analysis_activations,positive,False,4.975606587964146,5.4354404521457935,0.01210663132054047,0.11277131065816154,0.11003013823739599,0.335814399122732,0.6635920029457849,0.33640799705421515,0.33640799705421515,1.8402341375127682,2,12,867.5336309583414,-98.60110819359645,966.1347391519379,966.1347391519379,124.28724670410156,151.54550170898438,328.2758361816405,821.0790405273438,10.0,0.1,2.0,524,0.09322395,False
46313,1530,ok,True,True,20260908,5,analysis_activations,positive,False,5.122833950082428,5.740093990180807,0.02864863650102529,0.1297197641895754,0.1692590810001794,0.3601663007411651,0.6207956800465707,0.37920431995342935,0.37920431995342935,2.1935568533325682,2,10,1520.5617180918964,1061.7926925402116,458.76902555168476,458.76902555168476,133.1608123779297,190.48851013183594,487.39926605224593,781.835205078125,10.0,0.1,2.0,307,0.15676978,False
46562,5607,ok,True,False,20260908,5,analysis_activations,positive,False,4.414830790766078,5.241747620279112,0.02440027850164622,0.37802520133326684,0.15620588497763527,0.6148375406017974,0.8371004724857659,0.16289952751423414,0.16289952751423414,1.8434615909485577,2,11,6164.372435596599,915.2938757220348,5249.078559874564,5249.078559874564,66.33492279052734,82.09378814697266,214.0478271484374,748.1441040039062,10.0,0.1,2.0,2758,0.17527945,False
46725,3114,ok,True,False,20260908,5,analysis_activations,positive,False,5.075594603536827,5.62476818175096,0.01194728600448632,0.14554856471273364,0.10930364131393941,0.38150827607370935,0.5955120835548584,0.40448791644514154,0.40448791644514154,1.956996612221017,2,15,2700.2058183792565,907.7987905226051,1792.4070278566514,1792.4070278566514,137.736083984375,174.06790161132812,457.1482803344726,997.6783447265625,10.0,0.1,2.0,578,0.13867767,False
46849,1687,ok,True,True,20260908,5,analysis_activations,positive,False,4.925457944087018,5.2705311877192695,0.0067880780465189,0.05149015401292235,0.08238979333945984,0.2269144200198003,0.575452059289428,0.42454794071057195,0.42454794071057195,2.021496993592491,2,12,-95.06734423820922,-744.4345050466935,649.3671608084843,649.3671608084843,121.9150390625,147.53985595703125,253.5747497558592,543.7647705078125,10.0,0.1,2.0,926,0.054888748,False
46897,1208,ok,True,False,20260908,5,analysis_activations,positive,False,4.895194776046481,5.271907705972304,0.010071772069646328,0.08414048772201044,0.10035821874488571,0.2900697980176675,0.7087603303022956,0.29123966969770426,0.29123966969770426,1.735688612267901,2,9,62.44814491236104,-530.7463319185019,593.194476830863,593.194476830863,115.85446166992188,137.1231460571289,246.2241676330565,673.208251953125,10.0,0.1,2.0,353,0.060986497,False
47148,2594,ok,True,False,20260908,5,analysis_activations,positive,False,4.96125077345956,5.337078221318015,0.008926462680089918,0.07267782609182714,0.09447995914525957,0.26958825288173655,0.6970258004882158,0.3029741995117842,0.3029741995117842,1.8605742265675953,2,9,-5.669486654894422,-1320.0462195155453,1314.376732860651,1314.376732860651,124.23503112792969,147.64672088623047,264.4661407470702,541.8436279296875,10.0,0.1,2.0,622,0.058091395,False
47149,702,ok,True,False,20260908,5,analysis_activations,positive,False,5.0181580940434145,5.381738479668085,0.011415632111463623,0.0645830679882633,0.10684396151146598,0.2541319893052886,0.7711788994515882,0.2288211005484118,0.2288211005484118,1.8651439752021717,2,4,-142.53198561726032,-424.05297853929204,281.5209929220317,281.5209929220317,129.9625701904297,154.04666900634766,259.43813171386716,412.4189147949219,10.0,0.1,2.0,354,0.046974096,False
47178,2469,ok,True,False,20260908,5,analysis_activations,positive,False,5.033063490755812,5.427867962618436,0.009714268897292808,0.0763691209956035,0.0985609907483321,0.27634963541789503,0.5908663986883831,0.4091336013116168,0.4091336013116168,1.902993831805364,2,13,615.9083129905174,-366.5056120721058,982.4139250626232,982.4139250626232,132.12489318847656,165.14804077148438,310.7770202636718,595.775146484375,10.0,0.1,2.0,1237,0.0746947,False
47232,2251,ok,True,False,20260908,5,analysis_activations,positive,False,5.043978633039249,5.2868171663764,0.004905678744232046,0.028800965611962204,0.07004055071336922,0.16970847242245216,0.651479343218326,0.34852065678167393,0.34852065678167393,1.8705737677754979,2,8,-1758.6502413659778,-2545.3644455641793,786.7142041982015,786.7142041982015,139.55682373046875,160.34957885742188,231.8480682373047,360.7461242675781,10.0,0.1,2.0,931,0.026634026,False
47274,808,ok,True,True,20260908,5,analysis_activations,positive,False,5.082864794989478,5.9251175795745015,0.05921060660153835,0.05139030104599871,0.24333229666761944,0.22669428983986056,0.3685013341439624,0.6314986658560375,0.3685013341439624,3.5816084648910596,2,3,1080.5945437092814,867.4235627097347,213.1709809995467,213.1709809995467,112.96484375,305.3780212402344,507.9420715332031,601.2803955078125,10.0,0.1,2.0,558,0.21962361,False
47335,5501,ok,True,False,20260908,5,analysis_activations,positive,False,5.07618425605254,5.374280791198697,0.006994438152480894,0.037937862745031956,0.08363275765201632,0.19477644299306823,0.6172796400619176,0.3827203599380824,0.3827203599380824,1.9888068022271717,2,10,-2102.180700548987,-3882.9921206716454,1780.8114201226585,1780.8114201226585,141.58316040039062,169.26304626464844,268.94683837890625,453.0688171386719,10.0,0.1,2.0,1270,0.039836444,False
47356,877,ok,True,True,20260908,5,analysis_activations,positive,False,5.245856748678609,5.896315948945137,0.04406165024061993,0.07101459213448598,0.2099086711896865,0.26648563213517906,0.5258070048133552,0.4741929951866447,0.4741929951866447,2.7117036303642297,2,4,907.8983842023349,826.1548890767689,81.74349512556603,81.74349512556603,135.93719482421875,249.82958984375,510.82049560546864,799.0951538085938,10.0,0.1,2.0,528,0.16251938,False
47376,957,ok,True,True,20260908,5,analysis_activations,positive,False,4.994165150651102,5.746288887690274,0.0629364821937246,0.12578443512169926,0.2508714455527464,0.3546610143809145,0.572095222116502,0.42790477788349796,0.42790477788349796,2.448467104802192,2,5,1316.0409537379107,1217.1631698978674,98.87778384004332,98.87778384004332,101.32656860351562,191.35067749023438,486.29002075195297,871.724609375,10.0,0.1,2.0,697,0.22854948,False
47566,1533,ok,True,True,20260908,5,analysis_activations,positive,False,4.813711829179359,5.301022177494705,0.017416015915762022,0.09868388201224743,0.1319697537913973,0.3141399083406109,0.7094263767788189,0.29057362322118113,0.29057362322118113,2.022575363238665,2,8,673.4449243724047,45.189694170635896,628.2552302017688,628.2552302017688,102.645751953125,128.61419677734375,281.68007202148385,452.5179443359375,10.0,0.1,2.0,916,0.0900405,False
47589,1473,ok,True,False,20260908,5,analysis_activations,positive,False,4.6774844930752835,5.132477465908771,0.010410935079962439,0.12019381973133607,0.10203398982673587,0.3466898033276088,0.6937016300563685,0.3062983699436314,0.3062983699436314,1.780492681722909,2,12,615.1699457162173,-312.3283211664284,927.4982668826457,927.4982668826457,92.99313354492188,110.6631851196289,228.2447692871093,632.1551513671875,10.0,0.1,2.0,833,0.088083535,False
47768,2900,ok,True,False,20260908,5,analysis_activations,positive,False,4.965031165565897,5.571544923772651,0.026563422929746013,0.1870785008093091,0.16298289152468123,0.4325257227140475,0.6397629407331408,0.3602370592668593,0.3602370592668593,1.8557198563476673,2,10,3092.8343450054463,1929.9052654946338,1162.9290795108125,1162.9290795108125,113.17950439453125,156.99826049804688,412.44783935546866,1195.790771484375,10.0,0.1,2.0,492,0.16922313,False
47823,2008,ok,True,True,20260908,5,analysis_activations,positive,False,4.446399661757132,5.150757997426516,0.01931804539736618,0.22687096485006877,0.13898937152662494,0.4763097362536995,0.6697631018555977,0.3302368981444023,0.3302368981444023,2.00758677107472,2,12,2457.5812808243036,1109.8824201575244,1347.6988606667792,1347.6988606667792,70.0229263305664,90.98210906982422,296.6492538452145,677.2635498046875,10.0,0.1,2.0,1230,0.19768931,False
47934,935,ok,True,False,20260908,5,analysis_activations,positive,False,4.294774567773753,4.50360440917488,0.003514427557182316,0.018482332167855595,0.05928260754371653,0.13594974133059465,0.6995389342990979,0.3004610657009021,0.3004610657009021,1.991261060007762,2,7,-1132.926054308705,-1467.1529736196671,334.2269193109621,334.2269193109621,66.55225372314453,74.10948944091797,101.37666015624998,147.15884399414062,10.0,0.1,2.0,651,0.017195242,False
47977,3564,ok,True,True,20260908,5,analysis_activations,positive,False,5.117330013842118,5.529972777500374,0.014573122173451514,0.05775543661609147,0.12071918726305075,0.2403236081122524,0.6451499694564533,0.3548500305435467,0.3548500305435467,2.1698730484358606,2,7,595.2800414947216,-375.5866703718401,970.8667118665617,970.8667118665617,139.31700134277344,180.55919647216797,330.14558715820306,588.025390625,10.0,0.1,2.0,971,0.068895616,False
48043,41543,ok,True,True,20260908,5,analysis_activations,positive,False,4.419488240658488,5.098528904072578,0.040082942401022136,0.08290693875743603,0.20020724862257644,0.28793565037597557,0.5752093398391286,0.4247906601608714,0.4247906601608714,2.7382688694787234,2,4,44531.64157181598,37315.70070895502,7215.94086286096,7215.94086286096,60.605430603027344,102.38087463378906,235.15935668945326,414.15557861328125,10.0,0.1,2.0,5703,0.17094265,False
48117,4263,ok,True,True,20260908,5,analysis_activations,positive,False,4.995587238833096,5.487957597062694,0.011352757621866275,0.10088099466589706,0.10654932013798246,0.31761768632413573,0.5103195749514491,0.489680425048551,0.489680425048551,2.0784766790031535,2,17,2923.040543567508,1312.8880160907722,1610.1525274767357,1610.1525274767357,126.04536437988281,169.08828735351562,380.4941925048827,636.5310668945312,10.0,0.1,2.0,2031,0.11580054,False
48140,1771,ok,True,True,20260908,5,analysis_activations,positive,False,5.030576120627533,5.395273856538549,0.0072849450371939494,0.05107665928358266,0.08535188947641376,0.22600145858729023,0.5650736611526566,0.43492633884734344,0.43492633884734344,2.1349340020677556,2,12,29.063516324483082,-627.2806995361866,656.3442158606697,656.3442158606697,134.89566040039062,165.2758331298828,291.7926483154297,523.7923583984375,10.0,0.1,2.0,342,0.059051327,False
48198,1434,ok,True,False,20260908,5,analysis_activations,positive,False,5.061482884294848,5.393812892022113,0.007244138767906708,0.062135840652359525,0.08511250653051353,0.24927061730649186,0.7071875972537164,0.2928124027462835,0.2928124027462835,1.7842983428848402,2,9,-325.6118955670341,-1064.8221644260323,739.2102688589982,739.2102688589982,140.15138244628906,162.01730346679688,267.45924682617186,756.211669921875,10.0,0.1,2.0,389,0.046218228,False
48369,11212,ok,True,True,20260908,5,analysis_activations,positive,False,4.963000369359532,5.612981681843012,0.02435135372802039,0.16296914141483265,0.15604920290735352,0.4036943663402211,0.5730061137716608,0.4269938862283393,0.4269938862283393,2.1238469629333703,2,13,13032.756055591015,8823.962670995279,4208.793384595736,4208.793384595736,114.56462097167969,164.9820556640625,462.19428405761715,1079.94775390625,10.0,0.1,2.0,1169,0.18692258,False
48511,3046,ok,True,False,20260908,5,analysis_activations,positive,False,5.0700696451805625,5.5714798449519005,0.011621475028394494,0.12061374479604754,0.10780294536047934,0.34729489601208874,0.6008581647086014,0.39914183529139863,0.39914183529139863,1.9499999098091716,2,13,2083.346850237181,502.4911963087693,1580.8556539284118,1580.8556539284118,136.54437255859375,172.56684112548828,402.0499496459961,897.0918579101562,10.0,0.1,2.0,1130,0.11545732,False
48546,9351,ok,True,True,20260908,5,analysis_activations,positive,False,4.47502233614283,5.172284431951569,0.014718374862360842,0.1978862355135417,0.1213193095197992,0.4448440575230175,0.6765115457624215,0.3234884542375785,0.3234884542375785,2.1385761333734674,2,13,10539.202782022885,3159.694340663679,7379.508441359206,7379.508441359206,73.68012237548828,92.20923614501953,311.6356658935547,519.1371459960938,10.0,0.1,2.0,3652,0.18038577,False
48614,737,ok,True,True,20260908,5,analysis_activations,positive,False,5.134892366319705,6.250294965653262,0.033164374525396306,0.17710628217154967,0.18211088524686356,0.42083997216465746,0.6731775737314176,0.3268224262685825,0.3268224262685825,3.439991065014079,2,12,1339.2221027560804,824.7313839854846,514.4907187705958,514.4907187705958,132.25531005859375,187.75030517578125,812.6527954101562,927.5675048828125,10.0,0.1,2.0,283,0.35440674,False
48693,1318,ok,True,True,20260908,5,analysis_activations,positive,False,4.921339168224047,5.157171170751587,0.003173966000884343,0.02236268525803875,0.056337962342317124,0.1495415837084747,0.5604303381106125,0.4395696618893875,0.4395696618893875,2.087063984817559,2,13,-1091.071861414863,-1560.4781539411463,469.4062925262833,469.4062925262833,125.59449005126953,143.94432067871094,207.32113647460935,300.4608459472656,10.0,0.1,2.0,842,0.02532805,False
48703,5312,ok,True,True,20260908,5,analysis_activations,positive,False,4.9561343143621155,5.632604397633576,0.02919919921281795,0.15776191805447765,0.17087773176402463,0.3971925453158426,0.6956890654420489,0.30431093455795105,0.30431093455795105,2.212523770396459,2,10,5527.189346098995,3237.242077834061,2289.947268264934,2289.947268264934,111.16246032714844,152.88824462890625,434.4174285888671,853.189697265625,10.0,0.1,2.0,811,0.16523139,False
48719,1787,ok,True,True,20260908,5,analysis_activations,positive,False,5.062875405654367,5.7769332527191875,0.04535285708495681,0.12700369626343447,0.21296210246181552,0.3563757795690308,0.6363040818618115,0.3636959181381884,0.3636959181381884,2.4323971930515547,2,5,2146.944978226942,1773.7606928503674,373.18428537657473,373.18428537657473,115.31114196777344,187.2199249267578,493.76563415527295,830.2376708984375,10.0,0.1,2.0,1206,0.19315274,False
48869,1027,ok,True,True,20260908,5,analysis_activations,positive,False,5.241883252358229,5.871216392938139,0.09424558294548216,0.04505644593116857,0.30699443471418525,0.21226503699660143,0.35747518379850746,0.6425248162014924,0.35747518379850746,2.3846073551061386,2,4,1004.4439877033899,872.9547163439831,131.48927135940676,131.48927135940676,101.72705078125,304.6629638671875,475.46334228515616,598.4913330078125,10.0,0.1,2.0,672,0.15375853,False
48879,1299,ok,True,True,20260908,5,analysis_activations,positive,False,4.6526601127727645,5.688444436784877,0.006969860367852687,0.22072718644230385,0.08348568959919231,0.46981611981955645,0.294590566807364,0.705409433192636,0.294590566807364,3.0697685528729126,2,25,2446.242862178092,1790.6302981923363,655.6125639857555,655.6125639857555,92.93167877197266,220.58221435546875,562.7882446289062,811.5440063476562,10.0,0.1,2.0,718,0.38099313,False
48945,1958,ok,True,True,20260908,5,analysis_activations,positive,False,5.13392550396543,5.885084995467786,0.02201330175913829,0.18865113737608724,0.148368803186985,0.4343398869273777,0.45223835037290794,0.5477616496270921,0.45223835037290794,2.3144699228995185,2,20,2881.202956772586,2237.51351136715,643.6894454054359,643.6894454054359,138.1439971923828,222.88389587402344,690.6117309570312,912.87109375,10.0,0.1,2.0,752,0.25319248,False
49261,2747,ok,True,True,20260908,5,analysis_activations,positive,False,4.348155253161505,4.538701763814216,0.0031759104767314335,0.014232883612419409,0.056355216943344597,0.11930164966344517,0.6416304261348427,0.35836957386515733,0.35836957386515733,2.0423569794105214,2,8,-3637.499756159278,-4424.976643667209,787.4768875079308,787.4768875079308,70.42339324951172,79.18451690673828,106.05339965820312,150.124267578125,10.0,0.1,2.0,1440,0.015491715,False
49279,1106,ok,True,True,20260908,5,analysis_activations,positive,False,4.966940088190155,5.554890135649465,0.017846665751811513,0.14640345834134164,0.1335914134658793,0.3826270486274352,0.649976464993226,0.35002353500677386,0.35002353500677386,2.0516466924980774,2,13,989.8923821921061,436.0915743587964,553.8008078333097,553.8008078333097,118.46733093261719,155.00884246826172,404.0885314941406,879.7825317382812,10.0,0.1,2.0,671,0.14161752,False
49445,956,ok,True,True,20260908,5,analysis_activations,positive,False,5.127705265331326,5.705402905127432,0.021074342265235586,0.1225092831742901,0.14517004603304218,0.35001326142632094,0.6484567345445869,0.3515432654554132,0.3515432654554132,2.1560713743388225,2,10,796.7322105594851,426.88186519340593,369.8503453660792,369.8503453660792,137.86492919921875,185.0261688232422,436.33399200439453,839.3690185546875,10.0,0.1,2.0,133,0.13294952,False
49485,4881,ok,True,False,20260908,5,analysis_activations,positive,False,5.0279242294410915,5.289011187324006,0.005261546596531193,0.03720294490004201,0.07253651905441282,0.19288064936649815,0.7123221888196993,0.2876778111803007,0.2876778111803007,1.7917904267066742,2,7,-3511.2733354719853,-5717.373734920032,2206.1003994480466,2206.1003994480466,137.30015563964844,155.4581756591797,228.17372131347656,458.36138916015625,10.0,0.1,2.0,1338,0.028423704,False
49550,529,ok,True,False,20260908,5,analysis_activations,positive,False,4.90732726364344,5.286323177419915,0.0190854257802864,0.06639899629621962,0.1381500118721906,0.25768002696410064,0.6234278975084013,0.37657210249159856,0.37657210249159856,1.8331839043261444,2,5,111.71487385106957,31.649905386474998,80.06496846459457,80.06496846459457,109.53901672363281,148.5486297607422,256.34644165039055,471.78961181640625,10.0,0.1,2.0,125,0.07075637,False
49569,15034,ok,True,True,20260908,5,analysis_activations,positive,False,4.90648629159256,5.23811389272041,0.010274310086434863,0.03480943063946875,0.10136227151378792,0.18657285611650146,0.5973830070832808,0.40261699291671915,0.40261699291671915,2.208796449220514,2,7,-3411.779683496922,-6566.316985191652,3154.5373016947296,3154.5373016947296,115.50715637207031,146.4856948852539,234.09992675781248,383.34649658203125,10.0,0.1,2.0,3327,0.04660598,False
49735,3164,ok,True,True,20260908,5,analysis_activations,positive,False,5.045804174913947,5.57676401062131,0.012043688057722551,0.09016775642178551,0.10974373812533703,0.3002794638695519,0.48829345028475174,0.5117065497152482,0.48829345028475174,2.348696524506022,2,16,2350.8606383741217,1257.0169233046654,1093.8437150694563,1093.8437150694563,132.16143798828125,183.80203247070312,402.92833862304684,726.6489868164062,10.0,0.1,2.0,241,0.12249873,False
49736,2972,ok,True,False,20260908,5,analysis_activations,positive,False,4.987071569177923,5.246971470177926,0.0047613534912138685,0.03599412004880579,0.06900256148299039,0.18972116394542227,0.6666158382836233,0.33338416171637675,0.33338416171637675,1.82065702044252,2,11,-1953.087383905805,-3285.163041803538,1332.075657897733,1332.075657897733,132.69656372070312,150.5050506591797,227.72798919677726,412.41729736328125,10.0,0.1,2.0,1011,0.030194845,False
49813,6135,ok,True,False,20260908,5,analysis_activations,positive,False,5.074023046100555,5.6110235969509095,0.025692613333935077,0.1605565424102564,0.16028915538468308,0.40069507410281,0.6850547917439062,0.3149452082560939,0.3149452082560939,1.759715958699468,2,6,4929.134427466272,2610.090884446765,2319.0435430195075,2319.0435430195075,126.96038818359375,169.9858856201172,373.80685729980473,1233.2542724609375,10.0,0.1,2.0,898,0.13040447,False
49955,1672,ok,True,True,20260908,5,analysis_activations,positive,False,5.126079789860905,5.5307307631161144,0.014042109957519214,0.0677338859327229,0.11849940910198335,0.26025734558840585,0.6600360330386288,0.33996396696137116,0.33996396696137116,2.0011639294731878,2,7,290.3123440825707,-226.52654878146956,516.8388928640402,516.8388928640402,140.89056396484375,179.61760711669922,330.1478897094724,543.3671875,10.0,0.1,2.0,867,0.06907761,False
49957,914,ok,True,True,20260908,5,analysis_activations,positive,False,5.03537133332107,5.745389055466118,0.016568228868367882,0.14682677843744243,0.12871763231340094,0.3831798251962679,0.39979361198894575,0.6002063880110543,0.39979361198894575,2.484075524067196,2,24,1205.5792956999835,943.9277878805974,261.6515078193861,261.6515078193861,126.33623504638672,215.61801147460938,542.9527618408202,733.9197998046875,10.0,0.1,2.0,473,0.21595453,False
49982,580,ok,True,False,20260908,5,analysis_activations,positive,False,5.074468917454495,5.471787031028624,0.011170287669403239,0.06839647838200932,0.10568958165024232,0.26152720390431533,0.5441965195499509,0.4558034804500491,0.4558034804500491,1.9919916300547285,2,13,167.14445868704627,12.42442686762378,154.7200318194225,154.7200318194225,135.2765350341797,175.97359466552734,330.2535186767578,564.2071533203125,10.0,0.1,2.0,307,0.0765422,False
50096,2732,ok,True,True,20260908,5,analysis_activations,positive,False,4.9649632183253765,5.384568843270094,0.012090140679008573,0.06985547080168104,0.10995517577180518,0.26430185546393925,0.6207095000213623,0.3792904999786378,0.3792904999786378,2.0729720623111048,2,10,708.6656508709968,-256.5423173502595,965.2079682212564,965.2079682212564,120.72816467285156,153.92926025390625,289.4744415283202,503.34619140625,10.0,0.1,2.0,568,0.07547843,False
50103,998,ok,True,True,20260908,5,analysis_activations,positive,False,5.151283982502009,6.211794778491683,0.07328000857957573,0.08710148199157138,0.2707028048978727,0.29512960202523125,0.5177938628208648,0.4822061371791352,0.4822061371791352,3.7450098913091923,2,3,1828.5053813905286,1538.8124024442377,289.69297894629085,289.69297894629085,118.38577270507812,273.5168151855469,710.4206481933594,988.7138671875,10.0,0.1,2.0,644,0.3611206,False
50272,1116,ok,True,True,20260908,5,analysis_activations,positive,False,4.901864501700379,5.2899486692219515,0.010104766871345986,0.06487775077822176,0.10052246948491658,0.25471111239642014,0.6487035879110862,0.35129641208891393,0.35129641208891393,2.0042916354564286,2,10,107.54720362811186,-331.72109375144964,439.2682973795615,439.2682973795615,114.38109588623047,141.2071990966797,259.22566986083984,451.26007080078125,10.0,0.1,2.0,347,0.063724406,False
50437,1744,ok,True,True,20260908,5,analysis_activations,positive,False,5.020574668136051,5.689418343852644,0.017989095683543017,0.16586898501155775,0.13412343450546968,0.4072701621915823,0.6343513865942496,0.3656486134057504,0.3656486134057504,2.2059631920482454,2,13,1932.6325883753689,942.7222124814051,989.9103758939638,989.9103758939638,124.82049560546875,165.33197021484375,479.4606536865234,846.2518310546875,10.0,0.1,2.0,861,0.1759243,False
50490,1131,ok,True,True,20260908,5,analysis_activations,positive,False,4.589406346297695,4.696614967866368,0.0009990071568694496,0.004131405525049684,0.03160707447501982,0.06427601049419358,0.6402296689076973,0.35977033109230266,0.35977033109230266,2.1167450835352244,2,7,-2821.3980632248145,-3110.332855730052,288.9347925052375,288.9347925052375,92.95897674560547,99.68659973144531,116.4510269165039,143.95223999023438,10.0,0.1,2.0,1131,0.004776575,False
50520,5857,ok,True,False,20260908,5,analysis_activations,positive,False,4.664232553168411,5.36375430073477,0.011492664904237069,0.28363129935496534,0.10720384743206313,0.5325704642157367,0.7308267475002403,0.2691732524997596,0.2691732524997596,1.821016918760983,2,12,6627.825026171137,270.96449541277195,6356.860530758366,6356.860530758366,91.55276489257812,108.26974487304688,367.68353881835935,921.7105102539062,10.0,0.1,2.0,2612,0.18103595,False
50525,3257,ok,True,True,20260908,5,analysis_activations,positive,False,4.5404578167863106,5.486186648851671,0.014195003714276958,0.3358379231410336,0.11914278708456068,0.5795152484111472,0.7080730379034168,0.29192696209658325,0.29192696209658325,2.260617980241587,2,12,5260.554325540743,1442.9170374690307,3817.637288071712,3817.637288071712,79.49007415771484,96.9014663696289,480.80573120117174,785.7608642578125,10.0,0.1,2.0,1825,0.29305866,False
50677,927,ok,True,True,20260908,5,analysis_activations,positive,False,5.101900542142793,5.9482924520761,0.056534765610672916,0.0659550435438223,0.23777040524563378,0.25681714028433206,0.5367468861685138,0.4632531138314861,0.4632531138314861,3.4200820282851,2,3,1317.6662692418338,1113.9198690920346,203.74640014979923,203.74640014979923,117.61703491210938,234.6979217529297,521.2146179199217,685.1549072265625,10.0,0.1,2.0,763,0.2392832,False
50739,2987,ok,True,False,20260908,5,analysis_activations,positive,False,5.074955603983467,5.53333661686791,0.014857602483312434,0.09941097516302003,0.12189176544505553,0.31529506047989403,0.6836777404058776,0.3163222595941223,0.3163222595941223,1.917689131921629,2,9,1200.3976537962676,-100.07240476933818,1300.4700585656058,1300.4700585656058,134.6845245361328,168.40481567382812,345.8498321533203,741.2499389648438,10.0,0.1,2.0,501,0.087071575,False
50895,1955,ok,True,True,20260908,5,analysis_activations,positive,False,5.004498153635022,5.277606308242933,0.007211665301560056,0.026573228665791246,0.08492152437138688,0.16301297085137503,0.6839043841990053,0.3160956158009946,0.3160956158009946,2.101301572095591,2,5,-1327.9467121195166,-1831.352498880119,503.40578676060227,503.40578676060227,131.3836669921875,154.60357666015625,230.8360595703125,356.11968994140625,10.0,0.1,2.0,185,0.029470291,False
51071,4182,ok,True,True,20260908,5,analysis_activations,positive,False,5.134551091501392,5.682293097187149,0.017517428351703994,0.11956374175933693,0.13235342213824317,0.3457799036371792,0.5727301348778145,0.4272698651221854,0.4272698651221854,2.0921949241962388,2,13,3495.9087804673254,1944.7897495568143,1551.1190309105111,1551.1190309105111,139.9226837158203,191.67201232910156,460.7090942382812,989.00048828125,10.0,0.1,2.0,443,0.13456795,False
51234,999,ok,True,True,20260908,5,analysis_activations,positive,False,5.0434243184432015,6.450532316833645,0.12658828694285554,0.027420938707694166,0.3557924773556287,0.16559268917344802,0.5958962416252397,0.4041037583747603,0.4041037583747603,5.070713356348126,2,6,2275.472704305842,1499.697113234897,775.775591070945,775.775591070945,103.55279541015625,240.13543701171875,761.7535034179687,925.9364013671875,10.0,0.1,2.0,689,0.56385785,False
51277,3587,ok,True,False,20260908,5,analysis_activations,positive,False,5.0699005361015015,5.352761105330078,0.0045931012266565395,0.04569884940936576,0.06777242231657755,0.21377289212939457,0.6038955112449887,0.39610448875501125,0.39610448875501125,1.7837671782778393,2,15,-1349.0936586055352,-3047.409116861248,1698.3154582557129,1698.3154582557129,144.1483612060547,166.08204650878906,265.73748474121095,620.1050415039062,10.0,0.1,2.0,1240,0.040024307,False
51284,3799,ok,True,True,20260908,5,analysis_activations,positive,False,4.581428451315778,5.8893898621656104,0.05203184476054236,0.0663347057381072,0.2281048985895357,0.25755524793353984,0.6740804912653312,0.3259195087346689,0.3259195087346689,5.376447795440287,2,2,7613.713971421975,4543.207968640148,3070.506002781827,3070.506002781827,74.3389892578125,108.86160278320312,466.1308624267578,746.3856201171875,10.0,0.1,2.0,1791,0.43265432,False
51351,1001,ok,True,True,20260908,5,analysis_activations,positive,False,4.886361036025799,5.592409000934526,0.010892237905575362,0.12080385210760566,0.1043658847783861,0.3475684854925798,0.43703478871055557,0.5629652112894444,0.43703478871055557,2.751457207793628,2,16,1220.2813590446176,774.5418078096434,445.7395512349742,445.7395512349742,114.38495635986328,174.33038330078125,425.5587463378906,655.5760498046875,10.0,0.1,2.0,711,0.19561249,False
51485,3346,ok,True,False,20260908,5,analysis_activations,positive,False,4.916828400773496,5.242927312527842,0.006946474120470985,0.057118309921380964,0.08334551049979227,0.2389943721542015,0.6274459295663957,0.3725540704336043,0.3725540704336043,1.8220263947234767,2,11,-478.9840809086873,-1944.0497871960495,1465.0657062873622,1465.0657062873622,120.60627746582031,143.10340118408203,243.63941192626953,660.28515625,10.0,0.1,2.0,798,0.050510205,False
51751,551,ok,True,True,20260908,5,analysis_activations,positive,False,5.106167449175737,5.6046136183966615,0.00653458582859902,0.0940970507417859,0.08083678512038328,0.3067524258123901,0.4481113954973795,0.5518886045026206,0.4481113954973795,2.2221122451620667,2,17,390.77917217155,158.57252983074594,232.20664234080405,232.20664234080405,146.58084106445312,194.17153930664062,426.0534362792969,662.3507080078125,10.0,0.1,2.0,378,0.11651305,False
51796,1806,ok,True,True,20260908,5,analysis_activations,positive,False,5.07085363485703,5.602081661606967,0.026593087098192667,0.11268285525504683,0.1630738700656628,0.335682670471752,0.5920643144187862,0.4079356855812139,0.4079356855812139,2.0130655868103693,2,9,1453.7589895939457,1040.6632428059606,413.09574678798504,413.09574678798504,125.82373046875,182.25106811523438,399.56333923339844,972.6588134765625,10.0,0.1,2.0,374,0.12994213,False
51897,582,ok,True,True,20260908,5,analysis_activations,positive,False,5.246565638643297,5.987814903056005,0.07701566509869821,0.0578200417398001,0.27751696362330397,0.2404579833147573,0.5082484126791417,0.4917515873208583,0.4917515873208583,2.854807408675664,2,4,741.7728567188834,690.878532907727,50.89432381115637,50.89432381115637,114.43902587890625,274.07098388671875,540.029064941406,685.4759521484375,10.0,0.1,2.0,466,0.20525326,False
51934,1546,ok,True,False,20260908,5,analysis_activations,positive,False,4.118279907702328,4.331889488833465,0.004082078592372228,0.020325300969371126,0.0638911464318197,0.14256682983559368,0.6222224501973077,0.37777754980269224,0.37777754980269224,1.9336378953166924,2,6,-1574.711850298124,-2002.7246139411357,428.01276364301157,428.01276364301157,54.940574645996094,63.32737731933594,87.4611587524414,136.48095703125,10.0,0.1,2.0,940,0.020956594,False
51984,4517,ok,True,True,20260908,5,analysis_activations,positive,False,4.574138351873534,6.195174272057445,0.06212833907881057,0.08708500209976186,0.24925556980499064,0.2951016809504173,0.7973577500720054,0.2026422499279946,0.2026422499279946,5.934768851459065,2,2,9629.638589503222,5076.867906482807,4552.770683020415,4552.770683020415,72.2546157836914,97.40264129638672,596.2128662109374,1027.712646484375,10.0,0.1,2.0,2172,0.49188232,False
52085,2803,ok,True,True,20260908,5,analysis_activations,positive,False,5.168838173267155,5.72055522136871,0.031010063341442524,0.08274577951217874,0.17609674426701513,0.28765566135951287,0.5962097749631521,0.40379022503684786,0.40379022503684786,2.3133670495940115,2,5,2145.801005511354,1690.1408074105236,455.6601981008305,455.6601981008305,134.20559692382812,204.73326110839844,442.8948608398438,628.4725952148438,10.0,0.1,2.0,1531,0.12522438,False
52088,951,ok,True,True,20260908,5,analysis_activations,positive,False,5.088997651929729,6.0234773911988775,0.0380211141069806,0.18249336578795325,0.19499003591717348,0.4271924224374225,0.5275725325530505,0.4724274674469495,0.4724274674469495,2.8142736954587133,2,15,1640.5189139630168,1321.8343845751974,318.68452938781934,318.68452938781934,122.55825805664062,214.83453369140625,713.4942016601562,903.006591796875,10.0,0.1,2.0,462,0.32426277,False
52144,1803,ok,True,True,20260908,5,analysis_activations,positive,False,4.653832564525602,5.919647211701001,0.03338475462618402,0.04536660907254795,0.18271495457729786,0.2129943874202979,0.6490838006399423,0.3509161993600577,0.3509161993600577,6.379050981794586,2,2,3491.0617807674494,1520.4345941457887,1970.6271866216607,1970.6271866216607,85.70874786376953,115.49597930908203,455.580322265625,609.8816528320312,10.0,0.1,2.0,1261,0.40276974,False
52210,7277,ok,True,True,20260908,5,analysis_activations,positive,False,5.079879979777531,5.5478055442052625,0.020029722856925447,0.07403494465107822,0.14152640339147127,0.2720936321398908,0.5767482535605619,0.42325174643943814,0.42325174643943814,2.1576376329050517,2,9,3641.4230919880074,2099.955666175107,1541.4674258129003,1541.4674258129003,129.94908142089844,182.59982299804688,357.35992431640625,720.7820434570312,10.0,0.1,2.0,1832,0.09634845,False
52256,11023,ok,True,False,20260908,5,analysis_activations,positive,False,4.919850613537659,5.161091689601543,0.004196111938554169,0.03189684365394103,0.06477740299328284,0.17859687470373334,0.647030252352056,0.3529697476479439,0.3529697476479439,1.7957878597736265,2,10,-8406.448330860878,-13129.867042528105,4723.418711667227,4723.418711667227,124.11581420898438,140.93075561523438,206.61278686523437,478.4788818359375,10.0,0.1,2.0,3616,0.027266283,False
52332,2632,ok,True,True,20260908,5,analysis_activations,positive,False,4.620115890466254,5.50020168928499,0.013975776316254608,0.27282850672524944,0.11821918759767641,0.5223298830482987,0.4739772460055292,0.5260227539944707,0.4739772460055292,2.324059243980112,2,20,4670.659141076966,3066.1495722491754,1604.5095688277906,1604.5095688277906,85.66716766357422,127.29192352294922,515.8721069335937,693.2335205078125,10.0,0.1,2.0,1306,0.3433814,False
52482,2581,ok,True,False,20260908,5,analysis_activations,positive,False,4.908325499368863,5.208711637715866,0.005274884639171431,0.04842626325619824,0.07262840105063191,0.2200596811235494,0.6310280372220897,0.3689719627779104,0.3689719627779104,1.833171518333113,2,12,-829.1905518753181,-2071.7923095969877,1242.6017577216696,1242.6017577216696,121.30023193359375,141.16073608398438,230.39137268066406,476.37322998046875,10.0,0.1,2.0,774,0.042220745,False
52691,1517,ok,True,True,20260908,5,analysis_activations,positive,False,4.8909608608389865,5.742873274089716,0.06815378412173932,0.10687196966093637,0.26106279727632453,0.32691278601629575,0.5620611977442089,0.43793880225579107,0.43793880225579107,2.87977771017133,2,4,2297.934852350507,2075.71182062744,222.22303172306692,222.22303172306692,90.77847290039062,181.05551147460938,475.15942993164066,611.7806396484375,10.0,0.1,2.0,987,0.2639262,False
52694,4340,ok,True,True,20260908,5,analysis_activations,positive,False,4.471692202122674,5.098000743847164,0.009738800417347572,0.1752496320156423,0.09868536070434952,0.41862827426685156,0.673474125450309,0.32652587454969095,0.32652587454969095,2.0593541840308105,2,13,4100.866715679224,209.6688438775413,3891.197871801683,3891.197871801683,75.65741729736328,90.84900283813477,266.7340774536134,569.898193359375,10.0,0.1,2.0,2329,0.15007706,False
52792,2489,ok,True,False,20260908,5,analysis_activations,positive,False,4.987248798172302,5.30494340713794,0.0065904525250995655,0.049455874418262886,0.08118160213434794,0.22238676763302012,0.5693765272097808,0.43062347279021923,0.43062347279021923,1.8978035956209254,2,13,-387.48872879715844,-1284.8367238582773,897.3479950611188,897.3479950611188,129.5928192138672,156.19508361816406,259.7363647460937,532.1182250976562,10.0,0.1,2.0,854,0.049814925,False
52810,3647,ok,True,False,20260908,5,analysis_activations,positive,False,5.0670058031435605,5.533720667303442,0.018260175648678333,0.10503901975739652,0.13513021737819536,0.32409723812059327,0.5928767500726112,0.40712324992738885,0.40712324992738885,1.8796912044679455,2,10,2186.812742041096,1085.2707423276395,1101.5419997134566,1101.5419997134566,129.55494689941406,174.5813751220703,365.82631225585936,783.60986328125,10.0,0.1,2.0,1554,0.10619481,False
52834,1514,ok,True,True,20260908,5,analysis_activations,positive,False,4.735638201954063,6.067593437675179,0.06085349834662765,0.061967969220375285,0.24668501848841096,0.24893366429708796,0.4894082987148957,0.5105917012851043,0.4894082987148957,5.374864076661306,2,2,3276.07727609092,2156.8988692946646,1119.1784067962553,1119.1784067962553,84.61264038085938,243.6409149169922,605.7153747558593,755.53466796875,10.0,0.1,2.0,854,0.50508165,False
53129,1218,ok,True,False,20260908,5,analysis_activations,positive,False,5.053025636789415,5.407186124863084,0.006024888982591246,0.06452390346386529,0.07762015835201089,0.254015557523285,0.6462952710798524,0.3537047289201476,0.3537047289201476,1.8856900654818987,2,14,-53.40333075982869,-735.0470133657379,681.6436826059092,681.6436826059092,139.33596801757812,163.3838653564453,299.8823150634765,507.5715637207031,10.0,0.1,2.0,540,0.0554334,False
53201,12114,ok,True,False,20260908,5,analysis_activations,positive,False,4.658839572482153,5.114814533066074,0.013164725699874612,0.1688315237174299,0.11473763854932091,0.4108911336563858,0.8782795830542108,0.12172041694578922,0.12172041694578922,1.5115578506323761,2,3,-885.4661466253224,-9224.485225230757,8339.019078605435,8339.019078605435,89.8067855834961,104.00797653198242,159.18529586791996,1131.38037109375,10.0,0.1,2.0,3947,0.05434282,False
53225,1595,ok,True,False,20260908,5,analysis_activations,positive,False,5.125775261409655,5.715478459130886,0.015154676707749256,0.18734798940430455,0.12310433261160736,0.4328371395852077,0.6733175083202222,0.32668249167977775,0.32668249167977775,1.8532461556723019,2,13,1492.7435543652887,448.94512974586183,1043.798424619427,1043.798424619427,141.79681396484375,177.86572265625,488.9968322753903,1042.727294921875,10.0,0.1,2.0,368,0.14799038,False
53245,8344,ok,True,True,20260908,5,analysis_activations,positive,False,4.964945434418622,5.407467594655825,0.01710949972486397,0.06722199429041101,0.13080328636874522,0.259272046874342,0.5927854196169334,0.4072145803830666,0.4072145803830666,2.1550389524001123,2,9,3107.4050178397515,1131.3627883260283,1976.0422295137232,1976.0422295137232,117.09194946289062,159.28298950195312,300.84205169677733,591.2866821289062,10.0,0.1,2.0,761,0.08479585,False
53258,689,ok,True,True,20260908,5,analysis_activations,positive,False,5.084118451380815,5.619888328119522,0.03785946264458202,0.057659941915551176,0.19457508228080497,0.24012484651853747,0.5093861924641271,0.49061380753587297,0.49061380753587297,2.4515879985113043,2,5,503.53245594063264,475.4590948890865,28.073361051546158,28.073361051546158,117.839111328125,205.044677734375,390.25485839843776,496.6080322265625,10.0,0.1,2.0,174,0.119483225,False
53307,3278,ok,True,True,20260908,5,analysis_activations,positive,False,5.146290818038443,5.609990782733544,0.015647631946244644,0.0806491355969424,0.12509049502757852,0.28398791452620376,0.6055681595251603,0.3944318404748397,0.3944318404748397,2.1132272686666265,2,11,1520.3975291117172,488.33775456536154,1032.0597745463556,1032.0597745463556,142.47525024414062,188.8970947265625,386.07240600585925,669.4754638671875,10.0,0.1,2.0,436,0.09267164,False
53460,583,ok,True,True,20260908,5,analysis_activations,positive,False,4.782057223002982,6.113157796419969,0.05254843297744729,0.11079056522263299,0.22923444980510083,0.33285216721937233,0.4330099036677629,0.5669900963322372,0.4330099036677629,4.657800943773574,2,6,1286.6249350608387,962.8377010005431,323.78723406029553,323.78723406029553,90.39579772949219,285.6983642578125,710.573681640625,938.164306640625,10.0,0.1,2.0,291,0.52147067,False
53483,884,ok,True,False,20260908,5,analysis_activations,positive,False,4.98118252017274,5.1603093534988105,0.0023856018393999985,0.013895954979754781,0.04884262318303552,0.11788110527033067,0.6532660943449821,0.34673390565501794,0.34673390565501794,1.9853070353290017,2,10,-1274.0780147744888,-1591.8487017452298,317.77068697074105,317.77068697074105,135.20379638671875,148.4917755126953,197.0220230102539,263.5677490234375,10.0,0.1,2.0,505,0.013658984,False
53543,2002,ok,True,False,20260908,5,analysis_activations,positive,False,4.940324738178016,5.092174593008491,0.0014358931519725235,0.011750079270073792,0.037893180810965495,0.10839778258836198,0.5539592199579197,0.44604078004208025,0.44604078004208025,1.8701364603592714,2,16,-3202.9740821690557,-3935.0598756691497,732.085793500094,732.085793500094,131.4089813232422,143.87757873535156,186.72474365234373,275.36749267578125,10.0,0.1,2.0,425,0.011738755,False
53698,11284,ok,True,False,20260908,5,analysis_activations,positive,False,4.4762069965445885,5.048871736995086,0.016500927856083536,0.21547703905760987,0.1284559374107851,0.4641950441975979,0.7434291380072372,0.2565708619927628,0.2565708619927628,1.681481420187229,2,11,9028.469289817605,883.668559720246,8144.8007300973595,8144.8007300973595,73.09475708007812,89.60201263427734,204.1115859985352,803.7046508789062,10.0,0.1,2.0,3869,0.13011539,False
54144,2324,ok,True,False,20260908,5,analysis_activations,positive,False,5.065946615829435,5.502929042637503,0.011499743462571132,0.10530601492367195,0.10723685682903585,0.32450888265758143,0.6916590168249055,0.3083409831750947,0.3083409831750947,1.8082015754590772,2,12,774.0227058008733,-491.8109777714102,1265.8336835722835,1265.8336835722835,137.25897216796875,164.1134796142578,332.5538864135741,979.8865966796875,10.0,0.1,2.0,732,0.08118208,False
54164,3865,ok,True,False,20260908,5,analysis_activations,positive,False,4.96306491831422,5.368612657577348,0.00889902779228707,0.09114196358002163,0.09433465848926931,0.30189727322389254,0.6695924992051132,0.33040750079488684,0.33040750079488684,1.8132930174594915,2,12,840.2923695448975,-1355.9975011997594,2196.289870744657,2196.289870744657,124.85653686523438,148.62315368652344,284.35518798828105,880.5243530273438,10.0,0.1,2.0,1607,0.07247737,False
54240,4194,ok,True,False,20260908,5,analysis_activations,positive,False,4.467722515151356,5.356560970910447,0.021277572986780065,0.415541083739214,0.14586834127657744,0.6446247619656058,0.8011749348733189,0.198825065126681,0.198825065126681,1.9018980996735704,2,9,5672.297849946661,1170.9732839753522,4501.324565971308,4501.324565971308,71.01677703857422,87.3314437866211,296.7045822143552,886.1215209960938,10.0,0.1,2.0,2231,0.22556718,False
54265,1014,ok,True,False,20260908,5,analysis_activations,positive,False,5.0255927598319206,5.378702743271037,0.009450415450334532,0.05338378098140545,0.09721324729857825,0.23104930422185965,0.6134389465532536,0.3865610534467464,0.3865610534467464,1.9921725956096117,2,9,-31.315784757503547,-347.50598878480275,316.1902040272992,316.1902040272992,129.92620849609375,161.95459747314453,272.8334823608398,519.0671997070312,10.0,0.1,2.0,242,0.05605479,False
54267,5155,ok,True,False,20260908,5,analysis_activations,positive,False,4.931064067333252,5.208914816260384,0.005690919647319641,0.03594103664753101,0.07543818427904823,0.18958121385709875,0.650454974370527,0.3495450256294729,0.3495450256294729,1.925808769839227,2,10,-2812.6536324346794,-4823.205903849428,2010.5522714147487,2010.5522714147487,123.94088745117188,143.77203369140625,221.63049621582033,414.62451171875,10.0,0.1,2.0,1208,0.033823043,False
54342,2164,ok,True,False,20260908,5,analysis_activations,positive,False,5.117212436657421,5.536602722780609,0.01384114792816641,0.07464854268391306,0.11764840809873464,0.2732188549202142,0.650593114975989,0.3494068850240108,0.3494068850240108,1.9938249516291349,2,9,553.202588616866,-191.36405087346589,744.5666394903319,744.5666394903319,141.0556640625,177.80013275146484,340.318635559082,659.587890625,10.0,0.1,2.0,435,0.07510466,False
54348,930,ok,True,True,20260908,5,analysis_activations,positive,False,5.166808837366541,5.785215020642642,0.023450351451113367,0.13681767685156754,0.15313507583539887,0.3698887357727558,0.7388657530281141,0.26113424697188586,0.26113424697188586,2.1845670261658885,2,8,732.6049400668692,297.9264740771488,434.6784659897204,434.6784659897204,141.0426788330078,183.74940490722656,458.2509674072264,981.0850830078125,10.0,0.1,2.0,119,0.12697682,False
54434,1826,ok,True,False,20260908,5,analysis_activations,positive,False,4.98877169171522,5.469597133006765,0.010104347494482222,0.1332302406107806,0.10052038347759236,0.36500717884828043,0.73699075784798,0.26300924215202,0.26300924215202,1.796085204490721,2,9,744.4560712412763,-611.3946299717691,1355.8507012130453,1355.8507012130453,127.56459045410156,149.61779022216797,302.4946975708008,876.34423828125,10.0,0.1,2.0,743,0.08734803,False
54469,618,ok,True,True,20260908,5,analysis_activations,positive,False,5.021588052470487,5.733768736720865,0.031469829766281314,0.05619703226553859,0.17739737812685202,0.2370591324238292,0.6698053018750599,0.33019469812494,0.33019469812494,3.401633012185743,2,3,601.650939014459,416.8842877611711,184.76665125328793,184.76665125328793,116.88326263427734,172.0968246459961,403.3970260620117,521.5718994140625,10.0,0.1,2.0,295,0.15205546,False
54477,3021,ok,True,True,20260908,5,analysis_activations,positive,False,5.169610166085637,5.673758019442371,0.017316395148478117,0.10247133185622515,0.1315917746231812,0.32011143662203817,0.7004084775649946,0.29959152243500553,0.29959152243500553,2.0599978071457867,2,9,1514.857075001904,217.33020213315731,1297.5268728687465,1297.5268728687465,144.830322265625,185.54046630859375,399.2937316894531,793.275390625,10.0,0.1,2.0,278,0.09619173,False
54541,3249,ok,True,False,20260908,5,analysis_activations,positive,False,4.969990997483201,5.449313568756878,0.011769204123681157,0.11986520888875249,0.10848596279556705,0.34621555263845744,0.6213596277192279,0.37864037228077213,0.37864037228077213,1.8683496612772676,2,13,1967.602933478759,280.01315353222236,1687.5897799465367,1687.5897799465367,123.19960021972656,153.97506713867188,340.062744140625,1030.3011474609375,10.0,0.1,2.0,845,0.10678441,False
54621,1642,ok,True,False,20260908,5,analysis_activations,positive,False,4.968196220701599,5.360869908326995,0.009022909099935488,0.07737001298315534,0.09498899462535378,0.278154656590817,0.5678393388189299,0.4321606611810702,0.4321606611810702,1.889329549291095,2,14,451.69444971184606,-194.90096566980753,646.5954153816535,646.5954153816535,124.39480590820312,155.18538665771484,292.9110671997069,672.2742309570312,10.0,0.1,2.0,259,0.076444104,False
54694,1116,ok,True,False,20260908,5,analysis_activations,positive,False,5.09495625969147,5.620092725575291,0.021472468673741415,0.11946946270557633,0.1465348718692633,0.34564354862426744,0.6539972842044861,0.3460027157955138,0.3460027157955138,1.978185734490624,2,7,794.0606974057487,407.95215307689523,386.10854432885344,386.10854432885344,132.5653076171875,177.11961364746094,396.5034484863281,788.3922119140625,10.0,0.1,2.0,288,0.11788649,False
54804,2021,ok,True,True,20260908,5,analysis_activations,positive,False,5.170901764393491,5.72202367954877,0.022185624069534383,0.12477119542427192,0.14894839398105097,0.35322966385097376,0.5849840258931146,0.4150159741068854,0.4150159741068854,2.0331424432765557,2,11,1755.279773613207,1136.3414266005047,618.9383470127023,618.9383470127023,141.49044799804688,199.1439971923828,470.099365234375,962.2120361328125,10.0,0.1,2.0,298,0.13856813,False
55042,618,ok,True,True,20260908,5,analysis_activations,positive,False,5.089782217299178,5.421447600734186,0.007243019525311571,0.04505145156522417,0.08510593119936807,0.21225327221323154,0.5575330812129894,0.4424669187870106,0.4424669187870106,2.051101990650441,2,13,-71.16382381945644,-253.2359276521316,182.07210383267517,182.07210383267517,142.98001098632812,175.49026489257812,290.6635910034179,530.820556640625,10.0,0.1,2.0,132,0.05119015,False
55071,5925,ok,True,False,20260908,5,analysis_activations,positive,False,5.000385116915803,5.306046428806086,0.006102970567844332,0.044436507539343216,0.07812151155632059,0.2107996858141473,0.6411689743699807,0.35883102563001923,0.35883102563001923,1.9228264791501664,2,10,-2043.0130706796358,-4592.375674673063,2549.3626039934275,2549.3626039934275,132.24266052246094,154.78138732910156,252.01650695800782,477.1293640136719,10.0,0.1,2.0,1389,0.041359484,False
55156,1745,ok,True,True,20260908,5,analysis_activations,positive,False,4.96312841961383,5.65573517871906,0.015477524508134886,0.14290497121618517,0.12440869948735453,0.37802773868617784,0.4007285376604758,0.5992714623395242,0.4007285376604758,2.461206947030781,2,21,2218.912784965894,1691.0155562259413,527.8972287399527,527.8972287399527,118.81912994384766,197.12893676757812,500.97962646484376,690.7550048828125,10.0,0.1,2.0,1156,0.20715742,False
55221,3523,ok,True,True,20260908,5,analysis_activations,positive,False,5.002329662643158,5.6100987228625545,0.011461407020387913,0.1367492379322474,0.10705796103227407,0.36979621135464247,0.49222815449942753,0.5077718455005724,0.49222815449942753,2.232615249935868,2,17,3717.3059634027923,2064.6015042209156,1652.7044591818767,1652.7044591818767,128.03131103515625,175.44984436035156,467.1549011230466,831.0196533203125,10.0,0.1,2.0,555,0.1674489,False
55280,2141,ok,True,True,20260908,5,analysis_activations,positive,False,5.020475002387991,5.488456125520239,0.009536090181299363,0.0984614922504771,0.09765290667102215,0.31378574258636593,0.5338229163382984,0.46617708366170163,0.46617708366170163,2.0138926474327303,2,15,1275.8486699489342,337.17566655944734,938.6730033894869,938.6730033894869,131.87960815429688,168.04173278808594,363.44781494140625,732.5162963867188,10.0,0.1,2.0,969,0.105540395,False
55330,6752,ok,True,False,20260908,5,analysis_activations,positive,False,5.025670298422488,5.435178289870883,0.01192322390091638,0.0912796523382727,0.10919351583732607,0.30212522625274557,0.7086985426116965,0.29130145738830343,0.29130145738830343,1.8027332896962385,2,8,1190.6868849830278,-2076.836163910161,3267.5230488931884,3267.5230488931884,130.30828857421875,157.33386993408203,290.4299423217772,856.8510131835938,10.0,0.1,2.0,1093,0.06966914,False
55429,625,ok,True,True,20260908,5,analysis_activations,positive,False,4.796538604887546,5.246156133653237,0.013582610715781736,0.08205744715190123,0.11654445810840486,0.2864567107817536,0.7422496170386115,0.25775038296138864,0.25775038296138864,2.0560719914013577,2,8,123.67586705258644,-153.77303724986683,277.4489043024533,277.4489043024533,103.2580337524414,125.0046157836914,237.59567871093748,617.7531127929688,10.0,0.1,2.0,240,0.070018604,False
55433,1296,ok,True,True,20260908,5,analysis_activations,positive,False,4.665117983662393,4.910582683424777,0.004654228563911925,0.01629083957626475,0.06822190677423143,0.12763557331819664,0.7044691680181773,0.2955308319818227,0.2955308319818227,2.398629409107419,2,5,-1337.1626508472286,-1722.744692295803,385.5820414485743,385.5820414485743,95.45156860351562,109.2064437866211,150.58905029296875,201.5750732421875,10.0,0.1,2.0,355,0.02065229,False
55436,579,ok,True,False,20260908,5,analysis_activations,positive,False,5.116820131128218,5.776272415800459,0.04465326046018086,0.21487580259474706,0.21131318099016175,0.4635469799219353,0.6943779778138326,0.30562202218616735,0.30562202218616735,1.8306502346442304,2,5,691.1257703617844,529.1790862664402,161.94668409534415,161.94668409534415,125.68170928955078,182.8919677734375,446.7687866210939,1097.577880859375,10.0,0.1,2.0,106,0.18929173,False
55482,5887,ok,True,False,20260908,5,analysis_activations,positive,False,5.160805456772373,5.475209694843721,0.008100889295844146,0.04138714760243348,0.09000494039687014,0.203438313998208,0.5904853046771885,0.4095146953228115,0.4095146953228115,1.9987260654844377,2,10,-1449.7934612583683,-3133.422429318579,1683.6289680602106,1683.6289680602106,152.0625,186.89761352539062,303.6951965332031,506.8999328613281,10.0,0.1,2.0,562,0.045641936,False
55522,872,ok,True,True,20260908,5,analysis_activations,positive,False,5.009644571658122,5.557298565485904,0.026158234938967368,0.12014028536797648,0.16173507640263868,0.3466125868573969,0.7530880892220028,0.24691191077799726,0.24691191077799726,2.02488932199524,2,5,523.9607505594854,224.82234483336418,299.1384057261212,299.1384057261212,119.58079528808594,157.11627197265625,341.00110778808516,710.5419921875,10.0,0.1,2.0,617,0.10525319,False
55618,5475,ok,True,True,20260908,5,analysis_activations,positive,False,5.038050296096896,5.647864173733087,0.0200036819203782,0.1570678614146802,0.14143437319258073,0.39631787925184525,0.4910704250545687,0.5089295749454312,0.4910704250545687,2.049452772965738,2,18,6247.505253536667,4490.926829649557,1756.5784238871101,1756.5784238871101,125.26921844482422,186.7760009765625,497.7767700195314,1224.60595703125,10.0,0.1,2.0,578,0.18273039,False
55746,1314,ok,True,False,20260908,5,analysis_activations,positive,False,4.941968664718851,5.253355872148267,0.006513126243217921,0.05370425353727757,0.08070394193109727,0.2317417820274919,0.6978535011765451,0.30214649882345496,0.30214649882345496,1.7945470008106268,2,9,-446.9335283488512,-1095.0097061380482,648.0761777891969,648.0761777891969,124.51398468017578,143.77545166015625,229.66585845947264,541.672119140625,10.0,0.1,2.0,546,0.04124697,False
55895,1918,ok,True,True,20260908,5,analysis_activations,positive,False,4.890771583872193,6.1084206538134795,0.11498440546069377,0.030811941198127985,0.33909350548291806,0.175533305096577,0.4189653501568867,0.5810346498431133,0.4189653501568867,4.50986787285943,2,5,3826.0370191426855,2368.0878251698296,1457.949193972856,1457.949193972856,86.67930603027344,375.9540252685547,580.259521484375,836.1334228515625,10.0,0.1,2.0,1192,0.4272301,False
55936,1414,ok,True,False,20260908,5,analysis_activations,positive,False,4.83552390218673,5.010478346044233,0.0033723725550258484,0.01844409060652836,0.05807213234440293,0.13580902255199526,0.7407906935393245,0.25920930646067547,0.25920930646067547,1.675127249377986,2,4,-2096.631821039561,-2570.6553861342313,474.0235650946702,474.0235650946702,115.18411254882812,127.31355285644531,162.15026321411128,239.04803466796875,10.0,0.1,2.0,1390,0.013164992,False
55950,1078,ok,True,False,20260908,5,analysis_activations,positive,False,5.1387211486849385,5.526012842455146,0.00959394441718375,0.07082022080753396,0.09794868256992408,0.2661206884245078,0.5755090395422903,0.4244909604577097,0.4244909604577097,1.9314652621456085,2,11,240.26817377609794,-142.11631103650348,382.3844848126014,382.3844848126014,147.59336853027344,185.78824615478516,341.00978393554686,689.3555297851562,10.0,0.1,2.0,607,0.07229348,False
55981,4794,ok,True,True,20260908,5,analysis_activations,positive,False,4.491228325568633,5.335638213056727,0.019742595894284686,0.3144563408529807,0.14050834813022564,0.5607640687962993,0.7399685087399546,0.26003149126004554,0.26003149126004554,2.065692990722582,2,9,6650.0244562711505,2157.386323105345,4492.638133165805,4492.638133165805,72.9804916381836,92.0811996459961,326.5860427856444,805.5441284179688,10.0,0.1,2.0,2243,0.23362236,False
55986,707,ok,True,True,20260908,5,analysis_activations,positive,False,5.168952306421561,6.001575220881121,0.04286522648081253,0.11449096585634072,0.20703919068817025,0.3383651368807678,0.6760977306382997,0.3239022693617002,0.3239022693617002,2.9683932656178675,2,5,942.1697797234511,723.6041095459213,218.5656701775298,218.5656701775298,130.30303955078125,198.23414611816406,609.653723144531,859.6727294921875,10.0,0.1,2.0,559,0.21818964,False
56083,3897,ok,True,True,20260908,5,analysis_activations,positive,False,4.534175426047428,5.61077345092026,0.01805319997747086,0.34178210816543025,0.1343621969806644,0.5846213374188717,0.7952074383942354,0.20479256160576456,0.20479256160576456,2.5381465187243863,2,9,6017.843641409129,983.2595129578219,5034.584128451307,5034.584128451307,77.18657684326172,93.8782730102539,494.78006591796833,737.48974609375,10.0,0.1,2.0,1948,0.2731752,False
56158,1409,ok,True,False,20260908,5,analysis_activations,positive,False,4.267214012529468,4.429401560559372,0.00246051742214982,0.01261606195112992,0.0496036029150083,0.11232124443367746,0.6407079188299583,0.3592920811700417,0.3592920811700417,1.8680181721065152,2,7,-2199.629808208026,-2610.7974732803004,411.1676650722743,411.1676650722743,65.54238891601562,72.56207275390625,92.83092041015624,155.49868774414062,10.0,0.1,2.0,889,0.012172348,False
56332,9524,ok,True,False,20260908,5,analysis_activations,positive,False,4.900970474196787,5.167296339868959,0.0048244614758452,0.03752628119841756,0.06945834345739323,0.19371701318783946,0.6427514204990457,0.3572485795009544,0.3572485795009544,1.83019696087065,2,11,-5502.357068649423,-9706.898525086517,4204.541456437094,4204.541456437094,121.09527587890625,138.7244415283203,212.75722427368171,510.6933288574219,10.0,0.1,2.0,3008,0.032796558,False
56397,1626,ok,True,True,20260908,5,analysis_activations,positive,False,5.059158785726853,5.633547881698619,0.019574467233606938,0.13396788716380992,0.13990878183161676,0.3660162389345723,0.5334979404383599,0.46650205956164015,0.46650205956164015,2.0730371585738263,2,13,1598.286149260083,1078.0633769512115,520.2227723088715,520.2227723088715,127.8069076538086,183.59877014160156,440.15271759033203,999.237548828125,10.0,0.1,2.0,965,0.15514416,False
56407,943,ok,True,False,20260908,5,analysis_activations,positive,False,4.898281426028875,5.095971978216558,0.003248446053065247,0.017646474304720827,0.05699514060922428,0.13284003276392561,0.7267026168852283,0.2732973831147717,0.2732973831147717,1.9341072471170613,2,6,-1274.0190640009,-1621.6354986946344,347.6164346937344,347.6164346937344,122.80154418945312,135.86068725585938,180.66856384277344,276.34588623046875,10.0,0.1,2.0,592,0.014960138,False
56448,1769,ok,True,True,20260908,5,analysis_activations,positive,False,5.053797563993287,5.57223682525286,0.011552780021863683,0.09729915392133934,0.10748385935508495,0.31192812300486683,0.5058310276040963,0.4941689723959038,0.4941689723959038,2.2222596778941974,2,18,1300.7122848900651,632.3068489752143,668.4054359148508,668.4054359148508,134.12271118164062,181.82257080078125,408.51514282226543,672.5961303710938,10.0,0.1,2.0,1068,0.12117919,False
56451,833,ok,True,False,20260908,5,analysis_activations,positive,False,4.940194095267959,5.155707674579563,0.0021147363400711937,0.0224979444263635,0.04598626251470317,0.14999314793137553,0.4899878072372365,0.5100121927627634,0.4899878072372365,1.9427198527743539,2,26,-725.4131310148875,-1028.1573224044876,302.7441913896,302.7441913896,129.63890075683594,148.1897430419922,215.38079528808592,333.19720458984375,10.0,0.1,2.0,369,0.024145242,False
56554,3378,ok,True,True,20260908,5,analysis_activations,positive,False,4.724399892125017,5.1553321629706454,0.016985309039441652,0.06548125665131557,0.13032769866548574,0.2558930570596154,0.6653043285279541,0.3346956714720459,0.3346956714720459,2.122193897527136,2,6,833.1142006850774,-76.58100250981181,909.6952031948892,909.6952031948892,92.58517456054688,120.48473358154297,224.20529479980456,472.66473388671875,10.0,0.1,2.0,1543,0.074588984,False
56585,3705,ok,True,True,20260908,5,analysis_activations,positive,False,5.066274741651145,5.434487733322076,0.012549185925009048,0.041154578876885575,0.11202314905861667,0.20286591354115055,0.6003148562812894,0.39968514371871056,0.39968514371871056,2.247044842679458,2,7,-114.80377314384049,-870.1816409876594,755.3778678438189,755.3778678438189,133.44419860839844,173.44776916503906,285.89812011718743,473.7408447265625,10.0,0.1,2.0,1285,0.056527324,False
56643,1788,ok,True,True,20260908,5,analysis_activations,positive,False,5.142287388594961,5.5641501002319655,0.011737852752885112,0.07180094493761797,0.10834137138178154,0.2679569833716188,0.5689111870705336,0.43108881292946644,0.43108881292946644,2.064153676565709,2,12,601.3990226235615,26.222328889953026,575.1766937336084,575.1766937336084,145.20413208007812,188.35911560058594,366.2133193969726,712.73095703125,10.0,0.1,2.0,269,0.08132171,False
56685,1262,ok,True,True,20260908,5,analysis_activations,positive,False,5.140277849974228,5.765072438227898,0.026199227109884357,0.1405636762496335,0.16186175307923845,0.3749182260835468,0.6791696762643166,0.3208303237356835,0.3208303237356835,2.163727342558937,2,9,1184.1531893817428,694.8494435218084,489.30374585993434,489.30374585993434,134.4343719482422,185.5593719482422,468.0671600341797,891.0237426757812,10.0,0.1,2.0,796,0.14806774,False
56746,733,ok,True,True,20260908,5,analysis_activations,positive,False,4.887715323586511,5.933383491099779,0.04695236848383896,0.04913651647414408,0.21668495213982664,0.22166758101748682,0.14622018305662926,0.8537798169433707,0.14622018305662926,4.770592359500967,2,3,857.756306189473,474.52731925817614,383.22898693129684,383.22898693129684,99.58758544921875,365.577880859375,522.7470092773438,683.9746704101562,10.0,0.1,2.0,607,0.18557197,False
56758,2416,ok,True,False,20260908,5,analysis_activations,positive,False,4.977021855992178,5.360708792878256,0.008307797102515677,0.07389365453136397,0.09114711790570054,0.27183387303896467,0.6747542521315768,0.32524574786842336,0.32524574786842336,1.8925713772982637,2,11,151.8214020666691,-1132.2198527389232,1284.0412548055924,1284.0412548055924,127.49139404296875,150.32266235351562,282.9502868652344,586.81201171875,10.0,0.1,2.0,635,0.06197218,False
56968,4591,ok,True,False,20260908,5,analysis_activations,positive,False,5.03510084153496,5.339367944155202,0.006623130085771657,0.04328182482954025,0.08138261537805022,0.20804284373546775,0.6459101714972857,0.3540898285027143,0.3540898285027143,1.926185738391004,2,10,-1644.0617118576772,-3473.914964727751,1829.8532528700737,1829.8532528700737,136.34425354003906,160.0814666748047,259.5522155761719,478.7340087890625,10.0,0.1,2.0,1218,0.04078519,False
56989,2192,ok,True,True,20260908,5,analysis_activations,positive,False,5.103271062246415,5.487593419899148,0.009787414442154564,0.058415659525711684,0.09893136227786699,0.24169331708947123,0.5761255534178011,0.42387444658219886,0.42387444658219886,2.0811753493685097,2,13,293.44502038231155,-423.61708010975894,717.0621004920705,717.0621004920705,141.6715087890625,178.37835693359375,329.33650512695306,553.364013671875,10.0,0.1,2.0,306,0.06649898,False
57155,9184,ok,True,False,20260908,5,analysis_activations,positive,False,4.587855039757452,5.20121846250675,0.013213926042172475,0.19262526265967825,0.11495184227393868,0.43889094620381297,0.8371165221954079,0.16288347780459217,0.16288347780459217,1.911916146183522,2,8,4340.069199214757,-4148.903457398037,8488.972656612794,8488.972656612794,83.72162628173828,97.53573989868164,207.9625915527345,668.486083984375,10.0,0.1,2.0,3303,0.09374433,False
57186,547,ok,True,True,20260908,5,analysis_activations,positive,False,4.9076211165351,5.595578820360137,0.011878768287972161,0.21502743224716783,0.10898976230808177,0.4637105047841464,0.41033791699729955,0.5896620830027004,0.41033791699729955,2.042459973091091,2,27,798.2095216028537,584.5559746331966,213.6535469696571,213.6535469696571,116.14764404296875,174.2013397216797,601.1890014648434,824.2058715820312,10.0,0.1,2.0,371,0.24663423,False
57248,623,ok,True,True,20260908,5,analysis_activations,positive,False,5.18633735952774,5.583741672539863,0.016019434687593367,0.06227128512124792,0.12656790544049218,0.24954215099106586,0.5714580275961233,0.42854197240387665,0.42854197240387665,2.00859524854093,2,6,163.0916726434703,53.50765715241842,109.58401549105189,109.58401549105189,148.22048950195312,200.25872802734375,359.4039825439453,555.609619140625,10.0,0.1,2.0,168,0.07463515,False
57471,1981,ok,True,True,20260908,5,analysis_activations,positive,False,4.584928557898179,5.772562298797066,0.01755588643642588,0.382700479394787,0.1324986280548817,0.6186279005951696,0.49306664964080676,0.5069333503591933,0.49306664964080676,2.6547791699563295,2,20,4471.377559143292,2958.0829640459365,1513.2945950973558,1513.2945950973558,82.25216674804688,127.26737976074219,691.9747924804688,1001.9081420898438,10.0,0.1,2.0,1130,0.55549043,False
57509,1082,ok,True,True,20260908,5,analysis_activations,positive,False,5.421280339573433,6.133907509517974,0.05636418917618381,0.09977264165744949,0.23741143438382198,0.3158680763506333,0.5109859097542659,0.48901409024573406,0.48901409024573406,2.5504962788002072,2,4,1367.1592113811143,1280.245708959479,86.91350242163526,86.91350242163526,159.9590606689453,312.3077697753906,692.7994079589848,1308.169677734375,10.0,0.1,2.0,218,0.2046777,False
57836,3801,ok,True,False,20260908,5,analysis_activations,positive,False,5.089177648668879,5.542616114133919,0.012309505950692667,0.1106343095789614,0.11094821292248319,0.3326173621129261,0.6458197320214037,0.3541802679785963,0.3541802679785963,1.82885811226549,2,12,1822.5250191665548,-56.5502156141341,1879.0752347806888,1879.0752347806888,138.66195678710938,172.12167358398438,364.31195068359375,919.0161743164062,10.0,0.1,2.0,635,0.094187886,False
57908,8543,ok,True,True,20260908,5,analysis_activations,positive,False,4.491963377084772,5.213147630920685,0.012111210123421333,0.15398999499259478,0.11005094331000227,0.3924155896401095,0.420018245041899,0.579981754958101,0.420018245041899,2.5025043553805886,2,19,11369.382523204884,7713.14559332597,3656.2369298789135,3656.2369298789135,76.11982727050781,119.0634765625,318.97864074707024,545.6625366210938,10.0,0.1,2.0,3323,0.22112262,False
57973,610,ok,True,True,20260908,5,analysis_activations,positive,False,4.984704670376572,5.581198695332138,0.012737933364500522,0.14539309096527017,0.11286245329825381,0.3813044596713631,0.6054109783646082,0.3945890216353918,0.3945890216353918,2.1213510995493667,2,12,587.0097701013381,237.99951664122537,349.0102534601127,349.0102534601127,123.82623291015625,159.08008575439453,429.64104614257803,747.5765380859375,10.0,0.1,2.0,240,0.15032539,False
58204,7481,ok,True,False,20260908,5,analysis_activations,positive,False,4.982563992491424,5.309411836605443,0.007085938510180599,0.05036793735862728,0.08417801678692959,0.22442802266790857,0.625604221118369,0.374395778881631,0.374395778881631,1.9284170235625944,2,12,-1420.067971578211,-4505.041772936609,3084.9738013583983,3084.9738013583983,128.94032287597656,153.44020080566406,259.8109130859375,509.79571533203125,10.0,0.1,2.0,1879,0.048317917,False
58208,4519,ok,True,False,20260908,5,analysis_activations,positive,False,4.479815529984835,5.225204630789618,0.020258876673415326,0.2846284425522686,0.14233368074147218,0.5335058036725266,0.7064060219925143,0.2935939780074856,0.2935939780074856,1.9090985822553899,2,12,5854.974423051728,2315.350546789127,3539.6238762626012,3539.6238762626012,72.30830383300781,91.76893615722656,337.02932128906247,741.707763671875,10.0,0.1,2.0,2357,0.21315335,False
58210,3915,ok,True,True,20260908,5,analysis_activations,positive,False,4.987775932591042,5.476103280230498,0.015116468296749794,0.1023679837188069,0.12294904756341057,0.31994997064979847,0.6115351066196532,0.3884648933803468,0.3884648933803468,2.0148181140107626,2,12,2327.7216656474698,781.0749941426328,1546.6466715048368,1546.6466715048368,123.13921356201172,159.68862915039062,354.972232055664,736.8989868164062,10.0,0.1,2.0,881,0.105686225,False
58272,3918,ok,True,False,20260908,5,analysis_activations,positive,False,5.000718910824153,5.366062459731726,0.008968482049239014,0.06819916803555982,0.09470206993112143,0.2611497042609082,0.682521189925352,0.3174788100746479,0.3174788100746479,1.8599394383122512,2,11,-109.62844894582095,-1966.0615363078805,1856.4330873620595,1856.4330873620595,129.9480743408203,153.52689361572266,272.94204101562457,673.8423461914062,10.0,0.1,2.0,1195,0.056708857,False
58289,2138,ok,True,False,20260908,5,analysis_activations,positive,False,5.103616755697425,5.561154166531776,0.01527315622596626,0.10666082948137467,0.12358461160664891,0.3265896959203929,0.5389577690061763,0.4610422309938237,0.4610422309938237,1.8530162294060069,2,11,1352.3210126222377,711.4774215295963,640.8435910926414,640.8435910926414,137.2723388671875,185.62644958496094,383.8725830078123,1100.9033203125,10.0,0.1,2.0,184,0.10947441,False
58726,1368,ok,True,True,20260908,5,analysis_activations,positive,False,4.97611894923623,5.41232372712396,0.01308304452977546,0.08056242946155344,0.11438113712398325,0.28383521533022193,0.6159468589066969,0.38405314109330313,0.38405314109330313,2.0158676707731082,2,12,508.3426070218419,21.684225480365967,486.65838154147593,486.65838154147593,122.17005157470703,156.60201263427734,323.12053375244125,558.573486328125,10.0,0.1,2.0,678,0.08406998,False
58752,9089,ok,True,False,20260908,5,analysis_activations,positive,False,4.815656156041951,5.240003446969075,0.00874172309112947,0.10955752117735573,0.09349718226304721,0.3309947449391844,0.7248604888660207,0.2751395111339792,0.2751395111339792,1.744799172747776,2,11,1947.077058575968,-4438.813662425744,6385.890721001712,6385.890721001712,108.05848693847656,125.78727722167969,240.92642211914068,756.6060791015625,10.0,0.1,2.0,3182,0.072400115,False
58862,1731,ok,True,True,20260908,5,analysis_activations,positive,False,5.254852394324048,5.9875619366315505,0.04275446648734978,0.17847308032685716,0.20677153210089097,0.4224607441252467,0.6435202555493472,0.3564797444506528,0.3564797444506528,2.203064658621152,2,7,2260.8175323978353,1765.3296789890708,495.4878534087645,495.4878534087645,140.86988830566406,219.34483337402344,658.0011596679688,1332.4422607421875,10.0,0.1,2.0,148,0.21441576,False
58910,534,ok,True,False,20260908,5,analysis_activations,positive,False,4.850018140149262,5.308075634524882,0.002889284979249519,0.12226598689108942,0.05375206953457252,0.3496655357496495,0.5429283380972265,0.4570716619027735,0.4570716619027735,1.83109306147738,2,16,346.9646255470914,-130.29076011752161,477.25538566461296,477.25538566461296,117.30146026611328,134.49717712402344,311.7103057861328,733.894287109375,10.0,0.1,2.0,223,0.10972489,False
58951,1310,ok,True,False,20260908,5,analysis_activations,positive,False,5.100461000973462,5.461480522422416,0.015257715066190784,0.05446983632467387,0.12352212379242346,0.23338773816264186,0.5635460192299259,0.4364539807700742,0.4364539807700742,1.9334968853474108,2,5,139.6929535822343,-67.30018297097695,206.99313655321126,206.99313655321126,135.76473999023438,183.64247131347656,315.8180358886718,479.8422546386719,10.0,0.1,2.0,593,0.06447761,False
58972,12344,ok,True,False,20260908,5,analysis_activations,positive,False,4.867725326735703,5.072632216822191,0.0030076287299638854,0.02050819030125674,0.05484185199246908,0.1432068095491857,0.6377187164011275,0.36228128359887257,0.36228128359887257,1.8896940914093037,2,10,-13843.003460892067,-18797.134958675724,4954.131497783657,4954.131497783657,119.42544555664062,133.48544311523438,185.00113677978513,302.55877685546875,10.0,0.1,2.0,1163,0.019048415,False
59338,1664,ok,True,True,20260908,5,analysis_activations,positive,False,4.888281661415488,6.122767004475982,0.08048856251917319,0.05737727744723024,0.28370506255471223,0.2395355452688186,0.27033326059685403,0.729666739403146,0.27033326059685403,4.701891467550692,2,2,3056.466377189597,1978.1230377112645,1078.3433394783326,1078.3433394783326,94.46763610839844,410.1844482421875,624.8269561767578,787.0540771484375,10.0,0.1,2.0,774,0.3644479,False
59543,7983,ok,True,False,20260908,5,analysis_activations,positive,False,4.938800394522312,5.33309629588203,0.008507402395513983,0.08334119633567885,0.0922355809626306,0.288688753393129,0.6922790211433322,0.3077209788566677,0.3077209788566677,1.839928696833094,2,11,809.62828221867,-3838.4695996074047,4648.097881826075,4648.097881826075,122.45244598388672,144.40737915039062,269.7266052246092,743.2979125976562,10.0,0.1,2.0,2131,0.064661756,False
59563,1487,ok,True,False,20260908,5,analysis_activations,positive,False,5.032916396684824,5.560922604060002,0.014584991514286319,0.1255397281586079,0.12076833821116492,0.3543158593100341,0.5248859960645645,0.47511400393543546,0.47511400393543546,1.9947875439263698,2,16,1276.8124136674505,732.5843498394983,544.2280638279523,544.2280638279523,129.08270263671875,177.047607421875,410.6709655761719,913.3810424804688,10.0,0.1,2.0,273,0.13691725,False
59599,14236,ok,True,True,20260908,5,analysis_activations,positive,False,4.8740231513202845,5.30624875405098,0.01353067464157508,0.0754893699745593,0.11632142812730198,0.27475328928797066,0.6024859767190514,0.39751402328094876,0.39751402328094876,2.0487151670319057,2,12,4970.074855965397,213.65999639908364,4756.414859566313,4756.414859566313,110.12476348876953,142.51284790039062,280.7024688720703,511.7918395996094,10.0,0.1,2.0,3597,0.082907565,False
59629,1111,ok,True,True,20260908,5,analysis_activations,positive,False,5.011091239755195,5.336619087683761,0.0071451188369988225,0.04220079355664069,0.08452880477682635,0.20542831731930408,0.6518515332206977,0.34814846677930233,0.34814846677930233,2.0724189425654913,2,10,-318.6978505224711,-744.6431491077458,425.9452985852747,425.9452985852747,132.2664337158203,156.8059844970703,258.3610534667969,423.38006591796875,10.0,0.1,2.0,600,0.043436326,False
59631,804,ok,True,True,20260908,5,analysis_activations,positive,False,4.931998305686269,5.543627149875961,0.03918125093580308,0.10514746590374234,0.1979425445320007,0.32426449991286793,0.5654748026094526,0.4345251973905473,0.4345251973905473,2.2768089029729772,2,7,820.4450044049452,720.2561789619824,100.18882544296275,100.18882544296275,101.38470458984375,168.65316772460938,380.12936096191385,637.2073974609375,10.0,0.1,2.0,409,0.15996191,False
59676,691,ok,True,True,20260908,5,analysis_activations,positive,False,5.210376719917522,5.676869021009738,0.027920754386436465,0.025400455266333662,0.16709504596617,0.15937520279621187,0.26062316304751937,0.7393768369524807,0.26062316304751937,2.8569950096272616,2,6,116.37321369674275,40.71742359703316,75.65579009970959,75.65579009970959,140.85211181640625,275.9189147949219,352.02294921875,826.1695556640625,10.0,0.1,2.0,603,0.06808893,False
59723,1765,ok,True,True,20260908,5,analysis_activations,positive,False,5.040056564851208,5.413480910681916,0.01060681425409567,0.057459427375518735,0.10298938903642292,0.23970696146653467,0.47404721918899007,0.5259527808110099,0.47404721918899007,2.0241921726199417,2,15,330.60388308324553,-27.33592147943986,357.93980456268537,357.93980456268537,132.33084106445312,177.35687255859375,309.78820800781244,541.7030639648438,10.0,0.1,2.0,155,0.0700552,False
59780,1326,ok,True,False,20260908,5,analysis_activations,positive,False,4.727157037841836,5.341197266606006,0.009815387024880698,0.19084861472190767,0.09907263509607836,0.4368622376927396,0.608731943973357,0.391268056026643,0.391268056026643,1.9385503623227,2,12,1431.299985854674,413.2359515707278,1018.0640342839463,1018.0640342839463,98.27638244628906,120.53667449951172,348.0790252685547,831.38330078125,10.0,0.1,2.0,514,0.17057917,False
59805,6380,ok,True,False,20260908,5,analysis_activations,positive,False,4.987799205718847,5.291307372876047,0.006491943473652639,0.04029743528654016,0.08057259753571706,0.20074221102334247,0.5889869823123581,0.4110130176876418,0.4110130176876418,1.9843201406016922,2,12,-1998.7094668124926,-4173.387347538002,2174.6778807255096,2174.6778807255096,129.7323760986328,155.74651336669922,251.7105377197265,496.0500183105469,10.0,0.1,2.0,973,0.04269212,False
59860,1537,ok,True,False,20260908,5,analysis_activations,positive,False,5.076915614680852,5.501469145206215,0.01176898765771048,0.08110948343267292,0.10848496512287073,0.28479726724930654,0.6181146872069303,0.3818853127930696,0.3818853127930696,1.970107506445153,2,13,509.64408645777155,-93.96038348132907,603.6044699391007,603.6044699391007,136.90396118164062,171.36563110351562,337.7221435546872,677.7410278320312,10.0,0.1,2.0,477,0.08084754,False
59930,2471,ok,True,True,20260908,5,analysis_activations,positive,False,4.987040772671625,5.534376438593,0.013207280611137318,0.12415852098652051,0.11492293335595519,0.35236135001801844,0.5808098309720263,0.41919016902797374,0.41919016902797374,2.0884757376845533,2,13,2036.5666795124887,841.175981413362,1195.3906980991267,1195.3906980991267,123.5735092163086,162.0611572265625,403.56024169921875,765.2606201171875,10.0,0.1,2.0,351,0.13270858,False
60010,1965,ok,True,False,20260908,5,analysis_activations,positive,False,5.54684320129963,6.055507970963041,0.10092676143351072,0.05199530815722093,0.3176897250990512,0.22802479724192481,0.34437324891970017,0.6556267510802999,0.34437324891970017,1.8395499021847257,2,6,1540.7539717154973,1400.4640461174704,140.2899255980269,140.2899255980269,141.33621215820312,375.7718811035156,599.2904663085938,751.845947265625,10.0,0.1,2.0,959,0.12732808,False
60062,1517,ok,True,True,20260908,5,analysis_activations,positive,False,4.761592125712396,5.7510379850007665,0.025484988561309853,0.3765144316293902,0.1596401846694931,0.6136077180327756,0.5336653007234785,0.46633469927652144,0.46633469927652144,2.2069592783243475,2,28,3049.330591572446,2142.1163264841866,907.2142650882593,907.2142650882593,93.7491455078125,143.87124633789062,748.8607543945313,949.5612182617188,10.0,0.1,2.0,822,0.4331083,False
60075,5333,ok,True,False,20260908,5,analysis_activations,positive,False,4.90052447755621,5.163070070683804,0.004164975477956438,0.03669076136477412,0.06453662121583711,0.1915483264473332,0.6484046010995682,0.35159539890043184,0.35159539890043184,1.8369325383222688,2,10,-3320.2415128610323,-5927.784144976558,2607.542632115526,2607.542632115526,121.77751159667969,138.24635314941406,209.07711486816402,463.6205749511719,10.0,0.1,2.0,2021,0.031320155,False
60425,5696,ok,True,True,20260908,5,analysis_activations,positive,False,4.988739335199371,5.424779856959984,0.00860342335879568,0.08328665498071686,0.09275464063213053,0.2885942739915622,0.5509314449923487,0.44906855500765136,0.44906855500765136,2.0342650494747754,2,15,2414.0463835885803,-147.2285158952232,2561.2748994838034,2561.2748994838034,128.28900146484375,161.19100952148438,333.1211700439453,572.26513671875,10.0,0.1,2.0,1118,0.089195795,False
60509,4019,ok,True,False,20260908,5,analysis_activations,positive,False,5.050932387733537,5.675613693401475,0.021963141967857137,0.1784147931375213,0.14819966925690872,0.42239175315993244,0.643495495097456,0.35650450490254404,0.35650450490254404,1.9735519313274168,2,12,4235.212060807499,2285.664222662045,1949.547838145454,1949.547838145454,126.95345306396484,169.5350341796875,465.03409729003886,1070.0772705078125,10.0,0.1,2.0,605,0.16730082,False
60646,782,ok,True,False,20260908,5,analysis_activations,positive,False,5.10326709935754,5.448045346481326,0.008922101373524989,0.06038553837038696,0.09445687573451172,0.24573469101937348,0.7557510002463711,0.2442489997536288,0.2442489997536288,1.8520994404552669,2,6,-220.21381743300208,-575.6827257628756,355.46890832987356,355.46890832987356,144.1507568359375,167.28487396240234,270.18937072753874,504.8467712402344,10.0,0.1,2.0,483,0.04348937,False
60657,2532,ok,True,True,20260908,5,analysis_activations,positive,False,5.025123080696908,5.458224432455219,0.013528059608425557,0.07600775181327088,0.11631018703632781,0.2756950340743752,0.552422591919376,0.447577408080624,0.447577408080624,2.0469448893903754,2,12,1043.6232264356152,323.2108264510074,720.4123999846078,720.4123999846078,127.883544921875,170.36260986328125,335.492446899414,619.9708251953125,10.0,0.1,2.0,263,0.087904796,False
60712,772,ok,True,False,20260908,5,analysis_activations,positive,False,4.704548305025379,5.088518015444687,0.007536040163410204,0.07328703516200068,0.08681036898556649,0.2707157829939006,0.6536378380586029,0.34636216194139713,0.34636216194139713,1.9100479871710419,2,11,78.22239412753417,-329.04261726084906,407.26501138838324,407.26501138838324,97.16200256347656,115.4651107788086,215.85047683715814,466.7420959472656,10.0,0.1,2.0,379,0.06376902,False
60866,679,ok,True,False,20260908,5,analysis_activations,positive,False,5.103509599820139,5.810007621018034,0.020294196601845053,0.26249828366954153,0.14245770109701003,0.5123458633282224,0.6953463355862124,0.3046536644137876,0.3046536644137876,1.8788496107215147,2,9,846.5372184619988,377.41240807271595,469.12481038928286,469.12481038928286,135.33053588867188,173.4816131591797,505.6708923339844,1654.75244140625,10.0,0.1,2.0,332,0.2001138,False
61057,9747,ok,True,False,20260908,5,analysis_activations,positive,False,4.896933659450794,5.214005684939094,0.00810407519249263,0.04630978934834873,0.09002263711141009,0.2151970941912291,0.6587882850804909,0.34121171491950897,0.34121171491950897,1.9222866029364247,2,8,-2824.4213223776374,-6343.127995237137,3518.7066728594996,3518.7066728594996,116.73018646240234,139.5000457763672,225.91974792480443,477.13287353515625,10.0,0.1,2.0,3711,0.04374256,False
61189,945,ok,True,True,20260908,5,analysis_activations,positive,False,5.066306755144664,5.62857886906838,0.008738267433344805,0.07617973581771698,0.09347870042605859,0.2760067677027449,0.3488208708046874,0.6511791291953127,0.3488208708046874,2.7287368514496237,2,23,726.375057664664,481.23952707698817,245.13553058767587,245.13553058767587,138.86984252929688,218.0296630859375,405.48958740234366,608.8633422851562,10.0,0.1,2.0,766,0.1245971,False
61497,2423,ok,True,True,20260908,5,analysis_activations,positive,False,4.925134660353791,5.393044327933397,0.012516358115439516,0.07817685564193005,0.11187653067305724,0.2796012439921004,0.49012715065530726,0.5098728493446927,0.49012715065530726,2.1973013389915192,2,16,1329.6776142056801,662.8077188497322,666.869895355948,666.869895355948,116.60860443115234,160.95172119140625,330.6968444824219,590.4362182617188,10.0,0.1,2.0,363,0.10074896,False
61545,4128,ok,True,True,20260908,5,analysis_activations,positive,False,5.151654879079786,5.582443340165082,0.013112618366143443,0.06690126099579356,0.11451034174319559,0.2586527807617648,0.5846365398554519,0.41536346014454806,0.41536346014454806,2.1537554838298725,2,11,1331.8816714684867,85.23969703975513,1246.6419744287316,1246.6419744287316,145.79629516601562,190.36599731445312,360.6043991088867,616.9949951171875,10.0,0.1,2.0,767,0.08053829,False
62084,1677,ok,True,True,20260908,5,analysis_activations,positive,False,4.964817635552044,5.543657737578398,0.03111167460391082,0.071455428009666,0.17638501808234966,0.267311481252987,0.5761362302363502,0.42386376976364987,0.42386376976364987,2.556051297875431,2,5,1352.940412303009,1099.5709545083794,253.36945779462962,253.36945779462962,108.89602661132812,171.1737060546875,355.19693603515617,613.6624145507812,10.0,0.1,2.0,697,0.13011013,False
62248,5858,ok,True,True,20260908,5,analysis_activations,positive,False,4.949596262047012,5.334237110978827,0.011882839655863967,0.05594772078285656,0.10900843846172628,0.23653270552474673,0.5956657217781552,0.40433427822184487,0.40433427822184487,2.088611667053558,2,10,659.4020121555432,-973.5169595043972,1632.9189716599403,1632.9189716599403,119.46692657470703,153.62020874023438,272.71718139648436,537.1802368164062,10.0,0.1,2.0,2255,0.06534303,False
62285,932,ok,True,True,20260908,5,analysis_activations,positive,False,5.06095577872866,6.148732184271285,0.03874150864836441,0.3230181564827327,0.19682862761388245,0.5683468628247478,0.6576581207687002,0.34234187923129983,0.34234187923129983,2.557670302428649,2,14,1810.3155754586755,1215.7313746092939,594.5842008493817,594.5842008493817,119.12373352050781,176.35807037353516,984.0149841308589,1176.102294921875,10.0,0.1,2.0,449,0.4028959,False
62457,8328,ok,True,False,20260908,5,analysis_activations,positive,False,4.50232702300365,5.131336113328104,0.017335052255969232,0.19988605384200642,0.1316626456363734,0.44708618167195285,0.7762901797399262,0.22370982026007372,0.22370982026007372,1.908626323514433,2,11,6458.822245853994,119.14071992239536,6339.681525931599,6339.681525931599,74.71163940429688,91.27900314331055,238.0587127685547,574.9967651367188,10.0,0.1,2.0,3028,0.12689811,False
62468,4148,ok,True,True,20260908,5,analysis_activations,positive,False,5.005281197161365,5.384992382752913,0.009906442639622186,0.05524627847885688,0.09953111392736538,0.2350452689990949,0.5099767630555293,0.4900232369444706,0.4900232369444706,2.1037886573020157,2,13,646.6957591864549,-407.7366765494535,1054.4324357359083,1054.4324357359083,128.0563201904297,167.62813568115234,294.7192550659179,552.4465942382812,10.0,0.1,2.0,635,0.06817028,False
62649,4531,ok,True,False,20260908,5,analysis_activations,positive,False,4.584238331104787,5.196791685085497,0.017724507734438594,0.2625315486237186,0.13313342080198567,0.512378325677149,0.8633734585189919,0.1366265414810081,0.1366265414810081,1.63636965282414,2,7,2230.3779660884397,-1481.208452451962,3711.5864185404016,3711.5864185404016,81.04385375976562,96.53866577148438,174.8090591430664,935.559326171875,10.0,0.1,2.0,2227,0.09545274,False
62997,1268,ok,True,True,20260908,5,analysis_activations,positive,False,4.704065786278236,5.766232845486476,0.011953101023989257,0.087388235876053,0.10933023837890987,0.29561501294090764,0.18524159917069982,0.8147584008293002,0.18524159917069982,4.765876962818179,2,11,1822.4787315264634,1248.5344817565172,573.9442497699463,573.9442497699463,94.13148498535156,297.1424865722656,487.8424407958984,601.91796875,10.0,0.1,2.0,589,0.24388172,False
63211,2758,ok,True,True,20260908,5,analysis_activations,positive,False,5.143126723616078,5.712142526871097,0.017925262211394673,0.10039287582034355,0.1338852576327755,0.31684834829985076,0.4990728049672316,0.5009271950327685,0.4990728049672316,2.339449434965008,2,16,2423.6942672971836,1658.969776824018,764.7244904731656,764.7244904731656,140.2184295654297,206.33978271484375,477.8688293457032,721.1221313476562,10.0,0.1,2.0,366,0.14022945,False
63225,580,ok,True,False,20260908,5,analysis_activations,positive,False,4.840191300415053,4.939931879132306,0.001306018892043706,0.007890167382783676,0.03613888338125164,0.0888266141580533,0.6702824686249097,0.3297175313750903,0.3297175313750903,1.4708995049274807,2,5,-1340.931927542972,-1504.5074642874138,163.5755367444417,163.5755367444417,119.30158996582031,127.3961181640625,146.74110412597653,203.25048828125,10.0,0.1,2.0,195,0.005684304,False
63249,1394,ok,True,True,20260908,5,analysis_activations,positive,False,5.100621756734068,5.788610837473019,0.027231594078126475,0.20326968427725747,0.1650199808451282,0.4508543936541569,0.6432950567463972,0.3567049432536028,0.3567049432536028,2.0265619029722957,2,13,1717.3942725547654,1080.8328940363244,636.561378518441,636.561378518441,130.525634765625,180.97330474853516,594.7562164306639,934.9381713867188,10.0,0.1,2.0,772,0.19877958,False
63344,1504,ok,True,True,20260908,5,analysis_activations,positive,False,5.072300691558343,6.036769113711726,0.06597521936807506,0.11128449855464666,0.2568564178058922,0.3335933131144068,0.7317903740167248,0.2682096259832753,0.2682096259832753,3.239649184273167,2,3,2260.8428925089397,1808.587502280024,452.25539022891576,452.25539022891576,110.13865661621094,180.69154357910156,574.7504821777344,767.1123046875,10.0,0.1,2.0,604,0.26087344,False
63404,1110,ok,True,False,20260908,5,analysis_activations,positive,False,5.077841583114148,5.510991568126192,0.014465847789613396,0.0968769953108136,0.12027405285269718,0.3112506952776389,0.6421862777826648,0.35781372221733515,0.35781372221733515,1.8357864001772999,2,9,454.43794677670013,40.911625112302985,413.52632166439713,413.52632166439713,134.8822021484375,170.54115295410156,346.52984924316394,1230.751708984375,10.0,0.1,2.0,305,0.08714307,False
63431,2210,ok,True,True,20260908,5,analysis_activations,positive,False,4.947217061029551,5.40056587343057,0.014564351505478225,0.07471157453798428,0.1206828550601875,0.2733341810641038,0.6495511267994968,0.35044887320050316,0.35044887320050316,2.145755816009391,2,10,771.2846505355712,-2.205038494782677,773.4896890303539,773.4896890303539,117.02833557128906,150.86394500732422,297.04394226074197,563.6947021484375,10.0,0.1,2.0,1161,0.08246382,False
63596,2547,ok,True,True,20260908,5,analysis_activations,positive,False,5.150954076922405,5.604057255140371,0.01855722379384699,0.049097099226723444,0.13622490151894767,0.22157865246165626,0.628061576305213,0.3719384236947869,0.3719384236947869,2.463566727663008,2,5,742.1214898495654,241.88624954805482,500.23524030151054,500.23524030151054,140.39483642578125,191.8297119140625,344.1242401123046,638.4110107421875,10.0,0.1,2.0,1444,0.07790458,False
63952,1766,ok,True,False,20260908,5,analysis_activations,positive,False,5.148904276423105,5.55527889442593,0.008838605007765055,0.08246623592228887,0.0940138554031535,0.2871693505969759,0.5671076611700496,0.4328923388299503,0.4328923388299503,1.9019306183267322,2,15,593.627132006957,-160.14003678387743,753.7671687908345,753.7671687908345,150.596435546875,186.90907287597656,379.29907989501953,673.2026977539062,10.0,0.1,2.0,419,0.0812979,False
64044,6108,ok,True,True,20260908,5,analysis_activations,positive,False,5.125086526525038,5.8037582552217,0.03185864706140605,0.14614005059330676,0.17848990744971002,0.3822826841400311,0.5643125315835518,0.43568746841644823,0.43568746841644823,2.2749211254973574,2,13,7362.728039917193,5662.321917551421,1700.4061223657718,1700.4061223657718,129.77850341796875,201.619140625,542.4107910156249,1327.7269287109375,10.0,0.1,2.0,676,0.19492441,False
64165,3609,ok,True,False,20260908,5,analysis_activations,positive,False,4.9816996044362645,5.3160196658837275,0.007815288510246097,0.05061337522863536,0.08840412043703674,0.2249741656916086,0.6475221995263648,0.3524778004736352,0.3524778004736352,1.955980220401344,2,10,-669.9690158304076,-2112.1176863319733,1442.148670501566,1442.148670501566,127.78191375732422,152.31686401367188,259.96116943359374,634.7391357421875,10.0,0.1,2.0,966,0.048423193,False
64430,3451,ok,True,False,20260908,5,analysis_activations,positive,False,4.9474918529366745,5.309396817485821,0.009616589950910442,0.06277966362970776,0.098064213405862,0.2505587029614173,0.6351640082382738,0.36483599176172615,0.36483599176172615,1.9021794796481861,2,10,63.85542271995388,-1243.724346742178,1307.579769462132,1307.579769462132,121.18092346191406,148.49609375,259.970458984375,535.2454223632812,10.0,0.1,2.0,1239,0.05937949,False
64714,3067,ok,True,True,20260908,5,analysis_activations,positive,False,5.074976360676951,5.558836880657457,0.012962949592880487,0.08852058651053137,0.11385494979525698,0.29752409400001767,0.5613152697042031,0.4386847302957969,0.4386847302957969,2.148015396370197,2,14,1770.9420167183064,640.6920233697028,1130.2499933486035,1130.2499933486035,135.5140838623047,179.27407836914062,376.52046508789056,625.085205078125,10.0,0.1,2.0,1746,0.103791796,False
65445,553,ok,True,True,20260908,5,analysis_activations,positive,False,5.127821705972744,5.406331318532877,0.006050979876443404,0.020151848199820716,0.0777880445598384,0.14195720552272334,0.6850426737750369,0.31495732622496303,0.31495732622496303,2.433218463630794,2,7,-410.78273164419306,-555.4574040204429,144.67467237624987,144.67467237624987,149.15199279785156,176.60369873046875,253.94140014648434,349.9083251953125,10.0,0.1,2.0,343,0.027276402,False
65532,2441,ok,True,False,20260908,5,analysis_activations,positive,False,4.999403075135981,5.318009740475969,0.006886334243739239,0.05554751300258762,0.08298393967352502,0.23568519894678922,0.7126995413034575,0.2873004586965425,0.2873004586965425,1.803266049522822,2,8,-815.6989820619277,-2038.022212363659,1222.3232303017312,1222.3232303017312,131.73733520507812,151.81600952148438,244.48336791992188,545.6715698242188,10.0,0.1,2.0,886,0.041667935,False
