feature_id,source,level,n,activation_mean,pc1_mean,pc2_mean,pc3_mean,pc4_mean,pc5_mean,pc6_mean,pc7_mean,pc8_mean
261,fineweb-edu-sample,0,50,313.6512225341797,5802.49379471852,-546.5149263224847,690.3085020155428,305.80810028082675,85.41796733287705,36.741439368689086,293.438828025831,-184.158126154788
261,fineweb-edu-sample,1,49,352.68921334402904,6100.668809489956,-716.4800706012237,575.1524636676063,240.1900082799565,136.04596639350558,-125.61586126394118,400.4813608263047,-32.59530782762434
261,fineweb-edu-sample,2,51,434.46226531384036,8033.009841239941,-656.8513474165705,628.6893323155208,251.20417978283228,283.17092230150183,-81.86098808566341,235.200319794399,-119.45012727928253
261,fineweb-edu-sample,3,45,650.2119262695312,8219.692925533407,-733.9742549412059,592.4632454735915,135.65577195826268,202.0687030343541,-271.64048077729757,362.6275115987059,-223.26403885788474
261,wikimedia-en,0,46,313.4750691289487,6146.5808854063935,-971.789871459335,-236.6584659837085,-89.53982020820547,-105.6496491980292,430.9291687913645,520.7384186360415,-534.4416953669366
261,wikimedia-en,1,62,352.8183199974798,6751.261176080086,-1054.9991338741504,-58.60861903453945,-63.56325502575743,-105.60973959103069,285.09044438300015,479.14323446129544,-536.1007330785936
261,wikimedia-en,2,57,430.9366390830592,6183.872964679762,-1130.590656653727,-3.996081703467828,-26.281430135401866,-30.09391874812454,152.82191641160634,436.43277468730196,-262.74668062182684
261,wikimedia-en,3,42,622.6904267810639,7388.350509382446,-885.1270436354839,243.22570055763174,209.04572548739765,-65.0363274307311,-79.08384437720882,415.65199437255814,-130.53365997696181
583,fineweb-edu-sample,0,804,226.18223822294777,-3245.7947359726804,764.4680448755113,28.366394534839927,-13.079551985605686,-35.051053964151464,-324.69461776902585,316.89121452174146,-99.42082638855281
583,fineweb-edu-sample,1,721,338.5352117826803,-2929.686565298467,826.1049925864784,-13.541166183946027,37.109482037800205,-90.8570456169228,-408.4762218826189,374.7276974648875,-129.07932080840632
583,fineweb-edu-sample,2,609,622.136315356726,-3065.153018322033,941.5339800635126,-41.85585647922338,93.8977801259695,-185.6380374031848,-529.747381882314,306.1385278567159,-203.2850152826968
583,fineweb-edu-sample,3,544,1760.1724187065574,-2911.4671481643504,1351.4945686507263,-191.15906507177414,123.58104509270962,-181.84275923182182,-695.4728319555932,466.21347370869154,-288.9068520954846
583,wikimedia-en,0,538,226.34447414015307,-609.5050469579652,416.66986459553607,-704.1908414993522,-85.56793004318784,-203.77880452446644,-147.20698517493517,104.49642576897345,-260.37689927389295
583,wikimedia-en,1,554,338.67009451415134,-505.93003243773575,476.8475711803731,-743.1540440906656,-33.13048994376215,-307.0802718699289,-213.80795808877144,151.42410014984526,-322.79704533963735
583,wikimedia-en,2,508,627.7665176992341,448.33104173677475,485.3937453338229,-787.5136767066859,-3.713688939999497,-398.17611391065276,-268.07059437565164,71.2625617875662,-412.9946082430442
583,wikimedia-en,3,428,1479.3772902444143,209.0910188253254,921.5655554998496,-962.0003323189461,45.4320902133172,-353.71111648733506,-475.89281025427334,48.33603354520778,-446.8498687038457
1284,fineweb-edu-sample,0,773,221.5024050062409,-5252.105479466233,-364.6363113347568,457.571153839003,-34.447119862907975,119.26674969873451,58.99824535092141,-175.4472030093114,-70.52231335267292
1284,fineweb-edu-sample,1,744,298.81356614635837,-5393.492981679073,-363.56258979123663,535.4995569236221,-104.32550491146934,119.19410254406394,29.2896685678613,-178.94786545071352,-127.07592504751406
1284,fineweb-edu-sample,2,764,421.94395998011083,-5514.111091988913,-348.54419720821966,584.7328682866,-85.02537015880735,119.71748483979704,36.92941499469124,-198.13400126527503,-149.43090407957055
1284,fineweb-edu-sample,3,698,773.5832837823469,-5441.692856151159,-408.0370383710438,679.5520212074651,-111.01109477145317,116.5515918321089,51.313092513944,-188.95239416726486,-187.06385467714009
1284,wikimedia-en,0,811,220.57828582876562,-3274.79005932881,-819.1038630570742,-521.5908822287016,-229.85052741289493,16.52406961219732,209.45061475476,-314.77968612942493,-152.62999046687253
1284,wikimedia-en,1,716,296.3434601682524,-3834.825236186473,-864.2354777062321,-433.78566328056996,-272.84498711711234,14.28952243169412,204.510720040595,-314.77042363337245,-159.23892542746106
1284,wikimedia-en,2,581,420.3941421377474,-4247.126895893361,-806.4869125765091,-284.23937096596217,-339.96848323197065,9.656299378910182,199.35558840519403,-332.0004984282229,-216.8362699120742
1284,wikimedia-en,3,374,727.6659604648855,-4392.255338870255,-799.6798203521478,-19.901775925775123,-407.9914997181613,-13.861558946996812,204.38181770598024,-371.708253936806,-210.10189694602207
2366,fineweb-edu-sample,0,270,233.00684362340857,-2237.6628643631043,500.9867533520546,391.7024236254068,-58.196766191886205,-167.38866533684657,-14.113168316324348,75.4430855017894,114.01014463263698
2366,fineweb-edu-sample,1,215,301.1792934683866,-3389.145240711174,405.15958468121244,485.3959243213608,-154.53798352650594,-219.00713271777875,87.54455489076406,75.62718049090577,170.05211929452082
2366,fineweb-edu-sample,2,250,526.6898874511719,-2485.489147457169,541.1715710062861,483.713477179201,-120.58251725316258,-204.55047820732167,76.13225309051515,41.63781414432729,177.8369717279478
2366,fineweb-edu-sample,3,274,1842.0829385353702,-2673.2907528083306,540.4628728491249,508.2873744674464,-63.719126642561314,-40.168121430632816,118.0163223047634,121.51905256745027,121.63813520661611
2366,wikimedia-en,0,214,231.74769235771393,1582.0676872396382,-25.33198144751018,-304.6264707765415,-76.263720088914,-255.01279051359876,155.52622322673483,-5.669911043808495,134.335841733228
2366,wikimedia-en,1,160,301.44310569763184,1592.6300146364924,-102.73795329455713,-10.277474591605813,-78.26350354380364,-198.54148737677227,84.27489217318444,-60.10643724775912,247.0429883464895
2366,wikimedia-en,2,149,545.0213352689807,4864.80658249386,-212.52184952053125,139.81179064820125,104.24715249073013,-144.32127340061848,-20.310180781455518,-94.81762642443636,337.8051239816225
2366,wikimedia-en,3,119,1476.445725897781,2501.8044713593486,93.57717742551293,38.232073893543365,-39.83664793514859,7.093608808960911,114.29393341364336,-45.131346327408906,291.80861600869906
3007,fineweb-edu-sample,0,91,203.3507812835358,493.5096277044161,12.237785020263788,486.0931638332721,222.12776965879922,-96.13469937843216,96.91181672196201,130.71131742152247,221.31786989989004
3007,fineweb-edu-sample,1,67,239.56647958328475,1075.1471054953897,144.24319113492513,557.6955725668828,232.7818723521649,-89.417094501129,32.48971261831033,208.3488727387347,109.66467748574729
3007,fineweb-edu-sample,2,37,295.5750089078336,-439.3640356898124,110.17107977122845,617.4053841777055,187.76877560660773,75.54227584689328,58.14922943091234,180.90523952946467,96.51716849491636
3007,fineweb-edu-sample,3,9,427.58408610026044,-4048.461294293833,-290.15734835215756,489.73520784550027,0.05004847177660091,-174.3416038473651,95.09811723607532,374.9413225753967,507.0843862803647
3007,wikimedia-en,0,30,205.90152486165366,677.6236003951833,-181.51442132407303,288.1852685649025,116.28134349665196,-65.55083431372145,109.98031972912062,54.68213762192285,291.23723016474855
3007,wikimedia-en,1,15,240.02151590983073,619.6664397251334,314.0454421643026,281.09202003348383,173.9143494286225,-243.70195400249887,227.58839295687,151.34303692035658,290.4371442129935
3007,wikimedia-en,2,5,277.60010986328126,-2501.226286159538,-291.46268868631836,367.1601136032785,437.88982213815024,-145.85025125545286,189.26074151410975,12.582425067987629,260.4243006286095
3007,wikimedia-en,3,2,415.84149169921875,-571.4802639559757,-949.7080143353523,276.2239282549441,686.2174081483009,-275.47241641289895,208.17047348591382,127.5986969083116,253.35947464163007
3199,fineweb-edu-sample,0,340,256.3704246969784,-5459.432375691813,-29.363396695490167,-374.14703548443686,1723.8872480135349,-104.01991102720582,-511.95906286975384,-285.9534109013296,-23.198508570198626
3199,fineweb-edu-sample,1,277,301.71828727859884,-5603.6851855986515,15.176889236511204,-366.67484409689354,1734.007380450159,-163.84312494598967,-545.5900437710251,-293.3492196001045,-21.556736073606345
3199,fineweb-edu-sample,2,212,368.38725770194577,-5670.526216870489,-40.57348771355661,-374.1740750923333,1737.2861778458018,-156.06929219570873,-490.04095681908706,-292.312737810089,24.12970651629319
3199,fineweb-edu-sample,3,121,557.2493442503874,-5879.299063063164,-184.67261120070896,-402.50452637734196,1859.6419961585336,-124.16380848352892,-529.5083486946536,-307.3343865970732,107.39492509966205
3199,wikimedia-en,0,179,257.3910907766672,-4335.427458973281,-206.1711614620984,-1323.9585851231284,1581.9669366555381,-148.47438900651454,-396.09198319531924,-844.6407789004027,-138.52026054358146
3199,wikimedia-en,1,161,300.84082448260386,-4249.575878673377,-262.8947751659112,-1125.5179395902196,1585.316296890231,-153.09579720845736,-421.5794219419913,-741.6102213083695,-80.07750759426538
3199,wikimedia-en,2,91,370.27173589350105,-4268.697376417211,-299.67033755482277,-902.232695689155,1618.6318076582313,-75.85489911385713,-401.24818194015074,-671.7068841916366,99.56293767420073
3199,wikimedia-en,3,53,546.221526523806,-4693.824814744059,-318.916063387119,-741.2613064719229,1643.5071481954428,-82.1205607833294,-411.2049077550833,-600.3350593491821,233.60459889951102
3510,fineweb-edu-sample,0,704,201.7582753571597,599.3820141068398,-36.86658198380296,506.5328324955007,-114.50303170067004,-508.99379375845405,152.06901682043605,-83.21082345702877,127.58425914234677
3510,fineweb-edu-sample,1,637,282.68913652309254,-179.93336275364442,18.227303179024616,540.9507730403302,-152.56600822356273,-590.9281940176974,175.00467031447081,-99.16500351051596,117.39746430431059
3510,fineweb-edu-sample,2,648,394.7704085832761,-385.78693415314996,19.55240621373536,517.3101891329878,-176.0511563531678,-642.8829239654616,219.63443773367388,-124.57349276431027,107.70519358078747
3510,fineweb-edu-sample,3,691,584.3640198990508,-764.7203022110973,13.966887527781779,533.0854926820729,-215.83362222759462,-737.8016042805906,175.67464605192703,-125.2461185612317,78.33812975252545
3510,wikimedia-en,0,777,200.55499821372013,2913.8410913707808,-447.1359697060555,-161.4567797041251,-277.0089134946723,-586.8631097733409,410.0856479971902,-155.73223674158544,-174.61387762979115
3510,wikimedia-en,1,701,283.5620766719976,2196.594593663456,-406.94232545616364,-181.3821748375168,-303.25577953299427,-681.2645191641299,523.3119039088973,-167.32518988424232,-213.44177785627522
3510,wikimedia-en,2,665,390.0822228453213,1976.1503823141659,-347.49120534806013,-144.0347349225809,-333.76394565008246,-718.3637608636443,540.9185841019029,-168.3656172319492,-208.8014364456596
3510,wikimedia-en,3,531,555.361197318959,731.5688924703537,-358.8557195104129,-139.57419227445862,-410.05662030879313,-843.7624923930821,524.7980330588181,-199.48831636372927,-154.4374209335714
3753,fineweb-edu-sample,0,195,194.9479013296274,3640.725763161799,69.14987577323781,-2.218737783852022,-192.1318634101178,113.49279234176151,-131.59525269548678,-181.3220140277872,244.40832444723335
3753,fineweb-edu-sample,1,176,238.64744394475764,3009.2562114687566,7.984008957503378,22.637237690723172,-247.8491557774446,67.38396438230372,-85.40590061953873,-220.0136654035129,200.1496489806904
3753,fineweb-edu-sample,2,116,303.6240955221242,3419.977723867618,-64.82719582102304,-14.302809126759621,-296.6121561626946,128.61640774313997,-160.0271021101483,-200.41074044725852,314.19796407093054
3753,fineweb-edu-sample,3,70,463.135984148298,2858.469559614705,-160.0214438428217,-11.321025736280898,-303.78437010606274,91.24640937534042,-118.0447836709805,-201.14816071938444,275.6052716706243
3753,wikimedia-en,0,471,194.55185448389398,6018.784818045309,-149.86340405562635,-314.6834485072904,-178.5224406493174,72.35925209760585,43.83926881539874,-100.5771576009294,163.53780235195842
3753,wikimedia-en,1,410,239.30858697658633,5978.733962682277,-140.6218667116751,-332.5113297075692,-194.34302034040212,-10.747489416483392,54.26126331299704,-107.89322421044871,132.2534461057365
3753,wikimedia-en,2,305,309.7544648717661,5927.884933547315,-147.36228224653158,-341.4816219905076,-227.43021265235876,-45.14370323152785,68.48638418153442,-106.85135373027937,115.18276704128168
3753,wikimedia-en,3,187,451.767077440884,6079.3801670401435,-248.57648944410042,-354.00737875394674,-227.5480774269394,-47.37686463956015,39.232098596551,-69.92320760022666,160.52753699984493
4603,fineweb-edu-sample,0,238,281.7381909795168,-1126.598520013686,732.4189651517189,159.64597577723788,-110.48813243403359,191.4014966532151,103.14300978339305,132.9488727865877,218.97223374685873
4603,fineweb-edu-sample,1,176,336.88696670532227,-1907.9031093338388,681.8044336568356,182.30167148410916,-178.90224577279773,236.90530859994197,46.898143144230296,121.06687634737222,215.09933456631154
4603,fineweb-edu-sample,2,194,431.12839059731397,-772.7265502399623,750.449208728377,249.8996146558676,-138.88508469682972,236.04191177555748,97.42141579278712,115.70223699035223,174.95781902038428
4603,fineweb-edu-sample,3,155,959.8020637758317,-595.9505321644992,373.53993900787236,340.0997854334489,-61.38325808699836,445.44812115335577,94.7104079333103,195.15823409547673,7.501059102849272
4603,wikimedia-en,0,106,282.5019358508992,-42.12262302076805,144.61423826671137,-326.77787902876355,-184.76977792721547,171.81959994514787,257.5686194336914,-35.402100642470394,137.10716408565315
4603,wikimedia-en,1,68,339.8241271972656,1247.4714282630996,633.189730080097,-410.94011122039956,-219.2166909114646,175.98124223901445,265.84131280932445,-18.212234342430982,175.89910875947203
4603,wikimedia-en,2,60,428.7363291422526,1285.414098613265,336.17655588990044,-357.3529219702292,-232.80045618612908,226.6491986103761,206.94523645993056,-58.47305771689974,133.43972047904742
4603,wikimedia-en,3,47,823.0388742000499,1036.5880118206414,238.00092451133756,-170.74264679947342,-165.33180431253942,392.2532516811325,289.1116176848954,-44.15675418465344,52.81323695577248
4835,fineweb-edu-sample,0,406,256.6258564465152,-3484.8953776757494,405.53779333988405,363.4412811873814,210.4455446090208,114.50078774846318,52.37799071953317,45.502841618569285,48.30064674364337
4835,fineweb-edu-sample,1,359,292.7854479096394,-3811.473041984543,356.0646797769975,378.1988421034412,182.2538924567089,107.98484815284316,33.89438522586985,34.90999749448741,61.472079539086664
4835,fineweb-edu-sample,2,352,354.93018965287644,-4785.913215501918,424.0465226983751,409.07878137440645,91.1947437218465,86.20936686394077,65.16883339063762,42.98492365932807,30.27997397151125
4835,fineweb-edu-sample,3,267,636.482452049684,-4983.456474681216,620.2699177087396,367.08374133621163,54.19305221750305,75.33721458019572,61.707337570126015,80.26444764363943,68.89762173409103
4835,wikimedia-en,0,250,258.01898962402345,1176.475882019213,9.310510344636732,-233.49779890594104,30.794248066442353,-34.60360289258435,361.58481857043284,-102.79488530108547,-11.68093824644075
4835,wikimedia-en,1,214,290.8295735867224,-122.62818179130416,7.235825535217358,-148.5787657535005,75.80918189629313,77.8834280975465,247.08596464992706,-222.71922756285235,80.39037337093492
4835,wikimedia-en,2,149,356.1472858198537,-1725.1239684794834,205.5784223539421,-106.988643770428,-38.837588817415984,24.978461814319296,192.7987339613318,-251.67649625413264,142.27899939304112
4835,wikimedia-en,3,86,544.0342201410338,-2523.0863969077245,250.27455834577225,-48.841537279207564,-169.0573471079128,87.9358841116838,209.4184523298362,-175.08782778520774,161.67933545746553
5634,fineweb-edu-sample,0,341,275.3647582649835,-3876.438127691972,416.9303882013547,623.4980081572777,-317.19339300074625,496.7605839852734,76.96576061750778,39.69869198559953,-217.4640674582472
5634,fineweb-edu-sample,1,315,322.1373025561136,-3962.782814880178,413.73647541669544,644.9568682300609,-340.1118611104823,571.0327826444968,21.020556446941583,-16.933699920413105,-195.09987324685937
5634,fineweb-edu-sample,2,339,397.12896908560333,-4368.0805533813755,467.73266095061405,642.8975492255695,-380.28410794263795,563.6087398699524,44.45625532332417,-11.621678888638902,-205.04882037478436
5634,fineweb-edu-sample,3,280,604.7860528128488,-4289.906354667118,435.82866828911733,655.4934146564727,-440.2549087791472,629.5178518582768,4.757502718768332,-14.769023853194682,-260.7609826263795
5634,wikimedia-en,0,97,275.80940293774165,-2379.730285482649,180.23895809020638,25.03793325236432,-447.1059546021811,565.0649851662711,116.81673259602448,-174.8123676417063,-77.81790986359329
5634,wikimedia-en,1,92,323.51710908309275,-3483.544702537502,185.7603607304822,-63.96334408498051,-580.7079585622496,688.7958429700275,71.89739680106781,-203.67859716986203,-122.02211565018519
5634,wikimedia-en,2,103,397.82770901281856,-3186.6484027941456,163.4910085185485,29.177631949593756,-504.5959883742437,685.1937329913067,46.71344136025281,-146.91628972534275,-94.1412120581026
5634,wikimedia-en,3,82,599.6179601157584,-4278.687927458301,149.12961342729537,-104.51696996174078,-606.0420170903961,848.4368913782029,42.381819566441116,-187.15226575023453,-36.54033929549891
5853,fineweb-edu-sample,0,463,249.11840477566483,-446.89148449403405,856.566985928254,-43.79068962435802,-72.97584827163395,126.162893608176,245.60836699793396,-75.46335509720998,314.8104292089797
5853,fineweb-edu-sample,1,316,311.1814576161059,-1170.7053099871325,904.8249671484679,-195.81106241231063,-94.4490323961464,125.74810074527677,249.47895254471996,-75.4166916040043,351.3436362603133
5853,fineweb-edu-sample,2,223,420.610305991408,-1245.0309403288159,780.3005755753084,-172.03292373930822,-91.28942540093534,159.78237613874322,361.8060990216122,-107.61052411658827,384.1828426548799
5853,fineweb-edu-sample,3,116,711.7126138621363,-745.8931009338714,697.5362799082633,-377.3696698994058,-95.22980366703099,151.19480841340604,379.3461114348287,-82.83285867936105,371.86748340820475
5853,wikimedia-en,0,471,249.63352464161608,3222.332238158442,388.3435099288303,-775.2651901285749,-193.05637908255613,39.241556708317276,389.46959839874813,-93.13307160075644,89.16353280690282
5853,wikimedia-en,1,436,311.27270115843606,3119.777100086902,460.15867656098465,-829.8886653187637,-197.7433008910165,13.513384238041976,447.81307453367356,-33.47260196550801,34.53401684653366
5853,wikimedia-en,2,364,427.15112220848,2778.276749640317,502.6594378312395,-931.2080820260095,-223.05438097403228,38.15148490314418,520.4913617546313,29.255297468143674,63.66007907323654
5853,wikimedia-en,3,257,770.0781143129104,2718.845377657127,331.54172001296587,-908.7800410741195,-81.62418655771087,42.39164918481185,712.4508679771067,70.04202723613304,12.77598869722345
7404,fineweb-edu-sample,0,356,229.53864434060085,-2003.600576642777,12.366321416483721,414.51383713499445,-132.05620233663413,-75.33537143712404,-18.27015661706586,24.797343467365085,-150.1113131856859
7404,fineweb-edu-sample,1,312,270.53456849318286,-2223.5997743599846,-90.13117270036966,439.9467075505409,-233.14894727752318,-104.68547246770552,-35.54459825452842,27.35240968976329,-190.82982889231994
7404,fineweb-edu-sample,2,249,352.6968030814665,-3692.6023388503845,-257.24474566970105,541.7004295806125,-325.0912919464242,-108.76950746592337,-38.754148700552975,9.431487608665977,-264.7631509594778
7404,fineweb-edu-sample,3,168,568.9067137581961,-3842.0972883005065,-311.87164681917125,543.6385630540136,-391.93799523312543,-243.54477348527857,1.490805074957735,-62.97032469321899,-225.87418586683293
7404,wikimedia-en,0,241,230.22101615177644,832.1297422395617,-482.84217121681957,-146.63397760007203,-365.6251148359486,-111.43532443713421,148.71011194312857,-12.261158999338456,-248.42519501940785
7404,wikimedia-en,1,241,271.17732080483336,357.8856397835747,-485.59954933205665,-125.07874093099532,-353.5265981753783,-94.59914444346317,174.84305730770677,-88.74095613209124,-197.31951981261625
7404,wikimedia-en,2,174,349.9216448904454,-1437.480275556598,-803.6206771514508,-124.71165220857576,-571.0880863980066,-82.30621994946009,140.44803324860766,-237.54122621381245,-211.3347773973422
7404,wikimedia-en,3,127,597.6003004659818,-2381.3369686745255,-805.0308300693769,-32.05179701736681,-665.8468282750529,-244.13678732964792,130.9988562596234,-244.0225200898414,-189.52309856191553
7462,fineweb-edu-sample,0,23,227.88393634298572,-912.8162217627962,-211.58649416786758,570.0175674617251,136.77630384866134,-142.89306092218172,101.79646745667897,193.09612772584873,183.45554966765778
7462,fineweb-edu-sample,1,30,257.58924611409503,480.9658276028901,-232.81673336117484,482.2489946038665,114.58143514811111,-161.75308177862937,34.50527161088314,255.15532755078831,170.2194925308831
7462,fineweb-edu-sample,2,21,306.16077968052457,-116.5057911888631,-348.9908519383468,523.7909397505127,208.9296500455796,-141.20993025016412,174.91769889634298,370.11569160883,169.68290212040546
7462,fineweb-edu-sample,3,10,493.00604553222655,-1946.4345513806777,168.91792925082416,369.86159137990137,26.56693860382166,-457.61382187557064,32.689213718021755,367.2425855473099,372.74423626242594
7462,wikimedia-en,0,24,224.4927666982015,5405.920315481537,-432.87490515803097,-39.912857015896975,294.00774169468616,-94.39047868393322,274.2725994881887,375.1602838353794,-41.616684299651986
7462,wikimedia-en,1,19,262.6481275056538,3886.3700371254727,-307.982422515175,-105.58339294649544,311.3118543755461,-206.5468517084522,391.40815624913705,474.54356007366005,-79.3283141944144
7462,wikimedia-en,2,23,319.4070885699728,3699.6875632637784,-751.9126769219761,25.361128672498936,329.8896684637632,-380.9319616387187,300.23835527614426,628.0633822328622,-46.899844338002566
7462,wikimedia-en,3,12,491.87860107421875,2224.222631881517,-826.7469419768732,350.3885276876709,385.25436745945825,-411.56295704014366,400.04444082334163,702.1468302109635,162.53526921999224
7546,fineweb-edu-sample,0,662,245.1493687932225,-712.0657999608621,1406.2849424166814,17.481303980820158,39.31839818015027,-90.13345813607238,-82.26123173368877,143.91001821005867,108.55948391302479
7546,fineweb-edu-sample,1,711,291.0552127371357,-633.7944855248699,1413.7510809662238,49.76868696839751,49.59007646893002,-102.94882309137456,-99.14686574535908,179.99606175464405,138.78312774844343
7546,fineweb-edu-sample,2,693,368.97696926893093,-905.8935901144565,1465.7790424691302,86.68363425107891,71.34253070437565,-113.48680467460969,-108.1902269557673,192.5968598163998,70.79134298450367
7546,fineweb-edu-sample,3,702,583.804367369736,-1255.0978081023059,1518.3308712763933,78.34279189230053,22.7525931794316,-144.54173803109947,-146.99037987238503,187.86839114085203,83.4462675027085
7546,wikimedia-en,0,638,246.0012108494869,3183.5448876806486,640.5618911257312,-617.1082652780046,-165.5954405531064,-264.18803687921843,234.45086252031774,280.7777076122199,-118.15582500936715
7546,wikimedia-en,1,630,290.49995596749443,2472.478130170352,753.2575923993982,-650.0411940489175,-165.7620164594433,-251.36236635390887,166.40162238575334,282.98169726039833,-103.1928979276548
7546,wikimedia-en,2,548,364.66751243424244,1312.606710069159,825.5235387654988,-610.323318719118,-160.35329455158652,-226.64537020513893,118.17709643694373,254.0465392548646,-22.134840165933635
7546,wikimedia-en,3,426,568.9348373771273,317.604253606146,914.4484267036072,-584.4886083226106,-180.34561911010402,-222.86451823857743,90.07434125786934,201.6710580981511,-13.117885951193326
8662,fineweb-edu-sample,0,185,313.0386791332348,-3656.6983532022095,89.45132227056247,503.98675468574226,-32.32212600876838,888.4723616134811,-309.08810571166987,-62.61858621957503,-462.2949873258091
8662,fineweb-edu-sample,1,201,405.2902862396999,-3866.8221068890084,80.39318055714273,455.21639265688265,-33.61891451800402,911.0826976747513,-241.03257626561108,-115.27256934463294,-434.8543150673038
8662,fineweb-edu-sample,2,185,538.483362146326,-4248.800492088489,62.17362568038785,484.67896249514075,-125.38349788259255,923.225227826422,-304.06583962212284,-124.12929123972263,-424.9417125857601
8662,fineweb-edu-sample,3,204,834.4637259689032,-4316.207880273686,31.26105296217931,516.9244271069622,-146.75246774263871,897.6175062791945,-243.0115783150668,-162.1565848469142,-376.9756568139256
8662,wikimedia-en,0,89,310.92481566011236,-3274.3496288344923,-367.13882868498354,-300.98323017085914,-331.3986989658236,913.4568691920537,-72.56753309982565,-300.40758563372094,-453.21432279366144
8662,wikimedia-en,1,82,409.5782083650915,-2819.2717115859136,-347.7434883077168,-271.7094795997787,-339.5760628474518,919.6964307430455,-56.67991050084281,-304.3081219911251,-446.2831678021179
8662,wikimedia-en,2,89,533.2144624517205,-2194.5361847584304,-333.4985120522811,-382.0175026469822,-350.6238008198134,991.1113468019695,-134.3388993186816,-296.78767030723736,-480.72570551365607
8662,wikimedia-en,3,94,827.0643609229554,-2722.5033611645044,-184.54224607131468,-32.20214914706319,-325.55388695864707,995.5971752888747,-169.99880366369098,-427.15575222942783,-354.0714303693554
9320,fineweb-edu-sample,0,8,292.6615295410156,4242.226793913353,0.8274380767168736,30.92543728763207,36.362360753634974,-128.58901454991985,-367.80960248646016,804.1023871394323,270.6096723779069
9320,fineweb-edu-sample,1,4,323.74945068359375,3710.9319480828417,-343.3289626079786,-175.4276915571493,58.590206454384784,-170.74850770757482,-176.39645896475054,811.172884085659,302.9083915904874
9320,fineweb-edu-sample,2,4,376.71807861328125,4973.754269974864,-68.59654517069802,7.885698716126161,89.83231771792275,-82.36749778674914,-419.35566027772916,845.093617254323,324.89869006650514
9320,fineweb-edu-sample,3,2,429.537353515625,7661.713199631196,-62.00200781501158,253.87069952057496,405.71129955755384,45.24161117689952,-167.61617269655218,640.4662386886009,314.2841583377684
9320,wikimedia-en,0,94,284.5768315741356,6772.911541608166,93.82282765568705,-831.0158146553315,-259.70869937966637,-686.4341428435857,438.52275451556795,1233.8357773488794,-786.6576465643305
9320,wikimedia-en,1,64,324.6383857727051,7038.603313449082,133.0507743645925,-910.4400231361315,-236.45759867313168,-704.8509725592431,532.0325866908292,1307.0154090843998,-939.177717403987
9320,wikimedia-en,2,105,377.1735421316964,6845.294019924415,95.43440074726351,-890.0532419801533,-215.28762088126976,-719.7168744297538,538.9665885446353,1333.471183442075,-917.7205733398303
9320,wikimedia-en,3,99,479.0911113083965,6079.120459509063,-29.26526278867366,-859.3647525763039,-177.33438018433577,-736.1779043624153,586.1751641818283,1442.8226204306804,-898.6848827413079
9415,fineweb-edu-sample,0,72,275.50393252902563,-2425.792291308289,22.283538416857866,177.52541767303535,-46.35409673489284,235.41697857062343,-357.9760018128429,75.28082199828233,-61.15798513767546
9415,fineweb-edu-sample,1,53,295.01070188126477,-4836.343155029254,-100.42646148540172,263.7005628067939,-201.86445057022357,104.12228594031298,-405.7067234542936,129.992352880717,-56.705405414527185
9415,fineweb-edu-sample,2,53,326.7055381918853,-5102.508268042234,16.007195010567518,151.77099984372975,-203.316821651534,318.96338485559977,-537.3470435168387,204.30806982374958,-42.52051361246964
9415,fineweb-edu-sample,3,30,397.8224578857422,-4273.270287588735,97.5196787734109,130.9829300491365,-97.14344031269022,244.03097594657163,-449.3312446889051,100.84329751823287,7.247398867304044
9415,wikimedia-en,0,66,276.15943446303856,-487.75287177379994,-581.5812226330189,-661.9516804532176,-411.86455617838334,-40.15785361582092,-89.95217896390227,-55.810456929963124,-339.8621376163795
9415,wikimedia-en,1,51,294.0666850968903,-743.0753145700918,-293.77218656321037,-612.0485935801328,-476.5900370154122,-42.6877936356925,-81.49467863425022,-15.232645268139201,-317.31773857137836
9415,wikimedia-en,2,49,323.26595135124364,-2329.5861806173243,-370.4476376473253,-519.1744809486148,-387.34088226180904,124.91901535033192,-211.78785582391208,-114.99297912055776,-163.67232619530202
9415,wikimedia-en,3,20,394.0085876464844,-2495.632753558356,-466.662256217086,-557.4011306122977,-452.24849839729285,258.94970703728404,-389.51212103180603,-259.6207487100754,-307.8622486977796
9563,fineweb-edu-sample,0,132,245.22710118149266,-2873.579156436947,320.59231678643937,591.9448520686278,-135.73958712932262,618.4567637928383,-136.1486251163624,361.0388385727253,-296.40011908170015
9563,fineweb-edu-sample,1,84,348.167601449149,-3847.8864370013694,232.56351253428858,554.3294729203627,-129.70033450633102,717.9939624377545,-273.33166377021746,461.63640434535523,-325.3570005085781
9563,fineweb-edu-sample,2,102,533.0966120701211,-5358.191335269309,132.70893623992094,584.5472621625662,-327.13729333563225,756.1168493564186,-285.8867525924801,370.5699434069932,-328.1271762576541
9563,fineweb-edu-sample,3,97,1392.6537393786243,-4303.6260570245695,117.93446771156356,710.8166613144493,-201.89881909620524,747.8395071620195,-287.95174018864486,474.650784975873,-335.5149492537405
9563,wikimedia-en,0,29,249.66765673407193,-3526.331889784088,328.2439630002323,-111.93656801106941,-375.78839065257324,937.4763407769916,-195.21267561332093,-42.30633049762066,-265.2052343076754
9563,wikimedia-en,1,26,340.81285564716046,-1548.2204227359932,-139.85044206618556,-31.6627359161876,-146.20979906145743,807.5530038634117,-162.76979113189233,-286.3270164158836,-111.4764420688034
9563,wikimedia-en,2,19,509.40985910516036,-1062.115273558372,-176.97306383082886,203.4121090496534,-331.6751032911264,788.6887086527404,-142.37419376312107,-187.3117153456021,-135.50237741463079
9563,wikimedia-en,3,13,1154.5180053710938,-4186.529255989043,-41.83636068126398,-5.138906464773815,-589.9107857458071,1200.4745194925388,-357.9726556307471,-400.09917234980577,-209.96360440027507
10043,fineweb-edu-sample,0,132,270.93635327888256,-5394.390556545072,-97.03386557053504,-40.413548142496914,861.4772132400979,342.48874321074925,524.2479822868104,59.528812769961526,166.55331691012245
10043,fineweb-edu-sample,1,112,309.2650718688965,-5719.96317825008,-190.58507715127163,-109.10864888267461,1116.9632311501032,369.6185760937477,604.4818337352386,114.76475158365305,157.12887803646805
10043,fineweb-edu-sample,2,145,369.3779976680361,-6449.664802617301,-192.2202942943348,-239.0903812128633,996.8271799422525,418.519851500445,661.1348287361309,112.20846410136315,204.57271147412132
10043,fineweb-edu-sample,3,84,533.0791393461682,-7271.3229822350795,-337.086333073835,-444.44337504473947,1218.5055929135267,576.6294179993465,982.7204424563597,195.72083346600954,280.4017960695825
10043,wikimedia-en,0,100,270.7643209838867,-2738.4021968792104,-2.529841013603216,-656.3828916552861,615.6440123067171,181.3650820315127,621.7035973526235,-46.678907862067696,11.781269162866328
10043,wikimedia-en,1,98,306.5410950329839,-4211.225619339597,-159.43408816743835,-737.4492217692863,721.0051212862453,308.3426350993335,650.561891711118,-230.64824628309472,82.41198416021415
10043,wikimedia-en,2,92,370.8031957875127,-5112.413219036228,-247.27392846277803,-842.5339922047513,826.3007224602907,333.4012732139925,735.6532817599137,-109.50449757868164,128.7362477596798
10043,wikimedia-en,3,60,541.4368077596029,-5410.726711755443,-440.26432161285567,-977.9563068448166,966.3263034413111,376.9949665233602,986.1480284420276,-54.086806372479906,79.06085445369844
11557,fineweb-edu-sample,0,224,219.8426651273455,6015.260536405366,181.0103928930922,565.5308662151481,195.8740150086393,23.141752114738775,196.77971613311885,-95.62617390144659,78.80563971387528
11557,fineweb-edu-sample,1,201,272.46844968273865,5513.636129113722,252.4097605690893,528.7544067042135,161.8912964774384,6.206660067989228,204.52103307061955,-62.708822746767865,138.65633416809402
11557,fineweb-edu-sample,2,179,363.09678402692913,5435.250281049204,272.19616892523607,546.8004756320784,141.3358633305403,-14.596902725954678,246.94476912617458,-88.18720640350874,84.31669987704583
11557,fineweb-edu-sample,3,129,568.9127935365188,4555.4598651393735,533.4978822991587,470.7450569826743,47.352164511705695,-45.049673182896214,207.22370060488905,-65.9676411606489,190.51304838650742
11557,wikimedia-en,0,247,218.57091753878575,6755.616976822301,0.4508002571706487,41.54096703741871,111.84726536170072,-0.7008638246019918,369.9397141852932,-126.0749367852606,23.068507414093087
11557,wikimedia-en,1,170,273.3141502829159,7521.528960292192,40.8747611471291,29.34134445746364,117.65059622079164,10.020677742175932,372.7441612443944,-111.34766215566772,28.38868023398083
11557,wikimedia-en,2,164,360.62972278129763,6400.209308879156,217.6082127571181,-15.74461686311361,24.734886159841864,-68.01008657092954,470.042184394101,-148.2762832121986,-18.67377460696144
11557,wikimedia-en,3,135,558.7891520182292,7501.057869115244,388.4551610510385,21.463775277329848,87.15351695082659,-148.42930198011172,568.2829508550547,-182.260779941293,-144.53821677506346
11599,fineweb-edu-sample,0,72,265.66732173495825,-4058.228056546463,172.68800173290833,462.44429281795055,258.556290439044,143.3431490988062,-20.518418931163154,325.2994501910953,123.55019374694227
11599,fineweb-edu-sample,1,51,319.4343776328891,-3387.3777928362556,186.27175056693486,374.3629339256657,242.20739830937487,200.3761437646942,-139.41807757863924,334.1342517394116,139.02176484963405
11599,fineweb-edu-sample,2,17,438.40780819163604,-4365.8989690614235,354.9390180621797,239.41530904956974,33.93729415364994,-110.44248905096792,-123.90364741473907,416.04906391166384,248.91037608220412
11599,fineweb-edu-sample,3,6,698.159434000651,-3884.030775625439,549.5116676280109,362.212799422349,36.10183167120689,-148.24981063010537,-526.6787762661564,317.1867859630955,67.11897296764722
11599,wikimedia-en,0,8,264.1248893737793,1614.2577056786304,728.2768931796357,-297.50547706384475,-0.4508513432119443,-95.87614706851322,190.76240496209465,34.47942426691398,11.05385266245032
11599,wikimedia-en,1,2,339.41455078125,-2412.1153522255036,514.2272538884451,537.9129037271044,-114.36159317364726,-151.46582933697758,100.06346792252619,-145.53856457916834,50.222363920580484
11599,wikimedia-en,2,1,425.34674072265625,-7890.581352068659,-140.50706741972235,-1261.6616355328688,728.4364930399954,199.68423049590277,-565.4604844590109,-15.00354245475221,-390.10603962728624
11599,wikimedia-en,3,1,611.4967651367188,-6395.956062524542,-71.18424287595361,818.7952288152507,-131.32419129364945,-383.7022388238855,-225.36265709926374,-322.47607743041385,-580.8393438586406
12922,fineweb-edu-sample,0,82,290.4146728515625,-658.6338543160351,8.144971215837502,129.61761505695262,259.39034756466515,109.2655492697833,-74.37209327782453,209.87279451109245,-50.91732928579742
12922,fineweb-edu-sample,1,45,350.3123867458767,-378.6513552035605,-86.75908711182805,137.67394764515242,137.90283164882916,238.01510995563166,20.715502365438443,239.96284535146413,-68.55995139965825
12922,fineweb-edu-sample,2,22,466.5782096169212,-3491.9890874409098,112.62956533865027,-136.74837992875194,619.3009757186494,-56.99524822387547,-323.2165151761142,160.8631283431889,-88.85397322719297
12922,fineweb-edu-sample,3,17,744.6089082605698,-3772.7341867588825,-120.67757350270922,-272.7446145473977,72.98931773387592,270.6700029614967,33.353842871155635,-7.452990388268451,7.645952294049039
12922,wikimedia-en,0,142,291.8533632520219,363.1540738409528,-162.99788339261454,-893.8721569629794,166.78568988342124,-52.81694532183146,16.496329034192584,-38.36377153806823,-361.6010287341557
12922,wikimedia-en,1,126,351.26607307555184,889.0543033819964,-171.45201368147067,-857.558691694164,206.84217153510687,18.58634649479746,96.82850081965594,-42.296888855051854,-452.76308878710785
12922,wikimedia-en,2,88,462.7931133617054,-497.7528674362929,-102.39967255856915,-806.9686142122687,99.14135535697473,34.45234722331716,204.70831899943744,-129.51875622256432,-292.37845624918464
12922,wikimedia-en,3,63,769.8697335379464,-777.6308479722463,-65.12541867762255,-943.9875374436656,158.20007163624882,147.834456183627,60.51074606800571,-253.85314876465844,-351.2588662747542
13298,fineweb-edu-sample,0,341,295.1517691961831,-6653.8381226052215,-61.92316090499177,406.90880608465534,58.85591981651284,-533.4649581780124,-483.1260210722748,155.73026462269559,-240.17304696064494
13298,fineweb-edu-sample,1,332,381.0515118334667,-7207.8949028408315,-43.06646750559812,399.83800229844104,125.31939564342966,-550.890705235099,-488.0402130697443,136.44108102823773,-206.72512567549947
13298,fineweb-edu-sample,2,319,507.2324054203811,-7394.4374452197535,-13.513617771694246,373.96111417947327,146.6056253870112,-538.3976744330307,-563.0324431912724,135.66806213527568,-198.07553442541388
13298,fineweb-edu-sample,3,299,768.5600385889162,-8373.923638409857,-6.4606176748608695,350.4722994356233,163.6094671598719,-578.9958983313395,-531.1751287683363,195.06123043756423,-138.8742767160386
13298,wikimedia-en,0,82,297.9437084663205,-7556.325857706825,-271.7477288479339,-232.6103720886694,-84.29954763685402,-690.6904174374489,-272.104487942953,-149.24071595153816,-150.8724940859742
13298,wikimedia-en,1,59,381.52279404462394,-7363.794047536331,-259.4050831744709,-222.58094977834875,-80.60395154993806,-632.643534660744,-290.1922025192718,-109.2987858433268,-155.6897109859153
13298,wikimedia-en,2,65,506.77367037259614,-7874.748286946579,-202.6222190849576,-191.91519291599906,-44.79967731053073,-700.8533129614453,-259.58538132873355,-77.26931800741858,-127.75937819201707
13298,wikimedia-en,3,44,750.1612021706321,-8504.353333550098,-280.58552250439965,-57.416212674349644,32.61179442340892,-706.3524122342899,-245.70285821175585,30.57145915572947,-73.4455003341258
13509,fineweb-edu-sample,0,101,290.85227256246134,-4008.08309530533,69.63056613638618,201.49786244174365,742.9497346776701,72.72122964556691,41.942304406122545,-156.18879222069998,203.04264346822825
13509,fineweb-edu-sample,1,96,325.16271591186523,-3822.4309444596106,148.56369516033297,225.10767386826845,614.5802663302082,136.32269027146867,-62.4971362128796,-220.83031284864538,227.74125094229703
13509,fineweb-edu-sample,2,69,390.95702859629756,-4542.701405976367,47.884942480981806,67.98106613958639,665.2465270572873,219.2419859589253,-41.021411850526384,-136.2239422570797,327.31347846255596
13509,fineweb-edu-sample,3,30,528.9126586914062,-6085.780912142532,-93.1274159159954,38.0649860169548,886.7964559613744,85.32927545508352,-222.77183473312454,-296.26219600457284,343.49595366504053
13509,wikimedia-en,0,38,289.98681640625,-1006.6738522759513,-366.69634596735955,-443.3799909030419,501.94012204107867,62.482622749882644,46.56748940281869,-476.233631922671,267.11852819122805
13509,wikimedia-en,1,67,326.3148712613689,-1270.2969276546016,-69.97119719491377,-464.32400804005624,577.8229212974604,44.02823567463682,-5.335331261481485,-602.8785387250905,258.7243943159358
13509,wikimedia-en,2,36,380.9363301595052,-2816.776549017773,-67.46968292011181,-503.8267491387184,734.7578587338344,-85.09765593808119,-135.07672329450895,-468.39730175800975,409.23613940928476
13509,wikimedia-en,3,33,525.246123342803,-3917.4398762568776,0.9829587068448439,-568.7329529237056,653.8639434207481,216.2558255726399,49.02149566976679,-528.1184649542471,380.596981877405
13732,fineweb-edu-sample,0,37,246.6861498033678,-1897.4715298401286,235.7814927206502,381.47828843915175,-248.97092729429022,-170.14238678955337,223.23134820759986,-306.29607052417,224.6713758673509
13732,fineweb-edu-sample,1,47,271.8440311513049,-3113.4020470559235,275.60865906853985,412.0228429816101,-265.70732699960104,-113.69738777888031,104.02343709594102,-270.23143229860625,253.34136970644263
13732,fineweb-edu-sample,2,27,327.17522289134837,-4135.791349732959,355.9107248573079,407.82567026058683,-106.00819047492782,-291.37624838202186,169.56432914884678,-326.7756425024248,388.77527995895133
13732,fineweb-edu-sample,3,14,408.6371176583426,-3195.5177997886663,446.6347623737529,283.08511918729783,-287.64386692520037,-261.01812132596734,73.38553666779823,-105.3380315787539,393.89785205279105
13732,wikimedia-en,0,43,245.3839224881904,624.3749201926554,-37.90740746408175,-306.3866355693943,-283.59198962228425,-222.0233997879769,304.83862037233246,-333.22951257512216,224.1885867355122
13732,wikimedia-en,1,31,273.3745944115423,123.8477302574032,-117.20098820766495,-137.41121197177438,-333.69711446055777,-273.29528550231214,304.67258724008514,-433.75958174417747,249.60739126151583
13732,wikimedia-en,2,15,320.53643188476565,3186.2634216837005,515.3764384938402,-328.1409534579619,-224.26366037231716,-340.9244829276294,407.41644047271,-298.93091088103614,132.8155952907603
13732,wikimedia-en,3,9,417.42584906684027,-1364.1467737668881,67.95280783022665,-100.46785990948807,-367.8934813151739,-333.0671147143863,293.8208194742758,-491.8210924671629,403.111417332316
14041,fineweb-edu-sample,0,91,262.4958965594952,2286.1901580231556,-438.30552690023865,-265.94762634878964,-178.18943483901745,192.4513821139402,-270.9809686738632,440.48897170946634,469.02080375842473
14041,fineweb-edu-sample,1,82,360.40380412776295,2472.538410551787,-348.4712802706074,-277.8856141408242,-137.0977869211411,139.54977524596862,-308.3116701574343,554.0797290041588,506.6884633355977
14041,fineweb-edu-sample,2,136,621.5704956054688,1666.7962594925975,-218.68189884451104,-413.30302022888844,-282.08494138722136,156.1011482790615,-431.9016535654066,623.3489814651854,536.3484346613681
14041,fineweb-edu-sample,3,65,1139.363911320613,1312.9771347447654,-45.30348089809842,-622.5532728221694,-484.8559057626516,275.07741628263807,-330.58233780360706,463.02883860917444,635.1347558519943
14041,wikimedia-en,0,373,263.0143311528674,3810.7958100239193,-513.0155373123371,-646.430345493388,-266.0463495030514,315.35613391235063,-23.387818237077603,426.57733935761905,207.1706400448294
14041,wikimedia-en,1,325,356.12358736478365,3847.006115746921,-438.25009193505315,-665.5008013476134,-261.41591049323864,254.6858970923266,-43.4573075538511,461.91076673308135,241.8804298429722
14041,wikimedia-en,2,269,646.899073490866,2914.083626957019,-203.82127664273986,-820.6392955789789,-458.4588620046981,225.57984768689747,-166.68099704860253,437.8552088815448,289.99984132370054
14041,wikimedia-en,3,302,1162.2713964601226,2294.860357501986,-189.21865325092307,-981.4734829516425,-578.4492001739123,207.18524056021997,-199.2478385470745,578.6617359938,250.3877884374112
14162,fineweb-edu-sample,0,80,287.38765678405764,-6230.761100611487,351.60973155376985,217.2403399745245,586.0361771108071,-395.95241915435594,-854.6384916528948,38.25247011743663,-383.5282199522186
14162,fineweb-edu-sample,1,112,343.71119390215193,-5705.386888107604,311.19716897678046,302.6411893814293,562.2224114043751,-347.9900933668995,-813.1737661507283,59.542479336153015,-401.54098210517907
14162,fineweb-edu-sample,2,99,440.026523474491,-6119.998546623774,334.63802292065697,256.169950402926,652.6424166354764,-421.6962989390135,-849.9666293183781,58.28081273216448,-458.0768354682773
14162,fineweb-edu-sample,3,90,697.8461710611979,-6678.248251698868,201.05356918911795,287.09512545492197,624.0974676838254,-400.26935023911994,-763.9112340511534,104.92890187037271,-280.75033658337674
14162,wikimedia-en,0,17,288.01377958409927,-5596.672229866956,-22.381733906243888,-460.3239962482527,363.89097901301363,-433.8682651293898,-721.109674975056,-231.38817538849133,-305.80879970352316
14162,wikimedia-en,1,23,344.88657014266306,-5947.783688945237,-119.76695623821959,-456.8327108169781,377.4081367085752,-515.9463021888165,-545.0001601148853,-285.8025767017342,-292.80573669200606
14162,wikimedia-en,2,27,442.306234854239,-5605.387302008644,68.81256553663698,-480.66711037696996,598.8471607939996,-415.22027700144474,-552.2167139903356,-292.90428476044036,-370.45358340633123
14162,wikimedia-en,3,9,616.0224677191841,-5737.689968111209,22.7071505304299,-634.9445247772604,533.6620983061289,-674.4604246808407,-504.2850897256203,-396.3295388235031,-530.623070137322
14197,fineweb-edu-sample,0,81,307.1601931725019,-3059.4740049424963,-404.1614363558722,487.9101477586277,-346.3461907696077,126.2243662755225,88.26681335955331,-245.30349513243678,160.6098580083136
14197,fineweb-edu-sample,1,59,344.491621631687,-2813.523755519842,-421.67310320479817,526.0073452177071,-310.5956970432751,278.82907955003077,51.9269443854537,-152.17408635931966,116.19595063181276
14197,fineweb-edu-sample,2,79,412.6443790484078,-3346.9406627328954,-372.8641054444227,569.6885720019803,-346.685821507262,154.3294922595668,61.36150239330466,-227.89287998605496,191.21208617350717
14197,fineweb-edu-sample,3,50,599.3260888671875,-3552.936272555678,-264.8225703969925,418.5085125339802,-312.3644265227908,303.99907174369434,22.961036260766424,-55.04430107505116,247.39143102616427
14197,wikimedia-en,0,38,305.56682707134047,-820.4327518147521,-662.7282447421074,4.1410871437532295,-398.5674008252783,286.15234078258544,120.44079147989092,-314.8898413444798,225.24554446461184
14197,wikimedia-en,1,40,343.3613525390625,-226.8471486057837,-506.8196799862318,114.75709970713874,-188.47471330097235,375.9474245478053,312.03858508359616,-296.38885244459044,77.7369648485654
14197,wikimedia-en,2,30,415.2780822753906,-979.7012792430155,-517.1815567177345,110.65748637088309,-471.74703788693284,532.2432535648453,16.82035327534691,-407.5655317490164,107.15647933522708
14197,wikimedia-en,3,17,659.1049086626838,-719.8177947498922,-436.88618286439777,85.80083275397917,-309.2069048243168,425.3683035039175,-2.14531535766176,-133.1310010402625,271.02286765816115
14621,fineweb-edu-sample,0,65,278.7708073542668,-762.7712682177805,1317.5403707751955,76.95001846627501,432.7272068092152,-76.99709193628966,-82.60709545470941,-199.056723836959,-31.932350433506773
14621,fineweb-edu-sample,1,81,531.6646660698784,-295.2682236533382,1301.2276909440154,129.55719467379433,206.53857000473874,-88.36147712528627,-37.13293693043842,-240.85167758903208,-101.51947119926507
14621,fineweb-edu-sample,2,67,1062.756682894123,14.769959504910256,1335.5273507049715,138.6523645693558,347.27097048524047,-202.42203542054853,-132.78850720399143,-222.4377104475965,-256.542135062637
14621,fineweb-edu-sample,3,52,1687.74019916241,-1285.3103993339096,833.312976301567,294.65550372250715,-188.28789170606447,-409.5209387942086,-72.64019936446621,-229.58695852994956,-191.01894819407755
14621,wikimedia-en,0,37,275.069200670397,2183.5586640247207,256.9091109199524,-795.1970465367701,-126.72692363275019,-436.5486858055936,659.1798351317087,84.55082560403748,-678.64752295511
14621,wikimedia-en,1,34,422.14901374368105,1498.1142574476323,408.15447057992816,-424.6603436311593,-256.84925721024274,-407.51620536957125,288.0945919870434,-252.19373932898603,-334.4863141805264
14621,wikimedia-en,2,16,977.300910949707,924.1629197974131,943.0643314922227,-345.2546987096174,383.10877175985934,-316.1422925699243,-56.92147211059523,-476.8871930833575,-426.6522636982328
14621,wikimedia-en,3,28,1861.0994873046875,178.26686888804338,-39.61261672704055,-18.289222545020632,-421.31501511859415,-709.5954669257372,180.18408956758938,-298.4485786536017,-365.2671812165833
15487,fineweb-edu-sample,0,102,247.88422917384727,-3107.9758368073044,-150.5600023407333,493.1599621646159,20.228309364628945,29.857285700793145,-59.67878843334273,166.9945315040774,12.440810200151963
15487,fineweb-edu-sample,1,94,277.6936950683594,-3029.986247817667,-359.76058469838154,417.0853990929785,-97.47349431794323,25.862572835981275,23.81450019556025,108.01093105411387,58.1170395808135
15487,fineweb-edu-sample,2,69,337.0168266849241,-4479.915267168947,-247.62502928504915,302.1853399725541,12.529262211663344,141.48252940413576,-157.70784740319044,205.76127593731943,-14.533399042926927
15487,fineweb-edu-sample,3,74,547.989126669394,-3505.8906490209224,-325.72998282599656,363.3092047185878,-192.48772511565915,79.78395391256186,-172.26012081102476,319.9449473785914,22.955777258773317
15487,wikimedia-en,0,51,243.28966926125918,-1958.8901415719615,-569.3506034623823,-257.1526364251472,-216.87831200836624,-9.499749485865363,-3.3820590543664344,-131.7912940069426,110.71624828044772
15487,wikimedia-en,1,47,275.85413961207615,-4283.611094146913,-458.81870824219254,-269.1933454785688,-308.19309271258277,-25.65635025410794,116.23285704539809,-107.05659172323162,43.76544948587738
15487,wikimedia-en,2,26,330.5699991079477,-3257.170988129416,-630.4962512359539,-260.6127979591864,-386.2180562882477,-5.834211579675324,114.0477829825333,51.23133765157945,41.69092472694661
15487,wikimedia-en,3,16,454.4782066345215,-4748.059867189611,-601.3342563067358,-172.3411281413416,-421.2599889107062,-251.38835941994182,93.41777067726646,-105.40745583714232,39.59239529211272
15599,fineweb-edu-sample,0,134,287.00464163253554,-2805.9862040752564,196.89433762755723,423.14965317060506,-215.45108057116033,49.63949650986049,-52.780081289133406,-202.6230090103851,-105.60413856275356
15599,fineweb-edu-sample,1,131,345.40733535417166,-2557.907952127492,185.49308068194566,473.25761028401115,-141.66535003685428,96.01722032130459,1.8165012700951455,-253.18177045853088,-198.1586263846812
15599,fineweb-edu-sample,2,96,456.20759359995526,-4567.904907203774,73.99221986644488,539.795447761871,-248.07177876287287,118.19430617431523,-41.79102895360181,-208.21234071321237,-229.02320550115405
15599,fineweb-edu-sample,3,62,754.6790801017515,-5217.765362624216,-62.67701331838643,628.3098963887163,-171.5255696289485,221.44082594415778,1.6640850633559676,-225.21476068197092,-330.0582547796004
15599,wikimedia-en,0,73,287.12500125414704,-1119.9635545637775,-342.12944435248716,-245.67947473673374,-384.3208224174057,-38.00921077752036,1.754635863532309,-432.8394674035124,-102.01742765064677
15599,wikimedia-en,1,59,342.5074726686639,-3349.787907283852,-367.19815496671566,-49.47894430004627,-424.5094398466862,174.3189130505325,17.55558418374864,-445.25777397403357,-138.15890052563188
15599,wikimedia-en,2,53,459.99174585882224,-4798.91852726378,-258.97977939122165,31.860427714895188,-468.04221825787624,-44.5765406462689,97.61443296634141,-537.4187242797294,-61.99439568396233
15599,wikimedia-en,3,37,781.798077557538,-5327.564861560964,-555.8975979051521,-55.29925801182806,-394.56902501731656,188.28876453362824,-21.32617568538784,-507.44831732762776,-183.21823293601838
17676,fineweb-edu-sample,0,56,264.02346420288086,-4234.234239375138,-238.67255553817216,277.310477581667,1235.196081012404,66.11067337610694,-290.14715080961224,181.70548523917577,-73.19439635787198
17676,fineweb-edu-sample,1,46,304.64486428965694,-5446.649365335165,-253.1511709340335,363.73292395315804,1375.1441980816005,-6.137385115867432,-189.8934100056163,242.4328705931221,38.77038310302844
17676,fineweb-edu-sample,2,59,360.12237962625795,-4825.2936770172455,-216.61701532437408,232.7948565608897,1328.4134976345454,42.113736735035275,-324.758969733026,255.80606216193448,-17.308965967778963
17676,fineweb-edu-sample,3,31,550.5528111611643,-7249.025182658021,-452.54504587216894,110.9921528597691,1596.9157602854298,-129.95188850168964,-455.6571142243169,345.85427093996725,156.29082366354584
17676,wikimedia-en,0,22,267.12385351007634,-3013.4236384294854,-47.99170946335796,136.66101913705373,748.622677469847,6.9118084340478445,191.60366168796097,119.76056190435094,-10.747113499420694
17676,wikimedia-en,1,23,299.3012058423913,-3459.7826123147515,-237.4760841140874,-37.37127952693525,1008.2774057634153,48.672908147008556,26.311795663460593,-119.3727936307357,-193.3687446156458
17676,wikimedia-en,2,14,347.6337105887277,-5071.339442435883,-316.81345472768714,-77.12147083229748,1490.028279674316,-11.368738596701665,-77.05092194969471,-55.36934754850908,10.206475897924037
17676,wikimedia-en,3,10,500.28026123046874,-4607.08828742388,-591.3671072024996,16.137745190422226,1147.2306833222572,-24.764480950738548,-7.309942868255064,79.89576202086484,-54.0996131856233
18036,fineweb-edu-sample,0,105,310.5867972237723,-5884.7668044600805,-434.7546209370817,609.2503717691275,-198.37009931043272,-358.07957946083394,332.75263984538594,-332.4414875442647,187.02744525832316
18036,fineweb-edu-sample,1,110,382.01005138050425,-6554.464635181373,-571.1804718186288,549.0959557851941,-257.72773105334005,-433.2644877712738,312.60298229704375,-361.384531693102,250.59463127904098
18036,fineweb-edu-sample,2,70,520.4720615931919,-7175.751264552541,-729.8545601587299,427.224163307333,-316.2317817154329,-427.99150724816843,290.6362706662506,-459.5642136066817,328.3962877243823
18036,fineweb-edu-sample,3,76,878.6397207159745,-7198.968099508873,-732.7250430864369,566.222727013471,-298.0552691882997,-496.4885226962346,364.2312728308763,-481.84477329940563,324.6324676862278
18036,wikimedia-en,0,54,308.4620135271991,-4373.8439641483355,-942.5498551083308,-211.61344316718709,-399.54751581274496,-335.8590344722663,320.0521769118648,-434.86252584212053,186.2798852942925
18036,wikimedia-en,1,65,386.269633601262,-5650.182001943892,-867.6642197366184,-201.133066836103,-458.54393095339697,-402.85105039036745,410.0575299734407,-579.1735647553929,271.6067576512486
18036,wikimedia-en,2,63,528.1335245768229,-6288.830982762772,-988.6440516399392,-242.31678277942072,-488.35907686157975,-407.78472748221077,440.914879839688,-648.4200947098171,296.92409428395007
18036,wikimedia-en,3,73,911.2619010193707,-7110.221969559721,-1110.7780655375998,-314.4794209542797,-576.9131636128434,-414.8311782968127,415.1365460756442,-719.0931487297921,313.17748175753354
20343,fineweb-edu-sample,0,214,221.41098835312317,633.2851184048866,648.6085592618639,205.42419048473195,-15.670746635801242,-224.84193705647206,-187.39897781046093,39.43809667684577,133.16369243573652
20343,fineweb-edu-sample,1,159,264.24121036169663,759.6185984415093,976.2183586676229,302.2480227231331,-45.06237501475691,-180.61548543471974,-97.33956445359075,115.51369128194145,120.49181776410997
20343,fineweb-edu-sample,2,188,382.522190499813,434.61871753406234,847.9323821884824,356.70128217447956,-130.61328159881472,-133.43013855685825,-73.35102484185556,215.19144603576848,64.74129467719881
20343,fineweb-edu-sample,3,159,948.9444637658461,-407.25891244129537,1152.8765250736953,431.2325439554933,-151.40504337949358,-98.11060461057788,6.99326012505732,203.97722239771687,-198.35017918865813
20343,wikimedia-en,0,190,221.984325208162,3414.0579209012735,107.38028286527668,-337.50653839155046,-58.94370339411358,-280.68484578558844,-64.5643979485313,36.97989066289914,204.24987614925132
20343,wikimedia-en,1,130,262.7346450805664,3361.575704233361,58.94665026139952,-245.71455463430456,-49.85499986177715,-310.88749236013876,-0.08445614075878138,13.953616791545183,156.39858520413662
20343,wikimedia-en,2,119,380.0303247275473,3504.053424950754,192.57954982695944,-146.40427253610002,-92.3918813899129,-264.36880737053536,12.266991739807983,86.19612613086913,152.88326981148768
20343,wikimedia-en,3,138,963.9916978918988,1889.13834366887,626.8377430323604,-716.9979771620423,-383.9472071075407,-54.25035062582841,313.35724926290817,159.77097254462916,25.69462062736226
21409,fineweb-edu-sample,0,23,232.5450558869735,-544.1804224048266,-62.85036882762627,423.1898063283873,419.01963708391025,-152.94710793093319,107.33343415226557,262.63782314700717,274.57733301100586
21409,fineweb-edu-sample,1,34,280.9067077636719,-2382.2577808142796,-118.5087283832154,379.24635359429107,177.1638027444559,-97.13202420087225,64.63234938640593,422.26284592882706,248.99619502507042
21409,fineweb-edu-sample,2,8,384.8871955871582,-5166.008660387434,-257.4340522116249,324.22401621422597,401.7788454188758,-25.389420032571778,95.40927688808128,370.46390684923915,404.70453028968274
21409,fineweb-edu-sample,3,4,562.1779479980469,-4820.560739347811,53.006837470443585,553.5536785789357,-339.4486973814102,-146.68016112433813,-259.35272778470926,200.15595185368903,363.11021341974646
21409,wikimedia-en,0,20,231.58008728027343,-537.3453061355485,-521.379931847853,220.53164998568886,40.87137038451259,-22.25256041081385,62.45092878635997,340.26731800864513,264.76143691933436
21409,wikimedia-en,1,20,280.28615417480466,319.3036061256057,-346.353697013337,120.656476364685,134.90776567429853,-161.91801618561905,273.6881009771395,365.22926387814334,201.84095626229436
21409,wikimedia-en,2,7,356.59962245396207,-1621.0500149607813,-766.9337134952518,334.10586461963567,150.65536600472834,-455.7156917471563,534.0812629950814,381.8035004919328,134.89786139949794
21409,wikimedia-en,3,2,570.5122680664062,2025.1471317345656,-79.89200626192465,82.03725969044105,102.07036826439848,-444.193721968914,-22.25385979173627,587.0008003880982,555.129060615654
23585,fineweb-edu-sample,0,105,320.133632405599,-3572.252258313151,1518.663950275178,1.1440991238631915,-80.2346914588303,-25.547331899145657,-149.20625139692805,1068.193935211686,309.816808194433
23585,fineweb-edu-sample,1,133,384.79634564622006,-3780.608486505555,1426.7570385439778,23.208968256474645,-103.61079753177309,-34.99428569166121,-208.03045618732466,1108.1641841704275,217.56222424516926
23585,fineweb-edu-sample,2,103,500.4512222438183,-3792.703668929108,1496.1515314263738,-27.808665657592694,-139.92254066337992,-57.9000348485626,-203.0566718948713,1213.5719269262668,220.4390296445815
23585,fineweb-edu-sample,3,122,871.2346461561859,-4574.43686060592,1493.875350908875,-43.770119708888714,-183.29796366937055,-12.416359704341884,-273.16264732028674,1406.3114457525373,241.90301327720084
23585,wikimedia-en,0,10,315.63026428222656,-1833.4731648466895,929.197286830713,-398.9566732598072,-158.2795145643372,-369.07332474150746,302.8787210697925,1127.3831630888794,-207.45159106204036
23585,wikimedia-en,1,33,409.30476610588306,-1537.84435006118,790.3186880306984,-711.5854534901289,-270.31309522301035,-553.023771148272,371.3443327978798,1553.0976813230275,-590.76785403279
23585,wikimedia-en,2,10,506.5447937011719,-2673.2480569305085,1188.4852202106586,-516.9690628485057,-305.5837522002426,-82.10326455513152,91.38149446110715,1077.302628319496,99.350156042261
23585,wikimedia-en,3,11,637.5279263583096,-2818.7736080790532,981.9610132204224,-559.4466990103758,-268.7621581390357,-256.34345700188874,15.335928919347014,1465.1249008180453,-327.1352148304448
24046,fineweb-edu-sample,0,75,279.28745930989584,560.0188182752161,-350.8326490988837,606.7976504225722,-28.761031045821813,-64.63610215461728,128.77039346294333,-102.41965328205038,20.77871617844566
24046,fineweb-edu-sample,1,54,351.66795857747394,328.249288770803,-631.958417139244,534.2095433121815,-24.478066782532874,98.27610249907424,40.64222167153307,-62.02573908909521,119.26258863324925
24046,fineweb-edu-sample,2,26,460.838374211238,-1990.0146066112366,-437.9938252191044,420.07870586276306,-179.1973702091406,61.16898023055666,-95.63465604956215,-207.08282058196502,214.79745217940402
24046,fineweb-edu-sample,3,22,786.8546031605114,-1292.4096596330096,-589.346608871954,609.4490861074163,-170.12280041922702,29.114139561423404,-3.593130013216343,-124.18576840844534,85.31283932832694
24046,wikimedia-en,0,32,277.34349632263184,942.9056138605567,-717.6096552963461,258.6740911639148,-69.24185803210473,-25.478332142764494,50.91391313391139,-81.36463241537203,157.68485025381736
24046,wikimedia-en,1,25,347.4948876953125,708.4079058435449,-624.7736676625818,155.11506544034262,-77.25224971922124,30.0234865008092,195.33489552308822,-45.65292871869903,108.60389057112907
24046,wikimedia-en,2,15,460.60497233072914,1831.4578427960332,-767.676187785282,197.38038720683136,-140.73078791843398,65.94408927348988,-49.14302116469537,-90.29379854241289,308.1130340428428
24046,wikimedia-en,3,9,784.1447007921007,1094.9436868513635,-798.2790550353797,108.71992293264879,-178.80264067144165,-245.4035938186809,295.9075844580473,69.98773808487658,-91.88230965091749
24525,fineweb-edu-sample,0,190,215.4379553543894,995.7188398182457,347.81978582143506,718.4100651189427,5.8614989035429925,-467.33945372001784,-42.46845343198795,-34.52388947763053,-102.30488624622694
24525,fineweb-edu-sample,1,170,245.96813318589153,448.9718985730765,481.16386429437824,686.8992091466081,-31.783536689956225,-545.2815267300273,-31.04060839224648,-29.777659849254995,-67.96048398613517
24525,fineweb-edu-sample,2,126,291.53649660140746,156.15064816694067,358.03807914218874,708.5595486842853,-35.59527030795995,-586.3277632595561,8.836459516509818,-43.16348017238396,-99.49771791435016
24525,fineweb-edu-sample,3,71,406.16013518857284,-790.1552967549309,213.55424204662717,759.3681438835057,-145.40290429584024,-656.0085152557698,61.125705283436524,10.533453596111489,-83.7207686414149
24525,wikimedia-en,0,96,215.1235760052999,3523.5277607670014,49.18481870400607,366.36970669971566,-48.50149452040972,-507.5549147397089,134.36521985412725,-99.39570511101226,-65.49341807057448
24525,wikimedia-en,1,93,245.45070475916708,3299.974594544787,24.02154464872396,324.5004124520845,-123.65949814087426,-519.2116432160622,21.930802427666137,-36.73650485796268,-8.650230898196325
24525,wikimedia-en,2,80,290.53378982543944,1931.5951442339833,-4.376117260834951,408.99218551742104,-177.05245795333667,-552.8020226976771,122.54919674892236,-144.5800972055821,-15.241598347656808
24525,wikimedia-en,3,65,431.9049109825721,1745.9410502398232,70.84845526527326,364.36896009923936,-244.56819025217942,-585.9989628206849,207.37158180342567,-244.86364327454052,-50.376440271704034
25249,fineweb-edu-sample,0,845,182.91728329630294,-124.68678158911113,907.3030465012065,181.49328130335357,-56.03031267527102,-257.69035674808555,-120.3368247641416,27.03728987664891,136.68400708797154
25249,fineweb-edu-sample,1,742,222.76505283653896,-274.20514863009,900.6950960120807,196.8503320447885,-120.95080429468062,-311.88115525785776,-137.01406535644762,32.7578703013474,147.71097603329966
25249,fineweb-edu-sample,2,688,304.42554048050283,-13.85692212163592,759.2032742480166,240.77844034804843,-123.4072307917521,-369.88330261198996,-151.90799836228896,20.582518410925697,175.02441394251733
25249,fineweb-edu-sample,3,485,585.687263410116,2490.36953618711,132.7687793314029,418.87452089136224,20.97718882735409,-376.1401304483299,-99.38602122933057,-28.96424290004576,270.12919026680424
25249,wikimedia-en,0,630,183.299999757797,2625.672265929257,303.41049179075014,-521.1455643084907,-166.91454460014378,-372.5406284513657,41.21600541806067,-81.5352285160295,11.422927390725135
25249,wikimedia-en,1,662,223.6604419950272,2813.600829149801,264.91746374794974,-470.4518932999208,-177.47968524412457,-380.11007185628876,29.103188709362964,-61.836492210607005,103.35126859445676
25249,wikimedia-en,2,656,306.89514015942086,3830.0143097318105,182.58772002423208,-412.1458300282586,-196.90271335362615,-371.089747543785,-6.081453801637431,-76.55793449244632,129.38638154675132
25249,wikimedia-en,3,700,673.2475349208287,5726.938370592229,-344.22625310505464,90.10935592609253,88.50535552263332,-271.3042410405151,-82.6169088278552,-14.535666453608393,327.902931400993
25320,fineweb-edu-sample,0,56,267.3390987941197,560.0581712000633,-86.01252399465514,256.5782804115812,477.8552350983699,213.28390813056654,118.37615436497153,317.33591140501363,103.29778956168813
25320,fineweb-edu-sample,1,43,365.4905608421148,2869.356813591321,-203.657635926461,465.9941679733391,702.5527623246179,48.81240611772602,-100.49434909040703,197.96320694215768,148.49894482413865
25320,fineweb-edu-sample,2,14,888.9714050292969,6951.520334041052,-461.2173257072187,266.3134252317088,631.1422586974552,-26.39058858949042,-345.56787947801246,34.95878797233724,285.595395558577
25320,fineweb-edu-sample,3,36,2218.3650478786894,4984.030444576777,-1079.372656812639,483.2739659744111,410.73398699691984,108.82168479764921,-462.50045751733455,416.7461909308224,524.8539392537473
25320,wikimedia-en,0,83,264.49711461814053,6741.028055168665,-216.2130725287886,-76.2206258489869,414.56214339808395,-77.22527868508767,-115.1841205118233,-175.67713590288838,192.02890102933142
25320,wikimedia-en,1,42,379.30809238978793,7370.228727583294,-463.3261555799477,209.13929379024484,516.3052977650792,-85.27529432434797,66.40484899056621,7.875808890149371,155.7497662949582
25320,wikimedia-en,2,78,894.1543907752404,10238.1190775729,-482.40000874769686,319.5369106187814,411.0639607338988,26.41659619309461,-214.53157276446277,-48.83116209249967,226.61817486316198
25320,wikimedia-en,3,72,2086.6038106282554,7342.585836958968,-1007.9239278880973,298.57924742937576,339.1735937607762,120.54759348677356,-373.9976430219102,144.74447534411345,456.54887629894154
25739,fineweb-edu-sample,0,28,260.36319623674666,-2190.6028592807,156.8028058805282,411.9269422242602,-164.38267112023235,-52.494137982783705,135.9572375671254,-145.47547134454908,195.3628668205809
25739,fineweb-edu-sample,1,22,305.25635320490056,-2359.7049803892983,401.55147389989446,372.2922241949368,-201.6911449974832,-177.2226716345309,168.8456644914077,-305.73817673624984,333.63432865707745
25739,fineweb-edu-sample,2,16,478.934268951416,-2802.600121807697,554.881261533231,547.4508470737196,-128.83930985006825,-235.02155547501337,56.65332623255207,-318.4031812389796,260.4777961606532
25739,fineweb-edu-sample,3,7,977.8275669642857,-178.06125177525504,145.18125094707509,505.1456896747464,-158.5038270887523,-626.1326509809553,223.33818938297054,-524.8717606225835,174.69232537240532
25739,wikimedia-en,0,37,258.56923613677156,1280.6423619644893,26.593975106337826,-138.86145968239606,-120.41137021231508,-17.281596244547437,138.0179848588303,-232.7307232607973,206.8299534406445
25739,wikimedia-en,1,27,308.91934769241897,473.5916659330934,-103.93818224359714,-64.34902197197012,-5.124687681928987,-5.032351756668136,-64.7969935326288,-314.434102483219,107.48478253067861
25739,wikimedia-en,2,13,429.3209979717548,2095.39312206602,-138.32825027028724,-13.586504261262824,-40.51653062748296,-262.71466945102395,58.706937041554674,-417.1333584389446,163.45594870978036
25739,wikimedia-en,3,3,785.639892578125,-2547.8897288521002,-342.2156664476135,-33.62172952309812,-590.6370029577851,-20.110684264669697,222.55216287176026,-841.9854771896886,329.807471274711
25884,fineweb-edu-sample,0,86,285.5655393378679,-4768.188118857188,149.70906613177405,399.3585389020445,-223.9347289428257,561.6821315099103,-63.75034224683855,126.29314836491834,-142.754518751921
25884,fineweb-edu-sample,1,103,349.7807984583586,-4748.148190097007,-44.97752404887041,363.30089103717637,-243.27731760390157,529.3224065291545,-32.319136729695536,29.27169146059194,-95.27112592907339
25884,fineweb-edu-sample,2,99,472.9930928548177,-5053.6486058841865,285.5486217137853,391.48002937310156,-268.11232409241813,667.0961458807493,-24.654035400688738,134.31155777941183,-158.18687400053835
25884,fineweb-edu-sample,3,51,1018.5869128657322,-3790.8982452908467,192.4696884907112,473.8321995895547,-183.9830698659039,476.3153322092669,54.34374024896403,325.76791243805627,-66.19013840138427
25884,wikimedia-en,0,54,286.7468510380498,-3327.956499787321,-335.72598953778174,-469.89630339453623,-404.95821065843455,383.7099763862807,17.155651761024696,-350.1851949559834,48.74017971106371
25884,wikimedia-en,1,44,348.46397399902344,-2721.5120075056384,67.29607248674994,-422.92097779663305,-486.54653328975513,721.4735025131988,71.94179888282908,-270.3772533171877,-129.5257458456107
25884,wikimedia-en,2,38,477.0177419562089,-3588.8794664763386,-226.18491284554685,-352.0032888811654,-460.541305210514,639.9004744222864,-45.83107101230536,-235.80688512951374,-14.399881448392426
25884,wikimedia-en,3,22,1163.2490983442826,-3539.9371164757254,-195.4934632779089,-324.8900331204431,-429.4350422881169,465.9978036874743,101.90616047986009,-176.38365463483376,143.85518816262055
25909,fineweb-edu-sample,0,103,324.6813576707562,-4697.802549848125,589.3764068388363,-12.552326482936234,-93.75402506739765,789.0919754260814,129.17664604113892,460.6568032921978,11.026798129478909
25909,fineweb-edu-sample,1,81,352.1855314278308,-4531.395921195298,696.8912885909272,63.636295147796154,-36.23992486253206,841.2642674032871,219.88124526429584,502.4891620642472,-63.26973906893077
25909,fineweb-edu-sample,2,90,392.1236104329427,-4466.547075002211,617.9970168301182,34.03325698142836,15.893294887317001,808.6730111256753,189.77551080676182,474.2050373627852,-18.923519034302327
25909,fineweb-edu-sample,3,92,492.4583969116211,-4882.687038467936,568.6965502899776,-11.402328193873187,23.665477269155733,802.7105786099838,225.28312310259702,507.23426956701746,6.944108691767871
25909,wikimedia-en,0,85,325.35170862534466,-2889.97792130228,359.97750993476984,-679.9420599597103,-296.9049940028162,796.0344139978271,438.2523190817218,190.30296814114826,-199.33662453144353
25909,wikimedia-en,1,81,352.1887158052421,-2965.401641114985,478.5695251091617,-522.0820281590776,-221.18605669680838,709.0008741168901,450.1672825712588,203.27712239349853,-197.2116971800677
25909,wikimedia-en,2,83,391.2165030973503,-3182.4588204928896,508.024492570796,-510.99428225862647,-200.2584692143887,859.2924845227816,329.0320526629716,177.9360820513249,-203.24658984683177
25909,wikimedia-en,3,71,491.15434071715447,-4166.10503835613,501.6785713190851,-521.942528879071,-155.73160516907106,814.7920972649505,412.16363104509935,319.0892468381323,-164.07874570545684
26573,fineweb-edu-sample,0,217,253.26269460933,-3734.900325170207,-312.08821859337513,392.9266156329277,-88.27943491624923,126.51715957263013,-141.47278434933185,-127.91186899244664,-50.07901708633007
26573,fineweb-edu-sample,1,196,273.79901154187263,-4250.112366533061,-332.199837354538,414.86629289229535,-183.1670235565623,141.75596731438583,-137.49772986798942,-144.56551011329978,-32.217182021408405
26573,fineweb-edu-sample,2,224,311.3676855904715,-4369.766121365183,-468.35319854310063,423.7910702245453,-277.1692913366225,173.0806179727253,-229.86719307860258,-152.39004118617575,-11.715346679206167
26573,fineweb-edu-sample,3,164,404.045564232803,-4852.556488299476,-557.3653907063588,400.5944771170994,-310.2220951298537,198.96180537083592,-275.73774887297446,-218.36336961362733,2.524505974190309
26573,wikimedia-en,0,162,253.08317707203054,-1510.706219513086,-672.8718139022047,-323.86237640453487,-326.53999700189087,172.7969186663375,-17.84401009681759,-368.1742811208318,-67.6605034389991
26573,wikimedia-en,1,126,272.7928994799417,-1430.495661932423,-738.1279092804036,-302.59727813942897,-410.05132501981814,259.1204957615871,-56.783912690430455,-379.462392885922,-75.2884215310293
26573,wikimedia-en,2,135,309.4857521339699,-2121.6701180552645,-750.8404134525357,-292.47176472584357,-470.1727267795048,149.90772611713996,-65.17910474851128,-472.08395236100495,-20.85917647281105
26573,wikimedia-en,3,73,404.39597686349526,-3595.524747450168,-707.7674097529451,-110.24519432414951,-476.46832688347604,176.31535363948893,-89.00218189544745,-489.5216803004507,-57.992258982961
26644,fineweb-edu-sample,0,27,290.14237919560185,-1473.0094295318893,125.11124327258592,673.4599953409003,-108.95909556879009,68.22365808416328,-26.892367640165407,28.51743506429571,-108.86177795621151
26644,fineweb-edu-sample,1,23,332.30307935631794,-1397.4546182825031,-26.81377177641793,735.1280317266692,115.07658492293137,-105.06800132054053,94.01801550563728,-27.147877472147155,-67.06413358930538
26644,fineweb-edu-sample,2,13,391.8542809119591,-6321.537965558999,112.54692314676355,787.9758323954723,-181.72167097712267,77.4118631747174,115.25103350476238,-48.35342229805363,-93.18818502889339
26644,fineweb-edu-sample,3,8,634.8012084960938,-3353.585915882836,-190.88686255777398,781.2120567828674,-367.81486127514137,267.95301367217894,-172.8321514443714,197.46114940794587,-75.90846425811337
26644,wikimedia-en,0,27,290.5548344364873,898.5928473200647,-411.13536296589945,-279.9610204479914,-300.64410357047757,-182.30152836051172,67.72969023904425,165.38727710788393,-24.50413535337959
26644,wikimedia-en,1,13,326.0755568284255,157.03640438189035,-271.36564993660653,-88.10241090546305,-314.49818338442196,-136.67774049528336,366.29585956030627,37.41119222843847,-316.2387752280711
26644,wikimedia-en,2,10,396.960791015625,1973.6560277670992,28.388413241813385,55.3600423126765,-181.53338009035835,-140.8200051558294,118.52291069359464,93.70151339824474,-198.86432652952345
26644,wikimedia-en,3,10,548.5567749023437,3012.9525883137567,83.15033506885193,-225.89353379802228,-331.09281453232217,-741.9532893526605,328.15605527479124,70.92222823385256,-387.7020413675251
27090,fineweb-edu-sample,0,126,258.91698758564297,-4044.189975494423,202.72127018436177,266.6181632285609,-116.21779269792145,24.513411218265123,-312.9501778062794,450.9124370444456,40.27406497512184
27090,fineweb-edu-sample,1,98,283.3065275853994,-4154.977530870555,489.53130488896005,256.6127293291851,-146.73670085429242,16.161956122552514,-194.45282457604108,348.3404779269445,89.49833789432527
27090,fineweb-edu-sample,2,82,322.0969405755764,-4977.914052765003,235.4853689357336,349.01748832379485,52.48518631478656,-24.36827660185023,-187.52648546348684,467.61348204833735,66.74688576736999
27090,fineweb-edu-sample,3,54,443.8768508345992,-4178.308219896128,309.3832735698185,403.1928632879644,-99.07584050349902,-3.5261637298229425,-191.13018307810654,419.95958265804137,85.71209640287208
27090,wikimedia-en,0,32,258.16405487060547,-3328.1119490690758,90.05543785993206,-446.99844312575647,-271.2936926135773,126.55866886475468,-103.73729082848848,166.00183096402554,212.5769224433912
27090,wikimedia-en,1,17,285.98059261546416,-3785.3004344432647,42.89226078397489,-524.959717367065,-370.8756258940629,184.12264757757433,-68.10069686665624,46.38111539666675,47.45907547588405
27090,wikimedia-en,2,23,317.456483260445,-4106.394201522509,264.01736426555215,-360.96747272661514,-265.28610641959193,167.8965562543623,92.17192093425558,357.3671941613318,315.7114774296566
27090,wikimedia-en,3,6,407.95509847005206,-3868.655288005079,601.5172195529134,-1225.140016496465,-136.35866784260853,324.35275736964326,290.7361922481629,424.0252091937812,341.8944856520259
29318,fineweb-edu-sample,0,46,305.51762854534644,727.6353496594274,1103.5074841712374,-192.80885396486602,-119.79892447839889,-216.64329393260027,-212.09150809930242,-173.86042377269817,224.12374260237178
29318,fineweb-edu-sample,1,35,425.3968226841518,2097.4740115020595,886.6302960701064,-193.40264360948078,-245.9459819739066,-92.13697779970349,-77.42675973412709,-146.2216618820959,525.8918746578437
29318,fineweb-edu-sample,2,41,568.4540390386815,115.71602771416708,1039.9028661413445,-313.51324524231126,-148.5150320819968,-175.51393761572288,14.217295275394097,-216.0322891765404,456.67938272117914
29318,fineweb-edu-sample,3,42,864.8055390857514,999.8967916680446,636.8316779945164,275.9182803023279,-100.63209117172781,-414.0620462736736,-12.878054145444098,-255.19618524223137,136.24195282084582
29318,wikimedia-en,0,88,303.1915154890581,2762.0206898769234,406.1216437981682,-730.1038747327221,-350.7835686090946,-211.78455089202163,-35.11362848653847,-23.4350101933957,239.8019667718976
29318,wikimedia-en,1,78,427.8545614389273,2595.0038720987336,575.2090589544307,-904.9735924034635,-421.7331284149106,-276.5007875134888,71.95279296393883,-170.8011897604691,326.0893538146316
29318,wikimedia-en,2,52,575.6765265831581,2699.086790770152,598.0106206977933,-690.7842672286705,-288.77951862483076,-226.22068923623317,98.29445376172887,-184.34062633665027,343.8254461250703
29318,wikimedia-en,3,59,930.8048075013241,3704.2742659790865,102.12453351771947,-187.5875952175658,-146.5796090993546,-344.6415379846928,-61.14573679565219,-111.53313639576578,332.0712642950717
29380,fineweb-edu-sample,0,63,287.4441504100012,-5489.490272017473,364.3149710820821,496.94067961510177,463.22581247730557,278.2826208316686,80.22954566761192,225.90287249145183,-374.54123573383447
29380,fineweb-edu-sample,1,44,354.8405831076882,-4882.521974775263,386.6937589477404,431.8171562153737,598.0486592250822,340.4683116099008,329.0151659372925,263.47652472505894,-243.79236883051698
29380,fineweb-edu-sample,2,33,471.00516024502843,-5359.248199295038,260.41053686760927,386.2091337788229,501.63140008022674,278.32154495347083,186.34868572182043,261.33625205077055,-381.3116746480876
29380,fineweb-edu-sample,3,34,788.8502448586856,-5558.881676178931,302.52330717565263,397.34485898462543,511.95260903310265,412.6884530572917,369.56245678809984,394.37106653311685,-262.9681073679475
29380,wikimedia-en,0,7,280.70177786690846,-1441.1738383271363,-419.77951396423396,-302.8005407221209,72.69091227126401,84.93869797933091,277.2851681005549,-291.9073592605945,-533.5794393418925
29380,wikimedia-en,1,5,328.3457336425781,2693.9297728662996,-306.42614358545245,539.2097794827587,552.3616778378981,37.28028994986178,579.8916688631354,-54.02338962946966,-325.5249742270811
29380,wikimedia-en,2,2,435.4833068847656,-6630.463521745672,-226.83214161811685,230.20037609001102,265.219635727778,224.01159000811947,689.0521101538425,327.43941031488475,-220.4879637882441
29380,wikimedia-en,3,1,685.07080078125,-11520.528549689476,-78.7588126010565,107.31683165365169,1270.0496531353217,724.3455387411725,1160.4550608265056,1031.266092874185,227.77510408061985
29407,fineweb-edu-sample,0,102,264.9972745110007,2646.864434384896,1234.938549077904,223.8384084440478,-62.04382097826297,111.30594456503404,85.68253319047749,-16.919501709384264,8.480639464254876
29407,fineweb-edu-sample,1,80,313.2149257659912,3329.9576617323496,1032.114963813643,266.29364809062474,-29.011445071575686,-24.503018956637984,164.4072753259534,-80.80567009374863,-45.69901596214747
29407,fineweb-edu-sample,2,94,398.06059394998755,3326.962025592578,1295.6943099323857,180.56424090947357,-118.53903672930792,25.361190708330547,120.16139805595648,-137.40764347388517,-4.718931433718833
29407,fineweb-edu-sample,3,72,639.9613736470541,2071.0600425385182,1171.8950885954177,89.21475259400627,-135.65294517929885,123.86249826277887,151.64367142707462,-75.83399070301923,48.30200058729593
29407,wikimedia-en,0,104,263.10661682715784,4609.465214349758,665.0575359923497,-516.8446604838026,-145.6629618131153,32.898788838938884,321.55225709298065,-87.08591386841937,-33.002047700840876
29407,wikimedia-en,1,83,311.5286949801158,5376.662856818959,612.4036936088352,-321.56972285183855,-126.38888959427018,-8.032474310127434,387.17199858095677,-109.48787797519394,-85.26870271023301
29407,wikimedia-en,2,44,385.59567607532847,5167.784646041566,598.4190926372823,-155.02247858061583,-36.852723950301645,-74.48930935048395,407.3544639527974,-130.60754764234653,-132.53768560212382
29407,wikimedia-en,3,60,610.7150619506835,5832.533978449617,527.8684965001901,-341.8883294075158,-17.35095561649321,-33.39044433424353,640.1710137787283,-106.0080779301191,-258.8218041611154
29576,fineweb-edu-sample,0,108,272.98374034740306,-3435.325857344773,-311.920555147115,251.7129614918047,44.797808886025024,53.39275521323562,39.85708056826065,-359.0666938380554,21.70439566913055
29576,fineweb-edu-sample,1,81,301.9634222336757,-3262.4308061460215,-150.68332315721952,223.71381445878492,16.263877597523216,81.40911741071844,-6.885947062816014,-275.26687649285253,62.70418613851499
29576,fineweb-edu-sample,2,65,358.33011709359977,-3372.966799008573,-211.9723065804806,292.00805018450467,-124.45817211964132,86.16311393275275,57.79568510701297,-293.04418580645205,11.75304238444104
29576,fineweb-edu-sample,3,52,499.7942657470703,-3846.2110546621698,-260.81621270721575,243.031592777226,96.58952248231472,203.79056068080342,34.53839011468612,-256.4188888900135,7.274306789099009
29576,wikimedia-en,0,96,273.7054926554362,-411.89919112838714,-579.8170376201919,-231.50308939208932,-155.32312722263612,-156.02457753289607,243.56749034509207,-344.6390604471758,22.549249591400486
29576,wikimedia-en,1,76,303.9260992752878,-1888.381391190781,-500.83632084388984,-368.5469462828202,-177.8000408133355,150.8798226452008,226.90348125600323,-492.91638241796875,51.38827617767802
29576,wikimedia-en,2,65,353.95118032602164,-1558.526366119783,-548.2553270891389,-333.5388395663558,-235.30650151891206,68.21680614003898,298.8332855841833,-484.907233680321,41.83162965747222
29576,wikimedia-en,3,37,495.25882947767104,-4234.777676405559,-555.8882640896255,-495.4320064685152,-241.69014046518066,191.23812009117933,247.44047148543729,-606.1361285758378,5.622376484277907
33647,fineweb-edu-sample,0,536,206.2135535852233,-3879.268576868942,510.2209897193268,-144.5160469425582,1051.8349230975962,-101.55197798192823,-522.0069343280987,-99.66339584379678,-143.3620518757873
33647,fineweb-edu-sample,1,572,254.36425359765965,-4228.152645744603,463.0039543031978,-108.71356235016079,1155.9999888495827,-82.53185891597924,-537.8486124735438,-140.92541235214307,-146.0957814678444
33647,fineweb-edu-sample,2,471,338.89040003815023,-4397.19559927066,519.8841610679724,-106.33654403402483,1224.2812605993606,-117.49354095591168,-599.6166095022913,-136.97261023623184,-169.45653219682995
33647,fineweb-edu-sample,3,437,598.2387953699317,-4202.117078026638,540.021559342824,-138.14031970556263,1339.4042932748007,-137.8648464826303,-654.2975655010241,-224.77769578845178,-213.95314569359218
33647,wikimedia-en,0,320,206.11013374328613,-1370.8652384162756,23.157621840492013,-878.2831170346562,782.7813857319172,-51.66543039843456,-321.2993326237787,-417.1418828944901,-197.46007190517147
33647,wikimedia-en,1,246,253.75598603535474,-1722.3654055678305,86.67570040757995,-895.8217759642699,906.4813005073332,-89.94021901063121,-317.0573387348684,-505.4627951545057,-167.72440104029477
33647,wikimedia-en,2,162,335.88614287199795,-2905.4043907715213,209.11498013494395,-998.6654880825323,975.4995458640549,-145.34351426065265,-371.86877093414347,-605.6474928649905,-224.8262785952818
33647,wikimedia-en,3,142,564.4158234932054,-2864.2363032235694,197.13727604562317,-1099.7681659495024,1159.2114561546466,-57.8591470365089,-493.82137340184096,-808.4452042683299,-199.1218051858159
34762,fineweb-edu-sample,0,94,257.95141536631485,618.5578120958145,-85.95167826809617,84.91493838707561,-188.01504728442472,-98.54499401971697,-103.78934958372713,-287.4114597287926,191.68796188618057
34762,fineweb-edu-sample,1,72,303.635991414388,1459.391069268085,-127.81221228398691,167.75962160400138,-95.79123622280895,-7.321494050194626,0.47571470567274887,-221.79257042533482,245.76566978504422
34762,fineweb-edu-sample,2,36,372.378907945421,-623.1239478587373,-447.03059420616995,134.71975630877662,-184.05007201029196,96.42390188856942,-9.826324709999987,-189.6866790372515,258.86845419332053
34762,fineweb-edu-sample,3,10,557.4235229492188,-274.1066126362518,141.96523861080863,-0.3948110528318892,-204.49568914951544,-51.61191150980378,-211.48224110886045,-421.6076793237612,489.8510123117493
34762,wikimedia-en,0,137,259.2973081491289,4544.446587989428,-366.93374675096413,-229.868890418985,-181.65829536251763,-166.99148021575417,103.77034394827437,-84.30251404867877,98.12640082184417
34762,wikimedia-en,1,95,302.4572670384457,4827.05994714239,-353.01169265719784,-285.9168570954717,-28.78818546046595,-216.4687185876971,184.70698163440778,50.62368187619624,-0.9497437278340708
34762,wikimedia-en,2,43,387.3018458166788,4975.086215433386,-597.9776820088774,-214.67765942023487,-75.66249020891837,-2.818435326349316,156.59378253454915,-24.153885992152027,106.56098258366416
34762,wikimedia-en,3,22,647.8180153586648,4296.646606028787,2.648635918387777,-429.04018228167837,-203.60558170042978,-102.99686094615636,132.39091448200125,-14.31186464801108,109.46760819783991
36293,fineweb-edu-sample,0,213,296.5941576174167,189.98264315672526,1243.6200382516722,278.4198584076578,-126.72457956668904,-346.23597236546584,-211.65152339070076,51.50853120305586,58.13789713325
36293,fineweb-edu-sample,1,201,336.4486732293124,3.6862262807382096,1348.6877927952191,240.27971493021406,-134.06696385010417,-347.70785805128793,-195.25419159854476,64.31936823720284,62.28099481914288
36293,fineweb-edu-sample,2,190,404.673997577868,-65.79315090880152,1496.1519279588967,208.08431294899714,-124.86747259898341,-347.44951480238257,-254.50367243729409,92.18238049835114,75.15974488066945
36293,fineweb-edu-sample,3,184,635.1561219588569,155.62843494000234,1605.7767938113188,215.185260208668,-165.25623699994304,-290.92481611274917,-203.7490348611213,194.4422162096285,87.72556542412052
36293,wikimedia-en,0,68,298.47590053782744,1448.3600424160986,885.1550066398938,-239.71537988121727,-224.68240118540393,-362.2958863274027,-19.871962412610696,-197.50907023518002,97.18758125637794
36293,wikimedia-en,1,41,336.2560141958841,1673.7762257747686,1132.0029436877323,-174.351553366783,-297.4613489316965,-298.6658067177142,54.258352734303585,-187.62250950170633,131.52872537557246
36293,wikimedia-en,2,44,412.97276930375534,654.5743816130063,1319.3317449945896,-227.66717779115797,-263.4847695653958,-321.20901707892017,-189.3983379640318,-159.75745679300084,48.40509833214258
36293,wikimedia-en,3,30,570.1651824951172,635.6785548571758,1353.8238735706304,-231.58603529652447,-272.819483883729,-396.97512343251196,-188.2302752729839,-150.4821410493751,38.76719104619772
37204,fineweb-edu-sample,0,117,320.70843271108777,-7650.767305273864,-78.42285003037513,98.04926319121117,830.8641046820777,827.1070192477221,869.679466543608,866.7100226769417,139.18612924122198
37204,fineweb-edu-sample,1,115,370.07865839419156,-7468.571512243282,-70.28664144807307,90.92036910010243,835.0910091582329,809.1559264924521,809.4886420302904,927.1234805123966,138.9398356120618
37204,fineweb-edu-sample,2,111,433.284359218838,-7169.414661136622,-30.1858796790849,89.19371415408636,827.8170107458402,859.1423760450439,839.4185735568343,869.3794839482683,93.87754982724235
37204,fineweb-edu-sample,3,126,597.8139263334729,-7296.498110935146,-55.05207953282948,66.94491741324056,846.2569744152725,851.5239240058985,793.4078386003714,963.1297887097611,127.22382299131861
37204,wikimedia-en,0,26,324.85324214054987,-6452.538907176887,-246.7868135830305,-355.31680473619593,709.6128965193983,700.1890200443858,1005.4482534690237,723.5453701247508,105.93977770802115
37204,wikimedia-en,1,35,369.8652108328683,-6445.084467966512,-287.7858672082155,-577.6565784488646,701.578709586488,649.0849557624709,1054.858717188297,768.6150477566567,45.22833778193297
37204,wikimedia-en,2,25,426.52063232421875,-7945.922635084807,-239.28978518673807,-515.6098732105423,811.2396862985922,706.8637418473592,1090.9735990846727,866.3191922580174,75.24067018925385
37204,wikimedia-en,3,15,591.5001383463542,-6926.417202320919,-130.10113234962967,-293.42092279108107,698.7258389253365,804.340239876624,831.4447464374786,868.2222460196132,55.166398357201906
41050,fineweb-edu-sample,0,162,329.4615843973042,-4472.76829874691,-10.902836007248043,495.7676165672805,-60.269024797846626,610.3439028621765,-496.63985140954793,99.35187599947486,-345.8393171161249
41050,fineweb-edu-sample,1,145,375.53617574757544,-4614.479692342669,44.05964667402826,413.2016911935099,2.0851131762935675,674.9843490421486,-506.95057514697044,109.92800882660383,-350.1093455190909
41050,fineweb-edu-sample,2,199,456.0812770517627,-4815.843732219814,26.11629929336323,424.53354742084605,-45.28031148570786,719.4606442998893,-580.2930546474576,119.54829253759414,-368.91429112158033
41050,fineweb-edu-sample,3,199,595.6179058132459,-5363.566955985335,-37.18985452855149,417.4738781500423,-17.56076117974964,786.8302998649942,-568.6252266496458,160.94244800265437,-339.2607391905695
41050,wikimedia-en,0,42,330.1671418689546,-3574.15455879703,-511.05095503804165,-405.34192449207467,-262.26603193000227,759.6534109895521,-178.83357358487828,-289.09916067332335,-184.70476567062255
41050,wikimedia-en,1,57,376.3174052991365,-2760.643466473678,-540.5410937257483,-285.86054504440415,-266.95425730364576,864.2428622629899,-312.51762767767354,-168.11255989115915,-260.34346587120854
41050,wikimedia-en,2,60,448.2325124104818,-3239.668059950971,-540.0980799438901,-347.1982293705239,-307.4737875794597,1010.5807770783414,-316.51870785666875,-231.43422602904673,-131.94486970179923
41050,wikimedia-en,3,28,565.4624786376953,-4087.7672404205546,-410.8076736215149,-98.95875743441069,-268.05876339350345,1026.1144973437283,-472.33601796273797,-171.77824952723262,-344.4214519767174
44503,fineweb-edu-sample,0,8,236.17879486083984,1926.6849252310378,-111.35553530685772,39.48307047612414,-170.46389333946252,57.978583757982186,-264.2301567510291,98.90989769612814,46.887050585342756
44503,fineweb-edu-sample,1,3,273.7112121582031,-975.3032537101891,62.17036183410877,167.99291153399065,-267.15913388047585,-204.9323119051944,-233.43660333299854,7.623390734299392,293.6433691049683
44503,fineweb-edu-sample,2,1,433.4637756347656,-2644.878459076278,-1368.7674420381925,-184.11303233123581,-459.3986044678113,-234.31410087325494,-765.5291327856667,44.11182366075981,272.8415381711405
44503,wikimedia-en,0,133,234.9312737256961,4099.388439963833,-156.9936870233892,-658.0971180904904,-173.86009201829134,-161.72945875185385,102.31427818601976,229.2087904671553,-236.7825200178213
44503,wikimedia-en,1,61,288.44578377145234,4764.046696905423,-206.1541782825737,-530.9405911527224,-211.07445099795245,-176.42881014236724,217.37602581291398,105.3768118411238,-339.8285628175676
44503,wikimedia-en,2,21,393.04572114490327,2309.7348543603525,-551.8415437018601,-901.4955715854669,-62.06463994768697,-265.3267157679597,255.03795892506918,141.8960984595455,-579.7478592268068
44503,wikimedia-en,3,5,713.2694213867187,4215.483404695812,-853.3878492669743,-601.1621093166003,-125.64117350739195,-207.9957761471684,426.8288716249259,114.13354642594307,-769.9169497389919
46550,fineweb-edu-sample,0,50,304.9864990234375,-3627.203248433111,533.1203527960768,-677.078419442303,330.00379253431623,-73.67572072933254,-526.3220387969511,427.0903742100764,43.53589619363362
46550,fineweb-edu-sample,1,34,361.481881534352,-4312.602323928679,714.3377544960186,-651.3808266644803,194.78711426332114,-139.48545826451434,-537.1604249037313,432.9603649737171,88.62814669373778
46550,fineweb-edu-sample,2,20,436.0245086669922,-3389.9644266074624,731.3660645012012,-856.3162618438612,285.3619046656442,-340.3641060948552,-660.051430822504,445.832630234174,5.224766881537244
46550,fineweb-edu-sample,3,13,735.3091524564303,-3412.05307045019,961.8628120325453,-780.0544320771832,-197.34253802341743,-373.58705150400385,-307.81392395967697,588.4811935415087,74.71204622335863
46550,wikimedia-en,0,81,307.48442699291087,-111.56594226807218,151.3799744452361,-1149.7112907317933,87.84739733458005,-303.4794687278517,184.39451388695613,258.91500891716834,-495.9957202197356
46550,wikimedia-en,1,87,359.980572579921,-815.6261186383384,268.35788599812594,-1286.613777919977,236.03134369338923,-414.2018539573849,-81.80583170015137,320.5057959219876,-508.4771515602899
46550,wikimedia-en,2,57,462.3258061994586,-800.6089994218624,189.86826036192917,-1432.916612755295,231.9937023397368,-626.1894687453137,-37.040070228367945,178.0253645610446,-600.9150781065899
46550,wikimedia-en,3,40,661.2681442260742,-1234.0672053581313,26.920073150199848,-1396.31072870638,114.52800768907905,-580.7100858042688,95.22226230160075,277.57619971587184,-735.0838371685225
51464,fineweb-edu-sample,0,126,324.41802760532926,-3137.4175967680626,1393.5662360918811,32.02630087778228,445.1271395708448,-337.588914693325,-427.431315660764,-66.2833844653057,-105.79649981979954
51464,fineweb-edu-sample,1,90,363.01229587131076,-2859.922045292762,1197.712550344653,-25.980328268452638,489.22587460388763,-219.2550433577965,-301.2278866190122,4.02428477106216,-51.07105068761291
51464,fineweb-edu-sample,2,107,429.36392554167276,-3831.85354298237,1370.1564110937513,-19.835655690667174,532.8292896665323,-294.82332468821767,-385.8603715420561,-105.50433565530666,-73.44427856216352
51464,fineweb-edu-sample,3,86,603.7523956298828,-4714.784254229679,1435.9420898326714,88.35108544707482,557.106300375016,-312.7037723484458,-463.00118855578364,-31.4739049025112,-123.80764005561805
51464,wikimedia-en,0,25,327.7498620605469,-2355.8939694221167,1150.705048165227,-799.2593641757463,212.63724304288272,-554.998861461003,-433.38017137692356,-312.00251443803063,-127.66866706897113
51464,wikimedia-en,1,31,364.0579893050655,-3563.184413014364,1071.1311326569908,-634.2636038399772,378.06335192838213,-445.5786004670342,-296.39625821489346,-334.2284445551184,-12.815557202358972
51464,wikimedia-en,2,29,425.1474777747845,-3372.914122735266,1213.8414921934618,-637.8555996323951,329.8681894511398,-395.92050682450844,-317.0029652441364,-292.53166141238285,-60.43892816152029
51464,wikimedia-en,3,21,552.974857875279,-4127.674373965411,1279.2595304707086,-517.8085075846092,406.401081138267,-364.55160894458135,-400.88705810409584,-230.10819540675743,-109.71966113750784
51744,fineweb-edu-sample,0,102,296.3739725748698,-2605.3571335546953,117.22582538996245,508.9264402725784,-217.48725975515674,367.9793977027402,-211.60046396026098,135.9660056278574,-236.01634417778655
51744,fineweb-edu-sample,1,117,349.2389202933026,-2905.660065838608,-182.24629344639246,517.5962672877432,-203.4582973217032,488.7419906170022,-266.37643998460265,180.70139022018236,-262.7357264154205
51744,fineweb-edu-sample,2,92,458.5409997027853,-2351.631783108073,179.88125150820187,502.94391639540623,-215.86260518717626,400.05741749553096,-233.5131394677784,125.22646133071385,-212.3315051422277
51744,fineweb-edu-sample,3,116,789.5023277545797,-1960.113789485932,239.37267729239778,527.3914203205247,-238.01487717827368,451.390574928439,-139.50702746730377,143.85472652047426,-230.10593925971264
51744,wikimedia-en,0,34,295.1022213206572,-872.9247439827341,-281.47567666361584,184.86475103638375,-74.08221683684121,276.86688021576543,114.56167326329408,93.87635092113504,-319.76606156655527
51744,wikimedia-en,1,35,352.0196829659598,-2350.6632554576363,-271.960105268449,47.57326737089777,-167.26018795510942,152.8235414596232,-61.22262155357223,135.88596889681182,-268.54507203669243
51744,wikimedia-en,2,30,462.4439982096354,-861.7349554466175,-139.86023333480406,-34.50968959130407,-387.5897007824853,286.99811624132235,-50.10552034544519,-2.8074415726069977,-215.79883084063002
51744,wikimedia-en,3,27,772.7507437246817,-472.6525813204277,-28.102442570650933,91.74979190354753,-329.06535626896743,340.2003311325709,20.537128074980153,-131.9229620895086,-231.22203068818192
53948,fineweb-edu-sample,0,91,303.4737552181705,-4018.0720433197694,141.20055328990213,475.2710947790077,245.00082939928018,134.14999896348468,226.59115200225594,-309.2876412519606,-32.850881716172005
53948,fineweb-edu-sample,1,85,341.4163394703585,-4697.436858271048,105.98499150282163,484.91798897948337,188.35976066177042,279.50764856317517,341.71763640182854,-311.12665969917316,-74.38955227960489
53948,fineweb-edu-sample,2,61,403.9335142041816,-3766.439616907408,109.8948030536798,688.0930797227422,56.387116123182615,174.3244526654449,347.76755411596224,-343.9150017076932,-149.53466776706549
53948,fineweb-edu-sample,3,39,584.7830294095553,-7125.453130745298,-84.68326841934389,526.4865653713729,1.084500842604545,209.21858661607163,434.3568551015286,-477.3213554752855,76.63822542878549
53948,wikimedia-en,0,42,301.9782337007068,-4267.565031047791,-229.54027243400733,-314.48886696168444,216.56808071541738,287.47029480857657,195.84678561743615,-408.6387878172594,97.61889036891972
53948,wikimedia-en,1,38,344.1275747198808,-4678.518372749933,-196.55670447521933,-265.6719275632818,135.38674202207758,406.62362493379055,360.63889592067227,-450.02530892998413,-27.87390945578352
53948,wikimedia-en,2,34,400.7136472814223,-4839.06124027392,-108.0230529459949,-187.69122971749883,-129.69534746588434,460.69036734466454,202.95054095017815,-550.2667583267739,6.498093914742974
53948,wikimedia-en,3,29,582.5057457233297,-6418.950391765813,-235.1895381510835,-339.1886795657065,-237.88286205299934,462.2081877207605,346.4968318309806,-488.10689196041625,-45.906401328277596
57594,fineweb-edu-sample,0,100,253.62622436523438,-1890.0565630366955,480.6498983116429,683.2827159476275,-63.33469512804963,-81.87081673577936,19.37138374654512,-146.0398128409227,-16.232201114992264
57594,fineweb-edu-sample,1,73,287.9668900999304,-2749.350533836311,452.27857490883366,614.0503250112488,184.39832557987782,-185.34190593920923,-1.1397863642174173,-184.69806445583941,-53.954134909496716
57594,fineweb-edu-sample,2,56,347.5184805733817,-2537.0169311506097,303.207343705939,675.9977130384689,-4.707851098425166,-139.28450092592826,49.47027139345044,-207.1564769348096,14.817979855416866
57594,fineweb-edu-sample,3,16,460.86441230773926,-2449.8538278890846,638.6805644894929,947.684090784904,-162.07307938283196,-139.05093521986907,229.6178207836691,-366.1734289003974,-146.23576982615404
57594,wikimedia-en,0,28,256.0083748953683,-348.33895062987915,252.93323180913634,311.59987861447456,155.02636963842406,-130.28640365769505,302.62822632296803,-351.7825054011222,-19.192123968390067
57594,wikimedia-en,1,29,285.7725503855738,222.34659347171117,446.53087538482805,305.8210971485167,-12.622494595034807,-206.40672558657727,258.2631319027618,-246.8297470965206,154.70567630652778
57594,wikimedia-en,2,18,344.89757961697046,-496.4647207546934,156.50170460415484,263.7349603327104,111.60754441411069,-150.0118934589079,193.91101212614169,-47.14267334365416,-126.75028097544161
57594,wikimedia-en,3,8,442.6755599975586,202.4608314242239,174.07968995571792,206.68918989266575,201.09570592631704,-131.46309526762667,165.41266235106127,185.62548881004267,-456.45752939398517
62572,fineweb-edu-sample,0,88,308.88967964865947,-3687.1048471382314,1077.3797266108102,-435.4833636813623,-256.62301046831857,716.2401816234809,367.96028772988114,598.0268545093481,70.66331823571144
62572,fineweb-edu-sample,1,104,365.63670759934644,-3449.1567444351467,1206.161283063288,-457.9565291920892,-269.6466635296354,730.4527303683916,379.2244189717227,581.4873470375926,9.628908281246328
62572,fineweb-edu-sample,2,78,449.34376017252606,-3587.0963122561852,1241.9693404064496,-384.9970328819539,-246.9515011258918,740.5036828857178,434.796631297681,612.462610239336,-1.3637357932654197
62572,fineweb-edu-sample,3,78,622.3158710186298,-2782.443731012485,1314.1802677622202,-456.9444769074221,-243.14683382632566,804.406109793403,444.8017281483585,624.0980855517804,-92.7625627853999
62572,wikimedia-en,0,75,308.39600138346356,-746.506480507715,734.6245152928608,-1027.5955461342576,-362.0975802727502,589.0096059910094,625.9332366680677,483.9613093117384,-83.76436798315586
62572,wikimedia-en,1,74,363.8827786832242,-1237.074576487117,953.4810270240417,-1007.5756637235902,-439.75492389593035,621.9639738492361,544.7398874843062,504.9771791681549,27.430980074593656
62572,wikimedia-en,2,86,449.4301268111828,-1223.8702025610908,885.178765312686,-1016.8669954490474,-390.96078477897476,641.9487337982996,614.6682867572648,522.1898636781705,-137.10243233262707
62572,wikimedia-en,3,54,663.0351223415798,-2115.739122906661,909.6052415038353,-973.5607834337193,-292.8281519706955,658.6674195680675,651.5841657802256,537.1424645442718,-22.517434700806923
64090,fineweb-edu-sample,0,49,335.92988119319995,27.564006431441623,-160.56648279459247,-18.420559914885665,-188.26512211107604,330.325552903706,168.9399966714068,-66.85501144968164,-417.4785949576588
64090,fineweb-edu-sample,1,18,424.3906894259983,1159.4008257646058,87.93492075427292,39.012993136290106,-182.15103133934167,519.9547413619221,76.68113104127627,69.53046972393632,-580.2123615370633
64090,fineweb-edu-sample,2,14,574.0836072649274,2403.467820161739,108.06991258863783,-216.81419082379833,-95.48868163931729,495.606528094671,178.59740697074236,-102.0058102298202,-445.8915162946317
64090,fineweb-edu-sample,3,13,926.1309438852163,-249.6110557598077,127.9854213008736,-78.92003526346083,-151.15353656734098,391.0834948962445,203.01957180021446,152.2124540212499,-418.4987992287209
64090,wikimedia-en,0,49,336.31403646663745,61.58472155320645,-467.6142529547383,-542.0977678040445,-424.15902807744624,399.60249025575564,190.55070860214545,-13.235644146960606,-551.9316042346792
64090,wikimedia-en,1,47,413.1806023780336,1573.958084062699,-321.4316498418257,-521.6484469608035,-372.1684054812842,447.08567592811704,247.23944005841685,-112.9311496306216,-622.6458356602628
64090,wikimedia-en,2,45,544.5815233018664,1161.2593936303158,-411.060091616547,-574.5759116623841,-355.0224245400188,411.241303616226,282.88579639338514,-81.32845312441569,-663.3309962155353
64090,wikimedia-en,3,33,827.0790571732955,1643.6424107730254,-94.91875332821328,-552.3625910881145,-293.97869214226296,470.8795967356139,300.91456633612864,-169.4839696860384,-618.5888161251739
