pc,evaluation_variance,reconstruction_mse,r_squared
1,35625023.37272779,327023.2929387174,0.99082040481722
2,884998.3893852859,16462.37106371045,0.9813984169223798
3,479808.84129550523,12075.173983691948,0.9748333649895061
4,397099.5283437359,8509.364224636103,0.9785712054100697
5,287177.76864142634,7149.05022745867,0.9751058368435718
6,246711.15814077362,10210.80520736896,0.9586123088865617
7,238312.17536459264,10999.279223884203,0.9538450806927659
8,233724.1688296995,10551.153282433257,0.9548563876159455
9,193086.2093977719,8089.1597123976735,0.9581059686363546
10,186930.54282844212,6529.297674166075,0.9650709960214559
11,185683.27225014876,7821.218070921094,0.9578787147805942
12,177253.1744906774,8159.414121349704,0.9539674584401937
13,163696.55509482505,8525.100835216945,0.947921318012596
14,155237.42734602687,9209.820834344457,0.9406726780274733
15,152744.41636971472,8177.484335171225,0.9464629573405957
16,139357.63256993427,7965.065967098666,0.9428444225105393
17,127935.39926393257,7733.432490310317,0.939552050997581
18,132286.57623450868,7583.897455221224,0.9426706951597492
19,128849.12193838567,7911.3482922322455,0.9385999052751375
20,123290.01993257417,7943.479644255243,0.9355707814095623
21,121920.94389513657,8790.0760537977,0.9279034776719085
22,113331.2387245128,7432.180524385859,0.9344207245236937
23,108335.20251343734,7435.652786553809,0.9313643892839769
24,103597.81641939981,8266.745746993693,0.9202034750083241
25,104122.90791738502,7076.447469722338,0.9320375543551179
26,97696.23882515595,7977.704105452717,0.9183417478360638
27,98043.68231224462,7837.561824947844,0.9200605113954495
28,96664.77300780767,7290.878210486299,0.9245756444294613
29,98935.32056641487,7728.535326483447,0.9218829505758228
30,89837.97904870473,7537.138605560976,0.9161029813295912
31,88771.76557782236,7760.859250600819,0.9125751391775889
32,88566.01856081419,7644.04302359605,0.9136910166245393
33,91302.82431256975,7613.052816607397,0.9166175540140514
34,86768.83261247346,7897.767043633067,0.908979217469641
35,82254.31832907439,7832.71975858124,0.9047743642194574
36,84894.0640875275,7099.079617893169,0.9163771967546062
37,85104.9983864055,6892.679835434149,0.9190096943056264
38,81664.94234483819,7903.098803890259,0.9032253182703704
39,80603.5942306662,7302.6304798088,0.9094006843055832
40,76742.53398006094,8017.748862103895,0.8955240536599033
41,76396.50738134557,7923.316649174055,0.8962869256624059
42,74216.94863230488,6599.187745529865,0.9110824701481004
43,72454.52691371314,7771.9484174381705,0.892733432285137
44,74537.33386695397,8204.792470814215,0.889923719495261
45,70674.69879748748,7434.630838725999,0.8948049165369729
46,68997.10464700276,7357.529800388142,0.8933646587341582
47,71706.03907417392,7898.919677399406,0.8898430344307733
48,73782.01076773419,7920.06039506691,0.8926559426524812
49,66677.84970803162,7933.1595979216245,0.8810225639750041
50,66229.06450872503,7501.884320188948,0.8867282155374451
51,69050.5387544311,7327.930086131869,0.893875844876567
52,64289.05501651474,7219.296826707947,0.88770566273134
53,65220.66790946586,7051.032284095925,0.8918896032484119
54,65893.6271824404,7280.836613431874,0.8895062098604264
55,62825.71557341911,7619.507894532463,0.8787199186672504
56,61520.196169605384,7086.1021823503415,0.8848166517087392
57,61608.31821422127,7663.1786497470985,0.8756145456998017
58,63991.66766693154,6953.205712286981,0.8913420142685212
59,60645.83406315238,7656.996726439776,0.8737424120762144
60,59109.985694514384,7326.517742567088,0.8760527911403806
61,59880.030095276175,7058.719323355292,0.8821189750218221
62,60901.80475208615,7239.908036013348,0.8811216175697101
63,61373.82662124635,7402.385766100456,0.879388557409293
64,56157.9100369086,6953.890570047263,0.8761725540448894
65,58093.733934276745,7027.861545509669,0.8790254805542279
66,56972.02824825143,7127.892566516373,0.874887856625762
67,57079.72275796022,7164.993482143313,0.8744739263621581
68,57982.16874383669,6999.052490779582,0.8792895705281194
69,56038.03078621924,6938.340789229233,0.8761851426275404
70,53772.35611504773,7139.803766428803,0.867221667744055
71,54331.22094556826,7177.492966788594,0.867893766385641
72,54533.17892651936,7465.043574143823,0.8631100603138764
73,52566.46388607907,7069.35905610059,0.8655157959374792
74,51246.702115412685,6954.764655565045,0.8642885421211648
75,53758.73754107692,6750.164262239327,0.8744359601621682
76,51248.499616323956,7180.624319239198,0.8598861552436164
77,49879.540933765784,7340.150032011201,0.8528424701871642
78,52564.74756111946,6485.193705214163,0.8766246580434248
79,49942.665890129225,6964.6098887355265,0.8605478949790699
80,50321.96291924889,6814.734371535342,0.8645773341061661
81,49920.60445308863,7115.654563734271,0.8574605688033887
82,50331.9114942261,7095.972932373247,0.8590164227482743
83,50208.16011306458,7421.229754584112,0.8521907646511618
84,47810.46339634367,6833.895865916183,0.85706275613219
85,47338.16976446679,6550.483600043084,0.8616236404441635
86,46906.970046787734,6406.483475546194,0.8634215028351651
87,47257.047014825075,6455.515141242635,0.8633957145223766
88,48886.9265125669,7040.081797826939,0.8559925464731923
89,46519.481562685156,6947.77441130307,0.8506480687679006
90,44321.43573114087,6787.192747190563,0.846864330199895
91,45145.43293313407,6682.36494262291,0.8519813742284781
92,45819.67218467725,7041.0263907188755,0.8463318034590065
93,44330.895940643495,7412.914329183265,0.8327822126782927
94,44252.221195177626,6770.814497108842,0.8469949233227034
95,44430.36831659453,6593.994414907169,0.851588121711691
96,44304.165255846536,6772.126191353466,0.8471447063217201
97,43147.145328276805,6894.288630574658,0.8402144897855749
98,42044.394442472054,6696.461489996067,0.8407287920591029
99,44406.00266394994,6676.08457317154,0.8496580603371585
100,43667.88967070413,6804.018093744293,0.8441871557097717
101,43519.07330811038,7080.621814654307,0.8372984239686295
102,42749.92841536434,6351.528820523568,0.8514259776341326
103,42492.0367981716,6854.157794757368,0.8386954754060578
104,43070.993802792735,6628.152446723514,0.846110993466472
105,42065.99145623418,6634.732106375796,0.8422780047088958
106,44756.363217543636,7586.9794629198905,0.8304826639724395
107,42274.60318970525,7105.955013595843,0.83190959873217
108,41019.73692088934,6410.372259195164,0.8437246862026881
109,41068.31155485993,6969.444503382651,0.8302962980576224
110,38615.19426790401,6752.081159938162,0.8251444466886879
111,39908.52130794381,6760.52612679413,0.8305994332732032
112,38252.37370623045,6329.180928058112,0.834541485538524
113,41431.188306982425,7163.491621395616,0.8270990547430582
114,40879.655341885,6858.48040386111,0.8322275384539761
115,38642.16200572395,6832.980211698243,0.823172931921198
116,38586.22923429841,6452.545475134048,0.8327759513386571
117,37410.86159660867,6723.697579753338,0.8202741852819865
118,38911.898327857365,6810.408416381249,0.8249787671883996
119,38368.36205881061,7158.510828099553,0.8134267285862486
120,38335.61024188237,6790.7135364116775,0.8228614728299617
121,36916.44842419618,6866.205746928764,0.8140068711910965
122,36615.20137715339,6190.506430641009,0.8309307009709997
123,37508.52418704757,6377.296231267572,0.8299774152812502
124,38582.399767608134,6615.515599167637,0.8285354037329297
125,37705.699053730816,6351.935571550732,0.831539111302533
126,37710.52269910292,6541.267073156279,0.8265400051505548
127,37703.50852207146,6900.119638235041,0.8169899855819587
128,37531.58222168054,6579.634154193962,0.8246907333847182
129,35945.90251391752,6103.8538015320555,0.8301933356891299
130,36985.67717536105,6343.483782824008,0.8284880995216743
131,37220.50579382761,6259.909875332469,0.8318155612928138
132,36549.07112619654,6637.270963444797,0.8184011040792899
133,35714.395765976114,6511.630657189215,0.8176749034238843
134,36243.115374424015,6648.812204165838,0.8165496498996396
135,35450.271823683615,6082.7470859367495,0.8284146559950215
136,35023.94612000155,6522.477506946014,0.8137709130605034
137,33837.807174151516,6434.2857786912555,0.8098492096259013
138,34895.00835731129,6236.026463565991,0.8212917331982985
139,34119.20080872047,6500.5397456207675,0.809475615151006
140,34538.67891456724,6582.787457298444,0.8094082442011976
141,34842.344368928076,6599.298641764621,0.8105954475425659
142,36350.416514834666,6867.748767712689,0.8110682235261335
143,33545.936311426165,6409.736237987445,0.8089265961014716
144,33728.67985242635,6269.210170291814,0.8141282078717106
145,34197.973079424984,6430.619246269998,0.8119590529141932
146,33944.64968737821,6236.923434704404,0.8162619590378772
147,33880.01644510836,6167.033646608979,0.8179743018542902
148,33822.82916595887,6231.315726287732,0.8157659817364047
149,34141.52971632118,6212.659229271112,0.8180321947817943
150,34324.59799674322,6841.333289246253,0.8006871547368051
151,33489.052480293976,6165.956992659157,0.8158814138952601
152,33955.292406303786,6436.413321223594,0.8104444737448742
153,32412.721188802276,6186.211419768685,0.8091424850220272
154,33916.73949923918,6615.786256248476,0.8049403818313113
155,33495.00791490145,6222.973505454379,0.8142119111819685
156,33043.397695237974,6136.088917513222,0.8143021194700713
157,32105.1936704382,6287.403297961949,0.8041624242325858
158,31468.652006392345,6197.969226837769,0.8030430656648797
159,31684.57305598929,6095.248207921708,0.807627257683072
160,31991.24725757021,6038.789838467511,0.8112361862653377
161,31536.089829029253,6414.368958007357,0.7966022740047223
162,31674.002893261157,6546.286752611951,0.7933230360976978
163,31808.892612710555,6435.951463156489,0.7976681696682286
164,31682.26901161804,6372.271683588629,0.7988694660331339
165,31598.253246367087,5914.947871521965,0.8128077579034525
166,31716.10476732525,6497.145249123319,0.795146809584989
167,30937.242180488865,6075.837649767508,0.8036076514409114
168,30848.398905875994,6128.23101074601,0.8013436279320576
169,30872.953816772984,6249.115442035903,0.7975860852471843
170,30521.25773848664,6249.943528308027,0.7952265407323964
171,30166.058308219664,6143.131062593665,0.796356189468752
172,30859.789303718604,6456.243708335198,0.7907878227944602
173,31137.220257406865,6157.158466643726,0.8022572851480192
174,28827.734411529258,6348.858328857762,0.7797656160479047
175,30127.060350963075,6337.675021368819,0.7896351337455922
176,30182.2572760579,5924.201492630624,0.8037190711600619
177,30091.0589752786,6111.928963200533,0.7968855476897039
178,30313.035741749205,5986.084477701293,0.8025244146215008
179,28907.40863100779,6070.560095675481,0.7899998518316221
180,28750.511164678162,6253.403049444224,0.7824941958900915
181,29685.2246823869,6283.758437071994,0.7883203342974753
182,29261.52067306089,6198.250119073216,0.7881774433965243
183,29993.351837953654,6285.955301298872,0.7904217129429125
184,30241.226628111912,5971.861802367485,0.8025258077059576
185,29630.1872842629,6045.30479607232,0.795974803058937
186,29998.47541488587,6106.558604944487,0.7964377015668508
187,29091.197841886686,6069.361294236532,0.7913677763554439
188,28749.758312332964,6127.741693728967,0.7868593667063868
189,28718.748858365954,6169.052703506083,0.7851907569535712
190,29035.678426945124,6016.593653508601,0.7927861865309405
191,28480.479052162773,6118.800556418875,0.7851580886258225
192,28586.142157553124,5839.413149599457,0.7957257360081885
193,27936.00527674944,6274.194876454684,0.7754083014268126
194,28273.06422326075,6180.78698085495,0.781389561030675
195,28206.232356421515,5978.531688575215,0.7880421740476046
196,27710.203668601276,5965.011361102781,0.784735924988462
197,27806.640786023472,5816.584426818881,0.7908203126160249
198,28069.54322287893,6195.535604309958,0.7792790728685567
199,28443.800479452366,5943.620986320817,0.7910398439683033
200,27614.825312880155,5998.123091621326,0.7827933719057903
201,27735.78636028775,5902.65561204052,0.7871826839388995
202,27594.088836088693,6005.150818882251,0.7823754625654293
203,27163.650457350042,5856.435697571923,0.7844017428081995
204,26941.33497867649,5582.307705419346,0.792797657954306
205,27156.02128175358,5907.0670049004275,0.7824767132264162
206,26984.30783237995,5953.843207004244,0.7793590540106461
207,27705.308759951167,5949.944246599955,0.7852417275637522
208,28077.715441648994,5962.178655767206,0.7876544240873947
209,27396.824553071867,5670.008309953426,0.7930414052559359
210,26654.851700516218,6228.641030631789,0.7663224278786305
211,26662.107320740877,6118.975858662298,0.7704991662867455
212,27514.66359770099,6024.870847844221,0.7810305466228693
213,25680.418923683166,5876.763829727018,0.7711577896298526
214,26069.59724378199,6258.961687825472,0.7599133722973671
215,27021.992153708437,6150.363781508266,0.7723941393172152
216,26836.31313327638,6086.190895258513,0.7732106170831722
217,26093.574320101907,5699.310060675046,0.7815818564847046
218,24825.322692203645,5926.758566164783,0.7612615699039403
219,27144.413226261884,6138.737979260621,0.7738489342874626
220,25501.319013422017,5977.530509645642,0.7655991634589759
221,25935.621012293617,6090.781320213025,0.7651576834298295
222,26405.366873746716,5855.42279532878,0.778248761953371
223,26698.746865780457,5944.144872514098,0.7773624019735302
224,25704.975444975025,5776.359634211953,0.7752824294044929
225,26019.13762695731,5645.018814516762,0.7830435852467224
226,25609.04599446596,5829.149142775815,0.7723792934717101
227,24970.93516829068,5985.187730500045,0.7603138332560195
228,24874.15554501775,6163.515431833862,0.7522120732629896
229,25106.871238191598,5915.293668680796,0.7643954273488812
230,24155.417825266868,5963.022066870544,0.7531393532496404
231,25742.88563763365,5855.122584083424,0.7725537584829343
232,25071.01763440481,5740.761024698297,0.7710200236618922
233,25352.5902318053,5713.016603386172,0.7746574787368635
234,25591.597578661356,5981.299744273515,0.7662787668535078
235,25297.717613870027,5754.013298336051,0.7725481252434692
236,24992.60539556166,5594.08953470745,0.776170213302336
237,25403.408630065736,5515.5377870154,0.7828819798423592
238,24390.65150688142,5846.251266619033,0.7603077037540547
239,24521.209455486278,5961.729642736055,0.756874567971108
240,24877.434144143277,5850.71759702687,0.7648182861975633
241,25242.68719783102,5732.566265499151,0.7729019014270508
242,23939.004739926615,5720.549981276184,0.7610364322400096
243,24135.800032630486,5685.5978383821885,0.7644330069566568
244,25809.38231298439,5793.882657985285,0.7755125408378932
245,23799.89510491285,5819.3354135698355,0.7554890310265027
246,24215.525474913426,5655.454537410701,0.7664533630183006
247,24425.68284466623,5891.620297486353,0.7587940392514804
248,24128.374437788847,5831.390658724783,0.7583181298118491
249,23267.192939269833,5589.701109374788,0.759760400665238
250,23678.525688858255,5899.254638914895,0.7508605596297432
251,24392.498778313275,5689.511256314211,0.7667516022846907
252,24107.204810414536,5835.798289374911,0.7579230634464187
253,23978.131586096915,5602.7067913329065,0.7663409773519849
254,23432.327477929884,5762.971499797355,0.7540589382243269
255,23580.99893204154,5894.197135508992,0.750044637528055
256,24335.829843310974,5771.096044668906,0.7628559994942943
257,24039.049893199302,5551.61347317101,0.7690585319371722
258,23279.593469202522,5811.541563774772,0.7503589754922875
259,22820.36770483134,5542.60124444695,0.7571204234683074
260,24015.01507767992,5739.740747557084,0.7609936646306034
261,23682.49489106112,5713.834133594939,0.7587317484970045
262,23119.93034364634,5519.163993951503,0.7612811149550786
263,23043.840777336398,5919.502989246799,0.7431199492113907
264,23215.665497330418,5973.831903100235,0.7426809968558873
265,24171.54760326558,5445.208908408024,0.7747265091262764
266,24039.3656722549,5881.3094727881335,0.7553467278225205
267,21832.578134037594,5656.971254891505,0.7408931176079416
268,22853.577210961124,5649.749184560663,0.7527849083577643
269,22780.91838609128,5389.654165562539,0.7634136572451289
270,22782.248762951196,5535.337233838753,0.7570328859352816
271,22848.597564014344,5816.660037150378,0.7454259491921118
272,22487.607224390747,5756.051435513166,0.7440345085149844
273,23449.136442856183,5352.233878901288,0.7717513439377912
274,21820.995794990762,5384.957292170089,0.7532212854646045
275,22827.926099264958,5647.69667755387,0.7525970316797319
276,22752.89275276081,5757.790956210066,0.7469424649087126
277,23014.53845816849,5625.783064823849,0.7555552515185415
278,22302.848408172536,5417.299472186947,0.7571027981250207
279,23249.48936853967,5616.789349720749,0.7584123564743244
280,23023.165445411247,5518.242173632426,0.7603178335005073
281,21649.647670508333,5590.108078098707,0.7417921915785408
282,22626.422449915655,5654.54325800957,0.7500911480581567
283,21938.45545003923,5542.799907646231,0.7473477601798846
284,22009.468319256976,5539.6400082211285,0.7483065048248225
285,22997.461842681267,5410.582058162961,0.7647313388244699
286,22021.103484216543,5673.815311149725,0.7423464580139507
287,22014.296120933464,5630.9271847339405,0.7442149794932815
288,22000.12351689045,5662.522610431978,0.7426140536854435
289,21216.898306185674,5490.815573186744,0.7412055478634252
290,22261.084953618505,5803.2994191680655,0.7393074312748289
291,20653.039736782648,5477.295983428074,0.7347946814011538
292,21430.544949649055,5636.432956927684,0.7369906845499985
293,22009.3756413461,5499.146373870468,0.7501452806530345
294,20878.467022450033,5626.790250502619,0.7304979218803618
295,21736.20844886246,5617.618466409837,0.7415548125780037
296,21299.71486404466,5469.663429747407,0.7432048520527116
297,22102.006307139192,5621.211191835317,0.7456696413112684
298,20765.579961559353,5431.305452736762,0.7384467246861856
299,21058.98479604537,5519.472849335164,0.7379041343734833
300,21337.413695962645,5594.483676662425,0.7378087261943567
301,21163.443222205984,5351.688403662628,0.7471258175017896
302,21491.113105648004,5499.786850703836,0.7440901816640453
303,21326.371743477284,5632.532085096551,0.7358888725730258
304,21233.84331391311,5364.446679774607,0.7473633670330586
305,21002.336431603802,5446.618921447264,0.7406660473616962
306,21193.201702229133,5498.177095279242,0.740568830867073
307,20951.636175168496,5224.798239784924,0.7506257651620898
308,21078.250073985277,5508.607326767696,0.7386591720170165
309,21448.789879455726,5410.988424935872,0.7477252350670527
310,20357.145674519557,5461.664859503704,0.7317077282430655
311,21524.502045226345,5452.05299628952,0.7467048025160394
312,20565.802156414666,5526.951827015148,0.7312552272466921
313,20629.848503601905,5920.526457164051,0.713011636700563
314,20734.068874953227,5447.533932793668,0.7372665266211065
315,20868.375869181902,5157.326004911535,0.7528640447516668
316,20300.07400882309,5479.375753351428,0.7300809962086883
317,20960.88258094596,5494.198612952466,0.7378832407588195
318,21135.41875274551,5394.897142637547,0.74474614362979
319,20426.059591402147,5442.449479337378,0.7335536276596273
320,20748.945291383377,5373.744767117044,0.7410111843444567
321,20084.955424997548,5243.726951009954,0.7389226493137415
322,20635.196211893963,5488.27446639324,0.7340333278134838
323,20236.086146150697,5398.532478553655,0.7332224996689608
324,21218.423706038473,5529.351793136878,0.7394079847899682
325,20534.47265029052,5482.028896510024,0.7330328862167071
326,20576.022641151718,5487.797036818905,0.733291650552357
327,20367.282480102826,5325.690494161618,0.7385173746490539
328,20440.496916215692,5657.203942935508,0.7232354983284394
329,20267.20074345772,5446.323834199522,0.7312739976704675
330,20791.516930914488,5291.40706896671,0.7455016347989971
331,19616.074250753394,5082.2887172304745,0.7409120371251001
332,19810.585043459196,5211.438164834272,0.7369366854435772
333,20292.17256488006,5475.018447490821,0.7301906225178416
334,19954.27755089523,5399.428257595062,0.7294099852112751
335,20547.168333607413,5280.106934011926,0.7430250802308529
336,20209.945478464153,5430.6108421568915,0.7312901784943564
337,20403.07954867198,5602.752165187218,0.7253967396528679
338,20407.078347477465,5426.195316535545,0.734102294108834
339,19751.20420789994,5493.580264233442,0.7218609960988525
340,20437.694405299884,5398.318116447294,0.7358646230150399
341,19989.623082704213,5406.95452764671,0.729511932002109
342,19761.33660561917,5203.537945918555,0.7366808708456026
343,20056.998272349836,5543.728631653193,0.723601280890787
344,20044.03870661902,5736.873874219884,0.7137865298411427
345,19353.718438109518,5053.194448099294,0.7389031743817757
346,19280.785766042547,5434.785074121359,0.7181242953441691
347,19188.55894457535,5473.150599291188,0.7147701077970495
348,18650.841795442877,5238.433222350716,0.7191315394873667
349,19878.272176563958,5426.965394257609,0.7269900851515716
350,19696.325263124854,5273.178458769807,0.7322760267042214
351,19680.640799800796,5680.755683619213,0.7113531138845482
352,19616.062731957103,5421.215432450522,0.7236338654434122
353,19609.541893872054,5324.533634985657,0.7284723088482978
354,19404.087040557897,5213.859167379171,0.7313009802274488
355,18832.55552162501,5463.367977137553,0.7098976837814662
356,19856.234477313876,5260.040010725058,0.7350937804076219
357,18833.803026079193,5422.656490545987,0.7120785173850854
358,20039.38822883377,5353.102083228362,0.732870982781499
359,18952.03709850447,5165.825078421625,0.7274263947684406
360,19097.370351718913,5246.498265864547,0.725276403544621
361,18937.540964125157,5404.946019288941,0.7145909265871453
362,18191.578933933077,5318.236845141403,0.7076539169878651
363,19724.804470569834,5248.777322889216,0.7338996525557151
364,19910.666209704104,5393.927847525889,0.7290935526357735
365,19014.601190544003,5151.05051548813,0.7291002601700762
366,18948.686598266675,5355.097718012156,0.7173895040038283
367,18965.16049514123,5370.096773426593,0.7168441166209807
368,18661.495638621745,5124.406491702827,0.7254021547395495
369,18673.889326112847,5374.468290768882,0.712193416330607
370,18828.31523089776,5170.0557595855025,0.7254106012044399
371,18488.5522169147,5227.752766169841,0.7172438001182643
372,18777.241123056214,5237.808135560837,0.7210555000473721
373,18862.37909812054,5210.348587786652,0.7237703387953953
374,18730.194070875954,5215.1769747627895,0.7215631106101565
375,18799.31487449629,5260.983746766558,0.7201502404801057
376,18726.64288146725,5353.433879875367,0.7141274112097598
377,18500.215140478067,5407.221819414469,0.7077211384648394
378,18420.429499077396,5306.971425820869,0.7118975197572526
379,18345.58134181301,5146.980127427559,0.7194430619815448
380,19238.60871558014,5228.626889910938,0.7282221928201803
381,18291.06119139516,5237.902825371493,0.7136359246430377
382,17782.216426207804,5251.073481146451,0.704700845199066
383,18644.313492650905,5157.700534503277,0.7233633441887626
384,18616.808490223055,5033.713291752641,0.7296145956275919
385,18176.705203234415,5318.791382933498,0.7073841863272856
386,17828.061132150444,5208.887828550644,0.707826454602114
387,18030.486026327533,5170.624946287835,0.7132287538595545
388,17854.705290656617,5287.321840484243,0.7038695540244451
389,18123.770251651324,5377.793828980469,0.7032740012531069
390,18341.263918531327,5288.077845272243,0.7116841091889329
391,17582.967425469793,5180.525360549792,0.7053668339824399
392,18217.719142513837,5112.337374980489,0.7193755521760095
393,18000.196154543926,5324.655983685548,0.7041890022769888
394,18192.2538272482,5143.493975251835,0.717270107151432
395,18036.198962455932,5436.94856990572,0.6985535266480899
396,17823.5410878727,4974.8162668223185,0.7208850787676963
397,18310.52211260937,5291.210394234751,0.7110289722109557
398,17954.002995720803,5219.389326374561,0.7092910518273523
399,17985.477936943702,5107.089473474398,0.7160437164150082
400,17538.595671000534,5056.108732596066,0.7117153033548651
401,17638.03725264714,5323.380398423579,0.6981874841190372
402,17714.26243846733,5019.5965618171085,0.716635305632775
403,18000.786582423207,5242.219695199778,0.7087782985928781
404,18022.799309729322,5298.063750382163,0.7060354687785884
405,17427.338207326895,5141.857933038108,0.704954487491593
406,18123.66435270149,5230.352743942035,0.7114075474939809
407,17841.28616343023,5048.895794833,0.7170105479737297
408,17653.70186413568,5085.320553624108,0.7119402722011992
409,17906.72433468376,5101.7954358699835,0.7150905246255312
410,17698.45397107938,5073.775776637661,0.7133209609761058
411,17663.227073332644,5339.11040638546,0.6977273527527553
412,17905.457219901557,5107.709091289515,0.7147400913274419
413,17000.815560265208,5069.919368484461,0.7017837555785251
414,17882.123934439052,5099.578217800318,0.7148225660163847
415,17363.97332749628,5035.600182558272,0.7099972404020989
416,16977.907234343784,5025.249937326574,0.7040124045935863
417,17047.641805727482,5137.954326821492,0.6986120200451831
418,16890.6454153732,4918.233751824255,0.7088190752410283
419,17792.822225168264,5060.068436209661,0.7156118140127257
420,17189.70939388228,4964.970069784073,0.7111661427184408
421,17165.04257723799,5130.873199890093,0.7010859031195193
422,17515.520302142784,5150.08162728331,0.7059703886356565
423,17038.30096550293,4997.6721365084595,0.706680135148033
424,16876.877162798006,4943.317151613429,0.707095269822188
425,17611.569037167606,4969.987556381444,0.7177998424846339
426,16866.211781046088,4995.8814662754685,0.703793505552341
427,17390.301290979947,5066.756692776949,0.7086446860236406
428,17054.36068779944,5044.787791529769,0.7041936731677798
429,16691.00068580916,4915.324558385363,0.7055104932944842
430,18013.480749618713,5230.545211132358,0.7096316206825783
431,16490.08104671903,4985.218160353727,0.6976838290709544
432,16847.07682979641,5129.661153205593,0.695516248603255
433,16972.787262780967,5089.615856468914,0.7001308166025415
434,16356.80658635136,4983.893481675643,0.6953015580783133
435,16747.5495217065,5168.650430109661,0.6913787044838666
436,16391.961615747223,5073.973572760339,0.6904596477406377
437,16987.7762407142,5128.095769011302,0.6981302498722042
438,16939.11008384386,4972.7727232483385,0.7064324690828205
439,17043.50551594784,4979.714091284423,0.7078233649395169
440,16778.440604585216,4828.972721570601,0.7121918040314821
441,17036.33162852381,5183.5587508766685,0.6957350406235417
442,17146.11612980983,5161.765756373478,0.6989542286256096
443,16683.19938608326,4837.850923530481,0.7100165974419688
444,17473.95761833296,5019.612221234985,0.7127375302794249
445,16586.16019513685,5109.679671578884,0.6919311274301408
446,16940.2460714873,5188.467737864669,0.6937194586212325
447,16206.578014780196,4908.467648274937,0.6971311498455457
448,17036.322935154883,5053.085162703537,0.7033934387169682
449,17079.75749566771,5075.192017870731,0.702853391264012
450,16643.74162066079,5054.975132610722,0.6962837294748854
451,16709.92044002724,4962.103627463812,0.7030444492376217
452,16567.96797468788,4960.595303606674,0.7005912064059185
453,16704.075647442314,5032.020981145242,0.6987548974662521
454,16585.01199687665,5143.667273174994,0.689860503318076
455,16459.9161999762,5006.019505951015,0.6958660393448264
456,16442.98180603931,4945.195064312897,0.699251928716689
457,16856.110974794647,5094.71303167127,0.6977527592640129
458,16196.760561845998,4983.511095861654,0.692314331817617
459,16454.882624297417,5125.991265562239,0.6884820522515818
460,16748.300669941455,5040.555528180708,0.699040778672722
461,16635.49124665823,4940.673839779719,0.7030040311690698
462,15938.215201248588,5020.086800012593,0.685028296040367
463,15488.408593238371,4699.216214872254,0.6965978662957184
464,16352.147638526027,5115.7755103929685,0.6871496256344893
465,16098.198733866546,4763.645700239703,0.7040882785091853
466,15924.00138249269,4980.553970349832,0.6872297451678447
467,16161.65594640235,4974.894864644316,0.6921791380077147
468,16560.208100754422,4907.415000349651,0.7036622383914314
469,15740.380569280811,4920.495379319303,0.6873966701337435
470,16145.215405445455,4961.057271801425,0.6927227573483994
471,15648.750752423919,4725.956065973006,0.6979978695589502
472,16008.878819157282,5083.870651652212,0.6824343097926061
473,16061.877903738437,4953.759814783125,0.6915827747868681
474,16111.057123795781,4756.040853628674,0.7047964750491713
475,15934.446421982915,4960.404652450239,0.6886992794674723
476,15862.10946329687,4914.612376222488,0.6901665325413151
477,15743.496004673052,4890.788011930346,0.6893454915935672
478,15937.397388663807,4970.151492822315,0.6881453494811167
479,15512.914817044135,4824.125374236048,0.6890252134346957
480,15266.977362386662,4948.963549211734,0.6758386790168089
481,16010.838188337682,4922.04228978729,0.6925805987238998
482,15119.694684082908,4819.990083794831,0.6812111497946436
483,16092.506379140379,4926.865197225006,0.6938410287901848
484,15929.10253619121,4796.5874179084085,0.6988789916437241
485,15943.07216548185,5005.014918953862,0.6860696064720726
486,16475.305767363392,4929.321374740864,0.7008054694495833
487,15826.65494033668,5001.192615087548,0.6840019174019373
488,15649.969650064202,4836.2602739319,0.6909731851197514
489,15534.893059236096,4813.574690839492,0.6901443304125203
490,15363.890529781476,4791.916122563126,0.6881052938203094
491,15442.638343193476,4965.417651501938,0.6784605362664273
492,15993.35014670718,5037.895765419309,0.6850005959222656
493,16055.746997773205,4909.577903892613,0.6942167870125551
494,15701.27322976581,4910.054940482077,0.6872830076497362
495,15306.017694365115,4840.305392472589,0.6837645500531115
496,15335.350428687247,4850.296603387512,0.6837179152871362
497,15499.659287545888,4629.646081750079,0.7013065903022758
498,15241.797179234829,4893.475027222718,0.6789436987201544
499,15425.929836206318,4996.937316216544,0.6760689715774414
500,16029.112447479572,4871.393610748876,0.696090870488911
501,15139.663669702835,4662.750826504755,0.6920175422499146
502,15462.352251968186,4980.5230493993995,0.6778935721914217
503,16072.945387043546,4840.410673072918,0.6988473141347952
504,14774.69052521745,4753.319517310179,0.6782795883814141
505,15892.51673071947,4923.279420462591,0.6902139853692192
506,15203.70396074472,4731.249946096971,0.6888093876128576
507,15769.094798964737,4922.932265619701,0.6878113596004953
508,15648.941423415721,4754.178134991622,0.6961981001553319
509,15931.645400887512,4844.199197214243,0.6959385502677341
510,15616.216289918166,4852.268989333628,0.6892801111837664
511,14758.054225772788,4768.926075216677,0.676859428603505
512,15610.298958875555,4948.745255420473,0.6829820320252892
513,15354.86057951433,4898.486760173854,0.680981358651399
514,15212.684725388342,4853.408185521562,0.6809630730451054
515,15078.531528729172,4895.43046411713,0.6753377174169877
516,15696.223604219156,4812.803781228243,0.6933782352632542
517,15569.28813178415,4818.315053297733,0.6905243828418004
518,15224.39892173076,4911.259512114634,0.6774086427080889
519,14845.999758963502,4772.181668621849,0.6785543751783661
520,14932.769960492582,4802.552147649228,0.6783883927526325
521,14927.240010631738,5010.866096236594,0.6643139594012244
522,15297.469416379443,4994.599499305112,0.6735015862194011
523,15088.250065257584,5021.130559493605,0.6672158442644498
524,14831.199132068445,4847.211527101991,0.6731746715866547
525,15024.927066024115,4820.170762960215,0.6791884085840207
526,14926.450018033354,4865.507458472644,0.6740345190856236
527,15043.769115734705,4933.3452316041785,0.6720672064526534
528,15022.206448215478,4741.003515686118,0.6844003221477952
529,15026.891746945901,4840.243079300045,0.6778945931859937
530,14892.766545447312,4768.439326137698,0.6798150758902886
531,14954.872426784306,4740.932438988352,0.682984093498698
532,14879.127025895186,4751.312873494215,0.6806726049703606
533,15079.172189030463,4737.1598180348055,0.6858474882672331
534,14698.672948210631,4735.861447202565,0.677803468116549
535,14420.282998416142,4691.701201383797,0.6746456916345462
536,14999.270116273367,4984.431545441241,0.6676883937150107
537,14564.823142689325,4773.160325098765,0.6722816145217247
538,14848.833925809335,4826.729933412066,0.6749421565674232
539,14962.157579537497,4839.536449214864,0.6765482235106588
540,14937.563279314847,4837.058935777434,0.6761815267102051
541,14232.138815074079,4700.620212671072,0.669717933913603
542,14792.210549559617,4678.111923411378,0.6837449069739849
543,15110.593880193577,4847.858432293573,0.6791748576706855
544,14486.974528097551,4591.78428314279,0.6830404944636989
545,14336.90192922145,4526.625065931841,0.6842675573649785
546,14724.972452250442,4880.849550722901,0.66853251735782
547,14628.861870948636,4761.546946500567,0.6745100891302765
548,14490.60385956184,4875.125278746745,0.6635664513366832
549,14857.415100574459,4629.875573806286,0.6883794696139793
550,14258.597953423136,4707.782345482793,0.6698285230524667
551,14544.541301043346,4791.624310656808,0.6705551442648052
552,14625.966588345273,4622.839913482015,0.6839292715760932
553,14791.512230691167,4731.508477364266,0.680120030760156
554,14424.754751799852,4823.83836051592,0.6655861091909362
555,14592.716175414154,4649.607604342905,0.6813747661195126
556,14513.328061587297,4643.608327895835,0.6800452447439562
557,14584.002790363364,4807.9534300687965,0.6703268986450184
558,14235.735523779864,4766.662164569958,0.6651622140206552
559,14645.855537574236,4747.131089173954,0.6758720528824627
560,14381.493670154723,4587.112976725193,0.6810405732580737
561,14850.488266019573,5138.680219556402,0.6539723053204539
562,14186.94098896147,4616.658859792488,0.6745839104155995
563,14524.428192704923,4719.097586213455,0.6750923669006343
564,13797.564428373556,4519.688342615607,0.6724285386686624
565,14600.174489682495,4875.447022474291,0.6660692633557481
566,14341.512535024869,4714.494778194006,0.6712693471710004
567,14786.077216046411,4637.345539611912,0.6863708019474368
568,13880.244575454763,4803.4307976846785,0.6539375965911391
569,14353.991543103257,4824.2993188850805,0.6639053809946656
570,14014.851052051756,4622.353370084021,0.6701817698299894
571,14184.504033229514,4948.43327301933,0.6511380826973705
572,13963.069445660029,4871.2859120342455,0.6511307251609832
573,14473.277425803582,4648.521470146003,0.6788203989057504
574,13770.475037148799,4666.265878827213,0.6611398033663354
575,13812.746855018851,4658.707953665779,0.6627240039534177
576,14434.784010860485,4633.553374662532,0.6790008516111965
577,14451.050759321248,4815.677959533384,0.6667593215374208
578,14164.452806912373,4734.094800338919,0.6657763723827975
579,14308.4914509738,4519.005634555884,0.6841731603894321
580,13835.751790019367,4759.810823825078,0.6559774346878179
581,14045.094622549163,4650.605155861376,0.6688804681746389
582,13654.358903311935,4592.9459275360805,0.6636278597875409
583,13869.938474170633,4806.598800681228,0.6534520459746564
584,13751.945786215614,4598.6787736048,0.6655979564568727
585,14131.192048761724,4708.005344102086,0.6668359379834035
586,13716.028082470744,4469.954554445514,0.6741072176603246
587,14239.191815212182,4602.551881810865,0.6767687421069914
588,14156.581705430553,4671.650363778149,0.6700015257224083
589,13974.413107233913,4692.935435961953,0.6641765632695776
590,14054.990724366495,4643.600931134395,0.6696119533480733
591,13491.908893338788,4497.2924904576175,0.6666674429829558
592,13694.869720950053,4443.508977387527,0.6755347755816936
593,13822.092553861778,4677.361707148656,0.661602489715507
594,13537.427545925586,4484.452896887044,0.6687367018827186
595,13673.991461900658,4650.625676739972,0.6598926005111353
596,13280.427342945379,4527.341034658184,0.6590967355381732
597,13617.8384669028,4647.666913570584,0.6587074428246147
598,13854.353068528286,4657.125787867174,0.6638510824120429
599,14085.850459567175,4557.433609447855,0.6764530744856498
600,13800.657238627386,4429.980532014992,0.6790022058068592
601,13471.011343042266,4477.512036711777,0.6676187167621681
602,13157.788504726184,4483.375191624607,0.6592607344300898
603,13242.437179866254,4468.295457330906,0.6625775605623047
604,13717.385635554558,4636.410904377558,0.6620047706204099
605,13123.64037462285,4437.3271025821305,0.6618829093212141
606,13640.046007016226,4484.386107668668,0.6712337989650496
607,13150.387147841677,4444.418251540244,0.6620313758390232
608,13729.551669507357,4602.089839946371,0.6648040700289303
609,13656.722037282583,4640.419717798687,0.6602098435385568
610,13409.605908538306,4648.8100605799245,0.6533223949840401
611,13772.568656394482,4621.9591193088645,0.664408344251533
612,13822.101966684357,4627.791295155811,0.6651890351908665
613,13988.134932048044,4637.971408561775,0.6684353252887363
614,13773.854345931426,4532.320195083063,0.6709475734784551
615,12988.208433318498,4453.177410906208,0.6571368996910671
616,13275.209288493505,4507.19030761143,0.6604806591246657
617,13188.43313046782,4346.102199635327,0.6704610656443338
618,13726.916990421576,4581.230566038985,0.6662593232525778
619,13778.474531114887,4626.957361932643,0.6641894317484904
620,13356.596534887456,4634.268586356166,0.6530352193950422
621,13270.710458582427,4560.20151654384,0.6563709583766355
622,13268.510908709257,4451.49196452974,0.6645070426397399
623,13272.097275051838,4470.01499487569,0.663202062022392
624,13294.140331329962,4535.183677326283,0.6588584470830106
625,13269.91971471251,4569.259138284301,0.6556679138594703
626,12854.342215164947,4487.453908404472,0.6508997634192137
627,13096.112141505515,4514.275335695373,0.6552965271740245
628,13267.704314665121,4449.207930360189,0.6646587966659485
629,13472.658808311153,4687.995236615993,0.6520363720838819
630,13313.699434803275,4398.809638907452,0.6696027531304676
631,13136.30875885547,4532.812641239465,0.6549401567480821
632,13062.619607219269,4560.706698789725,0.6508581864950598
633,13351.405224024618,4550.931973552121,0.6591420979895704
634,12932.879105834678,4403.483591460012,0.6595125064245457
635,13456.437081179962,4490.123187454354,0.6663215411058403
636,12913.462767873658,4581.187599956323,0.6452394154607792
637,13429.749447835939,4604.729966352182,0.6571246556581005
638,13129.479280483389,4725.211003278774,0.6401067473938078
639,13161.388956356617,4618.096611307421,0.6491178380472529
640,12899.009989112756,4630.94452077532,0.640984499997751
641,12973.06034843046,4422.999356460602,0.6590627625504173
642,12966.391966484947,4470.110344091578,0.6552541095745251
643,12747.815419763676,4325.605945344689,0.6606786494069838
644,13433.675493498153,4526.806083116686,0.6630254999603316
645,13266.627811666032,4647.431356843549,0.6496900777787086
646,12819.119863309052,4501.232116777814,0.648865743921994
647,13406.167253524274,4488.359489721175,0.6652018876952879
648,12904.810048921041,4385.911937886566,0.6601335532053594
649,13065.108086462596,4350.376201493985,0.6670233286472674
650,12666.020205908328,4521.361858372377,0.6430321612574648
651,13313.276286453365,4550.372403703801,0.6582079192381869
652,12957.890130038308,4440.799882447584,0.657289895354711
653,13160.86560416629,4447.129757817092,0.6620944327241456
654,12694.203575455895,4559.154289084034,0.6408475520355519
655,12665.34092993816,4214.342684816424,0.6672539090633859
656,13138.677928254594,4530.842234960304,0.6551523479225582
657,13283.737453512402,4518.772802382824,0.6598267002643899
658,12904.053205753191,4501.123854187157,0.6511852685030499
659,12748.417968385551,4551.060871083026,0.643009753651859
660,12356.331199037326,4325.536819514091,0.6499335644344746
661,13231.246673860562,4431.474228195292,0.6650750804192895
662,12583.779628898978,4359.059606202095,0.6535969530019898
663,13145.46513032272,4432.140924954344,0.6628387903345696
664,12709.981608802269,4546.9632758314265,0.6422525684315359
665,12676.70265500442,4424.086955756808,0.6510064899242314
666,12654.23616637539,4472.345193583546,0.6465732791152278
667,12638.400655838643,4409.213697224407,0.6511256592275025
668,12849.813503661013,4234.5043963686385,0.6704618012423141
669,12846.103960436025,4486.323446906586,0.6507638844646008
670,12801.542592542057,4441.9818263545985,0.6530119870911171
671,13057.706449595016,4507.857578307583,0.654774167599135
672,12444.483252496151,4367.621960007774,0.6490314727104717
673,12409.507097156895,4590.687591376058,0.6300668869895875
674,12304.4411686207,4499.915223508656,0.6342852827006458
675,12704.119523129435,4428.867882241227,0.6513833269454117
676,12613.204944931133,4571.0914442137455,0.6375947695949609
677,12616.722880198882,4541.48388709194,0.6400425110216614
678,12552.71110025207,4520.539546178397,0.6398754412433167
679,12556.707122700353,4550.886540379495,0.6375732510195862
680,12013.292436266272,4295.435535188627,0.6424431055868272
681,12758.644487939258,4460.1526344739905,0.6504211212491914
682,13170.165473180105,4537.91222068889,0.6554399996013753
683,12580.708929376124,4482.233005901916,0.6437217464402311
684,12831.179234128662,4552.934784014371,0.6451663014803526
685,12714.01749430106,4441.204909932546,0.6506843795107822
686,12319.98615989999,4463.488411536146,0.6377034557015786
687,12326.721622513629,4495.903629490779,0.635271748063214
688,12719.412630430397,4527.758348429302,0.6440277173179425
689,12506.366142049379,4405.44324001561,0.6477439417671084
690,12486.180856061656,4285.965926184957,0.6567432447445086
691,12043.483855229606,4286.650826199115,0.644068869296675
692,12688.43876366241,4569.827977376329,0.6398431625438774
693,12288.371904023128,4473.64131147508,0.6359451564116121
694,12465.759989820817,4492.352442075359,0.6396246642207386
695,11961.868318072282,4379.200704972806,0.6339032842924208
696,11960.2155774666,4396.914621162924,0.6323716246848559
697,12162.592897298893,4370.830465401318,0.6406333335080214
698,12471.726594927422,4243.311645951902,0.6597655012997343
699,11918.271651931575,4437.6652841957575,0.6276586560706097
700,12412.207353523627,4267.426160261621,0.6561911963990703
701,12374.986968061343,4386.799894974502,0.6455107462903668
702,12242.722931607928,4427.47723620327,0.6383584549828756
703,11885.42059248877,4535.459258921632,0.6184014504469529
704,12306.64530911314,4366.163195230556,0.6452190596573555
705,12579.77578542231,4357.787899814943,0.6535877924895266
706,12496.653774059723,4364.331727978955,0.6507599708780971
707,11890.139321004426,4481.593411023452,0.6230831876707676
708,12375.367941929258,4384.015827122814,0.6457466276805207
709,12559.963459649942,4437.525306578771,0.6466928171539084
710,12370.315773369713,4431.552893866631,0.641759113101487
711,12218.516829690454,4252.148102129078,0.6519914682446115
712,12342.812193161337,4524.5482779929935,0.6334264665794829
713,12291.91756095759,4358.120015344928,0.6454483205136781
714,12657.947512748471,4459.552321350511,0.6476875641284603
715,12030.630147457174,4450.723277790131,0.6300506936678751
716,11634.202394427472,4161.116454068179,0.6423376254773372
717,12461.881224001065,4403.274196967568,0.6466605548697539
718,12000.475822067528,4263.5698681761105,0.6447165986255408
719,11594.03461064614,4258.166302400772,0.6327278255241069
720,11785.985053323157,4321.426746007092,0.633341911901659
721,12284.12102127555,4403.943308570783,0.6414930054056494
722,12289.934324614802,4359.93041204442,0.6452437989589442
723,12392.877274323686,4415.639261460348,0.6436953934330538
724,11725.160082166474,4174.0466972631175,0.6440094064377266
725,12145.826477214106,4355.936893275779,0.6413634838726181
726,12580.14506313226,4441.724411581185,0.6469258192738785
727,11747.843926237472,4196.659569540039,0.6427719336509674
728,12020.297050607236,4320.561092666589,0.6405612045628836
729,12061.22104977231,4263.872843616111,0.6464808309191379
730,11851.205307006261,4181.883557114762,0.6471343252620481
731,12145.162918278118,4389.244900621377,0.6386013979264378
732,12217.503921928484,4520.210823956171,0.6300217415242152
733,11978.70046377819,4253.757445307654,0.6448899061988915
734,12114.114782166394,4292.916940127549,0.6456268561655615
735,11673.024196952643,4352.8795589673455,0.6270992430475979
736,11681.153200495357,4236.808752071424,0.6372953355417206
737,11884.53905035395,4342.627201084315,0.63459860052755
738,11811.872844969794,4399.819747192984,0.6275087105203057
739,12140.162724700767,4287.136119776892,0.646863372675051
740,11970.077228797856,4428.785503390543,0.6300119524094898
741,11897.069501937354,4291.66210635954,0.6392672913560207
742,11719.147788605498,4230.265964626275,0.6390295573591662
743,11820.401974898528,4287.166838230957,0.637307864205036
744,11674.80181041749,4135.407919328425,0.6457834585561548
745,11746.941527018198,4416.782004567915,0.6240057895572879
746,11845.041583812335,4211.1953837657275,0.6444760996431764
747,11784.70716533836,4320.248118783781,0.6334021661997115
748,11674.270263146544,4205.240504945055,0.6397855788708094
749,12106.780935959578,4350.872553998809,0.6406251523825097
750,11308.006558609493,4188.209766016782,0.6296243953954876
751,11932.772635696649,4337.9116891320045,0.6364707665546874
752,11428.838688165342,4154.387755871149,0.6364995718967447
753,11245.438594644665,4209.561463682534,0.6256649815608595
754,11746.232838463944,4358.921066592669,0.6289090190414882
755,11782.48737474759,4264.379370059931,0.6380747770458541
756,11599.366078705722,4319.486864400087,0.6276100922161719
757,11810.286421197126,4234.476557197914,0.6414586059828433
758,12056.19510223157,4222.105855565558,0.6497978159971833
759,11866.351742459417,4164.494440062246,0.6490501435954305
760,11515.494982017899,4140.098455893207,0.640475857758767
761,11505.471295157167,4189.348716308488,0.6358820417837338
762,11382.35434473758,4220.529912532899,0.6292041360947278
763,12016.805426468161,4368.262773860439,0.6364871845025531
764,11085.975781621522,4120.049057905687,0.6283548567067989
765,11630.570578581815,4160.896330944156,0.6422448664206878
766,11374.252224632886,4285.864896616342,0.6231958978951979
767,11736.657449428785,4278.978869309452,0.6354175890583134
768,11341.129927796777,4216.617614028356,0.6282012779261483
769,11196.620186678516,4185.564334775279,0.6261760901959353
770,11623.87034081971,4160.265836524958,0.642092890358963
771,11768.514487760416,4369.86567336508,0.6286816252034306
772,11005.576737665033,4146.791589731483,0.6232099699473563
773,11332.869293185871,4272.698779835713,0.6229817295779839
774,11292.43521225959,4265.090337515342,0.6223055295561968
775,11540.028000554896,4248.511143132978,0.6318456815764493
776,11009.930655957667,4067.1112263827213,0.6305961087791288
777,11509.210521809995,4329.590607524965,0.6238151522799609
778,11564.823534194853,4321.713290501641,0.6263052974631904
779,11278.67131830334,4350.1617103100025,0.6143019343732059
780,11211.106672720254,4106.490055897326,0.6337123376152007
781,11722.667788107288,4321.449390251214,0.631359561802532
782,11101.486400259026,4142.642942252466,0.6268388941001803
783,11067.028944137775,4178.92683158764,0.6223984908071263
784,11533.82529479823,4218.427320695231,0.6342560067562539
785,11277.518332217314,4307.472369417022,0.6180478503757738
786,11080.836522413132,4221.351877957036,0.6190403252120418
787,11223.136021806846,4192.218302579467,0.6264664088153367
788,10895.06343784707,4005.9349579778177,0.6323165091391689
789,11601.450524490327,4338.719559543144,0.6260192162709108
790,11044.310475405951,4056.394741503005,0.6327163429047022
791,11647.115460597319,4369.68329976266,0.6248269956157401
792,11098.024785777154,4115.307405826759,0.6291855996662761
793,11585.202594074677,4235.32782692056,0.6344191832185356
794,11114.672364426227,4115.413520819521,0.6297314589324855
795,11609.113799738121,4309.937624116163,0.6287453376317678
796,11402.730676551615,4204.550599877492,0.6312680954112457
797,11229.40963911482,4268.028766339064,0.6199240295346907
798,11355.595569800234,4099.300199786758,0.6390061468296134
799,11249.508078399202,4260.949663462553,0.6212323566712898
800,10948.11440408201,4053.523084148722,0.6297514864626037
801,11458.445809246505,4269.631643372757,0.6273812596881738
802,10881.376868629082,4224.62144347791,0.6117567202678681
803,11145.123303615237,4119.2093039269985,0.6304025364536958
804,11168.034264934042,3990.5192525049592,0.6426838279826386
805,10909.756114224389,4055.702725292299,0.6282499184372801
806,11009.281328285291,4216.476656100344,0.6170070933452052
807,10888.794412567828,4093.8734073476667,0.6240287719435198
808,11397.891527247746,4185.425164787634,0.6327895247307824
809,10933.745863833918,4095.08341840924,0.6254638191331348
810,11235.06367373748,4188.956992036382,0.6271532486435055
811,10648.165380066986,4096.54593058724,0.6152815265007211
812,11075.56183184215,4012.2046908775287,0.637742558635493
813,11088.990333294514,4177.465272787979,0.6232781211608411
814,11242.018761472089,4289.33151702328,0.6184554030701855
815,11066.118138804059,4181.363161195349,0.6221472508473294
816,11289.361563565832,4254.646444068285,0.6231278075281679
817,10886.832893697529,4134.895637931688,0.6201929727124396
818,10647.775579829264,4057.3841630578363,0.6189453719569382
819,10947.83830640182,4029.658442398849,0.6319219986979092
820,11051.834316516439,4151.676699094079,0.6243450109553672
821,10935.37127684647,4221.294677045595,0.6139779281218034
822,11016.922452157765,4182.404617726198,0.6203654300110795
823,11163.971033851783,4145.066969082152,0.6287103436122026
824,10914.340735214788,4005.1731140584307,0.6330357269188178
825,11177.815420469437,4114.505171039005,0.6319043555233257
826,10981.47026569437,4199.657567231048,0.617568734821366
827,11017.794928917547,4269.9136611269905,0.6124529736962083
828,11143.600547099812,4315.868226622215,0.6127043312095887
829,10986.561471357865,4219.3452783914245,0.6159539734619133
830,11159.326388598825,4204.9663286203095,0.6231881582999126
831,11067.92947305799,4091.8214345324573,0.6302992854722342
832,10718.219936109497,3996.2948920405033,0.6271493852652663
833,10695.444171419931,4086.459342215813,0.6179252327700857
834,11022.86546131057,4138.064615757478,0.6245926587526833
835,10997.630858952201,4138.232407880723,0.6237160111159621
836,10914.921806154942,4175.11514608945,0.617485565152185
837,10831.473270333605,4131.736166941193,0.6185434738358601
838,11000.955894549847,4024.4093568052776,0.6341763938169163
839,10394.433068066803,4017.5493515836506,0.6134902860718646
840,10810.435200922222,4097.960067605613,0.6209255232151965
841,11183.065858695458,4147.912143650509,0.629089893946634
842,10699.235593087753,4088.1303777359853,0.6179044435307954
843,11199.795245289108,4095.3645257648345,0.6343357681036679
844,10596.89582656854,4064.0467284038145,0.6164870548019887
845,10623.030601698436,3973.1036085477313,0.6259915124491403
846,10941.695628303922,4073.2558627633143,0.6277308379675051
847,10387.309487850154,4066.3034379403343,0.6085315988036542
848,10886.982710205863,4028.31410013079,0.6299880134507334
849,10614.222602564594,4150.657998091095,0.6089531797563565
850,10692.589483945378,3993.43807769473,0.6265228283858868
851,10583.207875299659,4009.3518296837324,0.6211591157496554
852,10374.236129683914,4148.888615875469,0.6000776766586013
853,10542.074655249347,4060.102626203655,0.6148668303935831
854,10917.292223593215,4155.581588232472,0.6193578496275935
855,11004.770918863273,4176.929337605879,0.6204437722146305
856,10574.664162956095,4237.605348830365,0.5992680917777947
857,10686.03473351271,4032.5161028798657,0.6226368149231817
858,10717.752833486646,4148.829345373895,0.612901192084664
859,10625.072044465725,4036.3476184325345,0.6201110353378785
860,10857.068822196015,3985.7965260345,0.6328846587132244
861,10621.840150793398,4059.831804129514,0.6177845131828439
862,10392.996857253915,4015.4465786596215,0.6136392001449521
863,10699.60982049821,4002.5947102587247,0.6259120867575384
864,10636.245132471395,4021.6475586335423,0.6218921707289489
865,10471.884926562392,4052.145522402869,0.6130452587265903
866,10378.182670097454,3984.0457626023635,0.616113351513695
867,10810.943652467487,4104.22315479334,0.6203640230927859
868,10601.555843784356,4055.071704162082,0.6175022077972119
869,10587.373352337972,3985.7724150191716,0.6235352922413936
870,10426.657263070121,4023.196742492427,0.6141431869308611
871,10829.66727417048,3996.6980430835783,0.6309491379651169
872,10050.699555479594,3837.6762467624126,0.6181682453466506
873,10424.762430418512,3902.788860447277,0.6256232325199764
874,10680.40269732024,4072.212023386062,0.6187211157864115
875,10421.988140604477,4130.393394354636,0.6036846963716587
876,10451.752146844034,4205.7503892405475,0.5976033175920175
877,10306.180515577507,4038.721727724218,0.6081262382684058
878,10179.279624711598,4147.602994805982,0.5925445465966859
879,10358.627981141864,4053.245451141409,0.6087082711609644
880,10323.57862420711,3955.4747874186132,0.6168504225711354
881,10192.904780841023,4011.766035669033,0.606415823366691
882,10763.501445306398,4103.079103546533,0.6187969942313012
883,10630.38245561874,3963.4941053729244,0.6271541384404282
884,10402.205324731103,4007.1590452195146,0.6147779321666966
885,10555.971168319402,4082.174766082151,0.6132828802778867
886,10555.167513990544,3971.091150569302,0.623777534055642
887,10820.275953457678,4106.536679412551,0.6204776387333925
888,9992.494571972953,3889.86644184486,0.6107211854029728
889,10107.77643743527,3783.7111462655434,0.6256633524014095
890,10216.965639809425,3912.12475393314,0.6170952421832641
891,10545.774777640601,4035.9777727962496,0.617289591528787
892,10420.016455274466,3909.110117726289,0.624846070588732
893,10216.923511119498,4059.7658734010774,0.6026430197913621
894,9928.789295988629,3805.3532525211426,0.6167354206964026
895,10116.12783879521,4172.255233264668,0.5875640067275418
896,10217.141907975032,4092.0962844138035,0.5994871832777715
897,10176.155385542714,4052.370744043997,0.6017778236954587
898,10205.688143349422,3951.982386866346,0.6127666913434278
899,10042.044785775966,3868.466088243756,0.6147730695522055
900,10247.423010447164,3971.4683166527734,0.6124422391264717
901,10342.6026316403,3806.3550751162024,0.6319731879216046
902,10221.06877390083,4001.664924953005,0.6084886019776006
903,10225.809876211191,4129.599189140291,0.5961592050770295
904,10167.329653558447,3885.039510598364,0.6178898842688114
905,10237.932866374022,3958.9943907271854,0.6133013917555267
906,10026.209838813456,3915.5725344115735,0.6094663290156155
907,10569.14066155764,4208.713637902896,0.6017922579826247
908,10365.723718590234,4084.279888524219,0.6059821774721493
909,10443.106358099556,4066.395786154429,0.6106143472338976
910,10312.191816892815,4012.079180300519,0.6109382707827282
911,10523.383874353676,4033.6189552268033,0.6166994378056422
912,10101.277474934941,3933.618920092441,0.6105820348116142
913,10308.146078765532,4158.367310879235,0.5965940646257094
914,10068.471322875637,3947.169215877795,0.6079673776385697
915,9889.860472405557,3990.8642939936412,0.5964691003347466
916,10124.259694915421,3927.0212026664226,0.6121176934409692
917,10061.60260350033,4090.221073893366,0.5934821484133732
918,10288.618625038887,3949.4798256746326,0.6161311863515881
919,9665.441607957078,3842.3238626675447,0.6024678417689316
920,10181.80299709735,3884.738607055813,0.6184626035130238
921,10370.508780928109,3933.261525271746,0.6207262721280162
922,9911.266162422422,3919.779561954788,0.6045127335177173
923,9723.090251521036,3878.718735518532,0.6010816895470282
924,10188.709695671301,4069.911388533904,0.6005469279134514
925,10225.401340820643,3895.7095510660542,0.6190164648585419
926,10101.855113370699,3832.163280665413,0.6206475704058351
927,10229.725263953585,4046.15527382169,0.6044707781078833
928,9839.453410412187,3809.5545921466323,0.6128286365871369
929,9753.389398605104,3799.4987727442935,0.6104432400404638
930,9760.887235183074,3721.480236335899,0.6187354544039971
931,10278.74588994423,4007.815832676524,0.6100870791448012
932,10084.15534293602,3926.311897980454,0.6106454368802592
933,9825.543788317415,3848.1799720812382,0.6083494150566272
934,9782.985208990516,3833.237138437649,0.6081730620511495
935,9964.369910053649,3984.125067330116,0.600162869976325
936,9938.610597789242,4049.1442181115694,0.5925844786581873
937,9748.777166844944,3864.917131575225,0.6035485204524321
938,9897.839477344687,3831.4056422180447,0.6129048515094828
939,9761.22337764857,4025.8075526174334,0.5875714142721289
940,9787.852845437556,3866.3226767723295,0.6049876578830513
941,9690.28760937693,3981.954925694453,0.5890777357483937
942,9684.871680651964,3869.330926779593,0.6004767998620382
943,9868.28365528701,3938.5831233680583,0.6008846866437679
944,9942.14644396838,3943.6834297787955,0.603336819468062
945,10084.583777314758,4056.028244794439,0.5977991422989154
946,10103.652965351308,3948.865949681042,0.6091645305689952
947,9636.553951272355,3842.198965255246,0.6012891138592189
948,9702.381223685825,3933.141018023702,0.5946210597845849
949,9656.505276088026,3868.139011958305,0.5994266143532478
950,9758.965700974686,3862.2027035916053,0.6042405699606195
951,9939.08150753303,4025.496716231812,0.5949830260290343
952,9443.923948699705,3757.121040869742,0.6021652587125033
953,9777.259589969592,3849.5291813428375,0.6062772859900296
954,9875.396025114642,3944.381419133675,0.6005849882776843
955,9720.796134052358,3952.7451536818553,0.5933722815320421
956,9683.531358748873,3882.720555915825,0.5990387791321741
957,9504.564293653722,3866.3722575937754,0.5932088901565551
958,9942.885773777914,3877.9873695275423,0.6099736577729932
959,9547.867095529467,3892.8241112745654,0.5922833788608897
960,9688.025263825773,3873.035068373074,0.6002245077916298
961,9687.052850632906,3786.8503337215548,0.6090812766161238
962,9587.306183813947,3903.901224007147,0.5928052000051878
963,9942.325537631828,3871.2540465198754,0.6106289185696918
964,9672.292396059946,3784.372325987396,0.6087409094943224
965,9650.65484910118,3853.431913738575,0.6007077266785199
966,9736.662655311113,3983.7238920500436,0.5908532488925229
967,9550.514016420188,3878.8100037869795,0.5938637441798268
968,9681.174495835347,3879.548911243468,0.59926877540402
969,9609.459115318736,3912.978814547999,0.5927992650168834
970,9469.635911690275,3878.29024627047,0.5904499093272724
971,9893.036887526732,3980.5997296843643,0.5976362187931235
972,9620.123974151804,3888.9056446370955,0.5957530635690196
973,9771.10163235759,3964.582158649202,0.5942543320273888
974,9806.160866262708,3977.0990140745484,0.594428536476754
975,9724.691443440768,3892.4027860989436,0.5997402273648137
976,9370.436477582969,3798.535794348381,0.5946255221476957
977,9677.254544627853,3847.274233741466,0.602441558605358
978,9514.828375081255,3858.1687204051304,0.5945098988322863
979,9678.463955554838,4001.187503338421,0.5865885824741861
980,9583.432249666148,3804.0807706254213,0.6030565384590743
981,9853.184820585722,3783.764341473761,0.6159856523173555
982,9946.327980600667,3844.578637574984,0.6134675384651043
983,9385.849166363598,3949.3329287656165,0.5792247607260745
984,9191.970328436844,3836.580787228392,0.5826160605241175
985,9568.673494874776,3947.3267272638227,0.5874739869242993
986,9472.892421898092,3791.6154882546507,0.5997404679177258
987,9534.139146566326,3830.2689217611924,0.5982574973073845
988,9679.144690112202,3794.375257142619,0.6079844471155814
989,9539.909627747933,3890.276009178584,0.5922103918193035
990,9428.86883838641,3689.7239403820354,0.6086779863390837
991,9468.87184498106,3827.3119765561673,0.5958006361037804
992,9569.152951631177,3891.1771152927195,0.5933624287372874
993,9647.258237545766,3919.5213736838195,0.5937165485599218
994,9465.241655640188,3840.726925865007,0.5942283287002632
995,9354.144745726608,3795.490404505178,0.5942450638002872
996,9175.396698800902,3678.977891879371,0.5990388195030125
997,9566.608681120902,3902.9485046624986,0.5920238158831854
998,8936.935492362327,3688.6579127081127,0.5872569611965411
999,9090.761983602075,3820.6338262165987,0.5797234782839699
1000,9035.705401619642,3701.203329367085,0.5903802564541726
1001,9011.38584903832,3730.4949433524234,0.5860242801887642
1002,9432.042702969722,3846.064442683543,0.5922341995469771
1003,9402.893018918741,3737.1774128086995,0.6025502571081633
1004,9200.674025023636,3873.8277764665213,0.5789626101380578
1005,9146.12441283848,3609.7747385809575,0.6053219291972575
1006,9036.56822383642,3759.9926735514787,0.5839136516854408
1007,9129.262755745229,3640.1099658244107,0.6012701065555797
1008,9368.578449116283,3774.1599444644366,0.5971469988789553
1009,9396.800036908831,3869.265976528577,0.5882357865091477
1010,9465.813551579005,3756.5197252872244,0.603148772705269
1011,9605.407573080402,3768.705897210495,0.6076474768470557
1012,9256.276069235417,3758.7975647186367,0.5939190300069432
1013,9352.26100181527,3751.8588699816146,0.5988286822562607
1014,9155.577403893678,3790.1332390619887,0.5860301243862431
1015,9247.722684655233,3664.2066524145407,0.6037720012414984
1016,9301.186242261507,3840.1164179920975,0.5871369180262318
1017,9058.919215683574,3736.484669031811,0.5875352699290122
1018,9126.854409965534,3759.189226217564,0.5881177613490868
1019,9080.652232577397,3803.8275720559564,0.5811063484614584
1020,8983.763944228673,3760.55269515315,0.5814056648751335
1021,9397.807670175856,3784.4765417685376,0.5973021927466493
1022,9258.3728391417,3900.1846347065452,0.5787397307853382
1023,9146.015587697417,3721.7277049072777,0.5930766059579554
1024,9069.84544579169,3756.678481491012,0.585805678393994
1025,9235.015896233423,3821.49524471447,0.5861950550325421
1026,8895.558735771232,3748.3647408877814,0.5786251485457925
1027,9401.61404629653,3985.634876333089,0.576069081680384
1028,9023.774325065724,3617.816210948561,0.5990794892887339
1029,9305.245646706166,3895.9861353109823,0.5813129192682767
1030,9215.145161862816,3672.987845840827,0.6014183410759921
1031,9278.079942320974,3636.2559876245978,0.6080809811695841
1032,8985.366391931451,3767.180833660544,0.5807426576346022
1033,9006.314158140083,3641.9889747711227,0.5956182617192605
1034,8979.453002412889,3774.929999983382,0.5796035683945322
1035,8937.049447613283,3703.312047050565,0.5856225179508694
1036,9103.538192023709,3785.0688599442483,0.5842200274108115
1037,9348.784397039377,3844.278453049535,0.5887937629338247
1038,9299.292325565582,3763.3011238208815,0.5953131709307786
1039,9070.974412472198,3723.7147360643867,0.5894912093518376
1040,9088.639049648222,3677.13640872899,0.5954139680713457
1041,9133.35552281052,3713.5204580269965,0.5934111566387081
1042,8979.413559812332,3852.37807184656,0.5709766516281187
1043,9327.347848280424,3624.0574438640188,0.6114589588794906
1044,9009.037665654205,3771.76026289619,0.5813359425418388
1045,8982.359031595686,3621.6507372526585,0.5968040550913846
1046,9006.203283915898,3778.6314070332014,0.5804412483358634
1047,8995.350005957016,3712.4577052245268,0.5872914669505894
1048,9225.625899365998,3642.7604233223965,0.6051476113319603
1049,8941.60296540216,3720.9723265461034,0.5838584713564557
1050,9211.91237751668,3744.6936746904785,0.5934944318586798
1051,8848.082158024272,3682.616522658932,0.5837949448379398
1052,8724.29855221476,3584.539706816142,0.5891314716750303
1053,8989.295165312642,3669.8445487059016,0.5917539160504063
1054,9073.31016794848,3640.5102166604065,0.598767136880151
1055,9228.485536123733,3752.7702676783365,0.5933492821776016
1056,9121.250621578492,3739.809742154524,0.589989366884941
1057,9034.687203704778,3757.774557390691,0.5840725337065602
1058,9229.388489159619,3747.1477106890325,0.5939982681311718
1059,8880.886345005521,3745.200486090328,0.5782852813788599
1060,9156.757318187772,3687.9150515786578,0.5972466099703799
1061,8848.608980553434,3633.4424354569123,0.5893769920851831
1062,8816.591085753991,3705.467770102953,0.5797164988075363
1063,8683.777017812294,3548.2981416701086,0.5913876951939477
1064,8841.753837386157,3639.1809672438926,0.5884096035499078
1065,8979.479920808248,3642.001429897524,0.5944084220893602
1066,8816.416686651375,3638.85473447452,0.587263753086446
1067,8771.198049584806,3679.2056741695956,0.5805355604364953
1068,8835.303180539497,3596.367426881857,0.5929548365920072
1069,8614.489124051655,3546.0471371659796,0.5883624570068333
1070,8841.477369581442,3763.3188859586817,0.5743563288522178
1071,8875.659748618498,3687.9945861082288,0.5844822029503478
1072,9010.367235591215,3693.8049245254124,0.590049458812869
1073,8673.206602816208,3700.809134684034,0.5733055484366794
1074,8934.54499721965,3645.2165825709144,0.5920087051209353
1075,9125.460296576073,3623.3850191872243,0.6029367394709131
1076,8861.723818890528,3604.471544388762,0.593253906570061
1077,8805.04993737414,3542.829481797255,0.59763663954258
1078,8544.414054257722,3612.939780545379,0.5771576895029995
1079,9099.020664117881,3679.768928129001,0.5955862653834579
1080,8861.533858809194,3735.7726063872065,0.5784282195487525
1081,8970.626359645845,3734.730257612611,0.5836711832728639
1082,8584.162132880603,3719.18802509354,0.5667383761488338
1083,8891.769439221069,3756.185335073905,0.5775660445596358
1084,8658.182306880733,3783.7627148123547,0.5629841714229827
1085,8833.476695426487,3694.5470064930514,0.5817561834508609
1086,8704.280370280308,3643.1275207250765,0.5814556326604453
1087,8590.888706780646,3476.4745423738004,0.5953300454666726
1088,8764.739739369901,3681.305306070164,0.5799869231103018
1089,8904.509820656534,3626.7160113447785,0.5927102014159631
1090,8716.180601781078,3679.557677660466,0.57784747175746
1091,8644.598012900748,3581.8153127216574,0.5856585456748431
1092,8827.765884186814,3687.435298192109,0.5822912221995584
1093,8630.438254451039,3454.280938423452,0.599756022048828
1094,8741.5669095803,3618.844023124957,0.5860188384351446
1095,8316.039045244104,3623.414504115438,0.5642860159263383
1096,9149.828765552766,3657.602734431175,0.6002545153411721
1097,8687.20159205745,3704.5339390501426,0.5735641794663623
1098,8636.720471237015,3639.2977967553484,0.5786250337873791
1099,8462.745634627488,3575.660289465633,0.5774822446707006
1100,9059.439926518713,3627.1265451509257,0.5996301565471357
1101,8663.195166618068,3513.159462551966,0.5944730096709306
1102,8984.784515877383,3662.5142588527106,0.5923648193921034
1103,8660.87592614572,3647.5507833466445,0.5788473574208233
1104,8796.842841359496,3727.9191053768186,0.5762207905034379
1105,8924.775209052294,3635.3824816780016,0.5926639723103977
1106,8770.545072637711,3548.181127324776,0.5954434874983576
1107,8544.082185783656,3568.783401386456,0.5823093313258982
1108,8654.193649435667,3620.679233184944,0.581627199499858
1109,8312.263277945447,3469.0405067549004,0.5826599337921419
1110,8734.901326459802,3631.1918045864136,0.5842893160582374
1111,8699.68141296347,3644.922749360271,0.5810280197239246
1112,8297.710520079227,3517.8025341417438,0.5760514270015585
1113,8279.461258708134,3524.2741394010163,0.5743353306117265
1114,8373.718623593075,3559.5301878792384,0.5749164322466951
1115,8477.571968150269,3547.609546425583,0.5815299994203835
1116,8770.839597591963,3689.126726089171,0.5793872770057245
1117,9039.051972220364,3757.208148466974,0.5843360387777428
1118,8290.021881343162,3577.369756736436,0.5684728209478712
1119,8461.753343921186,3632.387089345514,0.5707287908651966
1120,8381.881971283285,3463.800786659016,0.5867514242593539
1121,8740.996159853757,3541.6134199414146,0.5948272536478647
1122,8766.729201710645,3643.093941075019,0.5844409177867448
1123,8287.553681258058,3624.39706833793,0.5626698531637453
1124,8738.801231756805,3688.7672215421717,0.5778863572114226
1125,8460.541862142472,3544.0774939356675,0.581105140582781
1126,8434.28973171363,3486.546915359179,0.5866223444696863
1127,8782.03713428352,3596.6861948965857,0.5904496713119376
1128,8504.610369102696,3489.360143545756,0.5897095819671383
1129,8464.069479938244,3603.696396906193,0.574235962329023
1130,8303.165650598445,3542.5668595506395,0.5733474425750724
1131,8725.39477769279,3547.2921371241678,0.5934519609137778
1132,8476.492492261183,3488.0281814321356,0.5885057192445324
1133,8137.0249045750825,3486.9778353997585,0.5714677199231395
1134,8018.848905956218,3549.1367067189876,0.557400725672388
1135,8430.66539009857,3585.5241674266867,0.5747044863578952
1136,8426.242631753643,3367.315823204636,0.6003775383211531
1137,8098.079614548161,3374.9100382034576,0.5832456336758596
1138,8371.538532026698,3496.9919855438334,0.5822760688294613
1139,8290.706405132178,3596.6487151339206,0.5661830802611107
1140,8577.43480557631,3582.7423526175253,0.5823060817333948
1141,8436.00347748097,3501.3523927935003,0.5849512862174613
1142,8632.61558305879,3704.3475038987576,0.5708893245323687
1143,8480.770190607791,3583.8420686009426,0.5774154955206846
1144,8291.783772274,3491.211606124527,0.5789553005713424
1145,8369.718918800721,3447.3405298603584,0.588117526609326
1146,8691.153742990564,3719.861144786969,0.5719945527615311
1147,8057.912723681273,3455.0710808852705,0.5712200914349423
1148,8247.151085515976,3609.534205521225,0.5623295647074473
1149,8437.451765789136,3455.888469287701,0.5904108769782721
1150,8471.165789464665,3475.164170639975,0.5897655344011881
1151,8028.817921905555,3520.753649601914,0.5614854286337707
1152,8182.351209928046,3518.726194312416,0.56996148123745
1153,8476.031616174025,3572.41252733985,0.5785277015103452
1154,8068.51111777545,3458.9308657268675,0.5713049390107897
1155,8353.22985783389,3480.463438160271,0.5833391996395028
1156,8341.379601303766,3559.8175174379094,0.5732339627749939
1157,8352.663122469918,3644.8008588782523,0.563636075651945
1158,8425.625833517344,3498.599346564853,0.5847668273320019
1159,8466.532379130442,3513.1073721075168,0.5850594771518098
1160,8241.148597418425,3502.945737393686,0.5749444757626383
1161,8206.334862902113,3440.251470731465,0.5807810029440057
1162,8214.707377785313,3481.773118916329,0.5761537254106042
1163,8094.921694151247,3564.642882473035,0.5596445503545062
1164,8289.293972927208,3582.612553534464,0.5678024491307392
1165,8375.24555791234,3495.0416009439336,0.5826938354491511
1166,8338.214552356038,3545.9008783954364,0.5747409884777419
1167,8184.495744929879,3518.218214119163,0.5701362278429158
1168,7990.210430834959,3475.3090751334507,0.5650541240163197
1169,8465.116216054827,3670.809325003889,0.5663604336533643
1170,7934.913269540815,3395.964091112391,0.5720225318469156
1171,8065.808557798425,3494.8312853949756,0.5667103601143622
1172,8053.94263554169,3446.8826099297394,0.5720254332680742
1173,8414.719908485173,3469.7694684974263,0.5876547875350425
1174,8199.73493411663,3460.882817097651,0.5779274763263433
1175,8210.009655816333,3545.1974776611223,0.5681859551590724
1176,8142.259040510098,3434.070434108614,0.5782410732668761
1177,8128.168099319127,3434.3649906154596,0.5774736756609221
1178,8229.480118403064,3657.2394501355193,0.5555928931698775
1179,8017.523248372667,3538.668172225344,0.5586332508678918
1180,8169.348091948117,3487.6324050875373,0.5730831437425195
1181,8047.258199997909,3443.2005847376163,0.5721274875039413
1182,8186.092319530741,3531.5157464014296,0.5685956609631945
1183,8267.236595548204,3503.4270204236636,0.5762275604510687
1184,8173.7797241712415,3474.3801945309674,0.574935915601366
1185,7960.036862168935,3499.9311934055218,0.5603121877438306
1186,8054.483044632144,3477.7558627471735,0.56822109582006
1187,7942.391762566044,3460.7172885296322,0.5642726533787177
1188,7989.5751296296485,3420.747088574847,0.571848686184967
1189,8155.677145525129,3488.2048361683655,0.5722973366984887
1190,8213.8686510388,3556.294924958242,0.5670377655103505
1191,8095.511185157559,3503.7367137356564,0.567200065122575
1192,8041.621555430914,3519.6101357683197,0.5623258180570125
1193,7877.383172172983,3315.2569093187253,0.579142357701992
1194,7899.646419149865,3356.532028102238,0.575103510966576
1195,8034.2634616015785,3369.5065814763143,0.5806079054314924
1196,7980.718237350425,3402.976438129562,0.5736002278337118
1197,8196.4901777752,3522.8661308019678,0.5701982123575007
1198,7837.229853190592,3422.2298403774043,0.5633368033752142
1199,8289.95341140624,3384.568361348754,0.5917264918893406
1200,7964.442860254377,3358.8906189212994,0.5782642078225646
1201,7983.465280279056,3451.875487364493,0.5676219077583519
1202,7942.451107504431,3362.114660615128,0.5766905436234375
1203,8136.2560829883705,3572.474892138689,0.5609190694466745
1204,7944.811904042883,3412.2938331031883,0.5705003624608442
1205,7884.618965491874,3457.9544464018063,0.5614303669541899
1206,7895.109446255013,3448.0827454844825,0.5632634646857169
1207,7802.969366144754,3512.885003331275,0.549801512924957
1208,7930.313483367397,3352.6950547179877,0.5772304510093144
1209,8053.238113348411,3513.788290117406,0.5636800699717014
1210,7849.73332401333,3450.9506877269323,0.5603735126682539
1211,8023.927919550816,3475.066521203494,0.5669120465630965
1212,8013.616309123404,3482.6154888479027,0.5654127481892304
1213,7740.634080234199,3337.4574755468307,0.5688392654977623
1214,7810.807275476646,3357.3368612280083,0.57016775055135
1215,7690.324906806454,3427.220951086876,0.5543464037451064
1216,7866.682277789164,3376.0221681972807,0.5708454912779226
1217,8000.786384549517,3445.97010061011,0.5692960747877616
1218,7633.656999102704,3376.023019781427,0.5577449942827847
1219,8063.798544808036,3527.3731676145976,0.5625668042158947
1220,7581.166395724974,3304.842645717166,0.5640720077611316
1221,7813.916531335389,3451.267213938227,0.5583178806558854
1222,8042.525004028975,3380.95887671925,0.5796147509612306
1223,7667.970945162335,3487.6336273534557,0.5451686434005364
1224,7935.935588186835,3481.8224685434834,0.5612587287469412
1225,7503.465250114675,3398.194891889524,0.5471165949842188
1226,7807.586919255961,3339.3925190958416,0.5722887809471771
1227,7452.165320654898,3311.588806180265,0.5556205929836724
1228,8022.161923184745,3514.0937922101584,0.5619517748633168
1229,7865.151641247408,3503.690669517396,0.5545298006534414
1230,7574.369853516538,3317.7536287095163,0.5619762841169963
1231,7907.5501129588165,3319.010653613009,0.5802732064670895
1232,8251.007693021047,3461.2005303324086,0.5805117800023387
1233,7861.436250758515,3477.705515255698,0.5576246624247383
1234,7787.174538102425,3409.2721031757965,0.5621939528266222
1235,7833.299352081881,3411.6456144637486,0.564468883273684
1236,8080.734607987602,3473.162677843685,0.5701922106920142
1237,7894.272863512915,3377.4905706238374,0.5721593832619475
1238,7600.931312056165,3468.5730279573427,0.543664731918352
1239,7807.914497789978,3427.3601623487125,0.5610402543062141
1240,7582.546274592226,3325.6159246226525,0.5614117205237237
1241,7634.870433730436,3186.4490230702545,0.582645304759502
1242,7611.360381888898,3359.249405690809,0.5586532187223606
1243,7763.531390578689,3466.122283030239,0.5535379315608233
1244,7731.083525797159,3443.0565928046403,0.5546476012947197
1245,7891.879339801454,3489.49345730283,0.557837454545951
1246,7587.122617567202,3323.669699182593,0.561932781804926
1247,7782.763383210368,3344.2300012469336,0.5703030097945174
1248,7681.603957434277,3374.2941663899305,0.560730521244293
1249,7790.365625761896,3333.448561379325,0.5721062756854478
1250,7857.830876482382,3464.028709607034,0.5591622212213184
1251,7691.994413778675,3401.4814629628377,0.5577894002536246
1252,7786.857318593092,3356.9449723045536,0.56889604689571
1253,7725.807210911698,3438.9480318414057,0.5548752463063874
1254,7614.020359548286,3408.4984363692693,0.5523392011823457
1255,7605.507874378633,3448.1309354016307,0.546627129659853
1256,7361.220349742174,3260.47443700306,0.5570741966558225
1257,7804.265074780626,3332.9719223034317,0.5729294314881892
1258,7656.22792890807,3352.190030043072,0.5621616726709492
1259,7633.0460042515715,3278.062786416926,0.5705432949583875
1260,7624.669399512441,3357.8034470322636,0.5596132407725143
1261,7607.844498161694,3407.7654414102863,0.5520721483945006
1262,7558.163400208666,3307.9001700129184,0.5623407440593844
1263,7723.134080940223,3347.1346318121828,0.5666092810595489
1264,7361.004801033046,3260.145880381396,0.5571058614275233
1265,7765.584062715015,3423.5287759899406,0.5591408516936456
1266,7738.250443568538,3379.5518426301887,0.5632666754228635
1267,7646.332213635775,3340.618354351028,0.5631083948466596
1268,7650.7243839674065,3431.564192056134,0.5514719888162223
1269,7343.854335109959,3289.6472678287446,0.5520543957276777
1270,7475.547382549487,3328.790036176895,0.554709526161597
1271,7225.399511424507,3274.7923880136195,0.5467665998488178
1272,7646.479769590404,3372.524209946531,0.5589442054945519
1273,7439.388735969892,3264.8811981767794,0.5611358252606317
1274,7409.196271331948,3399.3143087562576,0.5412033661587474
1275,7283.123614542512,3355.249844276106,0.5393116989561263
1276,7568.715274923994,3263.260391605605,0.5688488372105693
1277,7771.99764468315,3386.898216288926,0.5642178020208337
1278,7505.477545500487,3346.4473587439434,0.5541326533246204
1279,7667.332118440957,3396.883643587253,0.556966674833702
1280,7299.811377844381,3290.279306920609,0.5492651608907433
1281,7217.941701091044,3200.38012672234,0.5566076508710815
1282,7706.523178955711,3403.8762064704597,0.5583123378172064
1283,7607.992836391486,3371.206181567114,0.5568862571161284
1284,7333.06774825874,3231.839653143148,0.559278631523545
1285,7714.460990131891,3395.734469631823,0.559822199635782
1286,7457.0451439677545,3385.4486935767,0.5460066784877521
1287,7633.259147540079,3298.2469278566937,0.5679110502989279
1288,7523.2037347309315,3395.45293017834,0.5486692837383622
1289,7551.793730207894,3383.3070934262323,0.5519862943431993
1290,7322.171103990787,3182.1178163412505,0.5654133492446103
1291,7264.026604917061,3263.696481755047,0.5507042224286689
1292,7510.264367500591,3256.6418115238585,0.5663745439353067
1293,7374.356889698051,3269.4645493139974,0.5566441117216029
1294,7245.460867039649,3248.7210710071745,0.5516198167895789
1295,7311.036607715945,3316.5625146369057,0.5463622065389933
1296,7345.5690887653645,3268.2614772954266,0.5550703508739644
1297,7422.481252545547,3336.3881748906147,0.5505023102959813
1298,7161.933007049053,3291.1067187505378,0.5404722837380211
1299,7368.685935870495,3247.8454523517053,0.5592368190722702
1300,7426.36488625829,3274.9432883473773,0.5590112607572897
1301,7461.220556667932,3303.222244477486,0.5572812491750472
1302,7194.049916678939,3163.4252673444757,0.56027198810363
1303,7357.468022743694,3215.0464865369577,0.5630227033813154
1304,7178.829082579112,3236.973935862391,0.5490944416384607
1305,7447.001598491,3332.6225700463824,0.5524880012484921
1306,7294.997812496117,3177.468132426764,0.5644319280008756
1307,7448.2689572056315,3394.1520043133446,0.5443032436376023
1308,7223.551794296667,3184.937874040247,0.5590897712459257
1309,7444.800359552045,3279.6240208105305,0.5594745510398258
1310,7312.851146456144,3289.189257415416,0.550217939413497
1311,7364.456104562761,3205.5551368454994,0.5647261533870167
1312,7409.291473541342,3281.4839817196034,0.5571123104769441
1313,7468.038188683355,3261.5409667540325,0.5632666994530922
1314,7434.183510100408,3409.400986394003,0.5413886431829613
1315,7608.349001450628,3293.9591879040186,0.5670599249224788
1316,7304.82710375611,3183.1736671986805,0.5642369597547481
1317,7148.306437852654,3176.838380591598,0.5555816740355192
1318,7273.552820532489,3152.729230292296,0.5665489330891409
1319,7461.220490735592,3433.955255839557,0.5397595795348211
1320,7379.865724849522,3282.8933784332185,0.5551554051479497
1321,7137.012332971765,3231.3722099867323,0.5472374070227748
1322,7222.136133165211,3144.4444276467916,0.5646101970846276
1323,7262.076410168578,3269.144373110155,0.549833382566369
1324,7310.1129968394,3223.798146637901,0.558994758626612
1325,7427.785305005904,3235.6883195430996,0.5643804732263289
1326,7002.408921384464,3078.7117158101964,0.5603353431119678
1327,7325.052513399378,3281.9757971416216,0.5519519087217387
1328,7285.454308975149,3198.395902365902,0.5609888187170824
1329,7339.216057179312,3206.917283313117,0.5630436196007513
1330,7275.310467632171,3198.0521368545615,0.5604239638868083
1331,7220.933514814636,3159.7671265068047,0.5624157015122556
1332,7527.981030524936,3340.2887032502667,0.5562835918812956
1333,7282.953240379931,3295.445331785425,0.5475124962338065
1334,7484.458557152307,3425.8206629967285,0.5422754182100531
1335,7287.591846172536,3324.261195161688,0.5438464083430249
1336,7278.394428050015,3223.3640600305475,0.5571325390654691
1337,7375.072450620594,3206.462521488882,0.5652296919172548
1338,7223.571200954806,3301.479572774225,0.5429574263298135
1339,6890.261484781926,3124.909824634105,0.5464744216840114
1340,7040.830449174201,3328.5216024844517,0.5272544018049967
1341,7255.331129151377,3156.6124489665676,0.564925102276375
1342,7288.816930252069,3215.327819786142,0.5588683526347058
1343,7278.806501480177,3182.0316602076314,0.5628360694077317
1344,7306.751427999469,3244.8485327285416,0.5559109181825616
1345,7301.793994428697,3253.469355660852,0.5544287666642931
1346,7191.202476613422,3182.1021443250324,0.5575006885602822
1347,7223.317715478029,3236.9655903532903,0.5518727380055339
1348,6904.923070116275,3247.9585700839493,0.5296169794938417
1349,7098.830656264674,3321.7368709346442,0.5320726705879042
1350,7038.0481629265905,3073.892571100207,0.563246442771996
1351,7368.100988546779,3182.7477462085017,0.568036899717326
1352,7285.067502897805,3245.9085195678285,0.5544435904984143
1353,7383.285302895849,3400.1979593995034,0.5394735785076749
1354,7009.289216455999,3157.925242217453,0.5494656954939937
1355,7020.69467883543,3132.2441637998754,0.5538555218414025
1356,7115.189423153174,3131.278638095231,0.5599163350583616
1357,7217.309251006354,3210.531608393234,0.5551622499831819
1358,7177.395039764143,3102.6230706528368,0.5677229616784765
1359,6944.299696024067,3134.4277644630993,0.5486329937261054
1360,7111.38188755851,3250.194984405676,0.5429587335069221
1361,7068.408676815473,3176.756969298935,0.5505697088909469
1362,6782.252897101564,3120.4089379445854,0.5399155729981536
1363,7116.129602799146,3291.8743836219874,0.5374066286922148
1364,7054.081825167477,3170.2256752080743,0.5505828038601173
1365,7338.588395588055,3258.631012896609,0.5559594247231945
1366,6914.408922016663,3207.552518141041,0.5361060425674791
1367,7058.946185071999,3100.2868972863157,0.5608003211807042
1368,6943.862409824291,3120.0278030968293,0.5506783373641502
1369,7005.358486894258,3127.9145655587577,0.5534968593812133
1370,7152.068703344335,3211.4453726062707,0.5509767165541088
1371,7198.783373989908,3307.908840579828,0.540490570596733
1372,6831.336005791064,3108.6794642839122,0.544938287086359
1373,6967.045344462828,3145.4858288540327,0.5485193976304521
1374,6777.481788359812,3055.9744415822834,0.5490988339015742
1375,7199.679324819574,3241.2426575522218,0.5498073578945895
1376,7199.691376404598,3065.856031679359,0.5741684092561208
1377,7049.599394163897,3109.6908022145335,0.5588840403060447
1378,6912.050946162384,3151.153000961358,0.5441073820917222
1379,7122.754603512765,3183.1382396489917,0.553102919188154
1380,7081.353651858327,3183.213598799771,0.550479505007575
1381,6968.321106934077,3077.7662171866787,0.558320265390176
1382,6785.510356480879,3077.9924220133103,0.5463874844618721
1383,6835.5675299305885,3071.0214781612362,0.5507291143399149
1384,6923.783762216649,3170.690930597409,0.5420580654323739
1385,6858.844416247314,3150.739854700029,0.5406310941772469
1386,6851.898574019361,3163.494715137753,0.5383039195686707
1387,6786.501817061395,3031.73116573821,0.553270411257184
1388,6835.0565486085425,3146.255661049842,0.5396884226670595
1389,6968.458491304446,3259.321719719701,0.5322750757880199
1390,6746.249535669683,3054.533946827705,0.5472248794419239
1391,7112.249102623611,3189.621029686886,0.5515313111698692
1392,6897.967092503137,3176.5884435394964,0.5394891855903629
1393,6939.095551659318,3085.722741207559,0.5553134096172401
1394,6943.1995807286185,3143.5554235285827,0.5472468583138872
1395,7196.328823384743,3086.5552068057855,0.5710930833544032
1396,6911.984394797711,3201.3354479809586,0.5368427841951674
1397,6724.151078798534,3091.5539137280125,0.5402313425889876
1398,6819.499701233151,3074.9445997780076,0.549095280520069
1399,6892.719071429272,3240.0944036036926,0.529925074556705
1400,6834.550017184292,3098.553031179272,0.5466339373640552
1401,6973.362903807882,3159.6734148183355,0.546893879122086
1402,6761.076342370638,3137.7490190958856,0.535909837397917
1403,6639.212973412013,3108.1827018331487,0.531844705949266
1404,7016.107650071993,3166.5724885041245,0.5486710514666018
1405,7011.550964917027,3235.990009606508,0.5384772890052292
1406,6822.057330324189,3111.861606868935,0.5438529088524888
1407,6917.77615695506,3151.58067748077,0.544422859893753
1408,6639.4152726714165,3082.9033673795084,0.5356664343516684
1409,6785.556535983476,3124.112236738778,0.5395938092665262
1410,6869.280673502591,3162.103696547304,0.539674698583109
1411,6952.762737124757,3111.3913713960224,0.5524956784757614
1412,6809.06486071138,3065.442268789758,0.5497998137045952
1413,6650.785671119357,2960.4799469664827,0.5548676361918876
1414,6688.097783478868,3000.0958332280493,0.5514276360254522
1415,6853.591138500258,3095.998405818262,0.5482662529390765
1416,6676.822209471908,3073.812958700487,0.5396293532663041
1417,6784.52203664705,3129.341090544268,0.538752903499919
1418,6880.39242889733,3164.513727155697,0.5400678435339117
1419,6730.553816885995,3116.818557818963,0.5369149935330266
1420,6781.059535064581,3143.7615886544672,0.5363907996385808
1421,6919.777603303564,3076.4309575330294,0.5554147641877517
1422,6808.512073256905,3098.7292783164958,0.5448742331693928
1423,6752.25491943101,3085.792436248933,0.5429982319878168
1424,6726.76318026276,3048.2906871426453,0.5468413848599954
1425,6936.900337045967,3139.2471430281157,0.5474567904250816
1426,6791.238850415762,3196.0563527020463,0.529385370902338
1427,6876.384090028329,3142.080160828798,0.5430621501516717
1428,6706.272329378776,3016.229019723278,0.5502376176240548
1429,6632.613362445977,3018.017611047908,0.5449730828370007
1430,6865.2077494979585,3138.530646688239,0.5428352992059484
1431,6856.983583334656,3127.971844659386,0.5438268435902824
1432,6854.716153224767,3100.0451586402946,0.5477500323362196
1433,6693.97167208981,3068.5230462451254,0.5415990391714409
1434,6843.935777467502,3192.230274807455,0.5335680551945955
1435,6643.262807023766,3052.3752923740994,0.5405307029029629
1436,6929.0991529909,3084.441568340904,0.5548567713871543
1437,6711.879892775478,3003.093893175527,0.5525703765337053
1438,6859.066370998568,3091.017380328979,0.5493530441113115
1439,6507.588612861635,3020.495410039902,0.5358502834567358
1440,6682.832133510856,3087.0244708381056,0.5380664351333446
1441,6762.215066142217,3146.009565897397,0.5347664137969858
1442,6931.939386388634,3124.9094455601844,0.5492012737883758
1443,6653.203175271263,2961.0002429498145,0.5549511769074917
1444,6665.801531939771,2994.1804377848725,0.550814643454655
1445,6684.53376071095,3030.738556086759,0.5466043460053649
1446,6730.457196145734,2949.8525155067264,0.5617158790942182
1447,6763.781838944603,3036.2078420685193,0.5511079578902742
1448,6726.617021271839,2995.0786911537157,0.554742200770125
1449,6679.02457658327,3140.8299835868866,0.529747203716143
1450,6762.8343997663405,3088.7948607071485,0.5432691859475566
1451,6472.018506950058,2980.645868478524,0.539456528859162
1452,6515.266945343509,3001.874366787164,0.5392553533155511
1453,6603.239717566603,2967.8886406545525,0.5505405274385122
1454,6510.544575332929,3008.423930262876,0.5379151627866652
1455,6618.759112418989,3052.6815274451073,0.5387834070411683
1456,6251.628825127525,2852.057689913653,0.543789663511337
1457,6466.79410752325,3009.8643594731766,0.5345662302791422
1458,6443.938241699763,3089.9404655216726,0.520488814506916
1459,6411.151661143626,2979.545492054128,0.5352558090128483
1460,6341.8444680474495,2945.637179776951,0.5355235855092069
1461,6409.90694940429,3091.5497981682106,0.5176919380310931
1462,6560.014126461954,3025.211221300092,0.5388407459220375
1463,6383.652939827198,3037.331355695727,0.5242016782043377
1464,6548.176351627082,2926.489367597321,0.5530832997693853
1465,6643.812951541974,3064.9013264322853,0.5386833812470673
1466,6122.3841449350375,2931.494869884306,0.5211841007543621
1467,6544.153220188767,2957.9235709109767,0.548005147283875
1468,6553.913020291039,2983.124318205027,0.5448330929981497
1469,6588.204579413014,2957.919752532071,0.5510279444304063
1470,6600.15288045679,2972.551121459,0.5496238988250113
1471,6442.905834012929,3058.178107316015,0.5253417966825622
1472,6334.740180525711,3057.009188819541,0.5174215355797207
1473,6428.40352446118,3030.948555686589,0.5285067989037544
1474,6477.946560037374,2967.7680364808616,0.5418659278869168
1475,6706.297978539803,3041.242660258264,0.5465094646867377
1476,6519.026053197507,2912.0108066296484,0.5533058492378105
1477,6574.126166664968,2991.2851581836244,0.5449912152049413
1478,6654.117309899542,3104.708513839461,0.5334154224752715
1479,6345.62590954954,2874.6258188205297,0.5469909730268685
1480,6574.307317320588,3048.0660408813324,0.536366967079416
1481,6304.142442463511,2996.8007122415393,0.5246299176148597
1482,6241.810360707815,2779.1701960763817,0.5547493378569697
1483,6292.917767709992,2937.3535105672545,0.5332286835783389
1484,6395.001959784084,3021.77378584376,0.5274788334942457
1485,6334.436252320547,3057.752831003506,0.5172809845732785
1486,6491.839627122899,2979.832311845513,0.5409879967774041
1487,6280.461182165603,2924.5739650376267,0.5343377054311819
1488,6539.368354696146,2916.762430334318,0.5539687822846544
1489,6428.380214825231,2950.2489917076928,0.541058728153045
1490,6409.907199749629,3025.553581636542,0.5279879275389947
1491,6325.8759069246435,2964.99368501171,0.531291203204592
1492,6350.6966815806845,3009.930007624613,0.5260472734661541
1493,6381.851540304294,2929.58524761678,0.5409505800761554
1494,6482.506108043217,3063.4806368096943,0.5274234091335975
1495,6408.156283712041,3004.912983171598,0.531079947159006
1496,6264.555291115606,2839.4442059316925,0.5467444895955196
1497,6500.380209049815,3084.522348513962,0.5254858563165741
1498,6413.347205028892,2957.1652351475755,0.5389045469378648
1499,6342.181506617302,2927.072689836265,0.5384754146846449
1500,6270.742251644455,2960.570654583994,0.5278755630870322
1501,6380.174755232839,2894.4352544840376,0.5463391888897551
1502,6508.620590795918,2993.2029016108168,0.5401171630984888
1503,6335.3244652376325,2876.476690226882,0.5459622145621253
1504,6357.340730061913,2987.199667751959,0.5301180486321255
1505,6288.897084477411,2924.3795504572463,0.5349932569773872
1506,6266.522016447753,2976.5222600057564,0.5250120797161053
1507,6495.4558381382285,3073.319596959645,0.5268508210132731
1508,6507.881609730108,3017.732595236071,0.5362957139963673
1509,6442.158576500456,2972.958661682359,0.5385151379962854
1510,6296.077947537656,2919.7491068648305,0.5362590598156873
1511,6306.342233526673,2906.838938685789,0.5390610228490236
1512,6317.83191344707,2974.441019092576,0.5291990892062698
1513,6263.244732696999,3081.912321029283,0.5079367879494965
1514,6209.627208404104,2967.971477500261,0.5220370921005675
1515,6341.632694009237,2854.720653937557,0.5498445287387377
1516,6407.1140295138275,2914.059159896924,0.5451838149791688
1517,6356.75904038335,2967.9240843842817,0.533107348331187
1518,6472.372702191365,2922.9111670648435,0.5484019073754471
1519,6341.922896228395,2958.0456319038944,0.5335727538310071
1520,6169.986051946239,2857.8907762999957,0.5368075791032765
1521,6242.011048936845,2884.5615158887395,0.5378794601172574
1522,6168.762332181488,2899.411381947662,0.529984910129885
1523,6046.213715274175,2920.014050931686,0.517050804281854
1524,6211.084143050948,2881.407016522775,0.5360863014959256
1525,6280.854401237586,2959.206505327349,0.5288528731466433
1526,6069.178912071197,2851.189014140725,0.5302183284678101
1527,6239.550253771057,2950.832835976896,0.5270760365791632
1528,6432.310592288363,2966.632687324942,0.5387920647237386
1529,6142.841241846294,2864.2735658095985,0.5337217009129945
1530,6409.249590208278,2989.1676483705182,0.5336165948448607
1531,6162.664430057906,3005.6114317339593,0.5122870203552983
1532,6103.784401208453,2948.6722059798094,0.5169108192294573
1533,6252.078272744651,2909.9393726255157,0.5345644686965736
1534,6145.201707090799,2917.507690291954,0.5252380915462038
1535,6264.367432470137,2958.90265069055,0.5276613827992191
1536,5945.338844779396,2784.2951000896323,0.5316843711045127
1537,6354.51113183961,2911.763000048492,0.5417801716549129
1538,6059.2764226878835,2840.226460371798,0.5312597970052868
1539,6277.570729789618,2938.9339256102503,0.5318357925202153
1540,6212.724733114067,2891.4042408247706,0.5345996539306703
1541,6186.157030972868,2873.560807644438,0.5354853112753062
1542,6096.262040165567,2955.171416964081,0.5152486232557316
1543,6155.1961931688065,2938.126475762924,0.522659167383855
1544,5963.20049317152,2864.826342932573,0.5195824211825353
1545,6023.9936745410005,2836.690729689992,0.5291013100364628
1546,6168.1625157343815,2926.016845440012,0.5256258508143993
1547,6036.274579882115,2914.9115596488773,0.5171009003858463
1548,6160.149086037951,2932.7821575527496,0.5239105228475827
1549,6135.598014027689,2836.707612781377,0.537664037589185
1550,6101.23269954962,2862.761467141407,0.5307896603660551
1551,5953.99816399728,2881.0081573027755,0.5161220951118701
1552,6005.605127595693,2827.093203055375,0.5292575613962844
1553,6038.179355010176,2871.1756281086323,0.5244964650269495
1554,6257.291161368489,2836.412501493778,0.5467028098348159
1555,5937.8406500280835,2809.26835563043,0.5268872101481633
1556,6287.870785291703,2905.3226374966143,0.5379481009227145
1557,5952.7679686921865,2857.1780832453164,0.520025289365842
1558,6086.094292798636,2861.974675207995,0.5297518346709773
1559,5961.557433388102,2841.751060683002,0.5233206938898911
1560,6295.182276337394,2857.332386365444,0.5461080774252225
1561,6115.533896589384,2943.291994479144,0.5187187178995755
1562,6045.224630375281,2937.2786477604536,0.514115880326169
1563,6056.591515495763,3005.6869571605434,0.5037329247860771
1564,5991.4013408128,2951.0319493085326,0.5074554713591942
1565,6049.8948078815165,2861.108926277199,0.5270812109741343
1566,6091.24405088368,2887.662721163281,0.5259321910202635
1567,6434.493471382468,2940.796835622486,0.5429637393057067
1568,5952.75234231492,2849.5046526749124,0.52131308530689
1569,5996.81832373304,2888.123034486995,0.5183907734778385
1570,6091.678342630139,2819.9270923695362,0.5370853591143477
1571,5821.040897251489,2846.60720645191,0.5109796930311918
1572,6138.892475902939,2949.3399372869612,0.5195648158256498
1573,5727.2776824217,2734.4891923330165,0.5225499191831091
1574,5964.887915405668,2779.6653194776327,0.5339953811540162
1575,6034.265741427671,2920.573399315974,0.5160018593040976
1576,5856.407496545415,2796.9706619839176,0.5224084622468983
1577,6101.842773839925,2789.80065605676,0.5427937494526556
1578,6082.293230884659,2814.3146582880904,0.5372938213505446
1579,5897.015723027102,2829.3437681800447,0.5202075251161677
1580,6015.979786824023,2794.5086414802245,0.535485699669295
1581,6062.5968792763715,2757.7892530921895,0.5451141964396357
1582,6006.275061316494,2824.925148021143,0.5296710325147918
1583,5928.112968720592,2832.9953384998153,0.5221084089577946
1584,6044.134035887595,2789.5879185413223,0.5384635909829447
1585,5974.239830539994,2794.6891658975983,0.5322100810865849
1586,5774.096819232351,2802.4068469830504,0.5146588402105072
1587,5916.620151760544,2825.01494379341,0.52252893183403
1588,5987.91350980781,2887.3037633742942,0.5178113780960464
1589,5753.310739181831,2839.3911997874407,0.5064769958538298
1590,5890.376348930296,2827.3249347106357,0.5200094582710181
1591,5825.314914464344,2830.1502830271165,0.5141635560337157
1592,5964.5342925978475,2884.296405448256,0.5164255474182204
1593,5750.962790747794,2817.0729355449234,0.5101562924251469
1594,6207.223593047209,2845.196935133623,0.5416313118927173
1595,5845.518247023471,2787.7520671935786,0.523095823263729
1596,5635.939484745373,2773.52518446927,0.5078859182260054
1597,5997.4105398624315,2856.280159405884,0.52374776740373
1598,5687.782264147224,2811.3402954478033,0.5057229399991262
1599,5781.625441412575,2813.2669471752565,0.5134124519681934
1600,6035.480249407865,2922.687393383876,0.5157489921915297
1601,5856.902592839423,2772.976354308693,0.5265455912312935
1602,5791.808381426307,2761.2760654162503,0.5232445751707948
1603,5990.096093811789,2813.4295551474256,0.5303197960289976
1604,5700.19838253846,2699.138288455276,0.526483447186048
1605,5774.17352299643,2693.6579946069796,0.5334989529013769
1606,5878.174159770627,2791.108722464883,0.5251742043359608
1607,5903.865792205515,2795.820774849896,0.5264423560337306
1608,5837.353927713223,2742.208047812672,0.5302309776363126
1609,5654.075874237454,2658.960364779608,0.5297267981678415
1610,5802.590563887159,2849.156859163015,0.5089853699320183
1611,5754.592769103676,2791.9646812015985,0.514828452120606
1612,5700.13324962181,2800.14784161111,0.5087574765384839
1613,5639.369606073618,2701.0998870821936,0.5210280446642297
1614,5788.67001225817,2746.10315642883,0.5256072378260217
1615,5829.173215184969,2688.058846087682,0.5388610448072977
1616,5798.989045596618,2801.2620764351327,0.5169395812943927
1617,5654.880651347528,2783.8114174938205,0.5077152659569477
1618,5797.618644475051,2742.8603345682995,0.5268988005649251
1619,6016.147828142934,2885.808765967582,0.520322829756932
1620,5802.266418203579,2755.3423240359293,0.525126541002748
1621,5748.854033024628,2792.1301193645563,0.5143153568824322
1622,5817.7639058197565,2799.5623717513267,0.518790652719543
1623,5681.7683583876415,2808.5526296206317,0.5056904026235881
1624,5669.17246262826,2715.8511227839876,0.5209439930277049
1625,5746.4779239295785,2850.6186518321624,0.5039363781488537
1626,5871.276314199474,2771.25089318104,0.5279985568931804
1627,5726.374505203283,2770.1134380690746,0.5162535325707382
1628,5777.074550924269,2748.72724269643,0.524200835826731
1629,5862.509018907564,2807.618901761313,0.5210891970133817
1630,5721.060350162703,2752.3920422413617,0.5189017640474487
1631,5776.1051402926605,2702.340552623663,0.5321517723469379
1632,5820.801735705199,2807.6294885871207,0.5176558803978963
1633,5711.4796431766745,2644.9585638192752,0.5369048426918366
1634,5659.903020830886,2739.0284453876293,0.5160644210144905
1635,5755.311998388463,2766.8689568825844,0.5192495284951829
1636,5733.359723849996,2817.643474989949,0.5085528188177456
1637,5790.171649042072,2736.5384727714154,0.5273821505405372
1638,5875.4766852233715,2653.6999792938855,0.5483430330056704
1639,5769.134091072991,2730.933542287541,0.5266302534875524
1640,5668.872441379784,2734.8249429854072,0.5175716209412959
1641,5700.210647675903,2750.9625873043306,0.5173928197853606
1642,5448.423371250624,2626.966362864572,0.5178483418292837
1643,5697.389976131605,2691.75935510145,0.5275451800950631
1644,5519.769202013489,2631.906489285331,0.5231854099397362
1645,5753.885579585892,2803.4179533597976,0.5127782931057937
1646,5572.305990290577,2812.101872771222,0.4953432425155496
1647,5747.124026629674,2774.316795149789,0.5172686752026211
1648,5755.990035888505,2725.9958994525364,0.5264071198080615
1649,5616.689109630573,2866.2176864184253,0.48969621952122866
1650,5655.443930433015,2741.190517169635,0.5153005580306845
1651,5469.074983026435,2648.5264186601094,0.5157268044632863
1652,5446.104303199766,2686.556808123653,0.5067011833494977
1653,5550.169296935254,2683.8649889427816,0.5164354733422665
1654,5569.052274640708,2682.5898468453775,0.5183040642191769
1655,5660.647236241826,2710.9807903636142,0.5210828943717277
1656,5607.882367153824,2672.7921505302274,0.5233865520815564
1657,5694.480107358876,2731.766433226378,0.5202781673262561
1658,5791.522533391904,2698.2975268259265,0.5340953071893476
1659,5484.123288572945,2616.5907395234494,0.5228789358226978
1660,5784.879912727591,2765.082614465349,0.5220155550019702
1661,5761.125441904013,2748.296235595397,0.5229584456527467
1662,5428.427229523794,2646.1213700255107,0.5125436414374407
1663,5634.11455009891,2709.6441312798243,0.5190647781145565
1664,5668.489460222452,2765.3741249094082,0.5121497280157445
1665,5575.580627218856,2684.9060096437724,0.5184526618561294
1666,5535.848502246576,2716.4510950832614,0.5092981511360251
1667,5546.0872508406055,2765.7614635409655,0.5013130269233024
1668,5559.6677463270935,2696.550849335399,0.5149798562842478
1669,5562.158243271075,2730.161230483304,0.5091543406219757
1670,5690.568276974238,2722.7106084608577,0.5215397696785804
1671,5556.974820618134,2636.511851205755,0.5255490736752194
1672,5504.430189044451,2672.1687901351534,0.5145421599762297
1673,5684.8210710975545,2722.3074105513297,0.521126984208539
1674,5566.227452938212,2783.117662120963,0.49999929294088497
1675,5489.881463610727,2626.271453059749,0.5216160001872909
1676,5337.787708627084,2583.3359383371944,0.5160287221310931
1677,5512.955084279663,2603.002481255493,0.5278389826396331
1678,5571.376041149703,2665.7448406416675,0.5215284660463222
1679,5500.339418540165,2654.0309293994296,0.5174786995047242
1680,5453.263769661473,2685.6046059561745,0.5075234356171825
1681,5431.360075093901,2606.4608851416756,0.5201089876007505
1682,5400.194115312019,2726.259261873367,0.49515532152016983
1683,5464.440673917752,2708.457507952699,0.5043486296995774
1684,5596.852705028861,2737.1546701413977,0.5109475245467832
1685,5342.702914427475,2583.9740836861583,0.5163545259631832
1686,5586.180940176061,2619.3948640713397,0.5310938023449016
1687,5307.844956592889,2637.155948279916,0.5031588206049052
1688,5616.203409995004,2761.4450523223613,0.5083075076291053
1689,5515.852767370615,2720.0196463015077,0.5068723258184191
1690,5544.767809520127,2660.1128561547757,0.5202481064062815
1691,5620.113565313218,2734.4000979805237,0.5134617715099266
1692,5548.858119926738,2732.2681872462463,0.5075981169108861
1693,5584.001370710941,2748.4238752404895,0.50780386809064
1694,5392.565089825507,2531.92537182877,0.5304784773750968
1695,5412.561004978801,2638.743524057795,0.5124778230433764
1696,5217.734286678071,2629.638973205735,0.49601899431334895
1697,5635.821886142286,2714.6679517840234,0.5183190656789527
1698,5535.1593125778545,2705.393884508738,0.5112346850864582
1699,5306.774834365116,2606.676242140222,0.508802177688009
1700,5499.874849446247,2629.0131035688346,0.5219867405103708
1701,5288.766762317391,2659.6651048070116,0.4971105317486869
1702,5268.1928997640225,2600.1959984208206,0.5064349297958906
1703,5572.45061951032,2729.0042875597123,0.5102685561707994
1704,5644.332890393446,2639.207156509207,0.5324146878365217
1705,5320.959257383005,2588.2809766584114,0.5135687285958661
1706,5380.29116453005,2756.581014718062,0.48765207487449436
1707,5477.550476714289,2617.73870936157,0.5220968349831034
1708,5449.025940959731,2594.534735322159,0.5238534807075654
1709,5242.90622290864,2605.440552207164,0.5030541380231426
1710,5387.741978068222,2644.369575304685,0.5091877847771721
1711,5287.803958791091,2584.228169961734,0.5112851781001833
1712,5525.348052069751,2648.4336433469325,0.5206756898590578
1713,5362.713716089661,2580.092817144488,0.5188829846718317
1714,5321.785664609331,2504.902985449114,0.5293115613229047
1715,5476.041006036047,2623.700160131029,0.5208764585146428
1716,5423.922218425481,2611.6067983260823,0.5185021663005689
1717,5539.165264932242,2682.7565067238556,0.5156749476842568
1718,5558.011122993558,2734.865574495103,0.5079416874174771
1719,4966.390319380821,2533.9763947126394,0.48977502134214856
1720,5240.104611501952,2615.277395058639,0.5009112243068308
1721,5205.768352383658,2533.197347877251,0.5133864635530063
1722,5358.43574377519,2697.67374873528,0.4965557342235325
1723,5239.536179994486,2650.709232716213,0.49409467906012194
1724,5274.8796486516885,2520.421032826787,0.5221841632972553
1725,5292.038499064907,2608.808842319323,0.5070313938985338
1726,5315.948285805627,2591.4065743869605,0.5125222377903108
1727,5301.121211727441,2646.4395424579684,0.5007773946757972
1728,5347.421031957375,2548.1778371884184,0.5234753684140556
1729,5216.613815592584,2584.224118839512,0.5046165558364308
1730,5346.441528987747,2480.4544983421542,0.5360550592588667
1731,5382.584025094845,2617.4858586348346,0.5137120300525708
1732,5475.473463051339,2595.1949886028906,0.5260327702955105
1733,5269.434653197493,2547.266943437786,0.5165957809359863
1734,5266.4775031416875,2548.498755879729,0.5160904505223014
1735,5426.119065652301,2623.776095389809,0.5164543822861374
1736,5055.5701046821905,2564.180881748472,0.49280084567046767
1737,5304.191191805506,2624.6206673623383,0.5051798526008755
1738,5160.288379174986,2592.947534978216,0.4975188701774125
1739,5343.9117415611345,2641.546493931864,0.5056904713848848
1740,5211.488734730419,2557.7273951708044,0.5092136766744617
1741,5251.548724719082,2500.7258145020123,0.5238117466698775
1742,5261.153003505635,2542.0825066076973,0.5168202664104531
1743,5282.018455017844,2605.518585783857,0.5067191438324774
1744,5361.726723474191,2579.2296858108416,0.5189554002223372
1745,5086.970255034337,2483.2200335249827,0.5118469523057549
1746,5401.318104845354,2622.4978697332695,0.5144707608721086
1747,5170.880863222648,2600.9782700422465,0.4969951273599371
1748,5245.297965620945,2571.558452336473,0.5097402532342035
1749,5307.356778362328,2610.044568015534,0.5082213845776342
1750,5158.220483290358,2566.993125940488,0.5023490883617603
1751,5274.779191494529,2605.012755706703,0.5061380465162918
1752,5305.09907355862,2559.3535884101743,0.5175672399472495
1753,5051.004034900045,2579.5181907665833,0.48930585425326634
1754,5176.608832646026,2569.99207755459,0.503537516424447
1755,5250.710024582788,2620.453375901553,0.5009335187749642
1756,5359.825081176455,2600.3574755296263,0.514842847267161
1757,4977.905626197932,2404.7506642660574,0.5169151758100367
1758,5160.453741226897,2522.9053172497047,0.5111078514096157
1759,5130.106218581629,2661.1257163649107,0.48127278403591056
1760,5151.958615052074,2488.6512497255235,0.5169504579375646
1761,5078.549403444021,2603.5043865352222,0.4873527498285919
1762,5149.1258685128905,2475.7129809347484,0.5191974241542954
1763,5237.155564441348,2640.8047651569395,0.4957559055363603
1764,4853.334861806875,2436.4829385318744,0.49797757461458514
1765,5003.9902856372955,2498.7597890021857,0.5006465547756453
1766,5155.4390700784115,2488.4651191268676,0.5173126701138533
1767,5064.028763887535,2532.7256285565036,0.4998595492549711
1768,5106.626135024972,2532.533060572744,0.5040692242569351
1769,5071.085230622109,2538.8187916384186,0.49935394966198143
1770,5081.948493763828,2537.305751276735,0.5007218679232347
1771,5119.6148682039975,2547.3285208976718,0.502437471084364
1772,4978.515738793414,2529.234356351635,0.4919701997437862
1773,5031.578387256689,2555.9929751132577,0.49200970781122366
1774,5114.159523836654,2470.7101497569597,0.5168883296969533
1775,4884.768980764279,2407.003939559919,0.5072430346166923
1776,4960.209541052946,2539.0536299792875,0.4881156513721997
1777,5113.118924980606,2449.7554827378317,0.5208882252338529
1778,4970.759888252638,2493.978639143573,0.4982701447644704
1779,5284.370136491757,2478.5286154863074,0.5309699072041576
1780,5113.442394160195,2571.675583148794,0.4970754757918511
1781,5004.529597737132,2477.5510676800013,0.5049382725600702
1782,5148.445245916663,2521.4073063057804,0.5102584982708013
1783,4906.2876665297,2478.7632984923584,0.4947782382589829
1784,5245.854889066541,2470.840084639703,0.528991911349006
1785,5209.486563162913,2509.0559333550273,0.5183679038358692
1786,5071.129124973084,2513.4357206047507,0.5043636912680485
1787,4968.821587288422,2449.5331400483155,0.5070193008509547
1788,4981.076858638147,2541.9612645346983,0.48967636182396035
1789,4904.710982798909,2406.207752040066,0.5094088600778376
1790,4842.223074120671,2412.1991661493244,0.5018405535586834
1791,5185.875879501807,2531.0487493180076,0.5119341827438495
1792,4915.665741296782,2431.1277115411012,0.50543266375558
1793,5115.932292285447,2588.4840506150204,0.4940347325318757
1794,4866.29993515251,2587.8531029883857,0.468209288890188
1795,5050.0833387786315,2496.961785443583,0.5055602812987486
1796,4883.447680862848,2463.783117663596,0.4954828476368003
1797,4950.038208490905,2480.0118541998845,0.4989913714310593
1798,4925.596862025586,2462.925643852695,0.4999741731117131
1799,5014.605051150873,2424.5637634186496,0.5164995570564023
1800,4991.724030966704,2535.95195761993,0.49196871824486377
1801,4883.267205616757,2420.001489970151,0.5044298441857422
1802,5143.39383193695,2512.2313338555255,0.5115615455584421
1803,4905.074880860404,2449.616218345151,0.500595550966296
1804,4995.866308461778,2522.1071153260777,0.4951612073657288
1805,4957.177002600048,2416.022379917295,0.5126213208344008
1806,4785.642844161226,2441.240621796462,0.48988240424691876
1807,4856.195081184512,2439.909908376,0.49756756728544294
1808,5044.631337196326,2548.361502055046,0.49483692033849225
1809,4936.459132041829,2514.865597261539,0.49055273628461415
1810,4887.780134885059,2433.354670978367,0.5021554562957874
1811,4927.661056535335,2470.95806237121,0.49855356648483573
1812,4965.026326728307,2486.92807406533,0.49911079812862036
1813,5009.644226146188,2434.049083278812,0.5141273564747184
1814,4994.707914168131,2437.8672612597384,0.5119099448549504
1815,5028.959113053169,2429.7780160329016,0.5168427578330934
1816,5037.744740490032,2494.2712925385945,0.5048833513752086
1817,5025.638996069308,2479.7678980843793,0.5065765965235715
1818,4845.523789636948,2388.2479691781336,0.5071228472170861
1819,4869.709955560476,2515.3904412011534,0.48346195889367993
1820,4949.736580373361,2401.4211990314034,0.5148385858444485
1821,4807.519223288853,2392.6675648556393,0.5023072287958943
1822,4917.722911284327,2389.314577395911,0.5141420896420716
1823,4849.9042949079185,2445.1845381007274,0.49582829074214707
1824,4935.357586198711,2428.272954195206,0.5079843938794515
1825,4810.583377949647,2547.295238432132,0.4704810127378287
1826,4838.889498274181,2474.1824887000466,0.4886879542129494
1827,4848.428215313903,2491.3733253658197,0.4861482495509073
1828,4870.396548412924,2479.0213575102403,0.4910021529318678
1829,4936.072871048529,2474.364729454915,0.4987179496543157
1830,4874.8360697319185,2367.93757418588,0.5142528814684635
1831,4916.803363746279,2448.8081712357834,0.5019511682545804
1832,4712.960098366029,2439.5258540462128,0.4823792684151963
1833,4769.920577080409,2481.4554967053705,0.4797700597723099
1834,4773.158094712138,2439.766264487796,0.4888570174973569
1835,4724.4530772936405,2366.672315415467,0.49905898594061315
1836,4833.870700957314,2428.0028549573744,0.4977104260408691
1837,4886.927554759196,2480.627033602525,0.4923953740245781
1838,4582.698352614261,2337.3265428001064,0.48996718462458966
1839,4825.49416138255,2452.0966325804143,0.49184548761781843
1840,4899.8864997078,2394.634450547207,0.51128777152491
1841,4549.503075709261,2368.148791342815,0.47947088903250734
1842,4743.960556227531,2357.575286895329,0.5030364905120315
1843,4868.999817848708,2390.774805743678,0.5089803049530601
1844,4656.179121384101,2417.5456314323387,0.4807876655067994
1845,4586.175582705115,2389.292687206018,0.4790228494050123
1846,4909.0852228093545,2364.200635986204,0.5184030163091715
1847,4826.526271241374,2381.0332200924036,0.5066776629229854
1848,4722.128397778075,2375.772430266005,0.4968852538224314
1849,4612.564157337936,2295.16574150081,0.5024100124765687
1850,4834.702412942229,2410.9884751774093,0.5013160543814801
1851,4790.198346228769,2425.456757359245,0.493662562163264
1852,4674.189042730254,2415.7328977484735,0.48317603852466084
1853,4718.090531067125,2399.8330225561426,0.49135502874436054
1854,4683.087738004062,2380.1800710724724,0.4917498444974878
1855,4898.120244358756,2457.9789640065446,0.4981791296697058
1856,4743.21177843433,2409.642216290509,0.4919808920937746
1857,4867.207602741679,2434.710027298041,0.49977271856524497
1858,4796.071958248815,2325.3647846658673,0.5151522318870867
1859,4666.445626875211,2394.550146965662,0.48685780604088535
1860,4724.676557372055,2338.4541300741066,0.5050551923125095
1861,4661.439233056275,2292.2888949281187,0.5082443896999643
1862,4574.557864502947,2328.2973403619835,0.49103336118473895
1863,4786.878342099919,2396.6046412711908,0.49933871930828255
1864,4706.584026370561,2391.828109038108,0.49181230046315694
1865,4788.067470558276,2361.578934814912,0.506778267153458
1866,4592.976480969844,2251.6025928630506,0.509772670904771
1867,4610.452839792807,2321.929454634384,0.4963771379258418
1868,4761.454396102028,2304.9356121844116,0.5159177384810509
1869,4771.016913262978,2269.0205853805783,0.5244157321947625
1870,4782.101824702178,2376.2432046500667,0.5030964852367912
1871,4703.546240403766,2370.034865839191,0.4961174516622292
1872,4569.388396333701,2348.1901718205763,0.4861040541651761
1873,4790.017184859472,2499.3821486283773,0.4782101917027457
1874,4433.769382338618,2314.4846827264805,0.47798712942852883
1875,4776.366926453366,2398.8837873863677,0.4977597357312685
1876,4605.281968015355,2314.996035555422,0.4973171997646283
1877,4513.120710791451,2337.8149146793094,0.48199592599212027
1878,4718.340457288791,2384.2811372454307,0.49467802104821745
1879,4608.185338010268,2281.4892048805364,0.5049050683656655
1880,4417.1162737184795,2286.3157535405135,0.48239629390244354
1881,4785.529134008447,2405.6378531086043,0.4973099555464209
1882,4531.5927063313065,2299.9208704815273,0.4924696415747609
1883,4508.900748476963,2375.6107251800718,0.47312862764111263
1884,4607.021815495079,2313.8482868605033,0.4977561688381428
1885,4610.36768842757,2263.3493429971577,0.5090740053817477
1886,4670.840212857144,2371.89019901082,0.4921919631329158
1887,4693.222083664313,2348.203082367486,0.4996607787769365
1888,4802.928092283937,2399.0574761288203,0.5005010630946182
1889,4713.2108362662675,2325.9738009884113,0.5064990975810003
1890,4750.355188493576,2356.18608925462,0.5039979126272851
1891,4695.217462069824,2341.6138900774113,0.501276797295531
1892,4641.969350827578,2346.1788358709514,0.4945725276163939
1893,4607.679083868131,2358.665263312763,0.488101228323247
1894,4516.131514057031,2224.0113124646755,0.5075406228666817
1895,4463.396467024576,2283.070043396967,0.4884904219770275
1896,4574.6108903401955,2260.9088668248487,0.505770234666513
1897,4541.547724478352,2311.6954707844693,0.49098950159111376
1898,4522.161322495394,2329.430782826839,0.48488551895768617
1899,4612.038566176885,2323.2468710309545,0.4962646479002033
1900,4445.442106106185,2392.7808820365863,0.46174512569854353
1901,4401.582023039896,2285.9406732596312,0.48065475974457117
1902,4507.0492050431,2345.322497428026,0.47963237348202015
1903,4469.419945413968,2330.083845455406,0.4786607940374267
1904,4507.492212506504,2304.9182711044637,0.4886473093155371
1905,4336.797481295906,2234.9001889777087,0.48466577039472825
1906,4375.190894952023,2265.155234383701,0.48227282219910084
1907,4434.623379433206,2258.706733535265,0.4906654883003948
1908,4417.9460958911095,2260.536821088072,0.48832856444525796
1909,4439.916807208729,2282.2758229982583,0.4859642821926946
1910,4330.900819203064,2252.4952648752187,0.47990144339308516
1911,4412.062279683252,2250.551826177509,0.48990932504717966
1912,4474.17981435757,2214.0537784597514,0.5051486819204518
1913,4569.9676550643435,2319.001821243599,0.49255618501506704
1914,4306.273626733379,2291.3584997056323,0.4679022518492877
1915,4477.35834676817,2266.627968518572,0.49375774888452684
1916,4356.885252184148,2209.4504571740895,0.49288302783129967
1917,4368.150438890953,2184.7691414960555,0.49984114053298156
1918,4473.775742039684,2265.8879190221874,0.4935177689552397
1919,4460.067641144866,2294.4780606182876,0.48555083796233356
1920,4365.253090382514,2238.587119424102,0.48718045137952315
1921,4354.905397381857,2283.571687340146,0.47563230909378296
1922,4508.8845168929,2332.0633574558024,0.4827848553852868
1923,4471.195885691108,2300.9443028449514,0.48538503754476037
1924,4500.486073553093,2267.8407074889474,0.4960898288707496
1925,4485.073200756835,2282.699881158825,0.4910451225693194
1926,4463.659633076491,2289.752998141554,0.48702338745228524
1927,4360.089269983363,2235.1446789865618,0.48736263397765467
1928,4458.448529887688,2257.1641383440046,0.4937332744310352
1929,4313.9297145973505,2221.7558282353684,0.48498098596334216
1930,4292.36121959652,2261.927739095518,0.4730341592015086
1931,4319.141159740554,2211.7902291986943,0.4879097145943815
1932,4280.942418895317,2156.879553452343,0.4961671187324873
1933,4445.075882374725,2205.8581093024845,0.5037524290532396
1934,4352.696273024214,2220.7546716035604,0.48979792471010153
1935,4316.125799846698,2204.375948960429,0.4892697638612098
1936,4591.580185970674,2262.4919587977515,0.5072519988411237
1937,4462.166521879778,2206.910842274716,0.5054171933177855
1938,4428.469380671891,2219.5766959552348,0.49879371287004837
1939,4448.848199734451,2239.2574373075995,0.49666580274839234
1940,4432.303899620106,2232.6048006580418,0.49628796869063985
1941,4236.309959444545,2111.501635755088,0.5015705517374505
1942,4450.565715460697,2219.1553262763455,0.5013767983321125
1943,4195.138505862634,2185.2005765838658,0.47911122039711307
1944,4388.2374552363935,2198.577843284096,0.4989838481368919
1945,4279.933480589564,2154.1165342197137,0.496693921999231
1946,4318.812678065849,2274.332472390194,0.47338941465534023
1947,4298.201817560903,2108.8529835074196,0.5093638984350604
1948,4410.290664733402,2280.2961761255647,0.4829601154500309
1949,4268.6737035121105,2215.2859005787095,0.48103648710463576
1950,4208.6412438903535,2145.791496479042,0.49014625573180703
1951,4427.994179338539,2281.565677941476,0.48474058782925045
1952,4211.65239447876,2155.574826089592,0.48818785973043977
1953,4188.419635262172,2203.0670799338423,0.4740099436583931
1954,4112.103243360672,2177.6036152297565,0.47044043246100986
1955,4245.956197738389,2210.6358671320977,0.4793549993969335
1956,4374.0264397762985,2210.4904343723883,0.49463258514609254
1957,4322.4641668716085,2204.7162264544427,0.4899399644878698
1958,4230.311789144372,2185.389762805991,0.48339747240048925
1959,4152.462932321685,2246.0098086519106,0.4591138210603741
1960,4176.148366047904,2086.869061456692,0.5002885724982995
1961,4351.50791968939,2238.528857288268,0.4855739898439496
1962,4141.115144272153,2142.8942265469177,0.48253208329382125
1963,4233.179231851258,2269.5406513139933,0.46386851890476755
1964,4168.468478498028,2197.2521505289787,0.4728874257145188
1965,4314.686829530105,2162.5685099181624,0.49878899782080377
1966,4139.97964323105,2178.97086705757,0.47367594654233847
1967,4201.157904441976,2184.15844307645,0.48010560594090224
1968,4246.0741668049495,2240.123021993721,0.4724248955643302
1969,4203.881108896228,2064.552025912043,0.5088938120673655
1970,4329.475060920135,2168.695471041605,0.49908581513327943
1971,4335.444311722291,2230.857967506873,0.48543729151934456
1972,4259.71622858803,2170.6634925971507,0.4904206345884544
1973,4276.423214232588,2199.889679690652,0.48557718226552415
1974,4148.720351456241,2162.0800506870924,0.47885616105019435
1975,4209.140668549278,2206.522881982963,0.4757782987700758
1976,4094.3233641622223,2153.429173690838,0.4740451639604506
1977,4227.8842212197005,2148.0690766212374,0.4919281219102206
1978,4258.622290492821,2289.2123623012076,0.4624523599071537
1979,4008.032423443732,2071.991965290801,0.48304011884451525
1980,4262.8261829491785,2236.285339241714,0.4753984227209165
1981,4312.103239278071,2129.956636959575,0.5060515672356279
1982,4005.737800485947,2118.567944465773,0.47111667063961005
1983,4029.667223081645,2123.269498032732,0.4730906100953457
1984,4125.486742193927,2147.522424814477,0.4794499269988133
1985,4107.2189325163,2031.870582686578,0.5052928475274274
1986,4116.499626244916,2134.368625822388,0.4815088498454776
1987,4026.4942923756244,2120.6113455418417,0.4733355640023309
1988,4082.537542141108,2100.9272302615063,0.48538691718688665
1989,4103.0517871271895,2138.2449612567784,0.4788647396639609
1990,4153.080987093828,2101.399643857014,0.49401428713108353
1991,4101.541879549371,2064.623316689118,0.4966226416013203
1992,4066.4691971140296,2131.233471254978,0.47590074633603197
1993,4005.0160096742643,2069.3762172952793,0.48330388385548906
1994,3936.9091223530017,2093.652969130365,0.4681988067128571
1995,4137.02840058712,2141.5793087345587,0.4823387462289044
1996,4024.322365593222,2197.521872769018,0.453939900153828
1997,3972.0451905082705,2064.6616616317256,0.48020187016867055
1998,3966.7004910226397,2009.1972453858612,0.4934840051743161
1999,4087.156673851563,2163.490827706091,0.4706611465257805
2000,4098.569467714326,2213.9502095048,0.45982367093085597
2001,3990.990372727741,2063.6539394298206,0.48292184478025557
2002,3952.258127020736,2056.341045351341,0.47970477148428614
2003,4012.9338581829948,2064.506109148677,0.4855369706782412
2004,3990.4810337158447,2025.8395627891819,0.49233199063653577
2005,4121.296976270546,2087.3777260981874,0.4935143625618792
2006,3998.7607170125602,2105.940211485034,0.47335178058406957
2007,4017.3709160784792,2048.0753508849293,0.4901951067828858
2008,4166.257105326765,2106.7975733907306,0.4943188766009937
2009,4071.320173402666,2024.0753380725228,0.5028454526137471
2010,4171.479692269943,2094.072342907551,0.4980025081296644
2011,3978.602199090838,2067.9873068909924,0.48022265021530575
2012,3889.9680713244907,2047.6921109350437,0.4735966791013204
2013,3949.327828272521,2042.5000645529146,0.48282336808531634
2014,3954.6406773120107,1989.9056499634912,0.4968175841158746
2015,4131.27913003897,2122.0302642009583,0.48635030521867895
2016,3891.5350581964135,2026.254757978815,0.47931735737261705
2017,4061.2830242794876,2108.6275147681667,0.4807976932013355
2018,3911.9052088203543,2088.9277445516823,0.46600757609318344
2019,3922.340511175845,2076.7825629558665,0.47052466326201614
2020,3915.692158131613,2077.3998353891852,0.46946804000536535
2021,3910.576889470089,2053.6002595660193,0.4748600225466231
2022,3823.791920555815,2019.260365810599,0.47192200627980685
2023,3980.3601442187364,2076.852828679077,0.47822489588144523
2024,3979.0828494522543,2000.1662452367266,0.497329831794766
2025,3920.289694950127,2076.6026472487765,0.47029357296637364
2026,3818.823069398268,1922.361283848944,0.4966089685448951
2027,3900.1768182013384,2074.081395190323,0.4682083680127005
2028,3791.847884017653,1998.6938491252006,0.47289714401531213
2029,3942.312570095493,1992.040580800332,0.4947025266563073
2030,3833.901225754103,2081.748311487423,0.45701566396563675
2031,3983.2366366133833,2077.195387450866,0.4785156954127302
2032,4020.206508700034,2079.4168189800403,0.4827587054346528
2033,3975.3775232587873,1975.7829615455905,0.5029948853949457
2034,4022.7357922707547,2127.1226505468576,0.4712248677544545
2035,3861.368403895522,2015.5098448025633,0.478032232622708
2036,3863.316590489068,2023.8774852924746,0.47612952811711806
2037,3920.1809942807063,2131.183490012898,0.4563558434872883
2038,3833.770482777719,1978.5776049948777,0.48390817502425976
2039,3774.497349374344,2000.7176826014577,0.4699379818260849
2040,3774.72699857463,1979.6384842215443,0.4755545275276668
2041,3977.179863327483,2093.7874681175335,0.47354971611322116
2042,3773.186243594261,1989.6892036417883,0.47267665172380935
2043,3852.3369537037524,2026.9805378902674,0.4738309337293386
2044,3781.46256729504,1942.3792360995974,0.4863418051790944
2045,3818.2896438079715,2065.319155528672,0.4590983534007299
2046,3738.5576514125096,1935.2788659958612,0.48234612210281946
2047,3801.743562278321,1994.962346906647,0.4752506805821749
2048,3898.8759267123514,2086.9456105811014,0.46473146368089835
2049,3965.8962827411037,2002.874053428765,0.4949756850311675
2050,3708.706553927313,2006.6936618721754,0.4589235808513351
2051,3636.9281868057246,1874.0664269013168,0.48471173181253013
2052,3701.113796913698,1968.4285784563303,0.4681523761582871
2053,3808.366603809519,1956.70038820951,0.48621007592803234
2054,3599.9105919907483,1894.0422326775476,0.4738640907106131
2055,3813.831077838447,2186.5121767438136,0.4266887724919751
2056,3560.3492350401393,1924.699278822473,0.45940716717337027
2057,3942.7078518303147,2003.5954133056043,0.4918225015390173
2058,3755.5093458177357,2039.0691572844328,0.45704591054866894
2059,3614.5678040071916,1936.8153018559083,0.464164069710157
2060,3561.3573753299393,1876.8454654190955,0.4729971559663493
2061,3742.884670104973,2011.1284363368773,0.46267956039359526
2062,3791.4327879692523,1990.3344732891787,0.47504424195391537
2063,3686.1976625272937,2002.7949833381713,0.4566772683684479
2064,3818.031456774565,2042.2793246975903,0.4650962550154347
2065,3696.9407413593026,1916.4264515217644,0.48161829317904437
2066,3718.650058481731,2002.9843059380687,0.4613678957584255
2067,3683.6262465632444,1955.0133284415067,0.4692693564485544
2068,3690.615422399657,1940.6896032979903,0.47415555911914986
2069,4009.4106935125624,1971.5862160838722,0.5082603487654676
2070,3854.1439686674835,1965.8262442429564,0.48994478145490417
2071,3649.7181586049833,1920.3663584667652,0.4738316015062437
2072,3472.895001463713,1868.7878100421942,0.46189337447444834
2073,3622.5245926693387,1914.6521215786877,0.47145917919971025
2074,3726.2848632186665,1945.408726295851,0.47792270379042945
2075,3649.273766170758,1973.1703489041636,0.4592978013335943
2076,3691.333384653253,1930.5489343365323,0.47700499164805743
2077,3679.26639736818,1933.8960468948435,0.47437998828294126
2078,3715.1745007252816,2016.6331694267446,0.45719018876958417
2079,3672.624888517589,1893.1975967537637,0.4845110365959726
2080,3684.22620208579,1964.8650418724815,0.46668175782472543
2081,3621.7428481763836,1938.0280016321683,0.4648907769340934
2082,3447.3204770803995,1877.2467626752696,0.4554475642296114
2083,3630.3748024795314,1867.6496272929267,0.4855490882050719
2084,3612.6161377880567,1978.2941230596273,0.45239293420448956
2085,3621.929373441072,1953.2559090271466,0.46071397102604894
2086,3736.413132605797,1912.0254372893087,0.48827247699029186
2087,3724.6732670149536,1962.637647337843,0.47307119131264097
2088,3435.113714600975,1838.593305776049,0.4647649369040987
2089,3586.15612442647,1835.5478339620747,0.48815729982875966
2090,3636.846324762284,1870.4053162357518,0.48570680495882446
2091,3455.6335053132157,1910.7183058493229,0.4470714840241321
2092,3637.273571761126,1838.2847757790628,0.49459815449378297
2093,3709.606743422154,1914.0582175028592,0.48402665029201486
2094,3602.8467288670226,1846.4230698495758,0.4875099584293958
2095,3767.404440668105,1887.3558068670618,0.4990302112261774
2096,3645.40163279293,1929.10774590922,0.4708106430425798
2097,3471.6275006952924,1813.749271822014,0.4775507247080054
2098,3590.4327540727872,1974.8050301775622,0.4499813349971662
2099,3619.0999281760683,1841.0525109264506,0.4912954747137107
2100,3435.3292841833836,1823.861046895432,0.4690869794366789
2101,3479.384198445102,1904.5529532708454,0.4526178068745702
2102,3585.9878266164383,1921.7894093301263,0.46408367728804245
2103,3443.528602699345,1821.934155193042,0.47091069498744764
2104,3565.289461212261,1860.0614221045266,0.47828600108332486
2105,3320.970568949143,1786.373731854578,0.4620928747285341
2106,3381.225098724942,1855.7335617867645,0.45116532984255897
2107,3567.2369571179147,1810.7037690131317,0.49240720737653
2108,3448.5941034409097,1818.1133932938533,0.47279577162189335
2109,3403.38014312792,1791.825368993318,0.47351594778169026
2110,3490.2620526891437,1833.2402750688423,0.4747556924396594
2111,3414.244393845795,1876.6319140482221,0.4503522016669729
2112,3381.7615619725075,1844.726689590608,0.45450716859096973
2113,3423.0529957349513,1813.6503748218329,0.4701658498768201
2114,3517.2612475428577,1820.5635430430752,0.48239172045724144
2115,3370.6751590338827,1787.9431430901582,0.46955934383109577
2116,3583.045755906604,1843.9842485552056,0.4853584424604621
2117,3494.5952207662376,1769.0113178709405,0.493786488529833
2118,3440.5816746534965,1751.5421463195105,0.49091685303593047
2119,3292.450916612321,1779.5227216206895,0.4595142747179717
2120,3366.3025252780412,1744.5504666917568,0.48176063987366524
2121,3671.8273126620597,1899.5134108857765,0.48267899082959953
2122,3177.7765353189525,1762.027996181985,0.44551544874280136
2123,3380.211311606648,1791.069891875871,0.47013079160883653
2124,3453.4863417745582,1835.4390949486947,0.46852574085885546
2125,3297.0311380170137,1743.2047606894146,0.471280467876364
2126,3469.9049476230366,1837.2763055770426,0.4705110562652103
2127,3432.9591059507084,1896.1621222183753,0.4476595660776854
2128,3384.974921730252,1826.2111895433998,0.4604949130288032
2129,3391.3325730998154,1791.949036025069,0.47160916913932893
2130,3410.8899868864996,1882.9947652397889,0.44794620392942996
2131,3455.832185646151,1783.582612433111,0.48389200730254
2132,3218.6546730963864,1719.5973265006612,0.465740347706706
2133,3398.578816489616,1850.3437420791058,0.455553676406916
2134,3319.287689887532,1810.66545276438,0.45450180221476044
2135,3355.7213249338943,1749.7309691276996,0.47858275473391154
2136,3311.491503714196,1753.2872737030461,0.47054453507232474
2137,3249.0732893245713,1756.3822822451411,0.4594205406150552
2138,3262.8551425494074,1722.4374152363985,0.47210729867382806
2139,3261.3774817021626,1691.392366317024,0.4813871206855024
2140,3293.322743411624,1733.9291901303734,0.4735015893601249
2141,3149.1954172946457,1705.0204134766377,0.4585853884731751
2142,3222.7707032709914,1692.8320772431568,0.47472773178526295
2143,3116.065076326112,1628.346217963747,0.47743510546846735
2144,3311.216842746699,1736.855356487935,0.4754631185533623
2145,3113.586215438775,1640.5896675043798,0.4730868028097358
2146,3198.2562640147116,1678.4108382915467,0.4752106461335688
2147,3218.899464187448,1744.3987811757443,0.45807602859815144
2148,3132.403150840498,1813.7933345796614,0.42095788848476356
2149,3188.5629529783514,1704.428377371953,0.46545562922635975
2150,3232.0249869661825,1709.9102111880472,0.47094771294045734
2151,3189.716093120424,1759.7742396050246,0.44829753237270753
2152,3382.165053214814,1759.8628828960345,0.4796638084758015
2153,3270.627545554398,1732.2653424196985,0.47035689075196563
2154,3260.9823091347666,1709.0441007694171,0.47591126269468287
2155,3008.427655253005,1587.2875312964293,0.4723863382505237
2156,3048.9466178301736,1625.5313564883747,0.4668547665012228
2157,3192.1222803434275,1674.2447140565105,0.4755073374330806
2158,3134.1737598527925,1730.0283403711371,0.44801135070048126
2159,3128.7775406048186,1621.3236430990028,0.48180283767135856
2160,3099.533196749735,1648.0597337874012,0.46828776168114383
2161,3086.7803507654644,1644.9341221571115,0.4671036046509761
2162,3208.905420875291,1690.2643710370758,0.4732582767814878
2163,3020.4329873325773,1644.269241975208,0.45561803593354844
2164,3139.955797289693,1598.3216483508513,0.49097320104618336
2165,3058.6144438357396,1698.2160103411554,0.4447760443413519
2166,3046.833732401195,1623.4444807406746,0.46716997928822135
2167,3207.929442623333,1675.418089474999,0.47772601628516476
2168,3016.0363917976038,1637.925712039362,0.4569277358542968
2169,3119.1245288969185,1637.43792660776,0.47503284609581087
2170,3179.46285849217,1671.7481844755114,0.4742042103085544
2171,3063.63570090704,1599.1935856409054,0.47800791550789223
2172,3176.386957158401,1734.6078241280045,0.4539053813267806
2173,3075.877399140183,1668.506137694668,0.4575511565704554
2174,2895.80340925782,1569.5723442003825,0.4579838053983588
2175,3141.632392516184,1610.9727962732438,0.48721791890393973
2176,3022.96776810965,1595.8823053469923,0.47208093907499915
2177,3059.226772294551,1581.3423999386332,0.4830908207721526
2178,3035.9738697791777,1585.5730474912284,0.47773824298212575
2179,2908.4154203421185,1532.3247093539217,0.4731410449014627
2180,2952.7677748029723,1605.259966966712,0.4563541431652798
2181,2960.8863904617065,1545.7706919984314,0.4779365067913358
2182,2847.842484854903,1471.5515811303521,0.4832749392017981
2183,2962.3897893697185,1527.0924537212318,0.48450657668309827
2184,2993.0248147426096,1675.6836467047867,0.44013706854318546
2185,2887.7201027677193,1570.2501154181616,0.4562318855234051
2186,2954.3181769340295,1622.5408913422311,0.4507900658736451
2187,2983.5741028265547,1582.507967006397,0.4695932085255824
2188,2778.753210113383,1554.124634181167,0.44071152899621724
2189,2912.8232233985314,1554.6753042903338,0.46626513692910654
2190,3058.315543234773,1599.4701376148157,0.47700944686595026
2191,3109.0391864131025,1641.8843942720944,0.47189974270915
2192,2801.8718086347867,1489.7674710769159,0.4682956349088627
2193,2919.393352147496,1569.866300933337,0.46226283629146836
2194,2905.854664094608,1523.7941800850183,0.4756123907663514
2195,2897.021578266312,1525.3388411129324,0.47348033147003576
2196,2888.657400601662,1499.7087752098387,0.48082843784192864
2197,2868.3345325487053,1553.426576542201,0.45842210561057584
2198,2727.8091151812337,1502.901302096177,0.4490445487068748
2199,2727.49656934642,1414.8780777468344,0.48125394779657726
2200,2726.6291255664737,1513.2579377693796,0.44500778504117566
2201,2799.0685923006877,1496.1038423151947,0.46549939989663647
2202,2791.1653363073992,1437.9331793781055,0.4848269428279609
2203,2874.8031706295205,1465.6931807250446,0.49015877132065044
2204,2674.8748905221296,1436.6559598552149,0.462907231681859
2205,2872.4167371492795,1476.8594152194228,0.4858477893827039
2206,2730.403030923122,1436.539832566658,0.4738726055101915
2207,2782.091234544315,1460.9114936557112,0.4748872806484373
2208,2623.1163287842874,1374.7052943845654,0.4759266757255528
2209,2815.604655174791,1441.7324741306877,0.4879492504457499
2210,2788.064809680851,1442.3674661149375,0.48266358044953594
2211,2769.4429322451847,1454.0361777649387,0.47497160499849944
2212,2724.372496344003,1421.1136991728608,0.4783702665182762
2213,2724.160283389351,1449.3616559170468,0.4679602133712275
2214,2780.335639737164,1523.5582227944774,0.45202363303931703
2215,2704.280097921357,1470.4257260404288,0.45625982782971686
2216,2689.3335360550122,1528.2472962485558,0.4317375380331797
2217,2657.413988232801,1382.9441363891785,0.47959025484439244
2218,2682.649100210327,1451.7553666406916,0.45883516165909666
2219,2715.272126281648,1495.4418325520867,0.4492478974473999
2220,2584.6183780016922,1354.9650753299252,0.47575816729372566
2221,2745.2163010452928,1437.5660426440336,0.4763377872641026
2222,2586.251555687223,1355.9984860921522,0.47568963927337915
2223,2679.2921371627467,1420.980887555315,0.4696431688632239
2224,2482.818475371728,1398.4048999297986,0.4367671604665221
2225,2557.1032021413516,1342.1156264706206,0.4751421744156765
2226,2616.272203613724,1413.1574102374816,0.45985841676353134
2227,2449.6216692008397,1270.6940162451633,0.48126927834545474
2228,2602.8055233663836,1387.086711918272,0.46708015659800073
2229,2600.9612580217736,1330.9290160166463,0.48829341001837223
2230,2525.1345447288304,1303.3328247296838,0.4838560870150995
2231,2575.624672875669,1343.622713909158,0.47833132363613706
2232,2604.327048845402,1348.9673347656405,0.4820284436381792
2233,2483.720654615954,1277.958882700585,0.48546593582272657
2234,2614.3040783981687,1387.8241511366396,0.46914203186838754
2235,2694.307337958382,1338.370608195186,0.5032598585396202
2236,2685.1829815660985,1401.5635892627213,0.4780379590945876
2237,2439.225321056258,1241.604077544094,0.49098426175469434
2238,2472.5369041355502,1255.4404360032124,0.49224602718634036
2239,2525.6409439675126,1272.2748194200906,0.4962566541934965
2240,2430.3359729126137,1245.4468859585727,0.487541270079635
2241,2637.5416875664137,1332.005125139676,0.49498234230046234
2242,2511.0778270390097,1307.8973219360432,0.47914903000904674
2243,2413.6123021539897,1276.3490745451065,0.47118720210116216
2244,2371.462363954033,1233.5968766827805,0.4798159585269759
2245,2456.1048650869684,1316.0078836272646,0.46418904895550295
2246,2454.995850973304,1279.591251047636,0.478780686924448
2247,2410.156644686235,1258.382859993434,0.47788337211697873
2248,2430.2646043230698,1297.9056988132422,0.4659405825585963
2249,2347.81685886161,1253.33953773514,0.4661680986723773
2250,2559.911730753495,1284.9856407254947,0.4980351762569303
2251,2377.9621030534267,1173.456666918882,0.5065284407131203
2252,2413.9537618536483,1223.6686288279882,0.49308530752952506
2253,2319.265953399167,1166.1234364737247,0.4972015025854931
2254,2367.865555746578,1247.9247019866705,0.47297484903309683
2255,2373.291782823104,1329.4227806440988,0.4398401451242083
2256,2398.7731558294827,1304.6134471903374,0.4561330470036842
2257,2381.158233598752,1309.459294874054,0.450074641660832
2258,2330.7271944188437,1243.6776847259819,0.4663992904428752
2259,2338.1422293093906,1254.8613946632233,0.46330835697969164
2260,2354.0605212305777,1211.7908271758572,0.48523378381860915
2261,2271.060120825117,1165.470898075541,0.4868163606113146
2262,2275.4559945690958,1161.1242917648601,0.48971797541409157
2263,2353.5992745006847,1200.8501510657297,0.48978138968856977
2264,2266.411202055221,1147.3553337642063,0.49375676720810213
2265,2406.10680255893,1257.6947541337486,0.47729055385398034
2266,2172.3763487294937,1181.0319762025024,0.45634098949142743
2267,2241.8515500560857,1137.6770285251357,0.4925279381247729
2268,2354.4663159651514,1208.0116673744483,0.48692760682827785
2269,2272.9389297348976,1218.661299525243,0.46383896039504213
2270,2250.9864239896624,1109.0371997779757,0.5073105781720748
2271,2155.907502521647,1044.9856623090488,0.5152919774680564
2272,2255.907619788048,1163.518725400763,0.48423476422758815
2273,2269.364525185645,1142.5041089977526,0.4965532877957144
2274,2201.3551669363355,1077.0578665490116,0.5107296256750918
2275,2187.6493474335216,1092.6849009574983,0.5005210034051388
2276,2230.772387859222,1119.6566679070381,0.4980856523056011
2277,2171.6664381385176,1092.2706346168231,0.4970357254528084
2278,2219.6341776421214,1110.0556995478566,0.4998924999762576
2279,2203.565287697577,1101.2126762290795,0.500258657015016
2280,2126.8445062228784,1045.0785058766496,0.5086248652316228
2281,2096.5137835209707,1112.0853108148071,0.4695549728525391
2282,2146.509071999357,1121.4279298667036,0.4775573304136309
2283,2169.3744871031245,1091.012772137913,0.4970841693658905
2284,2164.8186016906684,1095.1692245271408,0.4941057769589371
2285,2096.850348004916,1102.3455404965187,0.4742850668645171
2286,2190.448271279258,1105.7268475993394,0.49520522255767463
2287,2023.9442520818698,1013.5349030161311,0.49922785572103145
2288,2041.3347164765235,1075.1792350152386,0.47329596350025926
2289,2115.149251793172,1024.6577020347872,0.515562459166365
2290,2133.6791012090125,1071.8687965608876,0.4976429229899043
2291,2095.4332999973403,1048.7404450616914,0.49951141605747007
2292,2072.372843417141,1025.7410105962651,0.5050403146062665
2293,2043.8239846003312,1019.0525930252365,0.5013990438004807
2294,2090.4334309818723,1065.0869725053822,0.49049467123901047
2295,2072.787777310248,1004.6777063110048,0.5153012202654319
2296,2004.0627066888221,1014.2558768021091,0.4939001292639711
2297,2014.7840056577584,993.0843852565494,0.5071013158393913
2298,2011.7947461272358,995.3799489915781,0.5052278812698394
2299,2030.601212394872,1011.3483534039876,0.5019463461211997
2300,2015.3752745957186,986.6815618659822,0.5104229101630171
2301,1968.2417162073705,1032.1129320843766,0.47561677837355876
2302,2122.452833900831,1037.1357975327137,0.5113503673829236
2303,2018.2377964316463,1023.6996785701436,0.4927754893996633
2304,2046.6906433512509,1026.6722704480296,0.49837447404022106
2305,1969.440895882336,973.4995671934352,0.5056974955537854
2306,1940.9563718103714,926.5957595558452,0.522608661887856
2307,1980.4007548739132,1010.4965025246313,0.4897515060839457
2308,1984.741077295843,1005.5201538671041,0.49337464449665214
2309,1955.1466980163607,998.4566709434326,0.489318795384285
2310,1974.122185006361,1096.7433732200752,0.4444399735994349
2311,2026.2657669130272,1015.2909511092861,0.49893495330769944
2312,1900.7652634034075,923.5281489694092,0.5141282478427717
2313,1952.826742399816,1001.123712998423,0.4873463726904167
2314,1880.972048846359,1014.555363203281,0.4606217759452992
2315,1999.2612262848268,1011.4314516985404,0.494097400379211
2316,1954.8877069705936,989.2605714613093,0.4939552957779225
2317,1978.1148185794625,954.4884576851344,0.5174757052926896
2318,1886.970958329645,949.0659593006104,0.49704262531908405
2319,1987.5666765316605,1017.3700533132312,0.4881328685342219
2320,1898.3417596967352,957.546473311561,0.49558794225517566
2321,1885.4241727131016,934.0704198064748,0.5045834071054901
2322,1829.1358763552685,931.4940894562552,0.49074636745283895
2323,1892.0987107006104,974.0482446611464,0.4852022047515302
2324,1895.4299748562526,904.2586781811756,0.5229268872094557
2325,1813.2071419335723,918.1676630595066,0.4936222995016506
2326,1914.6505063920235,985.4409245641198,0.48531550730838635
2327,1824.2798459427054,938.2080344928223,0.48571046455430267
2328,1942.9548259471794,1011.2906433344081,0.479508926389264
2329,1853.32895174478,939.9042649470601,0.4928562120274408
2330,1891.8785945634024,995.3418610436978,0.47388703275994437
2331,1837.9130014423845,874.3849432398056,0.5242511791615856
2332,1856.9667464554968,968.4412548874437,0.478482177057847
2333,1823.3084587329083,922.8874622624514,0.49383909352134325
2334,1795.8085628207575,905.6423009204896,0.4956910665923341
2335,1787.6960286757935,881.1748317439659,0.5070891149225847
2336,1799.3226892508314,878.0501816861372,0.5120107210720921
2337,1839.6985433901789,904.0369484361742,0.5085950621180448
2338,1806.3053757956473,909.7301702821699,0.49635859889889933
2339,1831.290898723643,882.755983333082,0.5179597168596548
2340,1716.1546606745765,882.0853921144467,0.48601054885827044
2341,1790.6061151628046,909.3530197412085,0.4921535160408358
2342,1753.390004536264,849.6457054270536,0.515426856986237
2343,1742.0020338251034,872.2585858626131,0.4992780898497001
2344,1816.9193084769668,914.2372816948326,0.49682009683677564
2345,1725.434389381837,883.1073164106588,0.4881826154357307
2346,1790.6135948456326,905.8800210484039,0.49409519526936285
2347,1691.5353466729637,873.4730876114867,0.4836211437558796
2348,1647.4503853260467,832.3386195714872,0.4947716623303595
2349,1712.6317185673395,856.34174686444,0.49998488432715005
2350,1702.8225956187496,839.2303051018723,0.5071534126566346
2351,1727.5029552283443,869.72825075017,0.4965402240743444
2352,1720.3983452043603,862.6805914348249,0.4985576486750515
2353,1796.2265739953036,895.534031152199,0.5014359301230668
2354,1721.7272240369382,858.9030801645321,0.5011387006179412
2355,1761.3322990939832,877.5212128182859,0.5017855442328081
2356,1768.425961633732,940.8456315129118,0.46797567332492296
2357,1704.6984754981006,886.7567223591598,0.4798160876514799
2358,1779.006649137027,904.0530757104431,0.4918214183465882
2359,1607.2941969451595,801.3748347029466,0.5014137198864724
2360,1617.7944851224308,862.1598613621014,0.4670770179459134
2361,1711.0872383428446,806.4500728858828,0.5286914338354166
2362,1651.1757645907458,811.556392751708,0.5084978776000523
2363,1676.4422807908493,878.5595255090393,0.4759381008366209
2364,1709.9185293515511,825.4518878491959,0.5172565980893661
2365,1679.3277568899562,872.766552361661,0.48028813983400853
2366,1670.7365777580223,822.3495693694485,0.5077922035603198
2367,1672.875789010743,820.9613329161983,0.5092514708449007
2368,1569.4878431341594,804.0083580692032,0.48772565420853875
2369,1649.803784428751,801.6182769805565,0.5141129602523496
2370,1649.469396112779,845.5211347594867,0.48739810708092945
2371,1548.220452648248,880.2218332068393,0.4314622108878551
2372,1628.3888181706357,799.6119405451095,0.5089551514831638
2373,1637.9695901358434,831.1287792548317,0.4925859525964076
2374,1610.6218719691144,867.3747553792563,0.46146592786622154
2375,1561.638002871565,768.7449915995551,0.5077316316675347
2376,1659.5946139306272,918.5693289481737,0.4465098155671823
2377,1598.2461189600756,755.324130809118,0.5274043704228848
2378,1552.9792817170337,792.7720097615203,0.48951539850228976
2379,1618.629240889402,766.3279020669321,0.5265574828946922
2380,1652.5833188063596,895.9477970344406,0.45785015082835734
2381,1626.516920579762,821.4542245264857,0.49496115648542816
2382,1513.088458281213,812.2862074424029,0.46316013251127675
2383,1568.1935830407533,811.4813247243051,0.4825375301237814
2384,1492.18889494975,797.7839403459226,0.4653599533906273
2385,1568.2759180149699,812.9237273028039,0.48164495930553197
2386,1595.9081765723229,817.4442502869642,0.48778741641473156
2387,1533.0947369045316,805.2655930196411,0.47474505414743573
2388,1536.5423274239095,767.6299592852879,0.5004173034580452
2389,1580.3220021793384,793.3117404151101,0.49800626750681454
2390,1535.8559482406697,754.7767814551569,0.508562777440321
2391,1562.6172483291634,791.1428551508156,0.4937065644214863
2392,1521.445055493465,783.0833592055521,0.48530289912338165
2393,1470.404941089509,753.2580262814405,0.48772069160532916
2394,1513.0507857398486,769.4226385481387,0.4914759994841099
2395,1464.9660164182835,794.8732923698892,0.45741178739880506
2396,1609.5766870426062,790.573684016485,0.5088313030495837
2397,1485.7893406873475,751.2916109705053,0.49434849854088536
2398,1474.1795234065814,751.4009594222182,0.4902920929970207
2399,1498.1172043593635,750.0753116998605,0.49932134180341814
2400,1530.1474920143326,776.145917914676,0.49276398388698206
2401,1467.0762438085424,754.4954984727102,0.48571486883733217
2402,1473.724343045597,788.6988195278354,0.46482608959426464
2403,1394.6129050084528,758.2184759417443,0.4563233473469481
2404,1548.343880770542,749.4567467966996,0.5159623413735919
2405,1474.1634995046059,772.8132159905143,0.4757615310308395
2406,1416.0092533487082,725.9106503924702,0.48735458565982515
2407,1396.4167291686972,747.0312687806971,0.4650370099580421
2408,1484.295173813187,780.7500452348007,0.4739927347273948
2409,1427.8704581954046,731.7343984819425,0.4875344648514295
2410,1443.7101427699731,745.4497302421661,0.4836569279676115
2411,1445.8726390866252,736.0597417396342,0.4909235282267933
2412,1378.9960514579668,763.7016716975176,0.44619009540304255
2413,1431.0289468883525,712.0387628936815,0.5024288191780134
2414,1361.8028417054536,708.1665101402081,0.47997868086885775
2415,1453.448610955301,725.4715905828134,0.5008618914252592
2416,1389.9324031846481,723.1333786911125,0.47973485830371965
2417,1427.4273863519525,734.659726813184,0.4853260251011864
2418,1409.9955989832047,705.6286982003286,0.4995525527106742
2419,1447.0605772364313,705.7658491714207,0.5122762237643992
2420,1467.7956007156452,714.9624810956184,0.512900515066929
2421,1407.441910182247,701.2926452397284,0.5017253357554776
2422,1431.7286824058938,717.3290555962067,0.49897696092055766
2423,1408.3901751056178,731.9364772954184,0.4803027667808538
2424,1351.7651041933855,695.7231648094646,0.48532244052518947
2425,1361.859054429129,741.3613158549367,0.45562551906980975
2426,1355.4274145433878,694.7765322960873,0.4874114800679744
2427,1329.5464528783539,683.5991505586488,0.4858403412090526
2428,1357.9016203996139,721.2984737289959,0.46881389425198083
2429,1302.3892267363076,708.3002110732723,0.4561532017212543
2430,1431.7532516518334,680.9733025177055,0.5243780297114344
2431,1423.0100621195938,737.20417945812,0.4819402904572271
2432,1362.1994135605537,674.0566736659213,0.505170339264753
2433,1295.3043689901135,670.1490437095563,0.4826319900147953
2434,1323.5973655274954,719.316525159816,0.4565443057729677
2435,1281.026528695497,670.1488170698349,0.4768657775165164
2436,1331.2255908766444,723.0513017287518,0.4568529130719272
2437,1317.2424557475445,648.642592962927,0.5075753972758055
2438,1308.0311310193183,684.6199559010985,0.4766027048854793
2439,1227.9121955963863,622.7441309871596,0.4928431094499406
2440,1296.7927032063433,660.388349997193,0.4907525710436441
2441,1220.25988222182,617.3501044563836,0.4940830937321914
2442,1297.190927675135,636.2436132780109,0.5095219988792968
2443,1252.344940561471,724.9866344502971,0.4210966875266333
2444,1275.4496978013524,715.8374302037057,0.4387568310708908
2445,1258.3061160236975,656.5579589521544,0.4782207996994353
2446,1208.5972138979923,672.7951898082663,0.4433255495945142
2447,1285.0055105242386,677.334160953865,0.4728939639507572
2448,1206.8887971346815,686.8710428506934,0.4308746220186823
2449,1237.8515796091071,642.4592707343523,0.480988446985518
2450,1214.9646357023646,609.2365350029801,0.49855615784999074
2451,1198.6817254479638,631.3250287615726,0.4733172156056372
2452,1171.827297738634,652.1893929774847,0.4434423961311832
2453,1159.2532847738903,588.5594901649733,0.49229430884919123
2454,1185.9120400231902,594.5330558378137,0.4986701915715539
2455,1197.0162612382,620.2234538153324,0.48185879014394517
2456,1142.0647479657673,615.56623974734,0.46100583102334647
2457,1222.547373627185,635.3031871215219,0.4803447286982131
2458,1167.7348764479786,631.7442050662353,0.45900031093712146
2459,1157.514758133254,618.3753775255987,0.46577322390008713
2460,1168.8649067969357,598.0982519846923,0.4883084875704985
2461,1221.0617707993642,577.2457131239422,0.5272592043021296
2462,1136.9359153129515,596.801310207664,0.47507920000628245
2463,1111.7138973525366,575.0744838735309,0.48271359632813104
2464,1108.9999065923541,610.0529452570584,0.4499071265645278
2465,1065.7711667529245,613.3254125293228,0.424524295963142
2466,1090.3118543408123,594.8127821637554,0.4544562825803897
2467,1120.3997106419342,607.8858472375701,0.45743841107448935
2468,1176.7803251211099,608.466282061807,0.48293978997381193
2469,1062.138014592126,573.0791237821761,0.460447591641614
2470,1070.6253774377892,544.8551635244006,0.49108700857778753
2471,1116.395305420776,603.4198063824311,0.45949270526984287
2472,1039.3486696622472,573.0471986495613,0.448647777808979
2473,1129.573358684526,623.1224495803124,0.4483559258993274
2474,1047.664087746847,578.004758652025,0.44829190442605726
2475,1047.0009572438607,569.6075607465535,0.4559627125404011
2476,1039.0842311027127,552.0727457427668,0.46869298059033404
2477,1035.478505653051,597.7252285668083,0.4227545764556092
2478,1003.5340328659939,587.9158783720264,0.4141545188128829
2479,1012.8989536966106,601.1854020157874,0.40647050742649105
2480,970.7779423930032,508.748787092164,0.47593701414550105
2481,1039.762056055664,514.4307386972852,0.505241862115283
2482,942.2409909282227,502.9884519672801,0.4661785500631055
2483,960.1873988942236,536.8196986367027,0.4409219499704766
2484,945.276807755844,564.5712759562211,0.40274502524127875
2485,971.3976499228702,575.6335768546593,0.4074171613444143
2486,986.8396346427064,595.4771215786516,0.3965816727717375
2487,953.0312745032935,495.40267892001594,0.4801821386415541
2488,1007.2632312641987,561.114626653401,0.4429314907592171
2489,965.7228179298203,520.9754253398378,0.46053317197513144
2490,916.993857632542,515.8918755674488,0.43740967153328836
2491,1037.9592033466622,530.1358346386198,0.48925176160169104
2492,895.8501586005641,531.7388314401537,0.4064422199011498
2493,917.9499902031902,518.5871649124941,0.4350594580891016
2494,922.2802590081961,486.84630438127806,0.47212758852192727
2495,859.7490946306189,507.51480443215297,0.4096942845282079
2496,893.1898964171122,530.8911588010144,0.405623416777777
2497,860.3775154656748,522.687899617392,0.3924900520738389
2498,854.3296775854421,501.86621701078377,0.4125614148987681
2499,824.971192523699,493.180923594096,0.40218406646977756
2500,826.2195382918977,475.21240084180965,0.42483519353191534
2501,824.1921050854493,484.5655156287125,0.4120721217312868
2502,839.0216475847794,553.739223688121,0.34001795390843226
2503,812.9202479365042,504.94662283599337,0.37884851051780677
2504,839.3576306190189,467.9332437513784,0.44251028800884107
2505,834.6927560522694,511.05408956452806,0.3877338866799447
2506,777.6866303848868,448.78476089599,0.4229233943833124
2507,763.3844351280223,486.2686834908245,0.3630094338912274
2508,767.1010765383578,457.7081328976158,0.40332747939413327
2509,789.8877096273296,499.50736115985916,0.3676223150813075
2510,736.7283080633011,412.4844494144403,0.4401132074064421
2511,775.3719176421739,482.50290683004374,0.37771423512823965
2512,716.8672730942427,419.1358480589665,0.41532294220960353
2513,695.1296245904202,457.5219374097896,0.34181781177954007
2514,745.7335032519837,514.2999810500512,0.31034346880313224
2515,709.6672635558142,475.85546197636785,0.32946679885996666
2516,684.3661010250504,451.87472289218164,0.33971784660964477
2517,667.1376947092328,429.2192716803525,0.3566256635110018
2518,730.8087038436108,536.7911901265094,0.26548331006005665
2519,672.7401308569644,413.9571560811469,0.3846700425707754
2520,661.614287634031,422.2875846782302,0.36173146110802146
2521,625.5338097145192,533.8991952455061,0.14649026646670504
2522,629.032602631084,413.2821684430148,0.34298768185566186
2523,615.2406653431666,394.5710381714336,0.3586720442944855
2524,604.1987215941112,427.4569030585394,0.2925226621950774
2525,714.9721250774713,467.9285585335635,0.34552894844276516
2526,623.8483928734338,458.2388515917931,0.26546440316828634
2527,591.6489699850948,443.9605665056644,0.2496216692190828
2528,588.7572903272941,375.14219490966804,0.36282369480108856
2529,557.3634110261779,373.31621255774223,0.33021040640177846
2530,550.9323579827212,402.3905773798277,0.2696189077490203
2531,536.9438484137288,510.11798646695274,0.0499602742931623
2532,574.2935376858999,373.7065925059294,0.3492759921837708
2533,539.2139188741771,364.55604605584745,0.32391202583011436
2534,497.2208492603972,409.76392389728653,0.17589150875953918
2535,513.5950520766478,383.94984536411596,0.2524268997303032
2536,490.03001333125366,340.7307082585849,0.3046737975450178
2537,508.7138846164344,331.94299512929643,0.34748587532738884
2538,505.06369354398146,379.4737233175061,0.24866164769283472
2539,477.29460785712683,351.1286546454787,0.2643355930168283
2540,453.40046102062763,370.75878988124094,0.18227081409082835
2541,421.5790621864331,320.84427191170926,0.23894637877005453
2542,440.5705311520885,368.66030075647126,0.16322069977665676
2543,435.84517773994855,373.37350077826056,0.1433345604180628
2544,401.73667741522377,333.4775243449541,0.16991018472460495
2545,412.2512858652442,341.1042136429595,0.17258180789650968
2546,404.57936645673107,310.1477811188942,0.23340682488298892
2547,385.7319153186534,287.35981214974703,0.25502712962613194
2548,399.30171589256855,347.668483808634,0.12930881593763643
2549,355.7486867053191,306.1311904617229,0.13947344880768697
2550,357.1539835393378,286.96597329040037,0.19652030632105977
2551,346.62673831150045,302.6529783304104,0.12686199626519423
2552,357.7931097557673,302.502585391468,0.15453211047591464
2553,325.33930477452896,301.4950550104268,0.07329040609042614
2554,354.0509684497944,321.74659803590976,0.09124214673194864
2555,316.9034398389361,293.61032014668217,0.07350226208996813
2556,303.4568809444814,408.2908077625229,-0.34546564405379643
2557,248.64581797054842,459.42554526884544,-0.8477107277278375
2558,359.731233790743,1219.2567041148495,-2.389354578046164
2559,260.1009417973598,608.3109356686514,-1.3387494542121883
2560,194.26002479980622,368.39732729632243,-0.8964134678556364
