feature_id,n_points,fit_status,converged,is_bimodal_candidate,gmm_random_seed,gmm_n_init,activation_population,activation_storage_mode,rank_censored,log_mean_low,log_mean_high,log_variance_low,log_variance_high,log_std_low,log_std_high,component_weight_low,component_weight_high,minimum_component_weight,mode_separation,n_iter_1,n_iter_2,bic_1,bic_2,delta_bic,bimodality_score,activation_min,activation_p50,activation_p95,activation_max,candidate_delta_bic_threshold,candidate_min_component_weight,candidate_min_separation,n_documents,discovery_variance_log1p,selected_candidate
15,22322,ok,True,True,20260908,5,analysis_activations,positive,False,6.2631189494967,7.415254423030425,0.1734503004971708,0.11067408299161705,0.4164736492230581,0.3326771452799501,0.3421364925628371,0.6578635074371628,0.3421364925628371,3.0567807739438266,2,3,44575.97325554187,39722.841334435645,4853.131921106222,4853.131921106222,259.3673095703125,1296.4622802734375,2629.5478759765624,3604.18798828125,10.0,0.1,2.0,4333,0.43094367,False
29,28373,ok,True,True,20260908,5,analysis_activations,positive,False,5.658838491014167,6.174647120281106,0.02397315915561144,0.09224726463823307,0.15483268116134732,0.3037223479400768,0.5891222900096142,0.4108777099903857,0.4108777099903857,2.1397467425042476,2,8,19523.438192839654,13007.866474754257,6515.571718085397,6515.571718085397,227.7779083251953,327.566650390625,695.5210815429685,1550.30908203125,10.0,0.1,2.0,2933,0.116429694,False
76,5738,ok,True,False,20260908,5,analysis_activations,positive,False,6.67439541992431,6.876980708260359,0.013265943654772341,0.009821709619469581,0.11517787832206469,0.09910453884393783,0.22296330686166282,0.7770366931383372,0.22296330686166282,1.8855280861365242,2,5,-6847.463873834797,-7040.633393662051,193.1695198272546,193.1695198272546,527.61962890625,916.0427856445312,1136.8919921874997,1423.7373046875,10.0,0.1,2.0,5738,0.017702099,False
83,17269,ok,True,True,20260908,5,analysis_activations,positive,False,5.582920933930148,5.988061476389483,0.01563379906184631,0.05694505287508337,0.12503519129367663,0.2386316258903739,0.6253241646690816,0.3746758353309183,0.3746758353309183,2.126746153482723,2,6,2997.1098249334423,-1034.6908233436322,4031.8006482770743,4031.8006482770743,220.15780639648438,290.3910827636719,519.0232421874999,1066.9776611328125,10.0,0.1,2.0,1136,0.06957165,False
87,99316,ok,True,True,20260908,5,analysis_activations,positive,False,5.7331624207003316,6.52910115474291,0.07294484740350958,0.1834097320262255,0.27008303797815514,0.42826362444903665,0.5866448416394765,0.41335515836052344,0.41335515836052344,2.2231772921727093,2,5,152648.2827877103,138820.2491486003,13828.033639110014,13828.033639110014,202.0452880859375,393.6568603515625,1150.9335327148438,3728.91796875,10.0,0.1,2.0,5511,0.27222854,True
88,36901,ok,True,True,20260908,5,analysis_activations,positive,False,5.5629842704691,6.065518275904598,0.023323784599417537,0.08533374381742515,0.15272126439830683,0.292119399933358,0.6068649953548674,0.3931350046451326,0.3931350046451326,2.156008862201641,2,7,22597.421871614246,14155.791291334624,8441.630580279621,8441.630580279621,207.307373046875,294.0599365234375,604.1448364257812,1460.7572021484375,10.0,0.1,2.0,3126,0.107954785,False
101,25135,ok,True,True,20260908,5,analysis_activations,positive,False,5.6080343209905,6.188743525993366,0.03618108609460194,0.09473159857145201,0.1902132647703675,0.3077849875667298,0.5953115565827631,0.4046884434172368,0.4046884434172368,2.269775184110988,2,5,22131.832078264506,18198.84233153325,3932.989746731255,3932.989746731255,202.28656005859375,321.40679931640625,707.5518066406249,1537.257080078125,10.0,0.1,2.0,2966,0.14112261,False
106,1983,ok,True,True,20260908,5,analysis_activations,positive,False,5.7277578447596555,6.31206161869995,0.02684867146743828,0.10785409946237569,0.1638556421593052,0.32841147888339056,0.5791352584016611,0.420864741598339,0.420864741598339,2.2514661631708046,2,11,1801.8848997944162,1325.885267058901,475.9996327355152,475.9996327355152,238.4771728515625,358.22314453125,824.7282348632809,1601.40966796875,10.0,0.1,2.0,697,0.14422746,False
127,838,ok,True,True,20260908,5,analysis_activations,positive,False,5.466493236733995,6.029179580981485,0.016849848268690876,0.13646586116500076,0.1298069654089906,0.3694128600427992,0.49044824129154924,0.5095517587084508,0.49044824129154924,2.032301065308187,2,17,839.6349505062294,585.435114922859,254.19983558337037,254.19983558337037,196.57275390625,278.8112030029297,715.3360290527343,1370.3017578125,10.0,0.1,2.0,259,0.15711206,False
129,97157,ok,True,True,20260908,5,analysis_activations,positive,False,5.637976777517482,6.403925957577086,0.0537674902186908,0.1980303311766268,0.23187817969505195,0.4450059900457822,0.6355371710803736,0.3644628289196264,0.3644628289196264,2.1586834868187688,2,6,137989.63714575177,113712.06110051574,24277.576045236026,24277.576045236026,199.15237426757812,329.4809875488281,1003.8315429687498,2616.350341796875,10.0,0.1,2.0,5204,0.24223563,True
132,31806,ok,True,True,20260908,5,analysis_activations,positive,False,5.510225473884176,5.793321883455756,0.0073638706646881975,0.03111143610087311,0.08581299822688983,0.17638434199461445,0.6066430207730189,0.39335697922698104,0.39335697922698104,2.0410719466207015,2,8,-15600.216008479536,-23621.448131797282,8021.232123317746,8021.232123317746,217.24630737304688,263.1824645996094,400.2589111328125,764.6695556640625,10.0,0.1,2.0,5022,0.03582972,False
141,179387,ok,True,True,20260908,5,analysis_activations,positive,False,5.724390484498425,6.257945397135373,0.029328555047265212,0.08410493149136708,0.17125581755743427,0.29000850244668186,0.5979236336956257,0.40207636630437427,0.40207636630437427,2.2403892509910017,2,5,128443.88089453522,97363.55393227507,31080.32696226015,31080.32696226015,235.13296508789062,354.5099182128906,734.2089843749997,2068.12744140625,10.0,0.1,2.0,4814,0.11978892,True
157,38089,ok,True,True,20260908,5,analysis_activations,positive,False,5.646447260118566,6.2166850756954455,0.027022685700100534,0.13535473305660023,0.16438578314471278,0.3679058752678465,0.5894788013168328,0.4105211986831672,0.4105211986831672,2.0012815681452727,2,10,35900.186960478735,25088.489491893815,10811.69746858492,10811.69746858492,222.41192626953125,323.1153564453125,773.9820068359375,2848.36669921875,10.0,0.1,2.0,3190,0.15018688,True
158,12824,ok,True,True,20260908,5,analysis_activations,positive,False,6.173447104021002,7.283390835609479,0.1576053133966172,0.26824050335896094,0.39699535689554005,0.5179193985157932,0.5384823884249291,0.4615176115750709,0.4615176115750709,2.405413632702543,2,4,27897.855805399762,26833.255287233333,1064.6005181664295,1064.6005181664295,247.5333251953125,754.1295776367188,3135.4327148437487,4277.9638671875,10.0,0.1,2.0,4379,0.51487404,False
160,12427,ok,True,True,20260908,5,analysis_activations,positive,False,5.785661708973761,6.3490126048068545,0.028247727705128504,0.10512926980883174,0.16807060333421936,0.3242364412104718,0.5910721650500607,0.4089278349499393,0.4089278349499393,2.1814914679812056,2,8,10528.038513963273,7703.3425936616895,2824.695920301583,2824.695920301583,253.75537109375,376.0618896484375,843.5924804687493,1829.474853515625,10.0,0.1,2.0,4027,0.13640554,False
165,561,ok,True,False,20260908,5,analysis_activations,positive,False,5.290087631030606,5.779546665984357,0.01850062366011858,0.1065262641115983,0.1360169976882249,0.326383614955773,0.6148016261128144,0.38519837388718553,0.38519837388718553,1.9576256063743003,2,9,362.0348086727346,190.3621407197304,171.67266795300418,171.67266795300418,162.55148315429688,215.8524169921875,461.0029296875,901.5977172851562,10.0,0.1,2.0,425,0.109336995,False
177,22806,ok,True,True,20260908,5,analysis_activations,positive,False,6.089021350114383,7.1853704109694245,0.12880642098691092,0.18231495021049232,0.35889611447731073,0.42698354793890164,0.5165366666081238,0.4834633333918763,0.4834633333918763,2.779706384967369,2,4,46773.98174475926,44178.1988029563,2595.782941802958,2595.782941802958,244.43408203125,719.0260009765625,2346.813720703125,3872.7158203125,10.0,0.1,2.0,4613,0.4548631,False
179,11536,ok,True,True,20260908,5,analysis_activations,positive,False,5.905657228413524,7.067082217222955,0.08007366808780406,0.16343545090048234,0.2829729105193712,0.4042715064167673,0.6116132766876762,0.3883867233123238,0.3883867233123238,3.328499906181191,2,4,23097.217156618266,19500.20544434103,3597.0117122772353,3597.0117122772353,244.6368408203125,481.81317138671875,1912.6902465820312,3026.481201171875,10.0,0.1,2.0,3475,0.4329094,False
212,25704,ok,True,True,20260908,5,analysis_activations,positive,False,5.589426258440592,5.931442067268633,0.010456258754873887,0.04737296662979517,0.10225584948976703,0.21765331752535996,0.5960198710008366,0.40398012899916336,0.40398012899916336,2.0113492644962543,2,9,-2281.729143586152,-8985.070146818563,6703.341003232412,6703.341003232412,229.72543334960938,289.6792907714844,484.308642578125,1052.6065673828125,10.0,0.1,2.0,3550,0.05353607,False
232,18818,ok,True,True,20260908,5,analysis_activations,positive,False,5.922895671337774,7.251819232886096,0.331063763285079,0.15706526689004802,0.5753814067947269,0.3963146059509389,0.3257530700290486,0.6742469299709514,0.3257530700290486,2.689971512967499,2,4,43861.31226776063,39837.29834364911,4024.0139241115176,4024.0139241115176,123.0390625,1106.9100341796875,2483.0057128906246,3218.5615234375,10.0,0.1,2.0,3628,0.6016672,False
238,23658,ok,True,True,20260908,5,analysis_activations,positive,False,5.993145032790457,7.023744967244321,0.12911623538522526,0.19192814139088746,0.3593274765241663,0.4380960412864826,0.5446955458436489,0.455304454156351,0.455304454156351,2.572305667481402,2,4,46698.65185884021,44477.00722879993,2221.644630040282,2221.644630040282,218.678955078125,606.220947265625,2005.4720703124992,3621.02587890625,10.0,0.1,2.0,4622,0.42114064,False
245,38639,ok,True,True,20260908,5,analysis_activations,positive,False,5.623483665127703,6.406855209644674,0.06678039535917585,0.13279657866515696,0.25841903056697635,0.3644126488819467,0.5658124723237621,0.434187527676238,0.434187527676238,2.47986233856249,2,4,55517.40801243659,50828.36568718334,4689.042325253249,4689.042325253249,183.54730224609375,364.57183837890625,959.3166381835935,2346.2861328125,10.0,0.1,2.0,1289,0.24620867,False
252,55260,ok,True,True,20260908,5,analysis_activations,positive,False,5.579481384362293,6.216869470193543,0.03908828793905256,0.14468377587845516,0.1977075818957193,0.3803732060469759,0.6045557161348146,0.3954442838651854,0.3954442838651854,2.1027090932300836,2,7,61456.1290138444,49115.1172886185,12341.0117252259,12341.0117252259,196.9486083984375,309.50238037109375,775.1980163574217,2235.337890625,10.0,0.1,2.0,3931,0.17797172,True
260,5491,ok,True,True,20260908,5,analysis_activations,positive,False,5.792301927933953,6.939993283624328,0.11462929835585868,0.24531400139213455,0.33856948822340543,0.4952918345704223,0.590913238258845,0.409086761741155,0.409086761741155,2.705347523179927,2,4,11643.656760805678,10664.331420232398,979.3253405732794,979.3253405732794,195.7034912109375,459.1558837890625,1923.7061767578125,3419.869140625,10.0,0.1,2.0,507,0.4865893,False
261,621,ok,True,True,20260908,5,analysis_activations,positive,False,5.82271653733486,6.248379771129395,0.006682547615229349,0.07635145121686882,0.08174685079701449,0.2763176635991062,0.49388462747985595,0.506115372520144,0.49388462747985595,2.089070811296637,2,15,260.4551003437008,6.492324614712743,253.96277572898805,253.96277572898805,301.8163757324219,381.4493408203125,729.70751953125,1373.280029296875,10.0,0.1,2.0,404,0.08737328,False
275,1549,ok,True,True,20260908,5,analysis_activations,positive,False,5.686942873975665,7.016828626513193,0.043600829417579756,0.3975418066421679,0.20880811626366383,0.6305091645980794,0.43011049758034103,0.5698895024196589,0.43011049758034103,2.831651576887964,2,19,3810.4747075645278,3185.636785880026,624.8379216845019,624.8379216845019,220.28848266601562,521.62255859375,2552.4697265625,3379.29931640625,10.0,0.1,2.0,767,0.6792567,False
293,7339,ok,True,True,20260908,5,analysis_activations,positive,False,5.424178877856893,6.037244595178274,0.02171357889831151,0.1398996130460353,0.14735528120264815,0.3740315669111837,0.5921055819330735,0.4078944180669265,0.4078944180669265,2.1566696410742554,2,13,7427.425819512768,4588.0075574247985,2839.418262087969,2839.418262087969,183.14114379882812,257.03448486328125,671.242425537109,1315.3746337890625,10.0,0.1,2.0,896,0.16071577,False
313,27035,ok,True,True,20260908,5,analysis_activations,positive,False,6.050194694025482,7.046016212099222,0.1320365971452321,0.1775296144067003,0.36336840416474314,0.42134263302768243,0.507358848753106,0.492641151246894,0.492641151246894,2.531160754125009,2,4,52126.09053134121,50170.21657632661,1955.8739550145983,1955.8739550145983,228.90771484375,677.892578125,2022.2759277343748,3874.6591796875,10.0,0.1,2.0,4588,0.40232143,False
325,2127,ok,True,True,20260908,5,analysis_activations,positive,False,5.559198881334248,6.27751478889939,0.05235516096973557,0.1426141558466981,0.22881250177762483,0.3776428946063968,0.5951047918442038,0.40489520815579605,0.40489520815579605,2.3006330115756355,2,5,2764.4285395114002,2418.2512562034735,346.1772833079267,346.1772833079267,182.517578125,318.18017578125,823.7362304687499,2263.85400390625,10.0,0.1,2.0,340,0.21332751,False
331,3858,ok,True,True,20260908,5,analysis_activations,positive,False,5.749934079480552,6.376528025928937,0.0437205682612054,0.1327211784549915,0.20909463948462523,0.36430917975668897,0.6192293864572453,0.38077061354275454,0.38077061354275454,2.109601950899417,2,5,4132.9648765517095,3460.034961866308,672.9299146854014,672.9299146854014,227.7166748046875,365.790771484375,875.9984985351559,2027.67333984375,10.0,0.1,2.0,1068,0.17022619,False
353,3033,ok,True,True,20260908,5,analysis_activations,positive,False,6.035984013399729,7.101941674927296,0.14213872257878085,0.2023077339194958,0.3770128944463052,0.449786320289419,0.529722192098741,0.470277807901259,0.470277807901259,2.568585890474233,2,4,6224.917376840062,5979.7889816288525,245.12839521120986,245.12839521120986,220.456787109375,658.0615234375,2206.99501953125,3544.8544921875,10.0,0.1,2.0,992,0.45364556,False
364,12855,ok,True,True,20260908,5,analysis_activations,positive,False,5.9009466979702605,6.748881975011146,0.06933669283481997,0.12422471146942587,0.26331861467587125,0.35245526165660496,0.5408912865697432,0.4591087134302568,0.4591087134302568,2.7256389042420675,2,4,19814.239839480142,18128.815976592825,1685.4238628873172,1685.4238628873172,240.2440185546875,506.1700439453125,1346.5149414062496,2536.958984375,10.0,0.1,2.0,3241,0.2731023,False
400,18132,ok,True,True,20260908,5,analysis_activations,positive,False,5.661440443969688,6.3595472785623475,0.05209243758622725,0.14421836509413977,0.22823767784094556,0.3797609315005162,0.596879877170477,0.4031201228295231,0.4031201228295231,2.228254479544135,2,5,22873.005370970062,19914.176240611625,2958.8291303584374,2958.8291303584374,201.43011474609375,349.75555419921875,904.0790283203128,2390.392822265625,10.0,0.1,2.0,4566,0.20650493,False
407,6044,ok,True,True,20260908,5,analysis_activations,positive,False,6.009826418092639,7.421722487434219,0.11863367254168006,0.21091824553652577,0.34443239182992075,0.45925836468868564,0.5999449429454676,0.40005505705453237,0.40005505705453237,3.47821004634631,2,3,14415.269334835333,12519.040014939423,1896.2293198959105,1896.2293198959105,251.81585693359375,590.2794189453125,2904.7559570312496,4492.10693359375,10.0,0.1,2.0,1577,0.6341063,False
413,5629,ok,True,False,20260908,5,analysis_activations,positive,False,5.952279569000052,6.720709568016536,0.059188653017896255,0.2891958282264038,0.243287182189889,0.537769307627726,0.6227329166518055,0.3772670833481944,0.3772670833481944,1.841153120544475,2,7,8919.628136147494,7420.515346082676,1499.112790064818,1499.112790064818,267.2784423828125,449.9063720703125,1376.4293457031235,4608.95556640625,10.0,0.1,2.0,844,0.28473955,False
438,17828,ok,True,True,20260908,5,analysis_activations,positive,False,6.068338918145962,7.373812714942521,0.20560923963884198,0.20546706242751211,0.4534415504106808,0.4532847476228514,0.5188601589758348,0.48113984102416524,0.48113984102416524,2.879532181005905,2,4,42404.331076439616,40251.60978779649,2152.7212886431225,2152.7212886431225,196.7808837890625,793.2179870605469,2810.2001953124995,4186.4541015625,10.0,0.1,2.0,3267,0.63103104,False
443,4324,ok,True,True,20260908,5,analysis_activations,positive,False,5.770173110407253,6.86189259568708,0.12295603305372216,0.16076656179475216,0.3506508706016886,0.40095705729510756,0.5199744071353688,0.4800255928646312,0.4800255928646312,2.8985386651892466,2,4,8723.949278069225,8184.443005468608,539.5062726006172,539.5062726006172,180.28811645507812,515.9536743164062,1625.213244628906,2388.591064453125,10.0,0.1,2.0,2027,0.4386933,False
450,4258,ok,True,False,20260908,5,analysis_activations,positive,False,5.6721331957531484,6.176743602145813,0.024048932923479156,0.10700937689066742,0.15507718376176155,0.32712287735752665,0.6216894088121372,0.3783105911878629,0.3783105911878629,1.9712373483904242,2,8,2902.9245005798634,1784.6845630439616,1118.2399375359018,1118.2399375359018,231.60400390625,324.1929016113281,692.7646667480467,1599.76025390625,10.0,0.1,2.0,2056,0.11534687,False
494,42683,ok,True,True,20260908,5,analysis_activations,positive,False,5.651754217418271,6.38733536510842,0.050747776263695143,0.1292959826268471,0.22527267092058714,0.35957750572977604,0.5663392471388846,0.43366075286111533,0.43366075286111533,2.4516391742701282,2,5,56074.0849907314,49141.2416202472,6932.8433704841955,6932.8433704841955,202.27154541015625,361.0448303222656,937.8373901367188,1961.8861083984375,10.0,0.1,2.0,1507,0.21770185,False
501,6527,ok,True,True,20260908,5,analysis_activations,positive,False,5.917711190870028,6.414912932733874,0.025706470653602848,0.07365019867623288,0.16033237556277535,0.27138570094283315,0.6336626053319695,0.36633739466803045,0.36633739466803045,2.230740884671657,2,5,3554.0223921406023,2319.5871296174637,1234.4352625231386,1234.4352625231386,292.3867492675781,418.2660217285156,826.4812255859373,1673.229736328125,10.0,0.1,2.0,1481,0.10067098,False
548,4830,ok,True,False,20260908,5,analysis_activations,positive,False,5.9115446336722375,6.727970535060655,0.06903477477034876,0.32815398878663027,0.2627446950374998,0.5728472647980701,0.6895815058316079,0.310418494168392,0.310418494168392,1.8320330129285172,2,5,7780.660901929505,6326.994158386367,1453.6667435431373,1453.6667435431373,250.28900146484375,414.638916015625,1417.5446411132814,4369.484375,10.0,0.1,2.0,1739,0.29221064,False
552,38317,ok,True,True,20260908,5,analysis_activations,positive,False,5.659715926078506,6.308454666678183,0.03539164007407833,0.14887008525327564,0.18812665965800363,0.38583686352301233,0.6215067641732478,0.3784932358267522,0.3784932358267522,2.1373087539625697,2,8,42484.37852142895,31918.806645313063,10565.57187611589,10565.57187611589,217.24624633789062,329.09503173828125,853.4316894531246,2363.84912109375,10.0,0.1,2.0,3750,0.1773478,False
553,9814,ok,True,True,20260908,5,analysis_activations,positive,False,5.521491996732752,6.655748245782013,0.12005616701539558,0.22717186175316803,0.34649122213325345,0.47662549423333206,0.5824454495633041,0.4175545504366958,0.4175545504366958,2.7221922364024524,2,4,20618.40513023653,19057.974697399706,1560.4304328368235,1560.4304328368235,146.34738159179688,357.86109924316406,1444.7058471679688,2819.2431640625,10.0,0.1,2.0,1078,0.47772053,False
567,6253,ok,True,False,20260908,5,analysis_activations,positive,False,5.825943709751473,7.039053995711033,0.17570860130454974,0.5780827063251336,0.41917609820283136,0.7603175036293283,0.7463156549623482,0.25368434503765175,0.25368434503765175,1.976012649584956,2,5,14096.86731268632,12556.682560850348,1540.1847518359718,1540.1847518359718,172.95196533203125,396.70111083984375,2425.985107421873,5595.1806640625,10.0,0.1,2.0,1618,0.556492,False
580,1052,ok,True,True,20260908,5,analysis_activations,positive,False,5.837863797240095,6.3725357997697945,0.012768713378604097,0.06826002798638166,0.11299873175661794,0.26126620138544837,0.4829222974367938,0.5170777025632062,0.4829222974367938,2.656335306573025,2,12,704.1841696804437,403.4479735017726,300.7361961786711,300.7361961786711,291.18109130859375,417.3557434082031,850.0825378417967,1117.299560546875,10.0,0.1,2.0,405,0.11295362,False
583,25587,ok,True,True,20260908,5,analysis_activations,positive,False,5.760566781282034,7.085135866188474,0.12337112817339839,0.2516990571083796,0.3512422642185852,0.5016961800815106,0.6271654003646767,0.3728345996353234,0.3728345996353234,3.058675052354997,2,4,58759.639277226575,52059.22571281789,6700.4135644086855,6700.4135644086855,189.362548828125,432.50897216796875,2165.1615966796867,3916.33349609375,10.0,0.1,2.0,4746,0.5814854,False
586,908,ok,True,True,20260908,5,analysis_activations,positive,False,5.782476335923617,5.975522518561307,0.0021296788650116342,0.014412681310197854,0.04614844379837346,0.12005282716453558,0.5628184539651937,0.43718154603480625,0.43718154603480625,2.1226455510527233,2,13,-1127.164980740622,-1439.5077889796196,312.3428082389976,312.3428082389976,302.1383056640625,338.12530517578125,452.5097030639648,619.305419921875,10.0,0.1,2.0,455,0.01668659,False
599,45271,ok,True,True,20260908,5,analysis_activations,positive,False,5.722211202965658,6.603148879072673,0.08166163383632777,0.1734930870999666,0.28576499757025486,0.41652501377464307,0.5856917276170538,0.4143082723829462,0.4143082723829462,2.4663708459698888,2,4,75184.47131390648,68942.53312263878,6241.938191267705,6241.938191267705,194.19183349609375,403.50897216796875,1245.4276123046875,2909.118408203125,10.0,0.1,2.0,4985,0.30802673,False
609,34569,ok,True,True,20260908,5,analysis_activations,positive,False,6.354185212549163,7.396879228890218,0.158506900495558,0.14687643860738603,0.3981292509921345,0.3832446198022694,0.43285368522894085,0.5671463147710591,0.43285368522894085,2.6683894161308452,2,4,68036.81171106892,65000.01480755586,3036.796903513059,3036.796903513059,281.939453125,1089.582763671875,2786.434033203124,4401.6328125,10.0,0.1,2.0,5268,0.41882214,False
624,24398,ok,True,True,20260908,5,analysis_activations,positive,False,5.648245908111989,6.125829639678041,0.021177629678920815,0.07213751899853167,0.1455253575117437,0.2685842865815714,0.6256215941674,0.3743784058325999,0.3743784058325999,2.210998491141006,2,6,11486.664690229767,5894.990020334491,5591.674669895276,5591.674669895276,227.96875,315.6944274902344,621.1427368164062,1441.47998046875,10.0,0.1,2.0,1563,0.09368096,False
632,43646,ok,True,True,20260908,5,analysis_activations,positive,False,5.699776504162958,6.922863988112049,0.22279377425372598,0.20457608636625232,0.47201035396877256,0.4523008803509588,0.4547869751791512,0.5452130248208489,0.4547869751791512,2.6458826241021405,2,4,100392.31226451737,96690.31480686677,3701.9974576506065,3701.9974576506065,126.10986328125,604.3463134765625,1886.6954650878906,2997.807861328125,10.0,0.1,2.0,4067,0.5838011,False
643,33074,ok,True,True,20260908,5,analysis_activations,positive,False,5.859174865382076,6.894071229649371,0.12534361041047923,0.20390940101423377,0.354038995607093,0.45156328572441956,0.5447066646055998,0.4552933353944002,0.4552933353944002,2.550627167280332,2,4,65714.4356777671,62433.142952446775,3281.2927253203306,3281.2927253203306,195.806396484375,527.0966186523438,1795.2646606445307,3469.324462890625,10.0,0.1,2.0,4391,0.42673638,False
681,5066,ok,True,True,20260908,5,analysis_activations,positive,False,6.180577474029729,7.483410041366322,0.18493349586772168,0.18262570692334562,0.43003894691960365,0.4273472907640174,0.5191657320209898,0.48083426797901013,0.48083426797901013,3.039064752800493,2,3,11869.19026246603,11163.86635152401,705.323910942021,705.323910942021,230.6083984375,884.7427978515625,3083.945556640625,4642.86474609375,10.0,0.1,2.0,1951,0.6076623,False
685,13235,ok,True,True,20260908,5,analysis_activations,positive,False,5.656044181877348,6.715973865548477,0.05734136544010562,0.3498762535162494,0.23946057178605754,0.5915033841967849,0.5509314754704777,0.44906852452952223,0.44906852452952223,2.3489770443453053,2,15,27491.088193040618,22670.570293916877,4820.517899123741,4820.517899123741,206.42567443847656,378.1258544921875,1747.2867919921857,3614.46142578125,10.0,0.1,2.0,4045,0.46669245,False
747,646,ok,True,False,20260908,5,analysis_activations,positive,False,5.860796430868911,6.104879033646317,0.005255184332456544,0.025705695116680142,0.07249265019611674,0.16032995701577463,0.7910610300802781,0.208938969919722,0.208938969919722,1.9617568574862343,2,4,-701.4972181103354,-927.8301774402225,226.3329593298871,226.3329593298871,310.22821044921875,359.6927947998047,501.5666961669922,784.2559814453125,10.0,0.1,2.0,429,0.01940415,False
755,1788,ok,True,True,20260908,5,analysis_activations,positive,False,5.725013932532323,6.424357687315441,0.0480838721489802,0.12496624562081696,0.21928035057656262,0.35350565146941704,0.5409593464410516,0.4590406535589484,0.4590406535589484,2.3774957494831703,2,6,2254.0495450257295,2016.4096577915186,237.63988723421085,237.63988723421085,218.25823974609375,392.7852478027344,976.4771026611326,1770.568359375,10.0,0.1,2.0,1072,0.20493959,False
777,2484,ok,True,False,20260908,5,analysis_activations,positive,False,5.701365438687128,5.877569601454886,0.002073864134432902,0.014305516279225014,0.04553969844468562,0.11960566992925133,0.4698645517438923,0.5301354482561078,0.4698645517438923,1.947073864548823,2,14,-3162.048228500299,-3769.416939972884,607.3687114725849,607.3687114725849,278.52386474609375,317.7111358642578,416.3063842773437,704.6713256835938,10.0,0.1,2.0,1190,0.01629764,False
793,6892,ok,True,True,20260908,5,analysis_activations,positive,False,5.9961974158944935,6.750966211618181,0.06918753737622234,0.1323361078909989,0.2630352397991994,0.3637803016808344,0.53106269587967,0.4689373041203299,0.4689373041203299,2.3777485723018974,2,5,9759.811356236045,9151.151711879013,608.6596443570324,608.6596443570324,262.663818359375,545.6990966796875,1377.1301513671874,2865.4091796875,10.0,0.1,2.0,2383,0.2407025,False
811,4075,ok,True,True,20260908,5,analysis_activations,positive,False,5.639052345413664,6.481530358605752,0.09720187027119445,0.20317875992601098,0.3117721447967962,0.4507535467703066,0.5380685129976117,0.46193148700238823,0.46193148700238823,2.173890233134783,2,5,6970.358875601649,6658.529821832746,311.82905376890267,311.82905376890267,168.5947265625,390.937744140625,1125.2817626953124,3136.95849609375,10.0,0.1,2.0,1949,0.32264763,False
815,984,ok,True,False,20260908,5,analysis_activations,positive,False,5.28161389426702,6.287676116409791,0.06446546436278816,0.4556428689577835,0.253900500910865,0.6750132361352505,0.6594206153687782,0.34057938463122195,0.34057938463122195,1.972844853205986,2,10,1964.2966934556446,1539.8729689332497,424.4237245223949,424.4237245223949,136.1875,224.357666015625,1171.7645629882763,3307.6259765625,10.0,0.1,2.0,271,0.4254396,False
839,114028,ok,True,True,20260908,5,analysis_activations,positive,False,5.652333093026865,6.341729602124757,0.041179189946893305,0.13107675834592955,0.20292656294061975,0.3620452435068434,0.5820546382690542,0.41794536173094576,0.41794536173094576,2.349075437935454,2,7,136842.283083719,113116.29084829711,23725.992235421887,23725.992235421887,210.1514892578125,345.83843994140625,891.3908813476559,1825.6884765625,10.0,0.1,2.0,5952,0.19436681,True
856,4305,ok,True,False,20260908,5,analysis_activations,positive,False,5.254402258892681,5.999589639037659,0.07257933024821252,0.25888158102563924,0.2694055126537178,0.508804069387853,0.6374913645643571,0.362508635435643,0.362508635435643,1.830477223150214,2,5,6572.221116592784,5757.416234015662,814.804882577122,814.804882577122,126.1678466796875,226.84043884277344,684.7389892578125,2356.3525390625,10.0,0.1,2.0,1388,0.26850414,False
872,750,ok,True,False,20260908,5,analysis_activations,positive,False,5.5347688250642335,7.700477605697888,0.11738808988348952,0.0005097045713043501,0.342619453451624,0.022576637732495734,0.906666670938048,0.09333332906195205,0.09333332906195205,8.919945786046469,2,9,1626.8428404694735,639.1781877818423,987.6646526876311,987.6646526876311,168.54522705078125,240.509033203125,2205.6789794921874,2317.452880859375,10.0,0.1,2.0,193,0.50405353,False
882,24643,ok,True,True,20260908,5,analysis_activations,positive,False,5.560371015900603,6.142128051648303,0.027204291352820775,0.13646847183103267,0.16493723458582896,0.36941639356021094,0.611762658887466,0.388237341112534,0.388237341112534,2.033613587624129,2,10,23204.386405940983,15680.575238059933,7523.811167881049,7523.811167881049,203.78936767578125,292.9403991699219,717.5567871093747,1920.23291015625,10.0,0.1,2.0,2740,0.15001242,False
905,129274,ok,True,True,20260908,5,analysis_activations,positive,False,5.590917485067732,6.577050244415602,0.10284116991881004,0.21317253443390025,0.3206885871352612,0.46170611262349587,0.5824679318094191,0.4175320681905809,0.4175320681905809,2.480832403099137,2,4,243630.55981796284,226052.47653880084,17578.083279162005,17578.083279162005,161.6080322265625,367.5581359863281,1291.093377685546,3047.20556640625,10.0,0.1,2.0,5570,0.3854019,True
908,9991,ok,True,True,20260908,5,analysis_activations,positive,False,5.629580235361035,6.283188428408719,0.031612619867736245,0.1819696756245122,0.1777993809543111,0.4265790379572257,0.6039039883564199,0.39609601164358005,0.39609601164358005,2.000091482631387,2,11,11954.228793569366,8617.623950022647,3336.6048435467183,3336.6048435467183,215.15968322753906,318.1289367675781,875.8350219726562,3031.337646484375,10.0,0.1,2.0,1848,0.19337562,False
914,5888,ok,True,True,20260908,5,analysis_activations,positive,False,6.166981473943448,7.898404653834186,0.2161593078491163,0.1987671366897954,0.46492935791270085,0.44583308164580543,0.5389794862462951,0.46102051375370495,0.46102051375370495,3.8013045718773664,2,3,16443.589348076966,14557.670586190701,1885.9187618862652,1885.9187618862652,247.64678955078125,963.4208374023438,4408.8116943359355,5530.8974609375,10.0,0.1,2.0,1992,0.95320445,False
918,1371,ok,True,True,20260908,5,analysis_activations,positive,False,5.274867016928557,7.120903102410006,0.17488172249690562,1.0064788205730713,0.4181886207166637,1.0032341803253473,0.874151040902947,0.12584895909705296,0.12584895909705296,2.401949947650554,2,3,3323.900051547489,2545.8445260675167,778.0555254799724,778.0555254799724,108.236572265625,194.14697265625,3437.208251953125,4020.768310546875,10.0,0.1,2.0,703,0.65491503,False
923,19775,ok,True,True,20260908,5,analysis_activations,positive,False,5.896967468578994,6.685485594851433,0.061775833971559724,0.1499576615274432,0.24854744812924498,0.38724367203021304,0.5799025793970437,0.4200974206029563,0.4200974206029563,2.423437899436121,2,5,28747.79103325541,25655.016334330197,3092.774698925212,3092.774698925212,248.0291748046875,464.96337890625,1311.5163574218745,2733.40966796875,10.0,0.1,2.0,4242,0.25030234,False
930,14080,ok,True,True,20260908,5,analysis_activations,positive,False,5.8627483327467615,6.644353450635216,0.06377139071382636,0.12552637808567332,0.25252997983175457,0.3542970195833904,0.5659909312482326,0.43400906875176726,0.43400906875176726,2.540561103894765,2,4,19920.046851268566,18114.14556496403,1805.9012863045355,1805.9012863045355,236.9964599609375,461.9617919921875,1209.1639038085937,2324.27392578125,10.0,0.1,2.0,2301,0.24065663,False
931,15007,ok,True,True,20260908,5,analysis_activations,positive,False,5.66118564953234,6.439992594190937,0.05267542674926033,0.1800462108815549,0.2295112780437169,0.4243185252632212,0.5780713861176822,0.42192861388231784,0.42192861388231784,2.283107870390167,2,8,22062.24158804522,18888.51531342916,3173.7262746160595,3173.7262746160595,202.8939208984375,357.5419921875,1063.4235351562495,2635.702880859375,10.0,0.1,2.0,4124,0.25437024,False
934,13231,ok,True,True,20260908,5,analysis_activations,positive,False,6.025942661307072,6.876417370344766,0.09226379366788544,0.12499846409952141,0.3037495574776784,0.35355121849531423,0.5060790506495244,0.49392094935047554,0.49392094935047554,2.5803835047071826,2,4,21153.494592980005,20140.249591328164,1013.2450016518414,1013.2450016518414,248.004150390625,615.456298828125,1557.3016357421875,2752.526123046875,10.0,0.1,2.0,4079,0.2892523,False
945,35786,ok,True,True,20260908,5,analysis_activations,positive,False,5.68729276564606,6.674389971452608,0.0722001856019138,0.1738805447029165,0.2687009222200657,0.4169898616308513,0.6313381198955839,0.36866188010441614,0.36866188010441614,2.8140779088455283,2,4,62597.22139556725,53605.28989530999,8991.931500257262,8991.931500257262,198.8046875,369.16839599609375,1307.6072082519531,2440.78466796875,10.0,0.1,2.0,1748,0.3364766,False
955,14575,ok,True,True,20260908,5,analysis_activations,positive,False,5.460060604395967,6.082669894271927,0.03137451047238072,0.15256714218067916,0.1771285140015032,0.3905984410883883,0.6212542515937205,0.3787457484062795,0.3787457484062795,2.053007576938549,2,9,15424.57141180102,10973.02200933567,4451.549402465351,4451.549402465351,181.36392211914062,266.5621032714844,689.8641113281241,1818.763671875,10.0,0.1,2.0,1591,0.16849752,False
957,23316,ok,True,True,20260908,5,analysis_activations,positive,False,5.756596029407167,6.58458678055032,0.06638295552714008,0.2005044738343549,0.25764889972041427,0.4477772591750891,0.5956738530661692,0.40432614693383095,0.40432614693383095,2.266608035947562,2,6,36979.72221159787,32552.86240352093,4426.859808076944,4426.859808076944,214.9566650390625,396.90399169921875,1247.1846008300781,3239.48681640625,10.0,0.1,2.0,4549,0.28573963,False
960,5739,ok,True,False,20260908,5,analysis_activations,positive,False,7.427240653147686,7.614701707770484,0.021300048032341885,0.003151336153383704,0.14594535974926331,0.056136762940017335,0.4848686571465313,0.5151313428534686,0.4848686571465313,1.6954083941811422,2,12,-5942.18009267069,-7336.282901208708,1394.1028085380176,1394.1028085380176,272.3273620605469,1920.7039794921875,2209.086645507812,2462.55126953125,10.0,0.1,2.0,5738,0.020731041,False
979,35437,ok,True,True,20260908,5,analysis_activations,positive,False,5.866128082679225,7.434421091435095,0.3011845099938823,0.1860574797505524,0.5488027969989605,0.43134380689949914,0.5416631199620677,0.45833688003793216,0.45833688003793216,3.1773850678521485,2,4,95202.22034917702,88709.31590975083,6492.904439426187,6492.904439426187,127.7152099609375,709.5421752929688,2817.30205078125,4228.9228515625,10.0,0.1,2.0,4096,0.8590532,False
986,796,ok,True,True,20260908,5,analysis_activations,positive,False,5.762255766457013,6.039594574423165,0.00541220555537888,0.02657160873920643,0.07356769369348803,0.1630080020710837,0.6172511218127472,0.3827488781872528,0.3827488781872528,2.193110503233864,2,12,-475.4952316313461,-719.6395200032257,244.1442883718796,244.1442883718796,285.18133544921875,336.4043884277344,509.3999786376953,638.987548828125,10.0,0.1,2.0,349,0.03172157,False
1028,1333,ok,True,True,20260908,5,analysis_activations,positive,False,5.316552941166041,6.215070864102266,0.07839776841706135,0.186124251077934,0.2799960150021092,0.43142119915221366,0.6269953989015817,0.37300460109841826,0.37300460109841826,2.470647731567883,2,4,2224.8330629456186,2006.2960741098577,218.5369888357609,218.5369888357609,130.43084716796875,255.60317993164062,852.3095458984362,1665.37939453125,10.0,0.1,2.0,612,0.3076229,False
1032,21753,ok,True,True,20260908,5,analysis_activations,positive,False,5.82310295448141,6.319512104805531,0.023275055975623734,0.06692138471058241,0.15256164647651038,0.2586916788584094,0.6118890222934804,0.38811097770651953,0.38811097770651953,2.337545516507431,2,6,11387.07233776123,7094.187451698141,4292.88488606309,4292.88488606309,268.6300964355469,382.9111328125,758.4213623046874,1737.9271240234375,10.0,0.1,2.0,2844,0.0987387,False
1047,10534,ok,True,True,20260908,5,analysis_activations,positive,False,5.986965583079496,7.1153814082664795,0.12220080115886031,0.13635809480162556,0.3495723117737735,0.36926696955133365,0.47161156088969935,0.5283884391103006,0.47161156088969935,3.1383720233872463,2,3,21430.420371406828,19726.238487016704,1704.1818843901237,1704.1818843901237,231.091552734375,737.2449645996094,2033.186767578125,2899.26513671875,10.0,0.1,2.0,4103,0.44702685,False
1057,27661,ok,True,True,20260908,5,analysis_activations,positive,False,6.057573242120693,6.988633335407557,0.10198875763058315,0.1503064610838722,0.31935678735637224,0.38769377230473046,0.493107858678828,0.5068921413211721,0.493107858678828,2.6214296075049655,2,4,48933.64773909125,46541.38122149538,2392.266517595868,2392.266517595868,254.40966796875,672.0517578125,1823.88525390625,3548.4248046875,10.0,0.1,2.0,3229,0.34316766,False
1066,16310,ok,True,True,20260908,5,analysis_activations,positive,False,5.632961864961134,6.343081558042339,0.047303584372828784,0.1570239787880503,0.21749387203511916,0.3962625124687551,0.6068856713301081,0.393114328669892,0.393114328669892,2.221688038162314,2,6,20908.51175027625,17457.24449029607,3451.267259980181,3451.267259980181,201.6842041015625,333.7846374511719,908.4319458007808,2516.059326171875,10.0,0.1,2.0,2456,0.21075468,False
1095,25035,ok,True,True,20260908,5,analysis_activations,positive,False,5.977556399353816,6.689864078227963,0.04649069983052746,0.1121050901499272,0.2156170211985303,0.3348209822426414,0.6071170825927853,0.3928829174072148,0.3928829174072148,2.529512307006903,2,4,29920.18978889759,25343.889264317797,4576.300524579794,4576.300524579794,283.23321533203125,478.1905517578125,1201.3891723632812,2436.52783203125,10.0,0.1,2.0,4130,0.19330105,False
1105,30200,ok,True,True,20260908,5,analysis_activations,positive,False,5.739533073119191,6.846969708961757,0.08527152938841515,0.30953811014286947,0.29201289250376455,0.5563614923256905,0.6043589590684396,0.3956410409315604,0.3956410409315604,2.4925277984619405,2,9,62745.41686917684,54215.5925317714,8529.824337405444,8529.824337405444,203.16180419921875,403.844970703125,1894.9885131835936,3932.890869140625,10.0,0.1,2.0,4403,0.4672621,False
1106,17887,ok,True,True,20260908,5,analysis_activations,positive,False,5.289882903016857,6.1927258864755315,0.10051579277623425,0.1948533670313088,0.317042257082923,0.441421982949772,0.5412507221872095,0.4587492778127905,0.4587492778127905,2.3493333904600724,2,5,31806.55683140222,30146.29010341052,1660.2667279917005,1660.2667279917005,117.31280517578125,281.77142333984375,858.1989685058594,2142.649658203125,10.0,0.1,2.0,3070,0.34620523,False
1132,6044,ok,True,True,20260908,5,analysis_activations,positive,False,5.18782354865184,5.935763992334699,0.06785904846467736,0.14524795332154616,0.2604976937799591,0.3811140948870117,0.5625944080222397,0.4374055919777602,0.4374055919777602,2.2913063356321013,2,5,8528.172439608614,7902.478695406124,625.69374420249,625.69374420249,117.1533203125,231.53173828125,603.3554138183589,1477.716064453125,10.0,0.1,2.0,1797,0.23940976,False
1135,28412,ok,True,True,20260908,5,analysis_activations,positive,False,5.790094381852029,6.66250431133967,0.07623364378654499,0.13682741630602158,0.2761044074015208,0.36990190092242237,0.5608987789266745,0.43910122107332555,0.43910122107332555,2.672905200625167,2,4,45508.3362235025,41665.57030632775,3842.765917174751,3842.765917174751,210.39398193359375,445.93853759765625,1272.1099365234375,2163.53662109375,10.0,0.1,2.0,868,0.29030213,False
1141,4329,ok,True,True,20260908,5,analysis_activations,positive,False,5.7408714882258485,6.409154023511933,0.048920093848194394,0.14181951171865856,0.22117887296980784,0.376589314397871,0.5672672893195211,0.4327327106804788,0.4327327106804788,2.1639871086921687,2,6,5307.502344600078,4670.678045320104,636.8242992799742,636.8242992799742,221.1185302734375,385.0953369140625,977.465112304687,2302.70361328125,10.0,0.1,2.0,1292,0.19879529,False
1143,19712,ok,True,True,20260908,5,analysis_activations,positive,False,6.220394161514289,7.679431488644897,0.23660418077192624,0.1997029372041931,0.48641975779354013,0.4468813457778173,0.46692092468470736,0.5330790753152927,0.46692092468470736,3.123814608147289,2,3,50204.937345911145,46876.48168046028,3328.4556654508633,3328.4556654508633,222.564208984375,1160.9012451171875,3826.828173828126,5914.076171875,10.0,0.1,2.0,5095,0.74683887,False
1145,5555,ok,True,True,20260908,5,analysis_activations,positive,False,5.604325052388456,6.524631795058357,0.09726845654423669,0.1461351632398221,0.3118789132728224,0.38227629175744354,0.5348008396248357,0.46519916037516434,0.46519916037516434,2.6380564559541297,2,4,9635.063607629185,9105.639499048355,529.4241085808299,529.4241085808299,163.35903930664062,398.2349853515625,1118.835534667969,2004.6402587890625,10.0,0.1,2.0,875,0.33077532,False
1147,22945,ok,True,False,20260908,5,analysis_activations,positive,False,5.642405889033876,6.215223870944295,0.02877360636376129,0.13632804904336285,0.16962784666369282,0.36922628433436705,0.6628602175092112,0.33713978249078885,0.33713978249078885,1.9936821789759929,2,7,19752.458526947143,12480.106501255437,7272.352025691705,7272.352025691705,220.5291748046875,309.39532470703125,724.1679565429687,2001.56103515625,10.0,0.1,2.0,3162,0.13836668,False
1148,9706,ok,True,True,20260908,5,analysis_activations,positive,False,5.8218342295668695,6.309630048627488,0.02311838980850168,0.07607395977379669,0.15204732752831165,0.27581508257127035,0.6199013756166191,0.3800986243833809,0.3800986243833809,2.1903523481148297,2,6,5146.813242096656,3087.254051683613,2059.559190413043,2059.559190413043,269.3017578125,378.0375061035156,750.7699890136719,1534.2777099609375,10.0,0.1,2.0,2910,0.0993213,False
1154,17938,ok,True,True,20260908,5,analysis_activations,positive,False,6.155654560864518,7.1919862675104005,0.1245107808526769,0.1869071908541856,0.3528608519695503,0.4323276429447759,0.516105258459778,0.4838947415402221,0.4838947415402221,2.6262855706230748,2,4,35488.49845693914,33762.585357843745,1725.9130990953927,1725.9130990953927,265.749755859375,749.087646484375,2385.411767578125,4149.7890625,10.0,0.1,2.0,4516,0.42294413,False
1156,22331,ok,True,True,20260908,5,analysis_activations,positive,False,6.253140242626907,7.411271481033518,0.17398385620575377,0.20871659630269385,0.41711372095119786,0.4568551152200157,0.5193840292374438,0.4806159707625562,0.4806159707625562,2.6475446068947655,2,4,49024.313254133776,47049.65007573754,1974.6631783962366,1974.6631783962366,249.595458984375,881.21435546875,2937.433837890625,5312.1298828125,10.0,0.1,2.0,5131,0.5255103,False
1161,24256,ok,True,True,20260908,5,analysis_activations,positive,False,5.621390557242327,6.433249170028354,0.07582685402394046,0.15243138976407367,0.27536676274369143,0.3904246275071203,0.5697144340656418,0.4302855659343582,0.4302855659343582,2.403157110290763,2,4,37129.131570765116,34397.223010469075,2731.9085602960404,2731.9085602960404,176.57568359375,364.922607421875,1012.2538452148438,2680.864990234375,10.0,0.1,2.0,4613,0.27037328,False
1168,42418,ok,True,True,20260908,5,analysis_activations,positive,False,5.737997299347573,6.45997355352478,0.04579362984052276,0.13490349420117959,0.21399446217255894,0.3672921101809561,0.5751216089960156,0.42487839100398445,0.42487839100398445,2.4019407568947226,2,7,54405.23341439274,46236.36272910093,8168.870685291804,8168.870685291804,225.030029296875,385.06756591796875,1001.2790039062503,2483.737548828125,10.0,0.1,2.0,3167,0.21102911,False
1175,511,ok,True,True,20260908,5,analysis_activations,positive,False,5.2545414349381865,6.852697101148799,0.12273531073333281,0.3357988022972789,0.35033599691343853,0.579481494352735,0.8506022095311794,0.14939779046882062,0.14939779046882062,3.337707320726115,2,3,1086.6489061681998,842.8638675841972,243.78503858400256,243.78503858400256,109.21173095703125,188.05426025390625,1333.8635864257812,3669.93017578125,10.0,0.1,2.0,219,0.48007542,False
1176,23824,ok,True,True,20260908,5,analysis_activations,positive,False,6.125685660609589,7.532560079966075,0.1614440759866533,0.19485356825302444,0.4018010403006111,0.4414222108741521,0.5869283272044232,0.4130716727955767,0.4130716727955767,3.3332190518810316,2,3,57553.36100137248,52281.65209482697,5271.708906545515,5271.708906545515,233.3453369140625,708.9854736328125,3166.6619140625,4851.8017578125,10.0,0.1,2.0,4184,0.6551383,False
1184,1503,ok,True,True,20260908,5,analysis_activations,positive,False,5.629365950088977,6.202999752121589,0.04332660900189366,0.10726000832167101,0.2081504479983016,0.32750573784541703,0.5970981182418392,0.40290188175816066,0.40290188175816066,2.09053067128019,2,5,1410.9104817789348,1244.2579914787889,166.65249030014593,166.65249030014593,201.02951049804688,331.73968505859375,721.7179687499998,1528.966796875,10.0,0.1,2.0,1025,0.14834501,False
1190,3401,ok,True,True,20260908,5,analysis_activations,positive,False,5.846691431624723,6.637941722125595,0.09131342924301096,0.08542296811341822,0.30218111993142616,0.2922720789152091,0.4452153806461957,0.5547846193538043,0.4452153806461957,2.66174153342785,2,4,4852.093607588194,4580.6232170525145,271.47039053567914,271.47039053567914,203.07125854492188,551.4114990234375,1145.966796875,1597.1871337890625,10.0,0.1,2.0,1353,0.24275643,False
1199,108395,ok,True,True,20260908,5,analysis_activations,positive,False,5.6445404007097935,6.451249524565318,0.06298707778594073,0.20168822798283234,0.250972264973524,0.4490971253335211,0.5945468974849358,0.40545310251506417,0.40545310251506417,2.2175593650848695,2,6,168131.51266189365,146839.03837251704,21292.47428937661,21292.47428937661,193.90655517578125,351.033447265625,1079.578381347656,3399.131591796875,10.0,0.1,2.0,5551,0.27609852,True
1220,1916,ok,True,True,20260908,5,analysis_activations,positive,False,5.604819217795013,5.790228282690519,0.0022077239859131814,0.013469196940013134,0.0469864234211669,0.11605686942190512,0.45782119997019755,0.5421788000298026,0.45782119997019755,2.0941875699412154,2,14,-2371.834681540279,-2800.21897943007,428.384297889791,428.384297889791,253.2548828125,291.31211853027344,383.6212692260742,505.74847412109375,10.0,0.1,2.0,928,0.016854197,False
1223,652,ok,True,True,20260908,5,analysis_activations,positive,False,5.552682132861616,6.928976627098079,0.046408437667396794,0.6512166209490738,0.2154261768388345,0.8069799383807963,0.7330971984667225,0.26690280153327756,0.26690280153327756,2.3303187756220654,2,12,1506.360076135737,902.7390593964492,603.6210167392878,603.6210167392878,194.75640869140625,278.44317626953125,2437.544995117186,4308.994140625,10.0,0.1,2.0,425,0.5793482,False
1228,20694,ok,True,True,20260908,5,analysis_activations,positive,False,5.669803950175372,6.3847693781204375,0.056992264535889174,0.13194653523678757,0.23873052702972272,0.3632444565809471,0.5750072209061584,0.4249927790938416,0.4249927790938416,2.3261593591268177,2,5,26818.51455874462,24138.508187863383,2680.0063708812377,2680.0063708812377,198.3331298828125,364.49755859375,923.8965698242184,2010.2664794921875,10.0,0.1,2.0,5038,0.2137745,False
1242,10018,ok,True,True,20260908,5,analysis_activations,positive,False,5.866874928226175,6.987347420111356,0.11387089643818496,0.13536711269735655,0.33744762028822334,0.3679226993504975,0.5332462458379705,0.4667537541620294,0.4667537541620294,3.1740156218808213,2,3,20140.93900053327,18371.527894709106,1769.4111058241651,1769.4111058241651,205.5394287109375,563.0733642578125,1712.7989624023437,2755.65673828125,10.0,0.1,2.0,3741,0.43642375,False
1243,4332,ok,True,True,20260908,5,analysis_activations,positive,False,5.5755734903265415,6.383980108527397,0.07150431169435764,0.17994798942567045,0.2674029014321977,0.4242027692338541,0.5885903472893604,0.41140965271063956,0.41140965271063956,2.279906574626033,2,5,6707.942543193411,6089.669318544237,618.2732246491742,618.2732246491742,172.80252075195312,333.8100280761719,1002.8175384521484,2244.693359375,10.0,0.1,2.0,2023,0.27443156,False
1247,89845,ok,True,True,20260908,5,analysis_activations,positive,False,5.646750026491295,6.323268181381244,0.0393210831339,0.16927213362341278,0.19829544405734592,0.4114269481006474,0.6222557584885118,0.37774424151148833,0.37774424151148833,2.094808670531405,2,8,108570.80761957898,83652.81951657978,24917.988102999196,24917.988102999196,211.78497314453125,325.8038024902344,892.1300781250002,2635.05859375,10.0,0.1,2.0,5631,0.1959865,True
1252,17326,ok,True,True,20260908,5,analysis_activations,positive,False,5.960206614820293,6.982541621958047,0.09853019129879896,0.26294382820709417,0.313895191582794,0.5127804873501859,0.5822985649432018,0.41770143505679824,0.41770143505679824,2.404748629792649,2,5,34216.67016186425,31197.137292599153,3019.5328692650946,3019.5328692650946,242.6507568359375,527.2805786132812,2056.57421875,4502.291015625,10.0,0.1,2.0,4712,0.42144045,False
1258,1875,ok,True,True,20260908,5,analysis_activations,positive,False,5.257565286268731,6.648437456778251,0.07087401716697142,0.43409656502473415,0.2662217443541594,0.6588600496499497,0.46813030343107853,0.5318696965689216,0.46813030343107853,2.768019696988648,2,15,4785.974233859378,4163.1783649091385,622.7958689502393,622.7958689502393,128.57049560546875,329.4168701171875,2003.5172119140618,2919.76025390625,10.0,0.1,2.0,1025,0.74612457,False
1262,26181,ok,True,True,20260908,5,analysis_activations,positive,False,6.109653255249105,7.1906113657206605,0.1463838410480133,0.1769201558225814,0.38260141276269916,0.42061877730622227,0.48644568213703815,0.5135543178629618,0.48644568213703815,2.688551286307398,2,4,53642.91193738206,51335.88438797562,2307.027549406441,2307.027549406441,236.762939453125,780.8338623046875,2339.396484375,4371.52978515625,10.0,0.1,2.0,5361,0.4539834,False
1271,18721,ok,True,True,20260908,5,analysis_activations,positive,False,5.877366388967844,6.810314588852851,0.06428527049272373,0.19566358517492552,0.25354540124546476,0.4423387674338815,0.6074833905095204,0.39251660949047956,0.39251660949047956,2.5877872807248203,2,7,32013.8035072584,27323.764720580075,4690.038786678324,4690.038786678324,244.44366455078125,446.9915771484375,1580.196044921875,2813.117431640625,10.0,0.1,2.0,751,0.32341486,False
1273,9165,ok,True,True,20260908,5,analysis_activations,positive,False,5.609726897762271,6.857186724643412,0.1265478281625701,0.2489401945898703,0.35573561553852057,0.49893906901531604,0.6124923474367102,0.38750765256328973,0.38750765256328973,2.8790123118287636,2,4,20436.242378312054,18572.64757561983,1863.5948026922233,1863.5948026922233,157.33746337890625,378.0833435058594,1687.416503906249,3375.00634765625,10.0,0.1,2.0,1673,0.54338294,False
1284,107142,ok,True,True,20260908,5,analysis_activations,positive,False,5.633005756241708,6.38753618402533,0.059804500522014296,0.14978901383092605,0.24454958704118537,0.3870258567989044,0.5908929977568607,0.40910700224313934,0.40910700224313934,2.330788336255692,2,5,148573.2225741641,131983.75863305177,16589.463941112335,16589.463941112335,190.9039306640625,348.924560546875,949.4649291992187,2360.18017578125,10.0,0.1,2.0,5464,0.23424228,True
1290,14368,ok,True,True,20260908,5,analysis_activations,positive,False,5.398583598772932,6.2230920119976405,0.06897443507264453,0.13940569303519998,0.26262984421547475,0.37337071796700927,0.5631079834603514,0.4368920165396486,0.4368920165396486,2.554359025117929,2,4,21820.206426932804,19926.485566034105,1893.7208608986984,1893.7208608986984,147.14007568359375,294.0987091064453,808.8115936279296,1918.5498046875,10.0,0.1,2.0,2489,0.26700947,False
1305,5627,ok,True,True,20260908,5,analysis_activations,positive,False,6.055069763495354,7.055926093321541,0.11858130188516895,0.2888974012480967,0.34435635885688093,0.5374917685398509,0.5196066414530567,0.48039335854694326,0.48039335854694326,2.2173501540006173,2,6,11498.330034819648,10949.285978154836,549.0440566648122,549.0440566648122,250.2808837890625,638.5452880859375,2456.029931640625,5285.9111328125,10.0,0.1,2.0,2420,0.45052272,False
1309,34535,ok,True,True,20260908,5,analysis_activations,positive,False,5.75897023111584,6.539650872489798,0.06557030788143625,0.16974851617602596,0.2560669988136625,0.41200548075969323,0.5788625385930071,0.42113746140699293,0.42113746140699293,2.2759361464792214,2,5,51241.496059783094,46142.53552283275,5098.960536950341,5098.960536950341,213.1400146484375,404.36279296875,1152.5976196289057,3105.494140625,10.0,0.1,2.0,1461,0.2580238,False
1317,16738,ok,True,False,20260908,5,analysis_activations,positive,False,5.634947910342847,5.920519705582193,0.00682644494114155,0.03480527066722755,0.0826223029280929,0.18656170739792116,0.6089369525543452,0.39106304744565484,0.39106304744565484,1.979329764454713,2,9,-7578.266302544165,-12555.19122253429,4976.924919990124,4976.924919990124,247.42529296875,296.8486633300781,459.92192687988273,896.3299560546875,10.0,0.1,2.0,2606,0.03718899,False
1318,41895,ok,True,True,20260908,5,analysis_activations,positive,False,5.891320442943782,6.6755555846071095,0.06256416815566812,0.12725971141359663,0.2501283033878176,0.3567347914257826,0.5921066371929694,0.40789336280703054,0.40789336280703054,2.5455748670065526,2,4,58684.751835943054,52561.54878145871,6123.203054484344,6123.203054484344,243.92979431152344,459.16998291015625,1219.1668457031249,2419.77783203125,10.0,0.1,2.0,2466,0.23749556,False
1322,2639,ok,True,True,20260908,5,analysis_activations,positive,False,5.406057039737333,6.172751573319576,0.04371062817906258,0.18138873567927127,0.20907086879587644,0.4258975647726473,0.5224733232332069,0.477526676766793,0.477526676766793,2.285336893809181,2,12,3910.2340045079595,3348.355960203753,561.8780443042065,561.8780443042065,162.119140625,286.3121337890625,804.556671142578,2095.0390625,10.0,0.1,2.0,1103,0.25620976,False
1323,30916,ok,True,True,20260908,5,analysis_activations,positive,False,5.620733086515623,6.200697245607132,0.03012333307940248,0.12170159726082429,0.17356074751913947,0.34885756013138697,0.6308181445075532,0.3691818554924468,0.3691818554924468,2.104963687236471,2,7,27468.257882083206,19302.053109527114,8166.2047725560915,8166.2047725560915,213.65960693359375,310.8427734375,724.8169555664062,1995.922119140625,10.0,0.1,2.0,3403,0.14226943,False
1334,29329,ok,True,True,20260908,5,analysis_activations,positive,False,5.758185741345437,6.779612912013591,0.0742484751571162,0.15352072415783366,0.2724857338598045,0.39181720758260946,0.6479566364083384,0.3520433635916616,0.3520433635916616,3.026738538233113,2,3,51624.65913448582,43748.57952327084,7876.0796112149765,7876.0796112149765,211.53668212890625,391.24371337890625,1384.8525390624993,2473.70556640625,10.0,0.1,2.0,4489,0.34015536,False
1343,6650,ok,True,True,20260908,5,analysis_activations,positive,False,5.490764328245515,6.144089451567249,0.027643043641088976,0.17171307907080066,0.1662619729255279,0.41438276879088576,0.6081821786583775,0.39181782134162246,0.39181782134162246,2.0693291126063538,2,11,7697.12886208223,5215.5742246836435,2481.5546373985862,2481.5546373985862,190.44203186035156,274.44410705566406,776.9479980468748,2180.173828125,10.0,0.1,2.0,1221,0.18583274,False
1355,14188,ok,True,True,20260908,5,analysis_activations,positive,False,6.238279744957052,7.359679983731516,0.20664329368184176,0.2638386539335944,0.45458034898336924,0.513652269471862,0.6132253653583819,0.38677463464161815,0.38677463464161815,2.312086936775571,2,4,31195.45674399871,30312.607547127835,882.8491968708768,882.8491968708768,239.52694702148438,745.930908203125,2917.093615722656,5420.119140625,10.0,0.1,2.0,4032,0.5270646,False
1387,28590,ok,True,True,20260908,5,analysis_activations,positive,False,5.608115148063971,6.266594931235102,0.04375654630786321,0.13922921984237507,0.20918065471707276,0.37313431876788694,0.6027164799634256,0.3972835200365744,0.3972835200365744,2.1769516783325837,2,6,32991.298376866056,27493.629380337417,5497.668996528639,5497.668996528639,198.61080932617188,323.2718505859375,808.6971862792968,2272.06689453125,10.0,0.1,2.0,4612,0.18551518,False
1447,16452,ok,True,True,20260908,5,analysis_activations,positive,False,6.178667064021564,7.387137276480854,0.15316960980561795,0.17363279554400762,0.3913688922303585,0.4166926871736623,0.5357305838371658,0.46426941616283424,0.46426941616283424,2.9895672384882874,2,3,36135.53297829332,33817.624182928295,2317.9087953650233,2317.9087953650233,253.08056640625,809.4805908203125,2715.7325927734355,4719.1044921875,10.0,0.1,2.0,4346,0.5259363,False
1476,3733,ok,True,False,20260908,5,analysis_activations,positive,False,5.586581900766007,5.99758662825358,0.013150286697748825,0.07639933033081088,0.11467469946657294,0.27640428783000254,0.6089327982792127,0.3910672017207873,0.3910672017207873,1.9423609966124313,2,9,1092.4786502997154,-126.31168748049737,1218.7903377802127,1218.7903377802127,225.08045959472656,289.018310546875,547.3809570312499,1412.8336181640625,10.0,0.1,2.0,980,0.07813146,False
1478,4942,ok,True,True,20260908,5,analysis_activations,positive,False,5.579557675382163,5.834753684121648,0.006334724298610923,0.026222511332365,0.0795909812642797,0.161933663369804,0.6419874023892482,0.35801259761075177,0.35801259761075177,2.000161733461028,2,6,-3554.6267025790085,-4844.279572231057,1289.6528696520481,1289.6528696520481,235.49267578125,277.75914001464844,409.57331237792965,612.9324951171875,10.0,0.1,2.0,1904,0.028427763,False
1483,973,ok,True,True,20260908,5,analysis_activations,positive,False,5.928195425856554,7.0337831214376125,0.11168021680840669,0.2620696714159425,0.3341859015703785,0.5119274083460882,0.641023561384952,0.3589764386150481,0.3589764386150481,2.557511874242228,2,4,1991.422457017113,1815.0266988809794,176.3957581361335,176.3957581361335,225.20849609375,485.838134765625,2114.6202148437496,3609.90771484375,10.0,0.1,2.0,556,0.44739676,False
1516,27838,ok,True,False,20260908,5,analysis_activations,positive,False,5.4242719276907865,6.072282295479649,0.033674048188074054,0.18091785589801584,0.18350489962961222,0.4253443968104151,0.6350436924756327,0.36495630752436725,0.36495630752436725,1.978291502613028,2,9,32007.1094680581,22651.518336761856,9355.591131296245,9355.591131296245,173.6741943359375,254.73526000976562,692.8553283691405,2492.4658203125,10.0,0.1,2.0,2864,0.1847376,False
1527,14288,ok,True,True,20260908,5,analysis_activations,positive,False,6.169776493843388,7.318725772028942,0.13102680403720676,0.200338664132571,0.36197624789094485,0.4475920733576177,0.5011191035174426,0.4988808964825574,0.4988808964825574,2.8226837971723118,2,4,30537.425136037975,28805.332027979613,1732.0931080583614,1732.0931080583614,265.66845703125,817.431640625,2785.1907470703127,4797.5634765625,10.0,0.1,2.0,4255,0.49565688,False
1532,7848,ok,True,True,20260908,5,analysis_activations,positive,False,6.083843173399803,7.069420864048404,0.13751964169599437,0.2111295157478053,0.3708364082664947,0.45948831949006635,0.47849834409106906,0.5215016559089309,0.47849834409106906,2.360541022278218,2,5,15449.584536744114,15054.125302255925,395.4592344881894,395.4592344881894,241.278564453125,719.1143798828125,2142.093896484375,5185.1494140625,10.0,0.1,2.0,2430,0.41835073,False
1570,9144,ok,True,True,20260908,5,analysis_activations,positive,False,5.888308596257368,6.975458261297938,0.1457399210903647,0.22323429554624266,0.38175898298581623,0.4724767672026241,0.5070138836027083,0.49298611639729184,0.49298611639729184,2.5310826364900025,2,4,19244.13770441955,18548.15386047256,695.9838439469895,695.9838439469895,190.6485595703125,592.4783630371094,1986.9377563476564,4385.2978515625,10.0,0.1,2.0,4021,0.4794101,False
1577,1317,ok,True,True,20260908,5,analysis_activations,positive,False,5.585692252704191,6.589265524688511,0.10948828448739445,0.26253239521293736,0.3308901396043624,0.5123791518133202,0.6498313603916285,0.3501686396083715,0.3501686396083715,2.326915128425876,2,4,2519.355652943294,2310.1697292353883,209.18592370790566,209.18592370790566,159.0430908203125,335.6259765625,1335.232958984375,2840.97265625,10.0,0.1,2.0,519,0.39255643,False
1587,30470,ok,True,True,20260908,5,analysis_activations,positive,False,6.025810709748051,7.067314730276697,0.14296340688202716,0.15814104031669582,0.37810502096907833,0.3976695114246198,0.4836553357097016,0.5163446642902983,0.4836553357097016,2.6842153998818428,2,4,60180.53713361841,57511.48590091567,2669.051232702739,2669.051232702739,215.546142578125,711.43701171875,1999.5446044921875,3401.63232421875,10.0,0.1,2.0,5075,0.42170432,False
1594,8812,ok,True,True,20260908,5,analysis_activations,positive,False,5.9883612385943294,6.899183580026212,0.09093126561488378,0.16813759006433748,0.3015481149251041,0.41004583897942126,0.5543748250205011,0.445625174979499,0.445625174979499,2.5307023551200674,2,4,15263.529144348176,14271.608529667172,991.9206146810047,991.9206146810047,246.843017578125,558.907958984375,1679.8220336914057,3192.966064453125,10.0,0.1,2.0,2901,0.33031905,False
1612,29204,ok,True,True,20260908,5,analysis_activations,positive,False,5.604069550940762,6.230758482713627,0.03849076670972346,0.13020738890882555,0.1961906386903398,0.36084260960815806,0.6235318631271679,0.3764681368728321,0.3764681368728321,2.157803310738504,2,6,30314.9577485466,23972.664211925185,6342.293536621415,6342.293536621415,202.23883056640625,313.7913513183594,760.8632293701166,1912.360107421875,10.0,0.1,2.0,1944,0.16521496,False
1615,23142,ok,True,True,20260908,5,analysis_activations,positive,False,5.876924293752884,6.909583718479933,0.15233360869469428,0.11686694206595975,0.39029938341572395,0.341858072986378,0.4592948483574315,0.5407051516425686,0.4592948483574315,2.8147131289205807,2,4,44372.58121921137,41568.21686813581,2804.3643510755646,2804.3643510755646,175.0673828125,654.5112609863281,1568.2078002929688,2164.328125,10.0,0.1,2.0,4268,0.3980016,False
1643,5462,ok,True,False,20260908,5,analysis_activations,positive,False,5.602900516692473,5.914788994371076,0.00836660028947182,0.040730909421915165,0.0914691220547777,0.2018190016373958,0.603490784970506,0.39650921502949404,0.39650921502949404,1.9906027333545444,2,9,-1484.5575548972758,-3012.4277571483535,1527.8702022510777,1527.8702022510777,236.87310791015625,290.517333984375,465.6691314697265,893.24658203125,10.0,0.1,2.0,1382,0.044483222,False
1672,28445,ok,True,True,20260908,5,analysis_activations,positive,False,5.666423376608918,6.252337772131105,0.03795223115597856,0.09630099630584096,0.19481332386666617,0.3103240182548572,0.5675590767005751,0.4324409232994249,0.4324409232994249,2.261449004067533,2,5,26290.82319764681,22426.12678133885,3864.6964163079574,3864.6964163079574,213.21697998046875,350.02374267578125,765.1091918945312,1879.669189453125,10.0,0.1,2.0,4152,0.14744602,False
1679,26121,ok,True,True,20260908,5,analysis_activations,positive,False,5.670981950738179,6.395439092397657,0.05738353804653177,0.1504006944586181,0.23954861311752937,0.38781528394148945,0.5933563579896609,0.4066436420103391,0.4066436420103391,2.2476123079207517,2,5,34815.87696840854,30833.607422497535,3982.2695459110073,3982.2695459110073,199.95928955078125,359.31451416015625,948.4415893554688,2378.83642578125,10.0,0.1,2.0,4417,0.22185142,False
1700,13701,ok,True,True,20260908,5,analysis_activations,positive,False,6.288107474359158,8.100108669193592,0.3454793085705698,0.03937943478019631,0.5877748791591639,0.19844252261094725,0.7614431226623827,0.23855687733761732,0.23855687733761732,4.13069185991982,2,21,36974.93705089105,31327.791528078757,5647.145522812294,5647.145522812294,225.2677001953125,661.7618408203125,3893.8271484375,5279.24755859375,10.0,0.1,2.0,4320,0.86892956,False
1702,38929,ok,True,False,20260908,5,analysis_activations,positive,False,5.671104516529506,6.2182361708406315,0.02558107968567262,0.13629713922796818,0.15994086308905744,0.36918442441138843,0.6745781098148674,0.3254218901851325,0.3254218901851325,1.9231476598089594,2,7,30263.468972179864,16555.850959308806,13707.618012871058,13707.618012871058,230.8431396484375,313.52056884765625,719.5474365234373,2085.1455078125,10.0,0.1,2.0,3749,0.12732673,False
1703,20326,ok,True,True,20260908,5,analysis_activations,positive,False,6.341989010046508,7.785468287979665,0.274854165481117,0.14968864783027225,0.5242653578876989,0.3868961718992219,0.4779598890741005,0.5220401109258996,0.4779598890741005,3.133031813034431,2,4,51289.219155002625,47057.37254834492,4231.846606657702,4231.846606657702,220.63427734375,1316.92724609375,3852.1756591796875,5840.92236328125,10.0,0.1,2.0,4345,0.72944176,False
1713,39144,ok,True,True,20260908,5,analysis_activations,positive,False,5.6273042389753005,6.821591474435547,0.20946399382435546,0.18354860904011222,0.45767236515257886,0.4284257334009154,0.4374322475425058,0.5625677524574942,0.4374322475425058,2.6941424185124343,2,4,87410.99901853713,83669.55914240862,3741.439876128512,3741.439876128512,121.55859375,576.0054931640625,1653.8813171386719,2809.98291015625,10.0,0.1,2.0,4414,0.54589146,False
1726,22271,ok,True,True,20260908,5,analysis_activations,positive,False,5.701642669955523,6.738634388468564,0.05544739488680896,0.23151921959064828,0.23547270518429297,0.4811644413198551,0.578551276884907,0.42144872311509296,0.42144872311509296,2.7376290385906477,2,12,42357.460376568735,34590.7631526522,7766.697223916533,7766.697223916533,215.1822967529297,386.6700134277344,1561.487060546875,3088.845947265625,10.0,0.1,2.0,2849,0.39187178,False
1745,20832,ok,True,True,20260908,5,analysis_activations,positive,False,5.538674723564427,6.3007677988268656,0.06654364729000337,0.12889020715689814,0.2579605537480554,0.3590128231092841,0.5476338995931446,0.4523661004068553,0.4523661004068553,2.437940569831895,2,4,29289.143642740557,27109.711333616026,2179.4323091245315,2179.4323091245315,169.0706787109375,340.0096130371094,864.1763488769533,1729.664794921875,10.0,0.1,2.0,3439,0.23863606,False
1751,8844,ok,True,True,20260908,5,analysis_activations,positive,False,5.887771544813273,7.197965181692378,0.09933992565560835,0.4224305929420644,0.3151823688844418,0.6499466077625642,0.48287350817230523,0.5171264918276949,0.48287350817230523,2.5651378878742093,2,11,21899.36827215038,19886.29334087645,2013.074931273928,2013.074931273928,220.9560546875,595.5474853515625,3865.04169921875,6126.69873046875,10.0,0.1,2.0,3698,0.6951439,False
1753,8401,ok,True,True,20260908,5,analysis_activations,positive,False,5.777745478204981,7.103723059157282,0.1344473064345655,0.17674152022164663,0.36667056935969855,0.4204063750963425,0.4552132210894359,0.544786778910564,0.4552132210894359,3.361546951708404,2,3,19476.336911587583,17792.729068571418,1683.6078430161651,1683.6078430161651,177.62725830078125,703.693115234375,2208.027587890625,3089.47900390625,10.0,0.1,2.0,3671,0.59358656,False
1766,50172,ok,True,False,20260908,5,analysis_activations,positive,False,5.6847712522713305,6.2995661856845135,0.03195867181645947,0.16460885555647706,0.17876988509382521,0.4057201690284537,0.6387773030661086,0.3612226969338913,0.3612226969338913,1.9610532666972003,2,8,52634.04327543434,36464.131245198136,16169.912030236206,16169.912030236206,227.4549560546875,328.3003845214844,839.390771484375,2846.812744140625,10.0,0.1,2.0,4586,0.16708992,False
1772,70175,ok,True,True,20260908,5,analysis_activations,positive,False,5.637399439217719,6.380937875897234,0.05189712097230243,0.12596195854459297,0.22780939614577453,0.3549111981110105,0.5806903422605086,0.41930965773949136,0.41930965773949136,2.493333669094858,2,5,92135.39014532989,80329.48784421345,11805.902301116439,11805.902301116439,198.3484649658203,352.47515869140625,926.4700927734376,1734.337646484375,10.0,0.1,2.0,2641,0.21756768,True
1800,525,ok,True,True,20260908,5,analysis_activations,positive,False,5.767374308464625,5.936070816933459,0.0011228263369550077,0.011649126619947745,0.033508600939982675,0.10793111979381917,0.4131990241576122,0.5868009758423878,0.4131990241576122,2.1110204320451977,2,13,-731.2486599232066,-872.3718053652159,141.12314544200933,141.12314544200933,303.5223693847656,341.38836669921875,440.53718872070306,606.6451416015625,10.0,0.1,2.0,348,0.014225971,False
1827,73217,ok,True,True,20260908,5,analysis_activations,positive,False,5.541961148425887,6.313733322660167,0.05018075906109613,0.22098477089171137,0.22401062265235577,0.4700901731494835,0.5727441112750584,0.42725588872494163,0.42725588872494163,2.095978739716345,2,10,111642.41244375233,93407.07529969129,18235.337144061035,18235.337144061035,183.41134643554688,313.4251708984375,975.7943603515624,3661.1611328125,10.0,0.1,2.0,5605,0.26891276,True
1829,4326,ok,True,False,20260908,5,analysis_activations,positive,False,5.424898273470218,6.305352761650975,0.08613636163892971,0.35743516026044053,0.2934899685490625,0.5978588129821627,0.6195348125336936,0.3804651874663063,0.3804651874663063,1.8695629013010608,2,5,8016.50080727371,7033.900723441603,982.600083832107,982.600083832107,147.279541015625,276.3476867675781,1142.9796142578125,3052.6611328125,10.0,0.1,2.0,1666,0.3721653,False
1833,40285,ok,True,True,20260908,5,analysis_activations,positive,False,6.137737775469168,6.9664800569141105,0.09587869508488844,0.13377192755895234,0.309642850853832,0.36574844847101173,0.5061203196488966,0.49387968035110336,0.49387968035110336,2.445685905997473,2,4,63955.82232666109,61452.93940001489,2502.882926646198,2502.882926646198,270.6357421875,683.052978515625,1741.391162109374,3196.04736328125,10.0,0.1,2.0,5769,0.28627798,False
1838,27103,ok,True,True,20260908,5,analysis_activations,positive,False,5.659901683508865,6.236051002805322,0.027400435080582663,0.12355147392921349,0.1655307677762133,0.3514988960568916,0.6328957338797119,0.3671042661202881,0.3671042661202881,2.0971560425361617,2,8,23613.21823964826,15548.810003354667,8064.408236293593,8064.408236293593,225.0098876953125,320.5168762207031,756.3550415039062,1879.1005859375,10.0,0.1,2.0,2637,0.13982572,False
1849,4136,ok,True,True,20260908,5,analysis_activations,positive,False,5.566977573046387,6.534441966062509,0.05117899142699779,0.2839089584787857,0.22622774239026874,0.5328310787470882,0.605380470039328,0.39461952996067184,0.39461952996067184,2.3635815031104768,2,13,7603.935516213339,6004.251352977658,1599.684163235681,1599.684163235681,189.67596435546875,315.84246826171875,1368.2842407226562,2550.0126953125,10.0,0.1,2.0,604,0.36670977,False
1859,16219,ok,True,True,20260908,5,analysis_activations,positive,False,6.1658511532902995,7.245684067816952,0.13174116540655745,0.08973469448767409,0.36296165831470056,0.29955749779912716,0.40678981356692046,0.5932101864330795,0.40678981356692046,3.2449526252148613,2,3,30699.9607197387,26984.242114412118,3715.718605326583,3715.718605326583,264.118408203125,1019.8453369140625,2065.949853515625,2785.62548828125,10.0,0.1,2.0,4534,0.38822636,False
1903,25608,ok,True,True,20260908,5,analysis_activations,positive,False,5.575498124850065,6.1072597636057315,0.02763897943121281,0.09763389846227663,0.16624975016887336,0.31246423549308266,0.6189449094557258,0.3810550905442741,0.3810550905442741,2.124728653424511,2,6,18609.867349740653,12942.961241659426,5666.906108081226,5666.906108081226,205.00680541992188,298.19000244140625,642.497003173828,1418.6199951171875,10.0,0.1,2.0,4278,0.121006995,False
1905,18698,ok,True,True,20260908,5,analysis_activations,positive,False,6.081121319627727,7.231325675478952,0.17645063190756044,0.24096220931230372,0.4200602717558046,0.49087901698107217,0.5409317411970287,0.4590682588029714,0.4590682588029714,2.51771810554041,2,4,41372.60810731324,39907.50441949725,1465.1036878159866,1465.1036878159866,212.06005859375,706.2215576171875,2680.891772460937,4580.7666015625,10.0,0.1,2.0,4293,0.5346184,False
1924,13530,ok,True,False,20260908,5,analysis_activations,positive,False,5.593973595412545,6.443331940188075,0.055934444082465895,0.33331808810025104,0.236504638606658,0.5773370662795271,0.5270172436769508,0.47298275632304915,0.47298275632304915,1.9252637449386696,2,14,24851.531519159715,21194.46027508871,3657.071244071005,3657.071244071005,193.36021423339844,348.0171661376953,1343.4387207031243,4264.0634765625,10.0,0.1,2.0,4293,0.3669834,False
1927,46980,ok,True,True,20260908,5,analysis_activations,positive,False,5.72033868060998,6.645043790878431,0.0980853351209261,0.15992046409242106,0.31318578371459665,0.3999005677570627,0.541332990730107,0.45866700926989296,0.45866700926989296,2.5745629888479744,2,4,82490.17316964494,77765.86658052083,4724.306589124113,4724.306589124113,182.29571533203125,440.7897491455078,1301.1998168945297,2405.673583984375,10.0,0.1,2.0,5033,0.3387618,False
1956,1647,ok,True,True,20260908,5,analysis_activations,positive,False,5.762796081153405,6.428000586339266,0.05271613145469585,0.11150398562854463,0.2295999378368728,0.33392212509587416,0.5656614873940214,0.43433851260597856,0.43433851260597856,2.32143752849207,2,5,1927.0553382582518,1760.2554771519683,166.79986110628352,166.79986110628352,221.11407470703125,398.83453369140625,961.2415283203123,1553.2259521484375,10.0,0.1,2.0,1030,0.18707906,False
1984,26201,ok,True,True,20260908,5,analysis_activations,positive,False,6.2701449047844315,7.402257010592462,0.21791880394914612,0.20191446423629048,0.4668177416820682,0.4493489337211011,0.4637249651015811,0.5362750348984189,0.4637249651015811,2.470961662897791,2,4,57645.43390637693,56097.9960902023,1547.437816174628,1547.437816174628,221.77294921875,995.0380859375,3056.419677734375,4869.251953125,10.0,0.1,2.0,4968,0.5280895,False
2024,17788,ok,True,True,20260908,5,analysis_activations,positive,False,5.999222673447659,6.89812608054633,0.1263033643506968,0.12284324051971386,0.3553918462073895,0.35049000059875296,0.43259407972027003,0.56740592027973,0.43259407972027003,2.546833405590371,2,4,30379.52836948732,29217.577290470974,1161.9510790163476,1161.9510790163476,212.30078125,698.62353515625,1604.7978881835932,3259.6513671875,10.0,0.1,2.0,2972,0.32269314,False
2027,13305,ok,True,True,20260908,5,analysis_activations,positive,False,6.038149251867872,7.140866533446657,0.13394438371120923,0.20512800942150775,0.365984130408969,0.4529105976034429,0.5273582480796265,0.47264175192037344,0.47264175192037344,2.6781380689123964,2,4,27750.43566901337,26340.944893492113,1409.490775521259,1409.490775521259,228.382080078125,669.54833984375,2371.710107421875,3880.505615234375,10.0,0.1,2.0,3692,0.47070935,False
2028,27493,ok,True,True,20260908,5,analysis_activations,positive,False,5.599816980980834,6.336180992013282,0.06506086763275212,0.17710645976095837,0.25507031899606064,0.42084018315859334,0.5911604171017735,0.4088395828982265,0.4088395828982265,2.116166222763912,2,5,39025.60901259428,35108.71801475776,3916.890997836519,3916.890997836519,181.50997924804688,335.5969543457031,919.2425659179684,2494.30322265625,10.0,0.1,2.0,5321,0.24193114,False
2035,27223,ok,True,True,20260908,5,analysis_activations,positive,False,5.952311583817577,7.0594398929606905,0.12894643364002165,0.15667089921019786,0.3590911216390927,0.3958167495321514,0.5290368542875212,0.47096314571247877,0.47096314571247877,2.9296832896828104,2,3,55380.58018698808,51745.34402340911,3635.236163578971,3635.236163578971,212.68994140625,624.53125,1930.153393554687,3073.18017578125,10.0,0.1,2.0,5236,0.44741774,False
2101,12067,ok,True,True,20260908,5,analysis_activations,positive,False,6.255553853812084,7.48793920980421,0.21348846023215343,0.19105947601299123,0.46204811462893497,0.437103507207379,0.5150612166559019,0.48493878334409807,0.48493878334409807,2.740163846179593,2,4,27730.938812141452,26550.580081523316,1180.3587306181362,1180.3587306181362,225.333984375,943.360107421875,3071.57255859375,4428.44921875,10.0,0.1,2.0,3886,0.5820069,False
2118,20833,ok,True,True,20260908,5,analysis_activations,positive,False,5.361587147907604,5.9789012476822645,0.03467810275843223,0.15087349431372085,0.18622057555069532,0.3884243739954032,0.6402583233016296,0.3597416766983703,0.3597416766983703,2.026697099945129,2,7,21509.355101839887,15673.802224355408,5835.552877484479,5835.552877484479,161.81491088867188,239.36184692382812,600.3634643554686,1832.21533203125,10.0,0.1,2.0,4481,0.16425715,False
2126,46913,ok,True,True,20260908,5,analysis_activations,positive,False,5.83231930677622,6.766298063130939,0.10319993992875362,0.18046889081634646,0.32124747458735553,0.4248163024371198,0.5664303685938031,0.4335696314061968,0.4335696314061968,2.479968626629982,2,4,84029.01790092273,78988.13023281709,5040.887668105643,5040.887668105643,202.4161376953125,477.8221435546875,1519.061303710938,2630.89453125,10.0,0.1,2.0,3286,0.35093704,False
2131,6767,ok,True,True,20260908,5,analysis_activations,positive,False,5.115300066283008,5.966547247923736,0.06853101396443746,0.1277686675537447,0.2617842889946558,0.3574474332734041,0.5417929463495921,0.4582070536504079,0.4582070536504079,2.717132939341547,2,4,10499.301176279236,9580.98817538622,918.3130008930166,918.3130008930166,109.55029296875,230.88108825683594,600.1228881835937,1245.92236328125,10.0,0.1,2.0,3209,0.27560383,False
2156,14484,ok,True,True,20260908,5,analysis_activations,positive,False,5.957858894723082,6.77569765264367,0.08865836151630702,0.10679093432155105,0.2977555398582989,0.32678882221023264,0.4750531557649325,0.5249468442350675,0.4750531557649325,2.6161680106195937,2,4,21886.474684966164,20814.596263023694,1071.8784219424706,1071.8784219424706,230.295166015625,595.8070068359375,1365.8592407226558,2442.235107421875,10.0,0.1,2.0,3905,0.26499465,False
2166,19197,ok,True,True,20260908,5,analysis_activations,positive,False,5.686722124088828,6.475378985636253,0.04070521679520653,0.1976111769217992,0.20175533895093464,0.4445347870772311,0.46955786979718556,0.5304421302028145,0.46955786979718556,2.2846839186557673,2,16,29982.47717098345,25783.184599740274,4199.292571243175,4199.292571243175,220.83241271972656,405.94403076171875,1219.0680419921875,2689.651123046875,10.0,0.1,2.0,5276,0.2788659,False
2170,22115,ok,True,True,20260908,5,analysis_activations,positive,False,5.821909745795822,6.573086428413154,0.06862673746565152,0.10832648628330305,0.2619670541607313,0.3291298927221638,0.5137703664585388,0.4862296335414613,0.4862296335414613,2.525386513081856,2,4,30170.64653533932,28358.26269082731,1812.3838445120127,1812.3838445120127,219.7159423828125,473.1778564453125,1107.5334228515624,2317.29931640625,10.0,0.1,2.0,4213,0.22889784,False
2186,18002,ok,True,False,20260908,5,analysis_activations,positive,False,5.516568057918056,6.253318734062085,0.03959333774045532,0.2403249160223375,0.19898074716026,0.49022945242237076,0.656980393966852,0.3430196060331479,0.3430196060331479,1.9693365025760465,2,9,24710.23030382792,17640.36429569746,7069.866008130459,7069.866008130459,187.04359436035156,277.7113952636719,880.9847229003908,2433.051513671875,10.0,0.1,2.0,2041,0.23078302,False
2187,716,ok,True,False,20260908,5,analysis_activations,positive,False,5.385194690876341,5.870411503898714,0.0217373966713989,0.11284667620150794,0.14743607655997532,0.3359265934717106,0.6929919994412688,0.30700800055873123,0.30700800055873123,1.8704840330054902,2,6,394.965106606294,170.52071086767367,224.44439573862033,224.44439573862033,175.57861328125,230.260498046875,463.7947082519531,1023.4608154296875,10.0,0.1,2.0,497,0.09993694,False
2193,79601,ok,True,True,20260908,5,analysis_activations,positive,False,5.67816906096086,6.664721679817624,0.07804468233146442,0.2009895037499086,0.27936478362790185,0.448318529340366,0.6043243394880112,0.39567566051198877,0.39567566051198877,2.6412319636968995,2,5,144467.3121247335,127029.57435222082,17437.73777251267,17437.73777251267,192.74667358398438,378.7234191894531,1372.298095703125,2811.41796875,10.0,0.1,2.0,5051,0.35942146,True
2207,7236,ok,True,True,20260908,5,analysis_activations,positive,False,5.861455421347002,6.482362945531487,0.04211952153697052,0.0776569871389259,0.20523041084832072,0.2786700327249521,0.5552720153311446,0.44472798466885544,0.44472798466885544,2.5372081373108877,2,4,6974.377386399058,6168.558556898988,805.81882950007,805.81882950007,254.0062255859375,441.07373046875,926.8894653320312,1627.4669189453125,10.0,0.1,2.0,2369,0.1531481,False
2208,8367,ok,True,True,20260908,5,analysis_activations,positive,False,5.93121644124682,6.812630118199618,0.0697340792943586,0.14200277661008232,0.26407211002746694,0.3768325577893746,0.5997919229047368,0.40020807709526307,0.40020807709526307,2.708922329481652,2,4,13263.923456064927,11787.038568533855,1476.8848875310723,1476.8848875310723,252.16943359375,485.7474365234375,1459.9876464843749,2343.01904296875,10.0,0.1,2.0,3534,0.28517538,False
2234,1023,ok,True,True,20260908,5,analysis_activations,positive,False,5.60054196065865,6.049712489662011,0.02563121396424985,0.06207782777575426,0.16009751392276475,0.24915422488040267,0.6331568233464182,0.3668431766535818,0.3668431766535818,2.1448852779371426,2,5,405.5263640209856,279.713028546168,125.81333547481762,125.81333547481762,211.08985900878906,303.02099609375,554.1558044433593,886.6893310546875,10.0,0.1,2.0,735,0.08594574,False
2241,42582,ok,True,True,20260908,5,analysis_activations,positive,False,5.672420112553109,6.278375147167612,0.03226170977315698,0.14177139437637415,0.1796154497061903,0.3765254232802536,0.6134948758383351,0.3865051241616649,0.3865051241616649,2.0541845701889843,2,8,43266.33737936091,31723.15976233866,11543.177617022255,11543.177617022255,223.611083984375,331.6776428222656,824.6656188964837,2822.790771484375,10.0,0.1,2.0,3969,0.16165519,True
2262,11196,ok,True,True,20260908,5,analysis_activations,positive,False,5.957590890680023,7.009078640439838,0.09642106182265782,0.10318689186857369,0.31051740985435555,0.321227165520872,0.45013374454885613,0.5498662554511438,0.45013374454885613,3.328359999361096,2,3,20774.200005131475,18506.331735384963,2267.868269746512,2267.868269746512,240.6361083984375,721.0213623046875,1695.0330200195312,2432.224609375,10.0,0.1,2.0,3680,0.37383044,False
2275,3730,ok,True,True,20260908,5,analysis_activations,positive,False,5.912424118192888,7.4460238583384655,0.14500437365462995,0.15798708886663623,0.3807943981397704,0.3974758972147069,0.5620608205263502,0.43793917947364985,0.43793917947364985,3.940141588265104,2,3,9425.878193792152,8076.57373743669,1349.3044563554622,1349.3044563554622,221.17129516601562,633.951904296875,2708.997863769531,3861.610595703125,10.0,0.1,2.0,1422,0.7298084,False
2283,1302,ok,True,False,20260908,5,analysis_activations,positive,False,5.394739348788723,5.992193550437194,0.02060067412950049,0.19309189156004197,0.14352934936625503,0.4394222246997095,0.6436364327019592,0.35636356729804086,0.35636356729804086,1.8277841662920877,2,12,1354.9331587613908,710.119390373032,644.8137683883588,644.8137683883588,178.4001922607422,237.76414489746094,621.3510803222656,2908.435302734375,10.0,0.1,2.0,519,0.16406931,False
2285,26062,ok,True,False,20260908,5,analysis_activations,positive,False,5.676786771965112,6.308399488605781,0.034892605953593725,0.17837180585324391,0.18679562616291026,0.4223408645315344,0.6754206552231096,0.32457934477689043,0.32457934477689043,1.9342235582370901,2,6,27634.168800241125,18841.81365141744,8792.355148823684,8792.355148823684,222.7415771484375,320.5812683105469,818.6915100097627,3472.73779296875,10.0,0.1,2.0,4106,0.16892575,False
2292,7339,ok,True,False,20260908,5,analysis_activations,positive,False,5.813383852706995,6.696170328405252,0.051846981738425744,0.3398969134896552,0.2276993230961079,0.5830067868298405,0.6327269087044082,0.3672730912955918,0.3672730912955918,1.994663085008147,2,11,12900.312012695078,9948.510379431389,2951.801633263689,2951.801633263689,243.21673583984375,388.403564453125,1576.5445312499996,3971.072998046875,10.0,0.1,2.0,1211,0.33878493,False
2298,29784,ok,True,True,20260908,5,analysis_activations,positive,False,5.666912415328864,6.61634911202754,0.09923214382550884,0.22866762611434582,0.31501133920147834,0.47819203894915047,0.570273767509612,0.4297262324903879,0.4297262324903879,2.344825106245163,2,5,55391.12568549022,51436.969984748626,3954.1557007415904,3954.1557007415904,177.26052856445312,396.8793029785156,1390.9318054199218,3038.754150390625,10.0,0.1,2.0,4570,0.3757717,False
2311,56059,ok,True,True,20260908,5,analysis_activations,positive,False,5.726225417776479,6.475281237116738,0.051808205192898436,0.14717659188508625,0.227614158594975,0.3836360148436096,0.5762677135873541,0.4237322864126459,0.4237322864126459,2.3747573030524767,2,6,76532.72036734624,66352.6032205216,10180.117146824632,10180.117146824632,217.81813049316406,384.66693115234375,1049.4487426757812,2319.64990234375,10.0,0.1,2.0,2363,0.22922802,False
2325,24676,ok,True,True,20260908,5,analysis_activations,positive,False,6.002796746169619,6.947291621568207,0.1135194977807616,0.17584756109620836,0.336926546565808,0.4193418189212809,0.5184069664726294,0.48159303352737065,0.48159303352737065,2.4830762650046934,2,4,45262.18597606681,43372.460863523986,1889.725112542823,1889.725112542823,233.762451171875,614.5225219726562,1801.1707153320312,3876.453857421875,10.0,0.1,2.0,5325,0.36626527,False
2360,27612,ok,True,True,20260908,5,analysis_activations,positive,False,5.624259148879524,6.241605810051147,0.03264686824826312,0.13677910837881238,0.18068444384689877,0.36983659686246895,0.6156932660333275,0.3843067339666726,0.3843067339666726,2.121065610328348,2,9,28264.927517079526,20813.555168621737,7451.3723484577895,7451.3723484577895,213.37567138671875,317.16815185546875,791.0236816406245,2042.839111328125,10.0,0.1,2.0,4463,0.16284807,False
2366,2959,ok,True,True,20260908,5,analysis_activations,positive,False,5.608967495531888,6.800524181545118,0.03371369673834424,0.45500060724722086,0.1836128991610999,0.6745373282830394,0.5040545226186769,0.4959454773813231,0.4959454773813231,2.410472496386757,2,15,6889.754474766402,5225.358958930666,1664.3955158357367,1664.3955158357367,213.2493896484375,365.2098388671875,2376.5174316406246,4739.81396484375,10.0,0.1,2.0,1620,0.5977787,False
2375,20264,ok,True,True,20260908,5,analysis_activations,positive,False,5.540844460586741,6.462931848286916,0.052277854965566944,0.34263003437528755,0.22864351065702027,0.5853460808575449,0.6247044956584076,0.37529550434159253,0.37529550434159253,2.07510068906749,2,12,36856.66063036771,28503.092662116607,8353.567968251104,8353.567968251104,184.27279663085938,298.8496398925781,1283.8067626953123,2973.94775390625,10.0,0.1,2.0,4824,0.3606,False
2406,20762,ok,True,True,20260908,5,analysis_activations,positive,False,5.683926261281951,6.147858539873899,0.021282514304019274,0.07066487588501767,0.14588527788649297,0.26582865888578994,0.6126085864804947,0.38739141351950535,0.38739141351950535,2.1637141462860123,2,6,9287.212667548887,4977.337637714445,4309.875029834442,4309.875029834442,235.60130310058594,328.5046081542969,637.4459869384766,1196.548583984375,10.0,0.1,2.0,1465,0.091495216,False
2443,41698,ok,True,True,20260908,5,analysis_activations,positive,False,5.344744602346005,6.324490868578187,0.11142137055861132,0.21246230221691603,0.33379839807676026,0.46093633206432755,0.5704993082539539,0.4295006917460462,0.4295006917460462,2.434636267504303,2,4,79094.27035940344,74482.135482152,4612.134877251432,4612.134877251432,120.6180419921875,293.5252380371094,1005.047805786133,2180.046142578125,10.0,0.1,2.0,4082,0.3900298,False
2444,18864,ok,True,True,20260908,5,analysis_activations,positive,False,5.733638663409151,6.511893256426118,0.052051315983213935,0.16150656672006125,0.22814757501059252,0.40187879605679777,0.6030324440653478,0.3969675559346522,0.3969675559346522,2.3816551976823144,2,6,26670.820867439306,22593.22639967592,4077.594467763385,4077.594467763385,218.78460693359375,376.2299499511719,1095.553826904296,2430.56298828125,10.0,0.1,2.0,2570,0.24050397,False
2468,7122,ok,True,True,20260908,5,analysis_activations,positive,False,5.509885363711522,6.294803507398024,0.033878446880119435,0.18878009324929337,0.18406098684979236,0.4344883119823747,0.46805805882947,0.5319419411705301,0.46805805882947,2.3524461312118303,2,15,10895.364215272562,9100.029720399325,1795.3344948732374,1795.3344948732374,188.0979766845703,334.0959167480469,999.1977172851562,2046.177734375,10.0,0.1,2.0,568,0.26970962,False
2473,1295,ok,True,True,20260908,5,analysis_activations,positive,False,5.445017139390365,6.080722311859826,0.03962704489407326,0.12715531751538994,0.19906542867628538,0.35658844276755514,0.553188350926265,0.44681164907373505,0.44681164907373505,2.2013833752023837,2,7,1458.7651388410418,1257.7934593820637,200.9716794589781,200.9716794589781,169.717041015625,283.29791259765625,680.746923828125,1357.14013671875,10.0,0.1,2.0,928,0.17875977,False
2501,7432,ok,True,True,20260908,5,analysis_activations,positive,False,5.968950255243332,6.622632610146974,0.03793123335883075,0.1302303265684207,0.19475942431325563,0.3608743916772437,0.6138509939730925,0.3861490060269075,0.3861490060269075,2.254334701039799,2,6,8149.144357011346,6449.721936272612,1699.4224207387342,1699.4224207387342,293.384521484375,458.16552734375,1163.134973144531,2496.254150390625,10.0,0.1,2.0,2868,0.17488137,False
2515,4623,ok,True,False,20260908,5,analysis_activations,positive,False,5.770638299451999,6.5747604893290115,0.04401623875937618,0.28389589575170054,0.2098004736872064,0.5328188207558932,0.4859101182310023,0.5140898817689977,0.4859101182310023,1.9859042280589767,2,14,7995.033715440124,6820.286166544074,1174.74754889605,1174.74754889605,230.76611328125,424.06097412109375,1316.6614990234375,3793.99169921875,10.0,0.1,2.0,2594,0.32893106,False
2526,8088,ok,True,False,20260908,5,analysis_activations,positive,False,5.704330562237105,6.190645532953455,0.01636157469275551,0.10745321422605345,0.1279123711482025,0.3278005708141056,0.6198334837572806,0.38016651624271935,0.38016651624271935,1.9545481610011184,2,11,4873.463848558041,1769.2584606737394,3104.2053878843017,3104.2053878843017,249.61614990234375,326.2140808105469,701.6543670654297,1731.262451171875,10.0,0.1,2.0,1813,0.10673357,False
2546,8928,ok,True,False,20260908,5,analysis_activations,positive,False,5.9649888207146375,7.270891479818763,0.11846874931651236,0.03127937983461568,0.34419289550557597,0.17685977449554682,0.07995448946644171,0.9200455105335583,0.07995448946644171,4.772490816448974,2,3,9197.607117906568,189.52677917528592,9008.08033873128,9008.08033873128,251.576171875,1425.404052734375,1876.3100585937498,2494.52099609375,10.0,0.1,2.0,2065,0.163719,False
2552,9038,ok,True,True,20260908,5,analysis_activations,positive,False,5.3569713604585685,6.51232959565454,0.2128588537878987,0.19014679135714002,0.46136629025959264,0.43605824307899516,0.43611472216170716,0.5638852778382928,0.43611472216170716,2.573807708784757,2,4,19900.159598440536,19238.84146291028,661.318135530255,661.318135530255,91.23095703125,429.3682861328125,1204.7513916015625,2444.365478515625,10.0,0.1,2.0,555,0.52837276,False
2562,15041,ok,True,True,20260908,5,analysis_activations,positive,False,5.611500763779304,6.364068531051903,0.057270162622047004,0.16202497442729327,0.23931185223897083,0.40252325948607404,0.6275571321471801,0.37244286785281994,0.37244286785281994,2.2727209257209506,2,5,20510.383864189895,17619.816214596245,2890.5676495936495,2890.5676495936495,189.7593231201172,327.10614013671875,949.597412109375,2027.0462646484375,10.0,0.1,2.0,667,0.2286722,False
2583,3124,ok,True,True,20260908,5,analysis_activations,positive,False,5.854317081536469,7.675147370474291,0.1046904105768432,0.25953635352269305,0.3235589754230953,0.5094471057162785,0.6258452548560007,0.3741547451439992,0.3741547451439992,4.266763185329248,2,6,8684.91473056022,6719.935896347114,1964.978834213106,1964.978834213106,232.16879272460938,463.8529052734375,3629.1436157226562,4707.1484375,10.0,0.1,2.0,1418,0.9392757,False
2597,15758,ok,True,True,20260908,5,analysis_activations,positive,False,5.734159390831774,6.370894321437901,0.032800077801498004,0.1455661796372683,0.18110791755607486,0.38153136127619747,0.5953782880937725,0.4046217119062275,0.4046217119062275,2.132147882327961,2,10,17371.297469305548,13089.692163909383,4281.605305396164,4281.605305396164,236.56338500976562,359.2906188964844,927.3297546386717,2246.0400390625,10.0,0.1,2.0,1573,0.17610723,False
2653,3821,ok,True,True,20260908,5,analysis_activations,positive,False,5.808828641312247,6.652319508252571,0.05017080471537639,0.1801192934425555,0.22398840308233903,0.4244046340964664,0.5904803224279276,0.4095196775720724,0.4095196775720724,2.4857517276342795,2,9,5933.15587803772,4936.573308599181,996.5825694385394,996.5825694385394,241.50332641601562,412.5818176269531,1352.87646484375,2347.66650390625,10.0,0.1,2.0,1045,0.27550286,False
2663,3932,ok,True,True,20260908,5,analysis_activations,positive,False,5.840128095938967,6.603365818134831,0.052993847997638024,0.13451484830752594,0.23020392698135717,0.3667626593691429,0.5564126241714478,0.4435873758285522,0.4435873758285522,2.492666157807315,2,6,5446.156018282255,4821.817728222734,624.3382900595207,624.3382900595207,242.924072265625,446.03211975097656,1160.584387207031,2482.212646484375,10.0,0.1,2.0,1811,0.23299262,False
2671,12543,ok,True,True,20260908,5,analysis_activations,positive,False,5.515584796972694,6.31806161661881,0.06006124003447264,0.1491376455149575,0.24507394809418778,0.38618343506028,0.5872287028769038,0.4127712971230961,0.4127712971230961,2.481234497840692,2,5,18371.769809135563,16246.449104183836,2125.3207049517277,2125.3207049517277,170.0924835205078,314.3603210449219,893.7571655273437,1825.1568603515625,10.0,0.1,2.0,2900,0.25294098,False
2675,2802,ok,True,False,20260908,5,analysis_activations,positive,False,5.533887120972316,5.776593633601636,0.005969980282245349,0.027846772657336143,0.07726564749127098,0.16687352293679228,0.6320847861994581,0.3679152138005419,0.3679152138005419,1.8665106642097757,2,6,-2079.580887176923,-2814.7889990048525,735.2081118279293,735.2081118279293,226.01824951171875,264.3926696777344,375.95804595947266,746.2799072265625,10.0,0.1,2.0,1425,0.02772664,False
2682,28603,ok,True,False,20260908,5,analysis_activations,positive,False,5.660158904704307,6.134526418599443,0.0172414205275009,0.1098116533818765,0.1313065898098831,0.3313784141761145,0.6368206023863118,0.36317939761368817,0.36317939761368817,1.8820768336281393,2,10,16150.201228053751,5372.816470332217,10777.384757721535,10777.384757721535,237.75926208496094,310.2078857421875,651.2466979980466,2309.54150390625,10.0,0.1,2.0,3782,0.10290693,False
2689,41643,ok,True,True,20260908,5,analysis_activations,positive,False,5.749180196904978,6.478919530579246,0.046832536673262815,0.17259531229990252,0.21640826387470238,0.415445919825797,0.5858096562225945,0.4141903437774055,0.4141903437774055,2.20311354572654,2,8,56657.31946912913,47273.56794450554,9383.751524623585,9383.751524623585,227.83905029296875,381.1995544433594,1079.7231811523438,3157.880859375,10.0,0.1,2.0,4818,0.22813353,False
2697,25662,ok,True,True,20260908,5,analysis_activations,positive,False,5.574846110120051,6.122617926525601,0.02422933742013322,0.1100051887417824,0.15565775734004786,0.33167030126585406,0.5883651959485957,0.4116348040514043,0.4116348040514043,2.1143776733258544,2,10,20921.80573467072,13978.644942303654,6943.160792367067,6943.160792367067,209.5153045654297,300.7915344238281,679.4801300048825,1474.3779296875,10.0,0.1,2.0,2437,0.13221198,False
2702,2487,ok,True,False,20260908,5,analysis_activations,positive,False,5.358742307426191,5.85147298274819,0.023708992501806428,0.1119722811538675,0.15397724670160337,0.3346225951035995,0.6895449989125271,0.3104550010874731,0.3104550010874731,1.8917539194107509,2,5,1422.4270819112996,665.5194870868052,756.9075948244945,756.9075948244945,168.68170166015625,226.293212890625,477.45660400390614,1196.30859375,10.0,0.1,2.0,811,0.10312498,False
2711,36881,ok,True,True,20260908,5,analysis_activations,positive,False,5.638529711141825,6.110291351128065,0.02092745193873564,0.08295088600706321,0.14466323630672598,0.2880119546252607,0.6192157419405422,0.3807842580594579,0.3807842580594579,2.070022786799516,2,7,18647.624050473827,9585.601803312802,9062.022247161025,9062.022247161025,226.46351623535156,311.64996337890625,621.8723754882812,1555.27294921875,10.0,0.1,2.0,1927,0.097023055,False
2729,19043,ok,True,True,20260908,5,analysis_activations,positive,False,5.98895514726813,6.658094260766333,0.060511190961019076,0.09003292321589587,0.24599022533633136,0.3000548670091786,0.5081140291723023,0.4918859708276977,0.4918859708276977,2.4389310581724963,2,4,22126.788939466784,20877.662316154543,1249.1266233122406,1249.1266233122406,265.00244140625,542.0057373046875,1167.5855468749992,2130.1455078125,10.0,0.1,2.0,4786,0.18694766,False
2735,703,ok,True,True,20260908,5,analysis_activations,positive,False,5.635895510877215,6.0600516807542455,0.017340821173585742,0.05440638980894272,0.13168455176513966,0.23325177343150624,0.6446396050531037,0.35536039494689636,0.35536039494689636,2.239434037488732,2,5,155.79019433348137,16.77758101404498,139.01261331943638,139.01261331943638,230.8281707763672,306.1294860839844,557.4474548339842,866.93994140625,10.0,0.1,2.0,421,0.07182696,False
2739,8363,ok,True,True,20260908,5,analysis_activations,positive,False,5.868365687382597,6.973444272128017,0.17084675623919024,0.10274396642899061,0.4133361298497752,0.32053699697381366,0.16799373638537976,0.8320062636146203,0.16799373638537976,2.9878409648238833,2,4,13249.711048705733,11083.746152138467,2165.964896567266,2165.964896567266,198.62847900390625,978.6181640625,1766.0680175781245,2952.89111328125,10.0,0.1,2.0,2962,0.2849064,False
2746,24856,ok,True,True,20260908,5,analysis_activations,positive,False,5.675875511949191,6.275651203950634,0.031083534153606967,0.1261122801506474,0.17630523008012827,0.3551229085128801,0.5949090705379179,0.40509092946208214,0.40509092946208214,2.139357526943655,2,9,24421.580920478864,18279.24268012366,6142.338240355202,6142.338240355202,224.90066528320312,338.1385498046875,812.6661071777344,1844.52197265625,10.0,0.1,2.0,2017,0.15627624,False
2767,7428,ok,True,True,20260908,5,analysis_activations,positive,False,5.2083007496906975,6.087778657893996,0.053427982555146206,0.24044905612232584,0.2311449384155885,0.4903560503576211,0.7194682236030749,0.28053177639692495,0.28053177639692495,2.294336451988731,2,7,11148.63057830418,8239.514550265878,2909.116028038303,2909.116028038303,129.85662841796875,200.66778564453125,710.1335205078124,1811.4569091796875,10.0,0.1,2.0,2241,0.26204252,False
2782,18535,ok,True,True,20260908,5,analysis_activations,positive,False,5.6680008652276355,6.198827849587247,0.030574692854169448,0.08329136742317683,0.174856206221482,0.28860243835279153,0.5981297954261596,0.4018702045738404,0.4018702045738404,2.2246968634846405,2,5,13241.666543055551,10277.28926245555,2964.3772806000015,2964.3772806000015,220.81475830078125,336.06536865234375,693.7314697265622,1486.775146484375,10.0,0.1,2.0,3975,0.11949647,False
2807,19484,ok,True,True,20260908,5,analysis_activations,positive,False,5.680699484202892,6.253625276514944,0.03104506638431418,0.09150412710117221,0.17619610206901337,0.30249649105596615,0.6166905541629021,0.383309445837098,0.383309445837098,2.314505105550785,2,5,15830.693656148593,11923.630201446476,3907.0634547021164,3907.0634547021164,225.17971801757812,337.126953125,742.1226257324214,1453.217041015625,10.0,0.1,2.0,3367,0.13181674,False
2817,33151,ok,True,True,20260908,5,analysis_activations,positive,False,5.599382967395552,6.451396878403468,0.07173254039791038,0.13039139894267607,0.2678293120588379,0.3610974922962995,0.548796494242103,0.45120350575789714,0.45120350575789714,2.6801111560165247,2,4,51655.83344222086,47263.87239795805,4391.961044262804,4391.961044262804,177.35003662109375,371.3801574707031,1007.272705078125,2248.650146484375,10.0,0.1,2.0,1590,0.2779608,False
2839,1647,ok,True,False,20260908,5,analysis_activations,positive,False,5.6296265103063625,5.843480600291181,0.0033806357997369224,0.02299320050855699,0.05814323520184375,0.1516350899645494,0.5578766512500539,0.44212334874994613,0.44212334874994613,1.8622839710717796,2,12,-1500.5829489361893,-2011.5037219288224,510.92077299263315,510.92077299263315,254.52029418945312,293.07220458984375,409.6718566894531,666.9208984375,10.0,0.1,2.0,828,0.023345185,False
2852,1233,ok,True,False,20260908,5,analysis_activations,positive,False,5.379250770830752,5.837666243969139,0.023708312995205157,0.08691406909277348,0.15397504016951954,0.2948119215580901,0.6365355194593141,0.36346448054068586,0.36346448054068586,1.949183664104163,2,5,614.8799026368596,370.8673430936661,244.0125595431935,244.0125595431935,171.4362335205078,239.65420532226562,458.297424316406,1163.597900390625,10.0,0.1,2.0,599,0.095376335,False
2856,29485,ok,True,True,20260908,5,analysis_activations,positive,False,5.674471658706096,6.692229614274836,0.09126179101687269,0.19634825280704093,0.30209566533942966,0.4431120093238739,0.5919694429441544,0.4080305570558457,0.4080305570558457,2.683845303495459,2,4,55500.68030270535,50163.69543841264,5336.98486429271,5336.98486429271,184.39102172851562,393.34649658203125,1425.5324218749993,2532.98583984375,10.0,0.1,2.0,1084,0.38434806,False
2861,21543,ok,True,False,20260908,5,analysis_activations,positive,False,5.6097689208901675,6.313469623916759,0.036778160996778705,0.23848187225073583,0.19177633064791574,0.4883460578838902,0.6215487161713924,0.3784512838286076,0.3784512838286076,1.8968430765634858,2,10,29457.12599976043,21450.118059058586,8007.007940701842,8007.007940701842,207.8884735107422,310.12493896484375,946.0946166992173,3230.17529296875,10.0,0.1,2.0,3590,0.22960466,False
2865,4584,ok,True,True,20260908,5,analysis_activations,positive,False,5.477781988733694,6.289265125746863,0.059902544108623,0.14809746509077099,0.24474996242823613,0.3848343346048673,0.5670699869089619,0.43293001309103807,0.43293001309103807,2.516302332430839,2,6,6846.25463188856,6094.021148758721,752.2334831298385,752.2334831298385,165.81927490234375,312.2456970214844,881.070147705078,1797.8721923828125,10.0,0.1,2.0,1149,0.25980517,False
2901,11572,ok,True,True,20260908,5,analysis_activations,positive,False,5.6960256027590885,6.271551659885425,0.030060706929475142,0.09875513525671391,0.17338023800155294,0.3142532979249604,0.6012624767711748,0.3987375232288251,0.3987375232288251,2.267750912904461,2,7,9844.426201169304,7369.083737750865,2475.3424634184394,2475.3424634184394,230.08697509765625,344.60333251953125,776.2844787597651,1575.148193359375,10.0,0.1,2.0,3249,0.13687368,False
2916,14827,ok,True,True,20260908,5,analysis_activations,positive,False,5.694964877944409,6.268002673997594,0.031945934675623,0.08769228548824527,0.1787342571406584,0.2961288325851525,0.5932416064250304,0.4067583935749696,0.4067583935749696,2.342951474569161,2,5,12279.723269786477,9687.327403717847,2592.3958660686294,2592.3958660686294,225.591796875,348.8773193359375,749.6075805664053,1505.8197021484375,10.0,0.1,2.0,3188,0.13386747,False
2918,7543,ok,True,True,20260908,5,analysis_activations,positive,False,5.800707200398899,6.743435037066908,0.04541097157551395,0.21227057313774556,0.21309850204896785,0.4607283072893889,0.5449279168324684,0.45507208316753156,0.45507208316753156,2.6263927520903603,2,13,13324.854577755405,10882.349298615916,2442.5052791394883,2442.5052791394883,243.55355834960938,432.9878234863281,1523.3718383789046,3143.5517578125,10.0,0.1,2.0,1865,0.3417782,False
2921,11279,ok,True,True,20260908,5,analysis_activations,positive,False,5.6585279639457315,6.585985633938025,0.07448574696453528,0.16921501984216467,0.27292077048941377,0.41135753286182164,0.5905543178142674,0.4094456821857327,0.4094456821857327,2.656933270432718,2,4,19219.79657499809,17127.79565472029,2092.000920277802,2092.000920277802,192.50839233398438,377.80255126953125,1206.8740844726562,2209.47021484375,10.0,0.1,2.0,3021,0.32129017,False
2941,730,ok,True,True,20260908,5,analysis_activations,positive,False,5.492478156490009,6.068765147196426,0.024648749228477068,0.10787918799267068,0.15699920136254536,0.32844967345496123,0.6510602235815148,0.3489397764184853,0.3489397764184853,2.2387216255579787,2,9,590.6209794576162,370.5593618775174,220.06161758009875,220.06161758009875,195.8125762939453,268.2317352294922,632.1652252197265,1008.994384765625,10.0,0.1,2.0,264,0.12931576,False
2942,30214,ok,True,True,20260908,5,analysis_activations,positive,False,5.503194219539697,6.2224359632651725,0.05120140742156166,0.14155218281526832,0.2262772799499801,0.37623421271233204,0.5981878713802634,0.40181212861973664,0.40181212861973664,2.3168005365935898,2,5,38875.033545233084,33554.77646990269,5320.257075330395,5320.257075330395,173.84637451171875,298.888671875,794.1844543457026,1836.865234375,10.0,0.1,2.0,3212,0.21185142,False
2954,12449,ok,True,True,20260908,5,analysis_activations,positive,False,5.612660038498839,6.226809027579865,0.030926617728614634,0.1179065592662498,0.1758596534985061,0.3433752455641638,0.5769452573031262,0.42305474269687376,0.42305474269687376,2.2513284678041563,2,9,12517.007082998787,9612.56178343619,2904.445299562598,2904.445299562598,210.183837890625,322.2359619140625,779.5272583007809,1499.3564453125,10.0,0.1,2.0,2619,0.15979704,False
2956,4298,ok,True,True,20260908,5,analysis_activations,positive,False,5.817599861311977,6.899342842804435,0.04907894580003968,0.3774017203748952,0.22153768483045877,0.6143303023414157,0.4154194859581514,0.5845805140418486,0.4154194859581514,2.3425529161860252,2,19,9445.952618329158,8284.796326551092,1161.1562917780666,1161.1562917780666,245.91012573242188,545.4030151367188,2582.946813964844,4372.89697265625,10.0,0.1,2.0,2104,0.525302,False
2963,4336,ok,True,True,20260908,5,analysis_activations,positive,False,5.92062025284951,6.928513277873265,0.05038804292785409,0.2994680963366903,0.22447281111050865,0.5472367826971157,0.5835974544378645,0.41640254556213546,0.41640254556213546,2.409820463278765,2,17,8359.2217988894,6623.187506351747,1736.0342925376535,1736.0342925376535,274.8311462402344,463.2795104980469,2132.5570678710938,3123.062255859375,10.0,0.1,2.0,2130,0.40105948,False
2969,7766,ok,True,True,20260908,5,analysis_activations,positive,False,5.8132326066344815,6.937044565599002,0.06370312820281857,0.3694416923426131,0.2523947864018165,0.6078171537087557,0.5471339811207746,0.45286601887922545,0.45286601887922545,2.414860703287728,2,13,16904.84734895707,14191.297208441487,2713.5501405155846,2713.5501405155846,232.66610717773438,450.5541076660156,2353.3827514648438,4423.10595703125,10.0,0.1,2.0,2906,0.51515967,False
3007,2071,ok,True,False,20260908,5,analysis_activations,positive,False,5.521013473339594,6.153409861078796,0.03529124906256803,0.21387081031226682,0.18785965256693102,0.4624616852370224,0.7361055395955474,0.26389446040445264,0.26389446040445264,1.7916922804514277,2,5,2098.5785780660503,1263.5388285306083,835.0397495354421,835.0397495354421,190.88597106933594,264.109375,643.0659790039062,2354.9775390625,10.0,0.1,2.0,272,0.16018127,False
3012,10400,ok,True,True,20260908,5,analysis_activations,positive,False,5.926951655506881,6.570677291023319,0.04886412873064902,0.08631165237396721,0.22105232125143817,0.29378844833309425,0.5355373891711911,0.46446261082880885,0.46446261082880885,2.476089614564549,2,4,11062.90506226179,10120.555384453863,942.349677807928,942.349677807928,261.5614013671875,487.20867919921875,1049.6396911621093,1840.790283203125,10.0,0.1,2.0,3573,0.16934483,False
3013,1698,ok,True,True,20260908,5,analysis_activations,positive,False,6.034789802368867,7.641306823984773,0.1664188093399918,0.20794518072934606,0.4079446155300886,0.4560100664780834,0.6309878784092059,0.3690121215907942,0.3690121215907942,3.7132423545127007,2,3,4417.5333855510635,3872.2911657197105,545.2422198313529,545.2422198313529,225.95614624023438,597.373291015625,3448.319384765625,4213.96533203125,10.0,0.1,2.0,630,0.78314406,False
3027,852,ok,True,False,20260908,5,analysis_activations,positive,False,5.470018638828636,5.9188507255927965,0.013327128069997453,0.09194883571696942,0.11544318113252706,0.3032306642095575,0.5708339466357469,0.42916605336425306,0.42916605336425306,1.9562947149707959,2,11,438.500229740158,157.43380704444206,281.0664226957159,281.0664226957159,201.10928344726562,263.6461486816406,556.9499694824217,1063.5516357421875,10.0,0.1,2.0,474,0.096532665,False
3029,27140,ok,True,True,20260908,5,analysis_activations,positive,False,5.7004775017080505,6.3963338429793355,0.04009877905356543,0.13057694269687553,0.2002467953640343,0.36135431739066787,0.5599706409956403,0.44002935900435963,0.44002935900435963,2.382038151890555,2,9,33254.661925687535,27699.013809720363,5555.648115967171,5555.648115967171,222.57553100585938,370.72747802734375,951.5333251953125,2082.044189453125,10.0,0.1,2.0,2068,0.19923031,False
3042,575,ok,True,False,20260908,5,analysis_activations,positive,False,5.353777733002715,5.8236259686391145,0.0128579897811253,0.11783466855182655,0.1133930764249974,0.3432705471662644,0.6395297868831012,0.3604702131168988,0.3604702131168988,1.8380063281282748,2,12,329.5691942811391,62.30616733860849,267.26302694253064,267.26302694253064,178.65504455566406,224.6091766357422,477.55428771972606,1006.4820556640625,10.0,0.1,2.0,217,0.101766355,False
3075,30712,ok,True,True,20260908,5,analysis_activations,positive,False,5.538307659658333,6.098786880037784,0.02648155879685003,0.10599667507798778,0.1627315543981868,0.32557130567356174,0.5978064551341665,0.4021935448658335,0.4021935448658335,2.1777210489407155,2,9,25446.774453984675,17702.347831818857,7744.426622165818,7744.426622165818,199.95010375976562,291.02830505371094,656.8750976562499,1495.0762939453125,10.0,0.1,2.0,3544,0.13399392,False
3088,3108,ok,True,True,20260908,5,analysis_activations,positive,False,5.732846126331602,7.241917248815498,0.038883190067119315,0.48136970878163865,0.19718820975686988,0.693808121011594,0.4070508208061376,0.5929491791938624,0.4070508208061376,2.9588125490854082,2,18,8334.397738405365,6823.978149436019,1510.4195889693465,1510.4195889693465,239.52444458007812,621.1804809570312,3736.649060058592,5121.96875,10.0,0.1,2.0,1405,0.85117584,False
3089,2635,ok,True,False,20260908,5,analysis_activations,positive,False,5.046279184419753,5.643905841607997,0.027271662484307298,0.19504929012726585,0.16514134093045055,0.4416438498691744,0.7257827160230153,0.27421728397698475,0.27421728397698475,1.7924818278175965,2,6,2393.670106865529,1180.133591749225,1213.536515116304,1213.536515116304,122.38419342041016,163.113525390625,387.55499267578125,1632.728515625,10.0,0.1,2.0,1387,0.14441514,False
3099,1388,ok,True,True,20260908,5,analysis_activations,positive,False,6.0195844895602,7.365724637206021,0.16528179595969628,0.09758414541357367,0.40654863910692934,0.31238461135845613,0.4288441379870546,0.5711558620129454,0.4288441379870546,3.7131125618807896,2,3,3174.3512610074577,2715.164055993879,459.1872050135785,459.1872050135785,217.9449920654297,1074.4043579101562,2310.9674072265625,3196.250244140625,10.0,0.1,2.0,964,0.57087487,False
3119,1803,ok,True,True,20260908,5,analysis_activations,positive,False,5.910691729332015,6.555365128011553,0.033478696348577405,0.12380089941670919,0.182971845781195,0.3518535198299275,0.6433803130043024,0.35661968699569757,0.35661968699569757,2.298891930703208,2,8,1839.2841148995135,1357.6720548880362,481.6120600114773,481.6120600114773,279.62060546875,418.224853515625,1045.6108154296871,2093.3583984375,10.0,0.1,2.0,844,0.1611347,False
3142,1303,ok,True,True,20260908,5,analysis_activations,positive,False,5.717116188059941,6.396849683415251,0.039346712573143205,0.16635197738394458,0.1983600579076927,0.4078626942782884,0.6765062195156836,0.32349378048431643,0.32349378048431643,2.119521889815412,2,7,1488.8598930664,1104.5435830874567,384.3163099789433,384.3163099789433,227.6474609375,337.79541015625,898.8618164062492,2281.4423828125,10.0,0.1,2.0,753,0.1816853,False
3167,7633,ok,True,True,20260908,5,analysis_activations,positive,False,5.627749558557191,6.495548053499497,0.030726516736364597,0.27618906245455965,0.1752898078507835,0.5255369277744045,0.49152595912782654,0.5084740408721734,0.49152595912782654,2.215258560092446,2,17,13528.598089041874,10593.300014535058,2935.298074506816,2935.298074506816,216.7555694580078,361.97100830078125,1437.9879638671873,3375.481201171875,10.0,0.1,2.0,3097,0.34379628,False
3199,7611,ok,True,True,20260908,5,analysis_activations,positive,False,5.709242964190844,6.223588322171387,0.02328315095792887,0.08763891584297044,0.1525881743711775,0.2960387066634538,0.6626499711645026,0.33735002883549736,0.33735002883549736,2.1840412965677563,2,6,4400.119374026447,2333.195410181308,2066.923963845139,2066.923963845139,239.73876953125,330.23663330078125,691.3309326171875,1372.166015625,10.0,0.1,2.0,1359,0.10414528,False
3214,4903,ok,True,True,20260908,5,analysis_activations,positive,False,5.893635411133927,7.222658907896278,0.11830908980575938,0.27991969346979,0.3439608841216678,0.5290743742327633,0.6463636507414721,0.353636349258528,0.353636349258528,2.9783884127367553,2,4,11253.516490093854,9836.525193315489,1416.9912967783657,1416.9912967783657,226.75946044921875,474.20953369140625,2485.955615234373,4467.4619140625,10.0,0.1,2.0,2184,0.57931584,False
3230,4404,ok,True,False,20260908,5,analysis_activations,positive,False,5.737439547880085,6.1705570945119215,0.01589276830251489,0.08087496611921124,0.12606652332207346,0.2843852424427316,0.6549373390817657,0.34506266091823423,0.34506266091823423,1.9690443113865543,2,8,1430.3502322196248,-4.2969565147145445,1434.6471887343394,1434.6471887343394,258.7310485839844,333.7825012207031,638.2677978515622,1519.7518310546875,10.0,0.1,2.0,1024,0.08072751,False
3246,3931,ok,True,True,20260908,5,analysis_activations,positive,False,5.771287179061565,6.860761419613205,0.07079715461911548,0.3637889199714493,0.2660773470611797,0.6031491689221243,0.6353584240686931,0.36464157593130686,0.36464157593130686,2.337190223802831,2,14,8056.173341322479,6527.824645222396,1528.3486961000835,1528.3486961000835,226.1091766357422,387.04290771484375,1993.9661865234375,3849.677978515625,10.0,0.1,2.0,2070,0.45273936,False
3279,1653,ok,True,True,20260908,5,analysis_activations,positive,False,5.923439378165818,6.769385413718005,0.19076067053979262,0.0047354303646401546,0.436761571729694,0.06881446333904054,0.7135392696934879,0.2864607303065121,0.2864607303065121,2.705755857690658,2,21,2623.582328230849,1865.2645284202326,758.3177998106162,758.3177998106162,160.90829467773438,487.6656799316406,927.7689941406248,1059.5810546875,10.0,0.1,2.0,1649,0.2839161,False
3289,6394,ok,True,True,20260908,5,analysis_activations,positive,False,5.452396131459484,5.9681141121522225,0.02812582076754322,0.0842905919952405,0.16770754535065863,0.2903284209223074,0.6213567771856014,0.37864322281439855,0.37864322281439855,2.175266191400146,2,5,4162.836740395056,2984.831874514068,1178.0048658809878,1178.0048658809878,180.50958251953125,264.1830291748047,542.3469268798818,1070.704833984375,10.0,0.1,2.0,2682,0.11198283,False
3303,8345,ok,True,True,20260908,5,analysis_activations,positive,False,5.951629433983597,6.818707067601758,0.08251558212234285,0.12014900040534314,0.28725525603954205,0.34662515835603036,0.5329319210994858,0.4670680789005141,0.4670680789005141,2.7238554227788687,2,4,13290.061678835425,12377.792425762118,912.2692530733075,912.2692530733075,242.42529296875,551.5029296875,1427.8451171875,2437.48876953125,10.0,0.1,2.0,3701,0.287267,False
3308,11458,ok,True,True,20260908,5,analysis_activations,positive,False,5.865896499798339,6.644448336078281,0.09025084495130023,0.10652805794514708,0.30041778401303115,0.3263863629889384,0.47496167323925,0.5250383267607501,0.47496167323925,2.4820656468135587,2,4,16648.715653348012,16015.710200180027,633.0054531679853,633.0054531679853,206.00244140625,531.7250366210938,1197.7329956054687,1983.1680908203125,10.0,0.1,2.0,3204,0.24997291,False
3326,3949,ok,True,True,20260908,5,analysis_activations,positive,False,5.8021335500260225,7.050159671300952,0.059093841767751114,0.5692469173478051,0.2430922495016061,0.7544845375140601,0.4997159172617238,0.5002840827382762,0.4997159172617238,2.226594115132742,2,26,9835.684291822316,8185.11332993582,1650.5709618864958,1650.5709618864958,238.10940551757812,475.6610107421875,3516.078271484373,5196.48583984375,10.0,0.1,2.0,2178,0.70388585,False
3349,4786,ok,True,True,20260908,5,analysis_activations,positive,False,5.591644835223699,6.3218094571950445,0.04867607626330748,0.18296727187333237,0.22062655384904936,0.4277467380043153,0.6207599858302103,0.37924001416978975,0.37924001416978975,2.1454869027399472,2,6,6462.390436667028,5318.018425247846,1144.372011419182,1144.372011419182,193.74407958984375,316.615966796875,906.4364013671875,2210.507568359375,10.0,0.1,2.0,2088,0.22516043,False
3355,7318,ok,True,True,20260908,5,analysis_activations,positive,False,5.715182924251759,6.2629342242917145,0.021231838736852957,0.12071185998259672,0.14571149143719914,0.34743612360057885,0.5822733373294595,0.4177266626705404,0.4177266626705404,2.056081644441874,2,12,6172.487368793583,3831.3376198422,2341.149748951383,2341.149748951383,244.0665283203125,343.0249328613281,804.87509765625,1887.2254638671875,10.0,0.1,2.0,2321,0.1357815,False
3366,18559,ok,True,True,20260908,5,analysis_activations,positive,False,5.616770742406732,6.206981640105531,0.037882753713879634,0.08681789696209331,0.19463492418854236,0.29464876881143304,0.5613754938103692,0.4386245061896308,0.4386245061896308,2.363675546006921,2,5,16865.459593845073,14491.346737350505,2374.1128564945684,2374.1128564945684,202.4967041015625,336.37744140625,711.1825500488278,1360.4971923828125,10.0,0.1,2.0,3913,0.14512852,False
3374,4513,ok,True,False,20260908,5,analysis_activations,positive,False,5.687385826488535,6.024814750214729,0.01048239098636112,0.05237581060528619,0.10238354841653576,0.2288576208154017,0.5848009772285421,0.4151990227714579,0.4151990227714579,1.9033397988667804,2,9,-222.86355841499676,-1398.9151922057117,1176.051633790715,1176.051633790715,254.0414276123047,319.71600341796875,536.8254638671874,957.9747314453125,10.0,0.1,2.0,866,0.055533785,False
3378,5628,ok,True,True,20260908,5,analysis_activations,positive,False,5.752639549187299,6.431294150968071,0.06325577481118101,0.09870527294159699,0.25150700747927685,0.3141739533150337,0.5480489002003232,0.4519510997996768,0.4519510997996768,2.3848359362010254,2,4,6740.785830805773,6350.983777707096,389.8020530986769,389.8020530986769,205.859619140625,413.8724365234375,925.1479248046875,1604.803466796875,10.0,0.1,2.0,1843,0.1933902,False
3385,12937,ok,True,True,20260908,5,analysis_activations,positive,False,5.5318524959314095,6.204194527020285,0.04523426899907402,0.1081703916037898,0.21268349489105642,0.32889267490138757,0.5644101904072976,0.43558980959270244,0.43558980959270244,2.427649490612395,2,5,14817.2910757879,12959.423409796022,1857.8676659918783,1857.8676659918783,181.7601318359375,315.5767822265625,745.464184570312,1573.989990234375,10.0,0.1,2.0,3504,0.18379727,False
3419,1834,ok,True,True,20260908,5,analysis_activations,positive,False,5.47331353394094,5.859217806258611,0.017671745669465447,0.051147249237349,0.13293511827002466,0.22615757612193538,0.6112199013712607,0.38878009862873936,0.38878009862873936,2.080369230290276,2,5,236.7464743866563,-25.619582642611206,262.3660570292675,262.3660570292675,192.06146240234375,262.5471496582031,441.7398986816405,818.7575073242188,10.0,0.1,2.0,1061,0.06610999,False
3424,37571,ok,True,True,20260908,5,analysis_activations,positive,False,5.4266322284711395,6.065161268614219,0.05282219714140756,0.07568925012445629,0.22983080111553272,0.27511679360674496,0.5069689489148689,0.4930310510851312,0.4930310510851312,2.5189801443228395,2,4,39175.38826733975,36438.5605153478,2736.82775199195,2736.82775199195,153.5252685546875,305.4110107421875,618.5767822265625,1171.57470703125,10.0,0.1,2.0,5065,0.16600986,False
3442,7212,ok,True,True,20260908,5,analysis_activations,positive,False,5.537794236825648,6.241700589535973,0.03764871839103348,0.20426737488627725,0.19403277658950685,0.4519594836777709,0.575627974699184,0.42437202530081597,0.42437202530081597,2.023939388048421,2,11,9866.177475373453,7742.08968102322,2124.0877943502337,2124.0877943502337,190.2940216064453,300.980712890625,895.116876220703,2342.0302734375,10.0,0.1,2.0,3294,0.22942449,False
3459,2888,ok,True,True,20260908,5,analysis_activations,positive,False,5.713192459553979,6.5731836041972365,0.09487753884392101,0.24347776362799278,0.30802197785859536,0.4934346599378613,0.5771308235559957,0.4228691764440044,0.4228691764440044,2.09084810597934,2,5,5080.889554298559,4722.394520030618,358.49503426794126,358.49503426794126,189.82330322265625,407.46893310546875,1374.4288146972656,2454.0498046875,10.0,0.1,2.0,697,0.3383284,False
3460,1355,ok,True,True,20260908,5,analysis_activations,positive,False,5.897133136259016,6.339962584630128,0.007882022594274464,0.060352234000820036,0.08878075576539357,0.24566691678127936,0.43838652952002477,0.5616134704799752,0.43838652952002477,2.397453870413295,2,24,529.5214520227004,129.97623315376524,399.54521886893514,399.54521886893514,319.4715576171875,435.68963623046875,783.1242431640625,1133.146484375,10.0,0.1,2.0,377,0.08569238,False
3469,15651,ok,True,True,20260908,5,analysis_activations,positive,False,5.649475520847168,6.173593272777216,0.026728838792803827,0.09740069863758472,0.16348956784089871,0.3120908499741457,0.6192844960147766,0.38071550398522336,0.38071550398522336,2.1038089526382797,2,6,11040.592389791578,7491.872369605409,3548.7200201861688,3548.7200201861688,223.31509399414062,320.5441589355469,678.6847534179688,1605.58203125,10.0,0.1,2.0,3689,0.11840777,False
3500,5911,ok,True,False,20260908,5,analysis_activations,positive,False,5.589669453189291,6.305329461910831,0.0300355435051691,0.23417181027619643,0.17330765564500922,0.4839130193290902,0.5701487377575829,0.42985126224241715,0.42985126224241715,1.9690162329730785,2,13,8437.214420216527,6130.461253141671,2306.7531670748567,2306.7531670748567,208.97396850585938,313.5781555175781,1007.6818237304688,2897.84716796875,10.0,0.1,2.0,1266,0.24334615,False
3510,32604,ok,True,True,20260908,5,analysis_activations,positive,False,5.480033412449702,6.119505863696266,0.04822652257473472,0.0664405725594995,0.21960537920263865,0.25776068854559553,0.47991370226561114,0.5200862977343889,0.47991370226561114,2.6706528072646325,2,4,32749.452487998075,29883.67476340319,2865.7777245948855,2865.7777245948855,167.98733520507812,332.4285125732422,643.8686828613279,1089.837890625,10.0,0.1,2.0,5382,0.15976876,False
3512,5495,ok,True,True,20260908,5,analysis_activations,positive,False,6.091155906994149,7.514797837312044,0.17699548041969196,0.20039264725699601,0.42070830799936904,0.44765237322837464,0.6098297830603698,0.39017021693963005,0.39017021693963005,3.277341156322312,2,3,13397.303758360125,12284.127664937667,1113.1760934224585,1113.1760934224585,228.239990234375,671.2506103515625,3134.955224609375,4166.013671875,10.0,0.1,2.0,2525,0.6684844,False
3540,21684,ok,True,True,20260908,5,analysis_activations,positive,False,5.606231708033133,6.347929589302044,0.046817714215468015,0.20255708838892061,0.21637401464932893,0.4500634270732522,0.5837294040841471,0.41627059591585297,0.41627059591585297,2.1004664621537237,2,10,31086.20326504157,25612.693448821985,5473.509816219586,5473.509816219586,198.22718811035156,329.2479553222656,986.4599609374995,2708.299072265625,10.0,0.1,2.0,1527,0.2453298,False
3572,4757,ok,True,False,20260908,5,analysis_activations,positive,False,5.719174722896355,6.254308561843984,0.022706537588470996,0.13369952635421323,0.15068688592067658,0.36564945829881007,0.6456409807772213,0.3543590192227788,0.3543590192227788,1.9135976045489884,2,9,3721.0547751169406,2018.785861462,1702.2689136549407,1702.2689136549407,245.57211303710938,331.8450012207031,757.0408203124997,2118.472412109375,10.0,0.1,2.0,2014,0.12758166,False
3602,3923,ok,True,True,20260908,5,analysis_activations,positive,False,5.56931742295659,6.534943507357582,0.021032795387229367,0.377904387594414,0.1450268781544627,0.6147392842452921,0.5003821396360496,0.4996178603639505,0.4996178603639505,2.162079845176436,2,23,7860.839786890168,5494.092471313373,2366.7473155767957,2366.7473155767957,215.11557006835938,329.30535888671875,1736.7710693359363,3218.62353515625,10.0,0.1,2.0,2066,0.43255076,False
3610,14374,ok,True,False,20260908,5,analysis_activations,positive,False,5.687415677179872,6.29171542194278,0.030675075770755112,0.18418473351869669,0.17514301519259942,0.42916748888830886,0.6631269872893346,0.33687301271066544,0.33687301271066544,1.8436981321057535,2,7,14821.071102209311,9521.71394143568,5299.35716077363,5299.35716077363,230.21798706054688,322.0738830566406,810.9400695800781,3477.31884765625,10.0,0.1,2.0,2792,0.1639757,False
3637,837,ok,True,False,20260908,5,analysis_activations,positive,False,5.176907925812689,5.710904736297566,0.04746915907169874,0.11619020724722348,0.21787418174648124,0.34086684679977824,0.5267098385011698,0.47329016149883013,0.47329016149883013,1.8667373982574147,2,6,806.866340008127,759.8388856849173,47.02745432320978,47.02745432320978,125.902587890625,217.54046630859375,464.73123168945307,915.5055541992188,10.0,0.1,2.0,286,0.15125866,False
3654,28764,ok,True,True,20260908,5,analysis_activations,positive,False,5.53442682107353,6.253675784367062,0.04109244306658909,0.1660602193529015,0.20271271066854463,0.40750487034255367,0.5893466883975403,0.41065331160245966,0.41065331160245966,2.2348531055498584,2,10,37782.66445130605,30378.182800422062,7404.48165088399,7404.48165088399,187.8551025390625,303.3817443847656,859.4074584960929,2210.62939453125,10.0,0.1,2.0,3857,0.2176182,False
3674,21882,ok,True,True,20260908,5,analysis_activations,positive,False,5.342981974248417,6.1255732305157835,0.05246543148329447,0.17594469363140233,0.22905333763840785,0.4194576183971419,0.5980372768231146,0.40196272317688536,0.40196272317688536,2.3157534156582344,2,7,31724.298970431864,26788.037698879958,4936.261271551906,4936.261271551906,148.7702178955078,255.10887145996094,765.1823760986329,1625.171142578125,10.0,0.1,2.0,4048,0.24933511,False
3675,11286,ok,True,True,20260908,5,analysis_activations,positive,False,5.3881033733951265,6.082587812448677,0.054485062400152856,0.09992955821786946,0.2334203555822689,0.3161163681587359,0.5511041259692143,0.44889587403078574,0.44889587403078574,2.4993858548796655,2,4,13550.7779618728,12355.298649437713,1195.4793124350872,1195.4793124350872,149.99945068359375,284.0895538330078,658.0252990722656,1315.838623046875,10.0,0.1,2.0,3037,0.19421843,False
3680,14391,ok,True,True,20260908,5,analysis_activations,positive,False,5.737129760359984,6.476349645045092,0.05502042748099285,0.10636197289993833,0.23456433548387712,0.32613183361937903,0.5692554750609109,0.43074452493908905,0.43074452493908905,2.6023191229698672,2,4,18476.651254397766,16514.691635381307,1961.9596190164593,1961.9596190164593,214.244384765625,400.2603759765625,984.709716796875,1812.7462158203125,10.0,0.1,2.0,3214,0.21113965,False
3709,3607,ok,True,True,20260908,5,analysis_activations,positive,False,5.442737836971629,6.054354538971222,0.026610991474623678,0.1509081677805401,0.16312875735020996,0.3884690049161453,0.6027191915848902,0.39728080841510977,0.39728080841510977,2.052918546487951,2,11,3765.7552478027374,2563.562622848029,1202.1926249547082,1202.1926249547082,181.86062622070312,261.64654541015625,671.0270385742185,1447.2347412109375,10.0,0.1,2.0,1245,0.1656086,False
3753,23560,ok,True,True,20260908,5,analysis_activations,positive,False,5.438095371881224,5.963869087116851,0.028365608604372712,0.08190525708502001,0.168420926859974,0.2861909451485494,0.5761161961724971,0.4238838038275029,0.4238838038275029,2.239151489123346,2,6,16644.091486975765,12778.966676529422,3865.124810446343,3865.124810446343,177.29946899414062,269.0722961425781,551.3329895019531,1265.11328125,10.0,0.1,2.0,1907,0.118572354,False
3768,835,ok,True,True,20260908,5,analysis_activations,positive,False,5.97713976722361,6.849115586717514,0.07224823964218256,0.186906770790917,0.2687903265413072,0.4323271571286229,0.6048094027994931,0.3951905972005068,0.3951905972005068,2.4223652892859957,2,4,1375.7928503472008,1243.9211637534388,131.87168659376198,131.87168659376198,262.74163818359375,498.38726806640625,1609.6691162109373,2811.873779296875,10.0,0.1,2.0,391,0.2996513,False
3777,5824,ok,True,False,20260908,5,analysis_activations,positive,False,5.58779897433998,6.023326328742809,0.01501136534053566,0.08010718632732959,0.12252087716195824,0.2830321294965107,0.6085497715972177,0.39145022840278243,0.39145022840278243,1.9970908440256177,2,10,2234.6472250271836,408.4474478519603,1826.1997771752233,1826.1997771752233,223.97177124023438,292.2032165527344,563.5427032470699,1202.0213623046875,10.0,0.1,2.0,1896,0.08569268,False
3808,6217,ok,True,True,20260908,5,analysis_activations,positive,False,5.716893344909896,6.283587809074045,0.0390627434556147,0.08759499301156802,0.19764296965896536,0.2959645130950128,0.5377885090284451,0.46221149097155495,0.46221149097155495,2.251894845530858,2,5,5495.614032701933,4881.795060431336,613.8189722705965,613.8189722705965,221.50515747070312,379.5565185546875,796.8242797851562,1147.1533203125,10.0,0.1,2.0,3102,0.14134368,False
3836,897,ok,True,True,20260908,5,analysis_activations,positive,False,5.328868683552647,5.838857979398341,0.017717761930700775,0.0988176505734495,0.13310808364145574,0.3143527486335208,0.6228029262436087,0.3771970737563914,0.3771970737563914,2.1127450834299104,2,11,574.4026681470215,268.2631850831838,306.13948306383764,306.13948306383764,170.03570556640625,226.23895263671875,510.13107910156225,810.0858154296875,10.0,0.1,2.0,452,0.109529816,False
3842,5302,ok,True,True,20260908,5,analysis_activations,positive,False,5.32590180449068,5.790072550164535,0.021094284062186802,0.06077603814178564,0.14523871406132322,0.24652796624680462,0.6056681142981237,0.39433188570187633,0.39433188570187633,2.294190693269641,2,5,2189.4718556991133,1223.2097305847778,966.2621251143355,966.2621251143355,164.57858276367188,231.57231903076172,438.2696594238281,756.6436767578125,10.0,0.1,2.0,1759,0.08821591,False
3845,6847,ok,True,False,20260908,5,analysis_activations,positive,False,5.574609465717639,6.006920077176016,0.01460121690919367,0.08947386343448585,0.1208354952370936,0.2991218203917692,0.6257339014283895,0.3742660985716104,0.3742660985716104,1.8951234966486927,2,10,2681.1855961129595,257.85354008575223,2423.3320560272073,2423.3320560272073,221.52430725097656,284.75225830078125,562.9122009277343,1556.0030517578125,10.0,0.1,2.0,1261,0.086403795,False
3846,2638,ok,True,True,20260908,5,analysis_activations,positive,False,5.301878678601083,6.04093977720302,0.02588718723990618,0.17325320691257315,0.16089495716120558,0.41623696005109057,0.45096187977610824,0.5490381202238918,0.45096187977610824,2.342155147258496,2,19,3759.6169431096077,3034.600660604605,725.0162825050029,725.0162825050029,159.11566162109375,267.57177734375,755.3243041992188,1386.142333984375,10.0,0.1,2.0,565,0.24212691,False
3863,1242,ok,True,True,20260908,5,analysis_activations,positive,False,5.807059504436348,6.494663606860026,0.03799161980987195,0.17050942625577953,0.19491439097683874,0.41292787052435626,0.6912640738231418,0.3087359261768582,0.3087359261768582,2.129606373372323,2,6,1407.7840499124507,1001.1727884109971,406.61126150145355,406.61126150145355,253.2570037841797,362.38206481933594,1021.073931884766,2201.83056640625,10.0,0.1,2.0,367,0.17995247,False
3871,1916,ok,True,True,20260908,5,analysis_activations,positive,False,6.0719603621102385,6.919655193646395,0.13056118337346653,0.12814352743056817,0.36133251081720635,0.357971405884001,0.45120452724330057,0.5487954727566994,0.45120452724330057,2.35696082724872,2,4,3190.924460368973,3134.022537173105,56.90192319586822,56.90192319586822,216.358154296875,711.13427734375,1657.709228515625,2965.174560546875,10.0,0.1,2.0,1199,0.3073293,False
3904,1564,ok,True,True,20260908,5,analysis_activations,positive,False,5.491337003979577,6.222004215714569,0.028094100334576943,0.1900140031890371,0.167612947992024,0.4359059568175653,0.3711094439015597,0.6288905560984404,0.3711094439015597,2.2125786435506893,2,23,2313.0252717856356,2032.765301514096,280.2599702715395,280.2599702715395,190.1012725830078,355.45263671875,883.9768127441406,2451.1181640625,10.0,0.1,2.0,933,0.2546853,False
3925,7826,ok,True,True,20260908,5,analysis_activations,positive,False,5.955444725907682,6.380249192151423,0.020694097805001692,0.049892279683609805,0.14385443269152914,0.2233657979270994,0.5535140638063806,0.44648593619361937,0.44648593619361937,2.2612242003233924,2,5,2295.4665798864753,1369.3929420874817,926.0736377989936,926.0736377989936,308.2947998046875,449.7403564453125,779.8099365234375,1401.557861328125,10.0,0.1,2.0,2414,0.078337476,False
3934,10318,ok,True,False,20260908,5,analysis_activations,positive,False,5.549544596699883,6.0507763382049875,0.02426752115643231,0.1050750861367273,0.15578036190878589,0.32415287463900005,0.5886113733142995,0.4113886266857006,0.4113886266857006,1.9709824532919913,2,8,7279.567987217634,4834.343227563407,2445.2247596542275,2445.2247596542275,205.3525848388672,291.7619934082031,617.2878204345702,1744.92724609375,10.0,0.1,2.0,4373,0.118356735,False
3937,2421,ok,True,True,20260908,5,analysis_activations,positive,False,6.0425824914444295,7.41397381354347,0.1378049820931214,0.24421683575320577,0.3712209343411567,0.4941829982437738,0.5424563534993088,0.4575436465006911,0.4575436465006911,3.1378509568932347,2,4,5855.346766238584,5327.658784880662,527.6879813579217,527.6879813579217,264.5257873535156,720.1029052734375,3110.794677734375,4061.10888671875,10.0,0.1,2.0,1004,0.65355057,False
3962,6293,ok,True,True,20260908,5,analysis_activations,positive,False,5.640749647520521,6.7580627059795715,0.03698840713712661,0.4027359279482811,0.19232370404379853,0.6346147870545416,0.3348544574909449,0.6651455425090552,0.3348544574909449,2.382866007604943,2,27,14208.465024505593,12607.552840764734,1600.9121837408584,1600.9121837408584,218.3833465576172,532.0302124023438,2334.6982421874964,3815.336669921875,10.0,0.1,2.0,2703,0.5584012,False
3996,3783,ok,True,True,20260908,5,analysis_activations,positive,False,5.662928364714023,6.139626432438059,0.01690209430793238,0.08770214335047638,0.13000805478097263,0.2961454766672562,0.5900293942333719,0.40997060576662814,0.40997060576662814,2.084412889131019,2,11,2075.2098214334087,936.6067588817002,1138.6030625517085,1138.6030625517085,238.0531463623047,321.4974365234375,654.1767944335936,1414.504150390625,10.0,0.1,2.0,1337,0.10092221,False
3999,1437,ok,True,False,20260908,5,analysis_activations,positive,False,5.549408905428298,5.98064083538907,0.015959409508688554,0.08774597628096568,0.12633055651222533,0.2962194731630007,0.6122947055397322,0.38770529446026775,0.38770529446026775,1.8937613651282108,2,8,599.0082499142339,169.79462149352253,429.2136284207114,429.2136284207114,214.3245849609375,279.7071533203125,554.0984985351563,1018.4254150390625,10.0,0.1,2.0,515,0.08799692,False
4005,3370,ok,True,True,20260908,5,analysis_activations,positive,False,5.741592195730499,7.325208691203868,0.08899999216562117,0.3036111050267062,0.2983286646730769,0.5510091696394046,0.5867854053317602,0.4132145946682399,0.4132145946682399,3.5742401522665013,2,9,8767.334158040667,7133.2679805677335,1634.0661774729333,1634.0661774729333,209.50506591796875,434.9218444824219,3009.423754882812,4226.435546875,10.0,0.1,2.0,1818,0.78598267,False
4014,9823,ok,True,True,20260908,5,analysis_activations,positive,False,5.860249640347587,6.639319242993463,0.07765682609233564,0.09867318655281276,0.27866974376909964,0.31412288447805387,0.4934505747811245,0.5065494252188757,0.4934505747811245,2.6237843547158546,2,4,13876.818580496722,13092.684313235564,784.1342672611572,784.1342672611572,218.753662109375,516.197998046875,1167.9314208984374,1812.901123046875,10.0,0.1,2.0,3420,0.24003774,False
4015,7838,ok,True,False,20260908,5,analysis_activations,positive,False,5.658934974572704,6.16721866966676,0.01865392596769268,0.11484541867877056,0.13657937607008125,0.3388885047899538,0.6299626756032796,0.3700373243967205,0.3700373243967205,1.9673499084617148,2,10,5272.922858878445,2349.4732856028477,2923.4495732755977,2923.4495732755977,236.36659240722656,312.5047912597656,691.619219970703,1804.2313232421875,10.0,0.1,2.0,1261,0.11448665,False
4029,3695,ok,True,True,20260908,5,analysis_activations,positive,False,5.873805933639465,7.339155923435474,0.11048144527753802,0.14290705853117608,0.33238749266110784,0.37803049947216705,0.6269155525330394,0.37308444746696057,0.37308444746696057,4.1168297748634215,2,3,8764.560659315868,7154.374478608171,1610.1861807076975,1610.1861807076975,227.7257080078125,482.5371398925781,2352.8534423828123,3277.1396484375,10.0,0.1,2.0,1259,0.62497205,False
4045,5643,ok,True,True,20260908,5,analysis_activations,positive,False,5.740855479314183,7.2134526936712735,0.05693739305802523,0.38204714962991027,0.2386155758914854,0.6180996275924378,0.4135100386302848,0.5864899613697152,0.4135100386302848,3.143216953591469,2,18,14582.300983350297,12448.468203214119,2133.8327801361775,2133.8327801361775,228.1540069580078,651.5745849609375,3193.5072265624985,4803.07568359375,10.0,0.1,2.0,2354,0.7736607,False
4069,16475,ok,True,True,20260908,5,analysis_activations,positive,False,5.650066518510428,6.193052897912228,0.025083916327407543,0.10828956498761864,0.15837902742284896,0.32907379869509307,0.6161187978501063,0.38388120214989363,0.38388120214989363,2.1026606625356297,2,9,12744.622032045778,8231.268080082107,4513.353951963671,4513.353951963671,225.8052520751953,320.38458251953125,717.6126342773435,1847.2764892578125,10.0,0.1,2.0,3825,0.1267645,False
4114,14996,ok,True,True,20260908,5,analysis_activations,positive,False,5.628552603086499,6.10936861480734,0.021186584841853384,0.08424040423585812,0.14555612265326864,0.29024197531690366,0.5945470235463765,0.40545297645362355,0.40545297645362355,2.094199337164672,2,8,8413.887222766689,4918.144192575635,3495.7430301910535,3495.7430301910535,222.99404907226562,312.5668029785156,628.4144592285156,1433.8641357421875,10.0,0.1,2.0,846,0.102487296,False
4121,657,ok,True,True,20260908,5,analysis_activations,positive,False,6.029896982049247,6.820696530627817,0.0885138332612195,0.12147208597495139,0.29751274470385214,0.34852845791262355,0.5719568636850424,0.42804313631495766,0.42804313631495766,2.440542211965977,2,4,981.5366227733412,951.4324581017487,30.104164671592457,30.104164671592457,248.099609375,562.62060546875,1433.3545898437492,2108.98193359375,10.0,0.1,2.0,267,0.2561129,False
4125,56481,ok,True,True,20260908,5,analysis_activations,positive,False,5.707818168709702,6.657473022701948,0.0798086801731011,0.15888500634467728,0.28250430115858605,0.39860382128709865,0.567310392430196,0.432689607569804,0.432689607569804,2.7489087534735788,2,4,98606.11103728706,89235.89993295853,9370.211104328526,9370.211104328526,196.335693359375,414.5615539550781,1289.346435546875,2777.3017578125,10.0,0.1,2.0,1977,0.33540055,False
4133,5776,ok,True,True,20260908,5,analysis_activations,positive,False,5.601958133126438,6.8445125823562885,0.042486061968802856,0.4071115620787817,0.20612147381775353,0.6380529461406644,0.5457500482901869,0.454249951709813,0.454249951709813,2.6207067233355783,2,19,13369.804977097852,10122.201811459116,3247.6031656387368,3247.6031656387368,206.96270751953125,355.60308837890625,2071.4093627929688,3949.247314453125,10.0,0.1,2.0,2170,0.5909702,False
4147,3406,ok,True,True,20260908,5,analysis_activations,positive,False,5.338360546975712,6.008530194996148,0.026497810905333954,0.18873820405874825,0.16278148207131532,0.4344401041095864,0.6180862857810357,0.3819137142189642,0.3819137142189642,2.042877293453538,2,11,4104.962513079565,2668.354549867875,1436.6079632116898,1436.6079632116898,164.9192352294922,233.61919403076172,671.8280944824219,1855.1695556640625,10.0,0.1,2.0,1369,0.19453466,False
4172,24699,ok,True,True,20260908,5,analysis_activations,positive,False,5.674962226774955,6.15421373050814,0.020373058821139486,0.07925352141751674,0.14273422442126305,0.28152001956791056,0.6129499770780458,0.3870500229219542,0.3870500229219542,2.1472908352836857,2,8,12654.56383664529,6508.001787676727,6146.5620489685625,6146.5620489685625,235.96224975585938,324.84442138671875,651.5732482910144,1288.093505859375,10.0,0.1,2.0,1364,0.09765588,False
4177,20111,ok,True,True,20260908,5,analysis_activations,positive,False,5.5841528486381975,6.1034229623980725,0.023179314726682648,0.09983235459001959,0.15224754423859405,0.31596258416151046,0.6017591110254347,0.39824088897456533,0.39824088897456533,2.093799875179811,2,9,14168.699561821628,8912.718995512925,5255.980566308703,5255.980566308703,212.37440490722656,300.18927001953125,645.8236694335938,1798.2186279296875,10.0,0.1,2.0,4436,0.118328445,False
4201,2881,ok,True,True,20260908,5,analysis_activations,positive,False,5.517456097530346,6.135902751123006,0.030179934520115786,0.15985760955669961,0.1737237304461189,0.39982197232855976,0.6502587902549605,0.3497412097450395,0.3497412097450395,2.006307686973575,2,9,2957.143025320899,1969.2094732754351,987.933552045464,987.933552045464,194.61668395996094,275.1553955078125,716.84228515625,1626.2423095703125,10.0,0.1,2.0,452,0.16257265,False
4214,2351,ok,True,True,20260908,5,analysis_activations,positive,False,5.653136151487928,6.7206291048977445,0.026724848417716055,0.47312204975279915,0.16347736362480297,0.6878386800353693,0.5552299549753422,0.4447700450246578,0.4447700450246578,2.135312852153701,2,13,5088.973817189082,3470.9631044944394,1618.0107126946427,1618.0107126946427,229.84896850585938,343.08441162109375,2183.9669189453125,4152.71728515625,10.0,0.1,2.0,1264,0.5068923,False
4217,1300,ok,True,True,20260908,5,analysis_activations,positive,False,5.685858031182799,6.0854312941440725,0.012955401549396985,0.05439209862204419,0.11382179733863362,0.23322113673945633,0.6165638012614416,0.38343619873855833,0.38343619873855833,2.1774624678007926,2,9,181.5827211264317,-156.98329307252533,338.566014198957,338.566014198957,249.03311157226562,321.48321533203125,560.6929077148437,903.0734252929688,10.0,0.1,2.0,348,0.06663937,False
4224,4003,ok,True,False,20260908,5,analysis_activations,positive,False,5.677697212575223,6.174726542760978,0.022795655723193465,0.12273008542505887,0.15098230268211393,0.35032853926715546,0.6887768960230596,0.3112231039769405,0.3112231039769405,1.84258319348937,2,5,2424.6778235623074,1056.9670260519351,1367.7107975103722,1367.7107975103722,235.3756103515625,312.8917236328125,647.0208862304684,1908.2222900390625,10.0,0.1,2.0,1715,0.106879175,False
4231,27627,ok,True,True,20260908,5,analysis_activations,positive,False,5.594594545480026,6.050784655497757,0.014814007777981886,0.08898808999171633,0.12171280860280025,0.2983087159164417,0.5804157664545712,0.41958423354542884,0.41958423354542884,2.0024320989136095,2,12,13858.12721110988,4746.803262138929,9111.323948970952,9111.323948970952,225.37762451171875,298.0639953613281,610.7972839355466,1382.204345703125,10.0,0.1,2.0,3536,0.09662029,False
4238,6966,ok,True,False,20260908,5,analysis_activations,positive,False,5.736978724777223,6.425755865237374,0.03456826861344834,0.23382785921131927,0.1859254383172145,0.48355750352085247,0.6903788317686689,0.3096211682313311,0.3096211682313311,1.8802067173058896,2,9,8493.410948768607,5419.8875615400775,3073.52338722853,3073.52338722853,240.45773315429688,334.54083251953125,965.9348754882812,3467.620849609375,10.0,0.1,2.0,2215,0.1977002,False
4245,8708,ok,True,True,20260908,5,analysis_activations,positive,False,5.643127244124586,6.153650979286664,0.02356281130581799,0.05950067871342277,0.15350182834682455,0.24392760957592063,0.6079748617028072,0.3920251382971928,0.3920251382971928,2.505104508380649,2,5,4659.445947516362,3014.21635433274,1645.229593183622,1645.229593183622,223.54812622070312,322.80616760253906,626.2373382568358,1024.7393798828125,10.0,0.1,2.0,2228,0.099781856,False
4266,28785,ok,True,True,20260908,5,analysis_activations,positive,False,5.470369826280556,5.924497109744322,0.0188480113656248,0.0782514896692143,0.13728805980719808,0.2797346772733304,0.6229645795457335,0.37703542045426663,0.37703542045426663,2.0610289559658366,2,7,12294.81672323568,4813.946300003877,7480.870423231802,7480.870423231802,193.30032348632812,261.2246398925781,509.7328735351562,1067.6339111328125,10.0,0.1,2.0,3508,0.08968716,False
4276,668,ok,True,True,20260908,5,analysis_activations,positive,False,5.895046851427804,6.729963105009217,0.03351765741133775,0.3004841913967383,0.1830782821946332,0.5481643835536365,0.5763055398607199,0.42369446013928014,0.42369446013928014,2.043071088453187,2,15,1140.9419862659083,850.5953031340268,290.3466831318815,290.3466831318815,278.7630310058594,430.5931396484375,1779.9165283203124,3303.375,10.0,0.1,2.0,339,0.31731635,False
4328,13842,ok,True,True,20260908,5,analysis_activations,positive,False,5.607075966919686,6.08364536689126,0.019962118051456604,0.06981282258197588,0.1412873598431813,0.26422116225233716,0.6001449737386428,0.39985502626135716,0.39985502626135716,2.2493839284226396,2,8,6630.29328279983,3502.687029229187,3127.6062535706433,3127.6062535706433,220.72756958007812,306.5487060546875,599.7082641601562,1272.895751953125,10.0,0.1,2.0,3998,0.094402745,False
4329,13862,ok,True,True,20260908,5,analysis_activations,positive,False,5.599085809634986,6.149372854160061,0.020665657641325223,0.1170037250419683,0.1437555482105829,0.3420580726162859,0.5940578788517319,0.40594212114826816,0.40594212114826816,2.097420959581158,2,12,11371.300909336289,6694.924607332626,4676.376302003663,4676.376302003663,219.04579162597656,304.34971618652344,707.8663482666016,1436.55615234375,10.0,0.1,2.0,3586,0.13280688,False
4332,546,ok,True,False,20260908,5,analysis_activations,positive,False,5.722720371156063,6.286540622480263,0.023283847891767614,0.13593565743352523,0.15259045806264432,0.3686945313311892,0.7432477107856353,0.2567522892143647,0.2567522892143647,1.9982854837279145,2,7,370.9779806897792,147.3984404522411,223.5795402375381,223.5795402375381,246.72909545898438,320.0516357421875,675.6487731933594,1742.255859375,10.0,0.1,2.0,222,0.11307734,False
4339,720,ok,True,False,20260908,5,analysis_activations,positive,False,5.916151366405303,6.899312203964941,0.04183846395659058,0.4641023016134483,0.20454452805340595,0.6812505424683699,0.5018637136160952,0.4981362863839047,0.4981362863839047,1.9547432941271974,2,15,1548.4244628514707,1270.5557090354343,277.86875381603636,277.86875381603636,277.4953308105469,483.1983642578125,2983.8906127929663,5389.57958984375,10.0,0.1,2.0,529,0.49451774,False
4353,9404,ok,True,True,20260908,5,analysis_activations,positive,False,5.69886054984316,6.956148101915899,0.04121204124518101,0.37363010444256584,0.20300749061347714,0.6112528972876659,0.39510330242955966,0.6048966975704403,0.39510330242955966,2.760629837807703,2,22,22211.593227741556,18875.187869339683,3336.405358401873,3336.405358401873,229.12619018554688,556.51171875,2484.378344726564,3908.123291015625,10.0,0.1,2.0,2869,0.6201535,False
4382,13887,ok,True,False,20260908,5,analysis_activations,positive,False,5.6210784312183435,6.054449321694131,0.01175965460377288,0.0925869009630072,0.10844194116564347,0.30428095727962867,0.6030195417584958,0.3969804582415042,0.3969804582415042,1.8972985523575292,2,12,5803.886687260981,-2.0676449427679984,5805.954332203749,5805.954332203749,236.3314971923828,298.71929931640625,599.2310363769528,1714.5653076171875,10.0,0.1,2.0,2366,0.08881128,False
4391,5237,ok,True,True,20260908,5,analysis_activations,positive,False,5.802019631197643,7.018188887700219,0.1616552347757339,0.16199643151622048,0.4020637197954248,0.40248780294093445,0.5800537794243257,0.4199462205756744,0.4199462205756744,3.0232223870915043,2,3,11475.439385420894,10734.548070578694,740.8913148421998,740.8913148421998,179.409423828125,509.27239990234375,1807.9518798828124,2734.96435546875,10.0,0.1,2.0,2535,0.52218556,False
4393,9495,ok,True,True,20260908,5,analysis_activations,positive,False,5.654558914845741,6.349726763258176,0.03607760757340369,0.15165358126622344,0.18994106342074557,0.3894272477192928,0.5621859892758704,0.43781401072412957,0.43781401072412957,2.2690102635986498,2,12,11945.622587503607,9552.43076045963,2393.1918270439764,2393.1918270439764,216.29556274414062,346.6776123046875,957.3323364257808,1861.588134765625,10.0,0.1,2.0,774,0.20564452,False
4399,4603,ok,True,True,20260908,5,analysis_activations,positive,False,5.791325294551441,7.3297459120618305,0.09878952151677038,0.2832083863216386,0.31430800422001726,0.5321732671993573,0.6285863619920083,0.3714136380079916,0.3714136380079916,3.520137252464033,2,7,11566.464167995306,9439.27591481945,2127.1882531758565,2127.1882531758565,216.86141967773438,433.56597900390625,2787.1165527343746,3963.658203125,10.0,0.1,2.0,2226,0.719993,False
4409,2876,ok,True,False,20260908,5,analysis_activations,positive,False,5.439125618212889,6.035414999112067,0.023191069803717566,0.16736973847111195,0.15228614449029027,0.40910846785554555,0.6671326713850307,0.3328673286149692,0.3328673286149692,1.9317693891130494,2,10,2724.2419313785535,1427.9036589501295,1296.338272428424,1296.338272428424,185.9952392578125,249.10247039794922,619.1938781738281,2510.17333984375,10.0,0.1,2.0,1037,0.15019321,False
4413,17546,ok,True,True,20260908,5,analysis_activations,positive,False,5.77582863919918,6.495613070116286,0.0677841755656167,0.11168108078725693,0.26035394286550895,0.334187194229906,0.5130406843091849,0.4869593156908151,0.4869593156908151,2.402853287092651,2,4,23133.51474448804,21922.06345579706,1211.4512886909797,1211.4512886909797,208.33154296875,444.71142578125,1018.1585693359375,2267.298828125,10.0,0.1,2.0,3607,0.21860513,False
4433,2429,ok,True,True,20260908,5,analysis_activations,positive,False,5.728052490499756,6.8379873788223735,0.03719556747418135,0.5157390460385626,0.19286152408964666,0.7181497378949341,0.39060475895659846,0.6093952410434015,0.39060475895659846,2.110938650721515,2,29,5755.711236199948,4933.299038447233,822.4121977527147,822.4121977527147,239.72714233398438,495.8473205566406,3247.797119140625,4586.62646484375,10.0,0.1,2.0,1403,0.62231845,False
4492,1506,ok,True,True,20260908,5,analysis_activations,positive,False,6.01395260654079,7.518829855100437,0.17184974354870602,0.07056211146091597,0.4145476372489729,0.2656352978444619,0.6499442076604526,0.3500557923395473,0.3500557923395473,4.322541253052001,2,5,3643.51191969617,3023.7576288156692,619.7542908805008,619.7542908805008,229.6288299560547,592.0962829589844,2495.9127807617188,3328.502197265625,10.0,0.1,2.0,875,0.6520725,False
4514,6606,ok,True,False,20260908,5,analysis_activations,positive,False,5.648567641139644,6.175965446379334,0.023111479137304054,0.1323022441814181,0.15202460043461405,0.36373375452577683,0.6267878213165281,0.37321217868347195,0.37321217868347195,1.891945550458413,2,10,5232.189950971533,3024.2439095310697,2207.9460414404634,2207.9460414404634,229.2445526123047,312.83824157714844,708.3880920410156,2106.73974609375,10.0,0.1,2.0,715,0.12894735,False
4519,2201,ok,True,True,20260908,5,analysis_activations,positive,False,6.1051176623783086,6.877087212557671,0.08138585641471101,0.097335825700256,0.2852820646565623,0.3119868998856459,0.4798472966530178,0.5201527033469822,0.4798472966530178,2.5824180368994347,2,4,3105.972089689737,2973.8788050132375,132.09328467649948,132.09328467649948,269.58544921875,669.187255859375,1473.63232421875,2327.46435546875,10.0,0.1,2.0,1322,0.2385316,False
4523,5609,ok,True,True,20260908,5,analysis_activations,positive,False,5.612246928817687,6.220768150215488,0.026313518509777718,0.1549744543285528,0.16221442139889325,0.39366794932855886,0.6550287302908361,0.34497126970916386,0.34497126970916386,2.021185759795202,2,10,5455.1046296453005,3281.1108575277094,2173.993772117591,2173.993772117591,217.20748901367188,299.9131164550781,759.5682739257801,1973.399169921875,10.0,0.1,2.0,1882,0.15439925,False
4543,1952,ok,True,True,20260908,5,analysis_activations,positive,False,5.709499443796937,6.0988562330441916,0.012365876317891723,0.054447086059852316,0.11120196184371804,0.23333899386911805,0.6266830859239411,0.3733169140760589,0.3733169140760589,2.1302588867358883,2,8,174.84795255733,-372.27037505489295,547.118327612223,547.118327612223,255.185546875,326.510009765625,581.9908721923828,937.1861572265625,10.0,0.1,2.0,165,0.06357364,False
4555,6931,ok,True,True,20260908,5,analysis_activations,positive,False,5.864757491450104,6.795802196190525,0.09539688574947651,0.1675971362859044,0.30886386280929096,0.4093862922545214,0.5255420689207319,0.47445793107926826,0.47445793107926826,2.567512660542442,2,4,12326.969167080279,11621.11388015978,705.8552869204977,705.8552869204977,217.744140625,521.0108642578125,1567.1278076171875,2422.12060546875,10.0,0.1,2.0,2375,0.3458469,False
4580,6323,ok,True,False,20260908,5,analysis_activations,positive,False,5.626614902765249,6.120502101003239,0.0176176747210895,0.11495640329651137,0.1327315890098868,0.3390522132305161,0.638698075037251,0.36130192496274904,0.36130192496274904,1.918286450722078,2,10,3951.3519560819796,1487.7397089614067,2463.6122471205726,2463.6122471205726,229.67616271972656,299.67266845703125,649.034240722656,1609.921630859375,10.0,0.1,2.0,1890,0.10909121,False
4585,3426,ok,True,True,20260908,5,analysis_activations,positive,False,5.561728325180222,6.07877650603845,0.02365660733930542,0.082156389245172,0.1538070458051432,0.28662935865882966,0.5297725657636774,0.4702274342363227,0.4702274342363227,2.247897506128921,2,10,2410.310763424712,1811.2325262267602,599.0782371979519,599.0782371979519,205.4810791015625,311.085205078125,632.406494140625,1180.0548095703125,10.0,0.1,2.0,1538,0.11779599,False
4588,901,ok,True,True,20260908,5,analysis_activations,positive,False,5.5011664543940055,6.292251959584152,0.06500273755223177,0.14715998736684416,0.2549563444047466,0.38361437325371966,0.46369197686287156,0.5363080231371284,0.46369197686287156,2.4288678294958586,2,6,1372.9368752724458,1308.4095533478203,64.52732192462554,64.52732192462554,162.798583984375,365.808349609375,930.448486328125,1748.9404296875,10.0,0.1,2.0,380,0.2649864,False
4592,10223,ok,True,True,20260908,5,analysis_activations,positive,False,5.603383577917125,6.454281710469064,0.017586577247898028,0.29278223240427637,0.13261439306462186,0.5410935523588101,0.6174552591606572,0.3825447408393428,0.3825447408393428,2.159998915304215,2,13,16511.11498398065,8419.245526947603,8091.869457033046,8091.869457033046,226.846923828125,299.83038330078125,1300.2381347656249,2780.233154296875,10.0,0.1,2.0,1460,0.29390785,False
4603,1744,ok,True,False,20260908,5,analysis_activations,positive,False,5.851549473801235,6.564541735042183,0.040451152535423064,0.27313873751711976,0.2011247188572878,0.5226267669351807,0.6995099550361358,0.3004900449638642,0.3004900449638642,1.800606391872485,2,6,2301.4098431286793,1568.0673794750185,733.3424636536608,733.3424636536608,261.296630859375,375.2387390136719,1133.5663757324198,4219.39892578125,10.0,0.1,2.0,1064,0.21734971,False
4609,14382,ok,True,True,20260908,5,analysis_activations,positive,False,5.75170862158905,6.498202474294619,0.030552705652970472,0.17943818905477127,0.1747933226784435,0.4236014507231665,0.5232289010312389,0.47677109896876113,0.47677109896876113,2.303779988775076,2,15,20341.544485024802,15799.222231510694,4542.3222535141085,4542.3222535141085,245.76409912109375,393.5142517089844,1174.1673278808594,2413.93408203125,10.0,0.1,2.0,3355,0.24056576,False
4613,16332,ok,True,True,20260908,5,analysis_activations,positive,False,5.8230135599161175,6.462370010525983,0.050727903655265735,0.0925244601517449,0.22522855870263375,0.30417833609865264,0.5100525226331194,0.4899474773668807,0.4899474773668807,2.388950497116368,2,5,17747.459804338578,16468.93776656408,1278.522037774499,1278.522037774499,233.1572265625,447.9669189453125,953.5671874999999,1921.5869140625,10.0,0.1,2.0,3809,0.17336836,False
4637,8846,ok,True,False,20260908,5,analysis_activations,positive,False,5.517770291361866,5.943935111637937,0.014720082210111883,0.08001627606394328,0.12132634590274234,0.2828714832992949,0.6149781200246995,0.3850218799753005,0.3850218799753005,1.9580972198162947,2,10,3090.4509701078196,267.68858702002603,2822.7623830877938,2822.7623830877938,209.09768676757812,270.85211181640625,515.3069458007812,1713.3956298828125,10.0,0.1,2.0,1912,0.08287205,False
4653,4585,ok,True,True,20260908,5,analysis_activations,positive,False,5.619058721782147,5.879299627487868,0.0060952920884888625,0.02723891451517505,0.07807235162648082,0.16504215981128897,0.634341547016953,0.36565845298304706,0.36565845298304706,2.015790982816457,2,8,-3120.7133728582858,-4404.476763509819,1283.763390651533,1283.763390651533,245.834716796875,289.20574951171875,425.8400329589844,690.9014892578125,10.0,0.1,2.0,2254,0.029541135,False
4673,4498,ok,True,True,20260908,5,analysis_activations,positive,False,5.535298821315252,6.0136012058521615,0.020268223195494015,0.08162552124532908,0.14236651009101128,0.28570180476386403,0.5932669104244424,0.40673308957555765,0.40673308957555765,2.1190625814463284,2,9,2443.710430872239,1365.4567272509578,1078.2537036212814,1078.2537036212814,204.94544982910156,284.49993896484375,574.8136169433594,999.6853637695312,10.0,0.1,2.0,1710,0.10044914,False
4683,2441,ok,True,False,20260908,5,analysis_activations,positive,False,5.404990015444984,5.907251436504965,0.02246681411797156,0.13453679642480987,0.14988933957413902,0.36679257956617645,0.6704720169111914,0.3295279830888087,0.3295279830888087,1.7926272710121502,2,7,1666.1986667115532,802.7347136575734,863.4639530539798,863.4639530539798,178.9009552001953,238.71710205078125,511.0477600097656,1768.8758544921875,10.0,0.1,2.0,577,0.11517896,False
4685,14803,ok,True,True,20260908,5,analysis_activations,positive,False,5.664544819733813,6.272159948113636,0.04711036077161488,0.10031405118541921,0.21704921278736508,0.3167239352897397,0.5462269832185366,0.4537730167814635,0.4537730167814635,2.237993774644401,2,5,15153.938410304958,13756.503252181881,1397.4351581230767,1397.4351581230767,202.862060546875,361.77099609375,792.4325561523434,1693.876708984375,10.0,0.1,2.0,4703,0.16277283,False
4714,91928,ok,True,True,20260908,5,analysis_activations,positive,False,5.511576124155478,6.381019675197817,0.06397590030822878,0.2579398293413309,0.2529345771305868,0.5078777700798992,0.6161298545768469,0.38387014542315323,0.38387014542315323,2.167131622563367,2,8,155355.2718538588,130872.81389009808,24482.457963760724,24482.457963760724,170.8560028076172,299.8309020996094,1095.106036376953,3113.872314453125,10.0,0.1,2.0,5912,0.31721774,True
4719,11348,ok,True,True,20260908,5,analysis_activations,positive,False,5.749394860528324,6.177519415994626,0.016897343603910556,0.05637136262504585,0.12998978269045056,0.2374265415345257,0.5080130808426653,0.49198691915733467,0.49198691915733467,2.2367934086157435,2,10,3858.8367269007404,2073.9653455419734,1784.871381358767,1784.871381358767,257.7196044921875,368.81593322753906,654.5970581054687,1182.9609375,10.0,0.1,2.0,3719,0.082134984,False
4767,11620,ok,True,True,20260908,5,analysis_activations,positive,False,5.561281933051665,6.472371925707821,0.06151973659735935,0.1033166939573908,0.24803172498162276,0.3214291429808299,0.5458436559523037,0.45415634404769634,0.45415634404769634,3.173581629060154,2,4,18460.642062069513,15987.5925227445,2473.049539325013,2473.049539325013,179.26333618164062,364.0270080566406,960.435888671875,1610.412841796875,10.0,0.1,2.0,3567,0.28630212,False
4792,13127,ok,True,True,20260908,5,analysis_activations,positive,False,5.739949714950298,6.41523692128397,0.03736432377659843,0.09653627628069901,0.19329853537106387,0.31070287459355606,0.6460479036879119,0.35395209631208824,0.35395209631208824,2.609830234575261,2,4,13425.772595849685,10356.805553014274,3068.967042835411,3068.967042835411,233.47628784179688,358.7767028808594,880.3933105468749,1478.4849853515625,10.0,0.1,2.0,673,0.16259636,False
4794,7125,ok,True,True,20260908,5,analysis_activations,positive,False,5.981035950429013,6.616879736424379,0.05097510755506309,0.06985081872803238,0.2257766762866862,0.26429305463449543,0.4984648735283707,0.5015351264716292,0.4984648735283707,2.586934082115715,2,4,7247.591212287558,6721.8844597801435,525.7067525074144,525.7067525074144,270.342529296875,535.11083984375,1052.9205078124999,1777.698486328125,10.0,0.1,2.0,3334,0.16153684,False
4803,17898,ok,True,True,20260908,5,analysis_activations,positive,False,5.505386721356266,5.888609587298659,0.013021059610455046,0.059137949103097345,0.11410985763927255,0.24318295397312975,0.614260162226454,0.38573983777354603,0.38573983777354603,2.0175352577809678,2,8,2056.400797672201,-2867.2394617889354,4923.640259461136,4923.640259461136,207.515869140625,266.3234100341797,474.6928924560541,1005.277099609375,10.0,0.1,2.0,1420,0.06561015,False
4835,8417,ok,True,False,20260908,5,analysis_activations,positive,False,5.701595656920919,6.257541369371881,0.021754981388961408,0.17228948318918122,0.14749569956090722,0.41507768331865447,0.6785830468906418,0.32141695310935814,0.32141695310935814,1.7848295758637287,2,10,7207.127271105001,3246.746358718996,3960.3809123860046,3960.3809123860046,243.51800537109375,317.937744140625,746.123303222656,2819.32568359375,10.0,0.1,2.0,2094,0.13756675,False
4878,929,ok,True,True,20260908,5,analysis_activations,positive,False,5.655325044736595,6.250434804710407,0.015510939558101145,0.16005960503047748,0.12454292255323522,0.40007449935040534,0.5899129112654764,0.4100870887345236,0.4100870887345236,2.00856662755915,2,11,950.2738421107498,491.67334306924175,458.60049904150804,458.60049904150804,240.0229034423828,318.5662841796875,839.066650390622,2314.451904296875,10.0,0.1,2.0,403,0.16063625,False
4880,1223,ok,True,True,20260908,5,analysis_activations,positive,False,5.7363688959519035,6.921912534422805,0.0910271572580257,0.14321307762759544,0.30170707193903445,0.3784350375263837,0.5412469642508014,0.45875303574919846,0.45875303574919846,3.464190727321139,2,3,2545.7141485591287,2245.149430152917,300.5647184062118,300.5647184062118,198.8255615234375,474.7313537597656,1651.042639160156,2195.534423828125,10.0,0.1,2.0,805,0.46433374,False
4882,15788,ok,True,True,20260908,5,analysis_activations,positive,False,5.267736103293058,5.805727125438854,0.02888634322742286,0.09885824480464568,0.16995982827545708,0.31441730996343964,0.6189728811515832,0.3810271188484168,0.3810271188484168,2.128721130370739,2,6,11842.276602245984,8468.423923044755,3373.852679201229,3373.852679201229,149.43447875976562,219.37042236328125,483.99342346191395,923.1026611328125,10.0,0.1,2.0,3115,0.123816095,False
4902,8015,ok,True,True,20260908,5,analysis_activations,positive,False,5.564253343010631,6.5215945544507505,0.023927797505847156,0.2738873507156924,0.15468612577037139,0.5233424793724396,0.2879940406129691,0.7120059593870309,0.2879940406129691,2.480894866723719,2,29,15213.105657375585,13483.131775257913,1729.9738821176725,1729.9738821176725,209.22250366210938,490.7235412597656,1498.1296752929684,3587.81640625,10.0,0.1,2.0,3023,0.3898804,False
4920,21808,ok,True,True,20260908,5,analysis_activations,positive,False,5.661874129966963,6.3478577954686966,0.036860006939917735,0.14818431377499605,0.19198960112443,0.38494715712029365,0.5464257656668275,0.4535742343331724,0.4535742343331724,2.2552302701352063,2,12,27239.711432141718,22224.84210038699,5014.869331754726,5014.869331754726,217.80735778808594,355.5666198730469,942.2996459960933,2101.762451171875,10.0,0.1,2.0,1457,0.20399183,False
4922,58566,ok,True,False,20260908,5,analysis_activations,positive,False,5.6762884577202435,6.283720046811392,0.033619659648711504,0.16258214815500183,0.18335664604456395,0.4032147667868847,0.6421184035442026,0.3578815964557974,0.3578815964557974,1.9393708736058937,2,7,60544.90357385607,42927.90013585915,17617.003437996922,17617.003437996922,223.83648681640625,325.6053161621094,817.8687744140625,2915.662353515625,10.0,0.1,2.0,4972,0.1645644,False
4927,7299,ok,True,False,20260908,5,analysis_activations,positive,False,5.658418336278876,6.088405065986198,0.014707227101677928,0.08549715252955575,0.12127335693250157,0.2923989612320053,0.595368663818892,0.404631336181108,0.404631336181108,1.9209970527523108,2,11,2982.7517571261064,673.148981932244,2309.6027751938623,2309.6027751938623,240.13258361816406,313.85595703125,612.9929809570311,1582.3397216796875,10.0,0.1,2.0,839,0.087902844,False
4928,8897,ok,True,True,20260908,5,analysis_activations,positive,False,5.468874793708201,5.964075843971502,0.02219041363606582,0.08282624309812686,0.14896447105288502,0.28779548832135443,0.5763930029825466,0.42360699701745336,0.42360699701745336,2.16106316468282,2,9,5444.7910178341435,3528.8878486988115,1915.903169135332,1915.903169135332,189.89401245117188,271.9668273925781,556.6491333007806,999.94140625,10.0,0.1,2.0,2510,0.10776225,False
4958,4747,ok,True,True,20260908,5,analysis_activations,positive,False,5.657136196612891,6.09536749304071,0.013513442896130823,0.06996054225951968,0.11624733500657476,0.2645005524748856,0.5835272274372727,0.4164727725627272,0.4164727725627272,2.1450766407043615,2,11,1712.9204982458461,265.8200841798607,1447.1004140659854,1447.1004140659854,241.05340576171875,316.8719482421875,616.5024963378905,1067.59521484375,10.0,0.1,2.0,1356,0.0837105,False
4997,6412,ok,True,True,20260908,5,analysis_activations,positive,False,5.819938836940256,6.800517459570231,0.08221190804555847,0.1036669810626337,0.2867261900237899,0.3219735719940904,0.47364489607055515,0.5263551039294448,0.47364489607055515,3.2164913273641433,2,3,11167.510044694714,10032.030091453442,1135.4799532412726,1135.4799532412726,219.6395721435547,568.6912841796875,1384.6918334960938,2227.867919921875,10.0,0.1,2.0,2901,0.3332714,False
4998,16134,ok,True,False,20260908,5,analysis_activations,positive,False,5.632298384222162,6.277270726597292,0.024479137698802122,0.18806857913413635,0.15645810205547722,0.4336687435521914,0.5988222107998845,0.4011777892001156,0.4011777892001156,1.9784627022708317,2,13,19014.967025961625,12202.37198530513,6812.595040656495,6812.595040656495,223.70254516601562,314.9388732910156,906.2018798828118,2597.811767578125,10.0,0.1,2.0,3113,0.19005372,False
5013,5602,ok,True,True,20260908,5,analysis_activations,positive,False,5.70968670194995,6.217530260336203,0.01895556866845697,0.06578758544622393,0.13767922380830366,0.25649090714141104,0.47870699653343324,0.5212930034665667,0.47870699653343324,2.4671334058040557,2,14,3432.930285626665,2453.5215104066915,979.4087752199734,979.4087752199734,246.92385864257812,374.4185485839844,712.5462036132811,1157.29638671875,10.0,0.1,2.0,2195,0.10774648,False
5022,4418,ok,True,True,20260908,5,analysis_activations,positive,False,5.683245154921598,6.380906232368552,0.02279522376594755,0.18167238818001327,0.15098087218567638,0.42623044023158796,0.5104461728982197,0.4895538271017804,0.4895538271017804,2.181962235898808,2,16,5909.12725913157,4298.0730350508165,1611.0542240807536,1611.0542240807536,234.98245239257812,360.2291564941406,1050.5234985351558,2962.80419921875,10.0,0.1,2.0,1252,0.22225294,False
5023,6860,ok,True,True,20260908,5,analysis_activations,positive,False,5.472813586027436,5.8450125355118985,0.010249980348697061,0.056066976118367605,0.10124218660566879,0.2367846619153521,0.5469155172662723,0.45308448273372764,0.45308448273372764,2.043985673921605,2,12,769.9735273929385,-1123.74496178553,1893.7184891784686,1893.7184891784686,204.44544982910156,263.3736877441406,466.24971618652336,861.81982421875,10.0,0.1,2.0,2400,0.065345466,False
5036,4838,ok,True,True,20260908,5,analysis_activations,positive,False,5.558531742597333,6.205220552709014,0.020454313849974343,0.17902317291683165,0.14301857868813528,0.42311130086164284,0.5446540048147047,0.45534599518529534,0.45534599518529534,2.04768618446572,2,15,5871.657023210042,3872.6890885926523,1998.9679346173898,1998.9679346173898,213.01705932617188,302.866455078125,878.6398254394527,2596.389404296875,10.0,0.1,2.0,935,0.19641557,False
5037,3441,ok,True,True,20260908,5,analysis_activations,positive,False,5.906926555723064,6.92578331418182,0.09254087947239693,0.07430670558763046,0.30420532452999066,0.2725925633388234,0.3558226382041185,0.6441773617958814,0.3558226382041185,3.527509287922837,2,3,5846.973651556334,4888.661859887879,958.311791668455,958.311791668455,233.91571044921875,817.5890502929688,1477.28955078125,2046.698974609375,10.0,0.1,2.0,1723,0.31882522,False
5078,4170,ok,True,False,20260908,5,analysis_activations,positive,False,5.5059478934366695,5.874793602395087,0.009997765190956208,0.05803931763282017,0.09998882533041484,0.24091350653879945,0.624695375990413,0.3753046240095869,0.3753046240095869,1.999801505519295,2,10,113.36770753219804,-1348.3520083727622,1461.7197159049601,1461.7197159049601,212.320556640625,262.93212890625,464.14503784179675,863.3687133789062,10.0,0.1,2.0,2165,0.059937626,False
5083,2028,ok,True,True,20260908,5,analysis_activations,positive,False,5.619385720209877,6.821826572375017,0.024546700782719526,0.38500385161993783,0.15667386758077917,0.6204867860155749,0.4006147373433987,0.5993852626566013,0.4006147373433987,2.6572043976142368,2,15,4692.770225604494,3736.291454393266,956.4787712112279,956.4787712112279,223.77020263671875,477.0266418457031,2266.2185058593745,4143.12939453125,10.0,0.1,2.0,1064,0.5880735,False
5104,590,ok,True,False,20260908,5,analysis_activations,positive,False,5.081357958854931,5.3098473029527415,0.003937555886425258,0.041462052963129686,0.06274994730217116,0.20362232923510545,0.6884502969685068,0.31154970303149315,0.31154970303149315,1.516543574316352,2,5,-447.7589246144187,-738.8957357875349,291.13681117311626,291.13681117311626,146.94088745117188,163.69843292236328,224.7973510742187,663.7185668945312,10.0,0.1,2.0,491,0.026870646,False
5117,1260,ok,True,True,20260908,5,analysis_activations,positive,False,5.271350973953458,5.623959867430067,0.007921268491900895,0.04708080354826229,0.08900150836868381,0.21698111334460032,0.6295734933395248,0.37042650666047516,0.37042650666047516,2.126271580020394,2,11,-149.29060775267297,-622.4098639004341,473.1192561477611,473.1192561477611,170.5133056640625,206.17029571533203,352.0262878417969,542.8592529296875,10.0,0.1,2.0,469,0.05146266,False
5129,5244,ok,True,False,20260908,5,analysis_activations,positive,False,5.632929976440902,6.150857672539316,0.01965892359812728,0.11952138264845441,0.14021028349635156,0.345718646660047,0.6482496132000868,0.35175038679991316,0.35175038679991316,1.963338755282081,2,10,3600.312900207831,1599.1059595776248,2001.206940630206,2001.206940630206,229.37896728515625,302.74888610839844,677.8552001953125,1692.4322509765625,10.0,0.1,2.0,857,0.11597359,False
5137,5113,ok,True,False,20260908,5,analysis_activations,positive,False,5.4293375147518805,5.8773412865409975,0.018321534072616153,0.09101565489684928,0.13535706140654855,0.3016880092029666,0.6602044174383427,0.33979558256165726,0.33979558256165726,1.916075934045572,2,7,2103.160892771074,507.46254589566865,1595.6983468754054,1595.6983468754054,186.45535278320312,245.19036865234375,478.79755249023407,1232.651611328125,10.0,0.1,2.0,1393,0.08806431,False
5141,753,ok,True,True,20260908,5,analysis_activations,positive,False,5.845754824209666,6.869382943572485,0.04964128498576724,0.2350934490421606,0.22280324276313224,0.4848643614890257,0.4332371278284845,0.5667628721715154,0.4332371278284845,2.7129199610137484,2,16,1482.5169168039458,1320.5213015147071,161.99561528923869,161.99561528923869,250.09271240234375,569.477783203125,1926.4366943359375,2434.46044921875,10.0,0.1,2.0,532,0.4125788,False
5150,5419,ok,True,True,20260908,5,analysis_activations,positive,False,5.358349053324663,6.491275678315821,0.026398649067425364,0.3657847044989343,0.1624766108319144,0.604801376072289,0.3468321762096034,0.6531678237903966,0.3468321762096034,2.55842213117048,2,25,12044.909776540388,10193.752898791321,1851.1568777490666,1851.1568777490666,169.4032745361328,392.7112121582031,1672.8947631835936,2830.802734375,10.0,0.1,2.0,2527,0.53894144,False
5164,531,ok,True,True,20260908,5,analysis_activations,positive,False,5.784575196550702,6.607277422517385,0.0662590196638195,0.10765365670418094,0.25740827427225316,0.3281061668182738,0.6041027520914054,0.3958972479085946,0.3958972479085946,2.789921931781201,2,4,771.5722975050306,702.5331029629822,69.03919454204845,69.03919454204845,214.824462890625,415.414306640625,1048.9423828125,1516.448486328125,10.0,0.1,2.0,143,0.24498224,False
5185,2138,ok,True,True,20260908,5,analysis_activations,positive,False,5.89281193111754,6.669033921304778,0.0840857340499287,0.12318088541539958,0.2899754024911918,0.3509713455759595,0.5199826526328557,0.4800173473671443,0.4800173473671443,2.4112167829476894,2,4,3146.354937111415,3019.1537014654164,127.20123564599862,127.20123564599862,234.83755493164062,516.5423889160156,1241.9709350585938,2205.0361328125,10.0,0.1,2.0,1310,0.25335905,False
5193,12595,ok,True,True,20260908,5,analysis_activations,positive,False,5.495826043326207,5.918191432561879,0.01438520768794624,0.0739904917970171,0.11993834952985738,0.27201193318863254,0.6560058630590034,0.34399413694099656,0.34399413694099656,2.009263469606668,2,8,3161.7751373138435,-1123.6327752331088,4285.4079125469525,4285.4079125469525,204.42611694335938,260.3386535644531,492.40358886718747,1128.4678955078125,10.0,0.1,2.0,3702,0.07515019,False
5201,505,ok,True,True,20260908,5,analysis_activations,positive,False,5.477115517006165,6.504244072471414,0.02947626589487649,0.3430690044333225,0.17168653381927335,0.5857209270918382,0.5709229505528647,0.4290770494471353,0.4290770494471353,2.379853777677966,2,11,1010.4531761343585,720.3018784989462,290.15129763541233,290.15129763541233,187.6256103515625,288.18505859375,1274.7531494140615,2908.131591796875,10.0,0.1,2.0,249,0.42331037,False
5203,9665,ok,True,False,20260908,5,analysis_activations,positive,False,5.489917464093629,5.834976282614625,0.009278343499602356,0.050415305002353916,0.09632415844222235,0.22453352756849904,0.633336356984441,0.3666636430155591,0.3666636430155591,1.9973035172944609,2,9,-1126.3261202186843,-4372.378104850655,3246.051984631971,3246.051984631971,209.49887084960938,257.06231689453125,432.67507934570307,924.1175537109375,10.0,0.1,2.0,2264,0.05201563,False
5218,1058,ok,True,True,20260908,5,analysis_activations,positive,False,5.550886830096426,6.187324743746385,0.03877566120751691,0.07328856723558896,0.1969153655952651,0.27071861265082786,0.5441129876365862,0.45588701236341383,0.45588701236341383,2.688670229958736,2,5,1043.8298732428998,926.6351585860491,117.19471465685069,117.19471465685069,185.2579345703125,325.63739013671875,675.5787963867186,1191.602294921875,10.0,0.1,2.0,372,0.15513045,False
5226,27912,ok,True,True,20260908,5,analysis_activations,positive,False,5.654396633316504,6.192676244681945,0.024892596637365802,0.10441535383499605,0.1577738781844631,0.3231336470177565,0.5848106422561665,0.41518935774383353,0.41518935774383353,2.116948602586828,2,10,21908.702265637272,15010.613346933767,6898.0889187035045,6898.0889187035045,225.70010375976562,327.20928955078125,719.7720764160154,1641.1871337890625,10.0,0.1,2.0,2735,0.12826535,False
5247,6121,ok,True,False,20260908,5,analysis_activations,positive,False,5.491790530066784,6.343065407498657,0.017209627664980662,0.39347394669484376,0.1311854704797016,0.627275016794742,0.6781180589089219,0.32188194109107804,0.32188194109107804,1.8785862879280948,2,13,9946.687327157138,4012.113027930467,5934.574299226671,5934.574299226671,204.07818603515625,255.96188354492188,1135.5814208984375,3668.06201171875,10.0,0.1,2.0,2725,0.2965456,False
5262,2312,ok,True,False,20260908,5,analysis_activations,positive,False,5.740852309989878,6.219936838656465,0.012210045999997194,0.106638752004627,0.11049907691920867,0.3265558941507977,0.5865512007960958,0.41344879920390426,0.41344879920390426,1.9653040409302465,2,14,1407.6027485366008,387.1407772134403,1020.4619713231605,1020.4619713231605,266.0960693359375,340.4188537597656,764.2585571289061,1620.201416015625,10.0,0.1,2.0,1111,0.10695782,False
5274,3824,ok,True,True,20260908,5,analysis_activations,positive,False,5.620788428298073,6.295481820103137,0.03542201646318376,0.18084973041433258,0.18820737621885006,0.42526430653692604,0.696042561197958,0.303957438802042,0.303957438802042,2.0517363854519934,2,7,4223.751160942983,2812.2898649583517,1411.4612959846313,1411.4612959846313,210.37765502929688,301.70465087890625,822.1871154785156,1549.3233642578125,10.0,0.1,2.0,1811,0.1759777,False
5281,1882,ok,True,True,20260908,5,analysis_activations,positive,False,5.871680303923957,6.636696404601577,0.054635778192282616,0.11736578784342332,0.23374297463727678,0.3425869055340897,0.562929213045804,0.43707078695419604,0.43707078695419604,2.608671375564379,2,5,2557.4076239953442,2295.2256305251212,262.181993470223,262.181993470223,244.50341796875,458.38751220703125,1175.0884582519525,2212.7138671875,10.0,0.1,2.0,1322,0.2261672,False
5314,5221,ok,True,True,20260908,5,analysis_activations,positive,False,5.642841606456382,6.07932286369145,0.014249259012577424,0.07489316269081076,0.11937026016800593,0.2736661518909687,0.6073250149507553,0.3926749850492447,0.3926749850492447,2.067466033729651,2,10,1870.1663601832693,216.7827209683616,1653.3836392149076,1653.3836392149076,237.01573181152344,308.6166687011719,603.6414794921875,1122.249267578125,10.0,0.1,2.0,980,0.08351216,False
5331,33052,ok,True,True,20260908,5,analysis_activations,positive,False,5.584782056333614,6.144038198518562,0.03250606707101398,0.06322605151563415,0.18029439001536898,0.2514479101436998,0.5454284495064686,0.45457155049353154,0.45457155049353154,2.556212329851072,2,4,24827.37695133597,20849.437054918944,3977.939896417025,3977.939896417025,200.30999755859375,328.087890625,644.4977600097656,1083.1463623046875,10.0,0.1,2.0,5444,0.1240193,False
5342,6828,ok,True,False,20260908,5,analysis_activations,positive,False,5.567020843042722,6.063844614857366,0.018097663056770612,0.11598244220939573,0.13452755500926422,0.340561950618967,0.6676152659520361,0.3323847340479639,0.3323847340479639,1.9188242318521676,2,9,4032.10602840797,1237.2995707073399,2794.80645770063,2794.80645770063,216.05508422851562,279.3436737060547,602.4535583496089,1743.990966796875,10.0,0.1,2.0,1623,0.105421424,False
5345,3190,ok,True,True,20260908,5,analysis_activations,positive,False,5.896459710661315,6.806014418663322,0.07291847374212466,0.1555322340686054,0.2700342084664916,0.39437575238420197,0.623916509218295,0.3760834907817051,0.3760834907817051,2.691209889409216,2,4,5208.09001728663,4605.726604334087,602.3634129525435,602.3634129525435,239.34402465820312,458.9661560058594,1422.9598876953116,2350.1181640625,10.0,0.1,2.0,1993,0.29820004,False
5380,4009,ok,True,False,20260908,5,analysis_activations,positive,False,5.69490396509363,6.323170463446504,0.0270542917498596,0.19950667798794533,0.16448188882019685,0.44666170418779505,0.6266741977093195,0.37332580229068046,0.37332580229068046,1.8666648620124102,2,13,4602.334642044179,2945.799693599402,1656.5349484447775,1656.5349484447775,236.14877319335938,328.3453063964844,928.577221679687,2853.09326171875,10.0,0.1,2.0,1509,0.18382624,False
5391,18658,ok,True,True,20260908,5,analysis_activations,positive,False,5.505226715822613,6.049480273362967,0.0267713276163838,0.11916373065222557,0.16361945977292494,0.345201000363883,0.6143570746929019,0.3856429253070981,0.3856429253070981,2.0148209427429533,2,8,15269.010231728336,10288.092563788236,4980.917667940101,4980.917667940101,192.368408203125,276.5495910644531,622.4785491943355,1834.312255859375,10.0,0.1,2.0,4739,0.13258708,False
5420,25883,ok,True,True,20260908,5,analysis_activations,positive,False,5.703834295185632,6.327433213546676,0.0325484424188657,0.12683798397749008,0.1804118688414532,0.3561432071196783,0.6374992300983019,0.3625007699016981,0.3625007699016981,2.2089947532691188,2,8,25483.501464780235,18335.166647114576,7148.334817665658,7148.334817665658,230.9710693359375,339.0809020996094,840.3770629882811,1993.1580810546875,10.0,0.1,2.0,2356,0.15659976,False
5440,5096,ok,True,True,20260908,5,analysis_activations,positive,False,5.748782864719203,6.349179964489207,0.022142056987284553,0.13920381516127434,0.14880207319551886,0.37310027494130094,0.5651267973481543,0.43487320265184576,0.43487320265184576,2.11385237420447,2,14,5191.972901713177,3440.8455419975926,1751.1273597155841,1751.1273597155841,252.33436584472656,363.0898742675781,937.6760864257812,1758.08349609375,10.0,0.1,2.0,1460,0.16166976,False
5445,2855,ok,True,True,20260908,5,analysis_activations,positive,False,5.87109401323371,6.4559828881935575,0.03033278825870135,0.07931128015792752,0.1741631082023439,0.28162258460202994,0.6118854776658614,0.3881145223341386,0.3881145223341386,2.498019289738022,2,5,2305.982581365078,1763.0723437486924,542.9102376163858,542.9102376163858,271.450439453125,410.90966796875,903.620831298828,1393.6640625,10.0,0.1,2.0,1766,0.13062827,False
5452,4220,ok,True,False,20260908,5,analysis_activations,positive,False,5.609407665819159,6.010870115605058,0.016107660606110477,0.07676224169766305,0.12691595883146642,0.2770599965669224,0.6294284696605554,0.37057153033944457,0.37057153033944457,1.8630410916296802,2,7,1127.300326155157,-9.559526997391593,1136.8598531525488,1136.8598531525488,226.4979705810547,295.1507873535156,540.9768188476562,1309.6514892578125,10.0,0.1,2.0,465,0.07619481,False
5524,789,ok,True,True,20260908,5,analysis_activations,positive,False,6.187322043158125,7.400280109701358,0.17583671912241572,0.04842566354028837,0.4193288913519026,0.22005831849827528,0.4517151874098654,0.5482848125901347,0.4517151874098654,3.62228459487133,2,11,1657.3259530173916,1293.241082588279,364.0848704291127,364.0848704291127,267.4691162109375,1184.59033203125,2145.6290527343745,2590.43505859375,10.0,0.1,2.0,597,0.47096178,False
5536,655,ok,True,False,20260908,5,analysis_activations,positive,False,5.544330937195492,6.050008097591653,0.02039240578696946,0.14241086628805968,0.14280198103307062,0.3773736428104905,0.6440764156860562,0.35592358431394383,0.35592358431394383,1.7723797187621244,2,9,496.1907759808848,253.9391385055316,242.2516374753532,242.2516374753532,210.80136108398438,273.5919494628906,613.9936035156248,1884.200927734375,10.0,0.1,2.0,218,0.12262707,False
5543,9989,ok,True,True,20260908,5,analysis_activations,positive,False,5.67271596775815,6.3666639797633655,0.03528276945400289,0.18074861821549296,0.18783708221222692,0.42514540831989817,0.5692937054511334,0.43070629454886655,0.43070629454886655,2.1114631488117377,2,12,13058.685394007412,10158.396650304894,2900.2887437025183,2900.2887437025183,222.7823486328125,348.50958251953125,988.3603881835941,2240.49560546875,10.0,0.1,2.0,1237,0.21603574,False
5551,1709,ok,True,False,20260908,5,analysis_activations,positive,False,5.580561820149448,6.089184590932682,0.014244687156526905,0.14067111200436153,0.11935110873606036,0.3750614776331495,0.5676555444060828,0.43234445559391715,0.43234445559391715,1.8275233785928107,2,20,1409.2623499742735,673.3173569024751,735.9449930717984,735.9449930717984,222.97833251953125,294.0320129394531,689.3274414062499,1665.8363037109375,10.0,0.1,2.0,376,0.13247123,False
5560,20638,ok,True,False,20260908,5,analysis_activations,positive,False,5.604430860741252,6.203818180133044,0.03036739854891588,0.15635455846226645,0.17426244159002213,0.3954169425584423,0.6254276744848731,0.3745723255151269,0.3745723255151269,1.9616650446876278,2,9,20988.08960042191,14543.015761472714,6445.073838949196,6445.073838949196,210.5445098876953,304.40240478515625,770.0855926513672,3020.6787109375,10.0,0.1,2.0,4076,0.16172977,False
5576,2363,ok,True,True,20260908,5,analysis_activations,positive,False,5.707321827003288,6.491541717887354,0.03376260409431221,0.2620252998186765,0.18374603150629462,0.5118840687291181,0.6361712823027144,0.3638287176972857,0.3638287176972857,2.0392132598901207,2,11,3530.626290523251,2422.3262741741464,1108.3000163491047,1108.3000163491047,234.12216186523438,339.75,1188.620190429688,3240.03759765625,10.0,0.1,2.0,1375,0.25926608,False
5601,695,ok,True,True,20260908,5,analysis_activations,positive,False,5.661689510888858,6.670912774537826,0.04632327560402282,0.4125403219637551,0.21522842657052257,0.6422930187723942,0.5767772895977386,0.42322271040226156,0.42322271040226156,2.106980168213071,2,12,1430.3608084177836,1121.1074323085718,309.2533761092118,309.2533761092118,213.141357421875,348.4352111816406,1635.855834960937,4448.46044921875,10.0,0.1,2.0,473,0.45059082,False
5630,1888,ok,True,False,20260908,5,analysis_activations,positive,False,5.523435606606847,5.799798150629794,0.005677602431295416,0.033351714008936995,0.07534986682997799,0.18262451645093272,0.6034131797530415,0.3965868202469584,0.3965868202469584,1.9783298648671164,2,10,-960.1767092181498,-1572.7291841379247,612.5524749197749,612.5524749197749,223.04164123535156,264.8424377441406,404.1122802734375,724.3117065429688,10.0,0.1,2.0,319,0.034947615,False
5632,7140,ok,True,True,20260908,5,analysis_activations,positive,False,5.576389241677231,6.478681753372659,0.04582584587373672,0.23208545334990094,0.21406972199201063,0.48175248141540583,0.5151642189880483,0.4848357810119516,0.4848357810119516,2.4205231948170383,2,15,12566.473612780963,10540.827604772749,2025.6460080082143,2025.6460080082143,193.5107421875,353.90769958496094,1275.406414794921,2483.2275390625,10.0,0.1,2.0,514,0.33952224,False
5634,2928,ok,True,True,20260908,5,analysis_activations,positive,False,5.759215493824232,6.249621774796955,0.019897301666681577,0.08892778070387335,0.14105779548355907,0.2982076134237242,0.6092689474717119,0.39073105252828805,0.39073105252828805,2.1023572622244378,2,10,1701.5631630714097,902.9118887352802,798.6512743361295,798.6512743361295,256.91796875,353.4896545410156,741.8665283203126,1387.705810546875,10.0,0.1,2.0,1627,0.10415722,False
5664,7240,ok,True,True,20260908,5,analysis_activations,positive,False,5.688095857920108,6.220533644468624,0.022742865176668903,0.10785703763378254,0.15080737772625352,0.3284159521609487,0.6159128267247,0.3840871732753,0.3840871732753,2.0835908437502693,2,10,5362.386259232645,3207.5909263858684,2154.7953328467765,2154.7953328467765,236.55557250976562,328.6146240234375,740.8631896972656,1573.1046142578125,10.0,0.1,2.0,2589,0.12251333,False
5667,967,ok,True,True,20260908,5,analysis_activations,positive,False,5.803474746153916,7.173069480003317,0.06895528747877565,0.35413130892150485,0.2625933881094032,0.5950893285226218,0.6128455116090848,0.38715448839091515,0.38715448839091515,2.9777788560371765,2,16,2302.587913196297,1825.4696631676084,477.11825002868864,477.11825002868864,236.3389129638672,416.67755126953125,2655.9283447265625,3787.929931640625,10.0,0.1,2.0,558,0.6250682,False
5673,4120,ok,True,False,20260908,5,analysis_activations,positive,False,5.634077153834893,6.1055404457431885,0.01471446679445611,0.10178479634267758,0.12130320191345367,0.3190372961624982,0.6502709446944488,0.34972905530555115,0.34972905530555115,1.9534454716886347,2,11,2041.595544527036,281.4371006642676,1760.1584438627685,1760.1584438627685,234.57379150390625,299.7997589111328,630.1378356933587,1550.2431640625,10.0,0.1,2.0,582,0.09573772,False
5683,860,ok,True,False,20260908,5,analysis_activations,positive,False,5.959978108731784,6.747090546928755,0.09279263709745106,0.2612279087629925,0.30461883903897186,0.5111045966952288,0.6175007214848651,0.38249927851513477,0.38249927851513477,1.8708438449636746,2,5,1428.7907015655985,1319.6527965846801,109.13790498091839,109.13790498091839,250.174072265625,486.4325866699219,1773.0930480957031,2618.778076171875,10.0,0.1,2.0,581,0.30390415,False
5691,18534,ok,True,False,20260908,5,analysis_activations,positive,False,5.4738931188281486,5.726540647380356,0.0053971581130635386,0.027255164410565993,0.07346535314734108,0.16509138199968523,0.6283122312444869,0.37168776875551307,0.37168776875551307,1.9773020347607506,2,9,-13371.688343445461,-19116.34520314677,5744.65685970131,5744.65685970131,213.468994140625,249.45069885253906,366.6077117919922,617.7496337890625,10.0,0.1,2.0,4473,0.028428804,False
5693,964,ok,True,False,20260908,5,analysis_activations,positive,False,5.6590098045824595,6.007496297296645,0.009107673952447458,0.059261992743943406,0.09543413410539993,0.24343786218241278,0.5905109573074026,0.4094890426925974,0.4094890426925974,1.884817112088065,2,13,21.291325005416276,-293.6586160797707,314.949941085187,314.949941085187,251.12423706054688,309.159912109375,526.6377807617185,962.7484741210938,10.0,0.1,2.0,239,0.059071437,False
5701,5969,ok,True,False,20260908,5,analysis_activations,positive,False,5.671880982286732,6.155834559810982,0.01914402296237805,0.10394760231087131,0.13836192743084366,0.3224090605285021,0.6531153772382503,0.34688462276174975,0.34688462276174975,1.9507627290676532,2,8,3308.582612656856,1253.208252158344,2055.374360498512,2055.374360498512,238.07125854492188,314.85333251953125,660.8453613281249,1905.531005859375,10.0,0.1,2.0,2601,0.101639144,False
5707,3906,ok,True,True,20260908,5,analysis_activations,positive,False,5.582485168470742,6.451618728773638,0.02679496069267771,0.3135314991406176,0.16369166347947506,0.559938835178109,0.48713406547496785,0.5128659345250322,0.48713406547496785,2.1069472355103507,2,20,7138.553666947316,5437.350310469332,1701.203356477984,1701.203356477984,213.34506225585938,343.70005798339844,1450.7813720703125,2734.86572265625,10.0,0.1,2.0,1855,0.36266655,False
5719,2792,ok,True,False,20260908,5,analysis_activations,positive,False,5.650230995380672,6.195348952546364,0.016697474117378725,0.14306384105890227,0.12921870653035777,0.3782378101920831,0.5862197678895268,0.41378023211047316,0.41378023211047316,1.9287221719406658,2,14,2470.969337289472,1268.718064778433,1202.2512725110391,1202.2512725110391,237.33042907714844,316.21630859375,787.0699829101562,1898.5634765625,10.0,0.1,2.0,1145,0.14111435,False
5740,11710,ok,True,False,20260908,5,analysis_activations,positive,False,5.585430905992046,5.9602591358645345,0.011310979792311653,0.06666891710208674,0.10635309018694122,0.25820324765983627,0.6184060817336953,0.38159391826630484,0.38159391826630484,1.89826115863381,2,10,1348.0855164456448,-2593.5932183918026,3941.6787348374473,3941.6787348374473,228.28065490722656,285.9102325439453,513.2161468505858,1429.406982421875,10.0,0.1,2.0,1751,0.06559386,False
5807,30801,ok,True,True,20260908,5,analysis_activations,positive,False,5.55717353510455,6.189541461379735,0.03264067943051568,0.15371618467674766,0.18066731699595165,0.39206655643748506,0.5890286909315403,0.4109713090684597,0.4109713090684597,2.0716297316859222,2,11,34475.584366243726,25950.35014749881,8525.234218744914,8525.234218744914,198.21197509765625,300.9734802246094,782.1799926757812,2164.904052734375,10.0,0.1,2.0,2373,0.17920642,False
5811,10737,ok,True,True,20260908,5,analysis_activations,positive,False,5.795955106566112,6.306676888457401,0.01628336736303256,0.0939676229169536,0.12760629828904432,0.3065413885871753,0.531567461068698,0.468432538931302,0.468432538931302,2.1752447487572346,2,15,7508.622052791909,4295.380338473606,3213.241714318303,3213.241714318303,273.9390563964844,381.425048828125,832.044104003906,1463.108154296875,10.0,0.1,2.0,2822,0.117631994,False
5812,3700,ok,True,False,20260908,5,analysis_activations,positive,False,5.730929899307707,6.313304670208279,0.026181047798038003,0.15127033838304127,0.16180558642407253,0.38893487678921423,0.6084988399250092,0.3915011600749908,0.3915011600749908,1.9551399609840083,2,10,3641.1674472820755,2433.2725641005336,1207.894883181542,1207.894883181542,243.33203125,346.95330810546875,853.1356140136719,2622.462890625,10.0,0.1,2.0,1454,0.15599227,False
5826,3430,ok,True,True,20260908,5,analysis_activations,positive,False,5.648341015738563,6.295359694651183,0.03325819789000276,0.1317407528553035,0.1823683028653904,0.36296109000181204,0.5977801464498917,0.40221985355010825,0.40221985355010825,2.252637062098584,2,8,3742.7737365504254,2860.4849130170487,882.2888235333767,882.2888235333767,218.76416015625,331.2801818847656,852.6662536621093,1905.9029541015625,10.0,0.1,2.0,564,0.1735751,False
5830,3268,ok,True,False,20260908,5,analysis_activations,positive,False,5.653658607054818,6.022957858830158,0.010041252143659859,0.05972999043545226,0.10020604843850424,0.2443971980924746,0.646529715722058,0.353470284277942,0.353470284277942,1.977220919702719,2,9,28.504068712203424,-1180.9433228246658,1209.4473915368692,1209.4473915368692,245.51327514648438,301.2767028808594,532.5251495361327,1091.935791015625,10.0,0.1,2.0,1305,0.05878908,False
5841,4639,ok,True,True,20260908,5,analysis_activations,positive,False,5.614969057188007,6.0114190657514905,0.01199213624229293,0.06417747539941293,0.1095086126397962,0.2533327365332261,0.629568509854927,0.370431490145073,0.370431490145073,2.031480036065434,2,10,709.4305496265306,-845.6212999184515,1555.0518495449821,1555.0518495449821,233.97708129882812,295.1620788574219,542.3317138671874,962.1676635742188,10.0,0.1,2.0,685,0.06799177,False
5853,17744,ok,True,True,20260908,5,analysis_activations,positive,False,5.716695020879313,6.41238037941368,0.03790654137654416,0.16470613408743542,0.19469602301162744,0.4058400350968783,0.6027837763573891,0.3972162236426109,0.3972162236426109,2.185720146870637,2,9,22181.75423932029,17248.05167317373,4933.70256614656,4933.70256614656,227.49349975585938,357.2635955810547,974.4174621582026,2232.666748046875,10.0,0.1,2.0,2586,0.20416544,False
5854,1460,ok,True,True,20260908,5,analysis_activations,positive,False,5.61542418489408,6.108150741060146,0.030521859127847797,0.06662029908814746,0.17470506325761653,0.25810908369940694,0.4514834216780898,0.5485165783219101,0.4514834216780898,2.235718361626361,2,5,941.1439696066284,866.0674368893605,75.07653271726792,75.07653271726792,208.18215942382812,357.7570495605469,646.2885772705077,1017.3274536132812,10.0,0.1,2.0,939,0.11052045,False
5860,7989,ok,True,False,20260908,5,analysis_activations,positive,False,5.6197599012178925,5.943156996102048,0.008503215631124321,0.044358529804332754,0.09221288213218543,0.21061464764904828,0.6190617839484062,0.38093821605159384,0.38093821605159384,1.9892087578540345,2,9,-1767.3059122308196,-4272.682096764547,2505.3761845337276,2505.3761845337276,240.5738525390625,293.3896789550781,480.4221740722656,947.2557373046875,10.0,0.1,2.0,1202,0.046830546,False
5864,12189,ok,True,False,20260908,5,analysis_activations,positive,False,5.656715503640555,6.2846509265726125,0.027542748954795283,0.18511904415081404,0.16596008241379998,0.43025462711145135,0.642504149696471,0.357495850303529,0.357495850303529,1.9256849897058073,2,10,13325.794100950545,8376.738497646664,4949.055603303881,4949.055603303881,225.1830291748047,315.6142578125,841.4594726562502,2717.6103515625,10.0,0.1,2.0,2787,0.17445725,False
5869,8219,ok,True,True,20260908,5,analysis_activations,positive,False,5.576793518678458,6.14124230766587,0.022316162297484794,0.12512579986083383,0.14938595080356384,0.353731253723549,0.6045824451365944,0.3954175548634055,0.3954175548634055,2.078877948439276,2,12,7132.048142959939,4324.24374122597,2807.804401733969,2807.804401733969,213.7900848388672,296.7420654296875,716.3281311035155,1819.80517578125,10.0,0.1,2.0,1283,0.13915081,False
5880,7067,ok,True,True,20260908,5,analysis_activations,positive,False,5.537540167317001,6.030606666223352,0.01999178272543677,0.08845808452591206,0.14139230079971388,0.2974190386069998,0.5896825445724382,0.41031745542756193,0.41031745542756193,2.117414979427376,2,10,4272.632357461715,2416.1131012367246,1856.5192562249908,1856.5192562249908,206.84521484375,286.44573974609375,595.09326171875,1117.52490234375,10.0,0.1,2.0,1843,0.10692225,False
5881,4123,ok,True,True,20260908,5,analysis_activations,positive,False,5.411490702028445,6.023169580999741,0.03849614373402339,0.0949221730833276,0.1962043417817847,0.30809442235023926,0.5829896644910433,0.41701033550895666,0.41701033550895666,2.3682674931224885,2,5,3976.6660526785495,3364.4921798811665,612.173872797383,612.173872797383,165.81410217285156,270.6877136230469,602.6482055664062,1164.888671875,10.0,0.1,2.0,1073,0.15302292,False
5910,2870,ok,True,True,20260908,5,analysis_activations,positive,False,5.702426050587241,6.166313419815649,0.013357689084468332,0.09110072112743813,0.11557546921586921,0.3018289600542634,0.5307809856538274,0.46921901434617264,0.46921901434617264,2.0298121116356627,2,14,1648.979817126665,744.6270182063288,904.3527989203362,904.3527989203362,251.89471435546875,340.34959411621094,704.941128540039,1390.763916015625,10.0,0.1,2.0,1414,0.10346538,False
5930,638,ok,True,True,20260908,5,analysis_activations,positive,False,5.646812404209533,6.234706228806541,0.02139412550404363,0.14976475971382333,0.14626730839132723,0.38699452155531006,0.6216755843651249,0.378324415634875,0.378324415634875,2.009621051602415,2,11,618.4007668940002,369.5271887848548,248.8735781091454,248.8735781091454,232.42120361328125,314.97723388671875,789.745513916015,1710.2705078125,10.0,0.1,2.0,231,0.15148428,False
5945,11924,ok,True,True,20260908,5,analysis_activations,positive,False,5.571684302950086,6.1124631499416955,0.023095501023589888,0.11651473035487488,0.1519720402692215,0.341342541085747,0.5886514194689767,0.41134858053102324,0.41134858053102324,2.0468031180024227,2,11,9742.25206528342,6271.1090093842495,3471.1430558991697,3471.1430558991697,209.8873748779297,298.9512939453125,683.2834472656252,1642.105224609375,10.0,0.1,2.0,1049,0.13234532,False
5953,1372,ok,True,True,20260908,5,analysis_activations,positive,False,5.6755020226615285,6.622522192193279,0.05300720448913093,0.3373553231328238,0.23023293528322775,0.580822970562308,0.6743240927084694,0.3256759072915305,0.3256759072915305,2.143582317034211,2,10,2438.216816419952,1826.4598152199076,611.7570012000444,611.7570012000444,206.58177185058594,329.77154541015625,1424.7388000488286,3329.333740234375,10.0,0.1,2.0,918,0.3428192,False
5973,22098,ok,True,False,20260908,5,analysis_activations,positive,False,5.523820515586484,5.899174296120129,0.011660130806085498,0.06122182190457387,0.10798208557943997,0.24743043851671498,0.6200254408868067,0.3799745591131933,0.3799745591131933,1.966281948558779,2,9,1877.5419027824857,-5056.385832544521,6933.927735327006,6933.927735327006,213.78335571289062,269.3476867675781,479.1741088867186,1146.2628173828125,10.0,0.1,2.0,5318,0.063686855,False
5976,8936,ok,True,True,20260908,5,analysis_activations,positive,False,5.693738727664268,6.432625226835454,0.029757795356256105,0.20396466088698395,0.17250447923534074,0.4516244688753965,0.5404322671855218,0.45956773281447805,0.45956773281447805,2.1614366350027363,2,14,12824.0384452266,9664.891767112567,3159.1466781140334,3159.1466781140334,233.54542541503906,360.7837829589844,1130.3854064941406,2791.466064453125,10.0,0.1,2.0,893,0.24544021,False
5979,19343,ok,True,False,20260908,5,analysis_activations,positive,False,5.521141821706571,5.834377250049945,0.008735539107348807,0.04130654356691715,0.09346410598378828,0.2032401130852794,0.5900174219937718,0.4099825780062281,0.4099825780062281,1.9802416314834328,2,10,-4721.4382084262015,-9830.031467296134,5108.5932588699325,5108.5932588699325,217.0882568359375,268.661376953125,431.7534240722655,960.6728515625,10.0,0.1,2.0,4361,0.045824476,False
5984,6367,ok,True,True,20260908,5,analysis_activations,positive,False,5.461494390685172,6.166510051023235,0.03143508047664202,0.21142909144367178,0.1772994091266015,0.4598141923034475,0.5868849366809158,0.41311506331908415,0.41311506331908415,2.0231684147372584,2,13,8625.648685919972,6255.3427167260825,2370.3059691938897,2370.3059691938897,182.8466339111328,273.3534851074219,835.5649597167964,2048.34228515625,10.0,0.1,2.0,2274,0.22633633,False
5994,4824,ok,True,False,20260908,5,analysis_activations,positive,False,5.64658410003195,6.172050207553859,0.01712473237570625,0.12696002168095977,0.1308615007391641,0.3563144982749927,0.5952221525890956,0.4047778474109045,0.4047778474109045,1.9577205176093266,2,12,3794.120667361673,1869.5278942025695,1924.5927731591034,1924.5927731591034,235.4473876953125,313.3860778808594,732.0193542480465,2454.862548828125,10.0,0.1,2.0,731,0.12813435,False
6007,506,ok,True,True,20260908,5,analysis_activations,positive,False,5.84653117405996,6.469582655115204,0.0384819654003557,0.10628162486177489,0.19616820690508363,0.3260086269744635,0.5986070821843386,0.4013929178156615,0.4013929178156615,2.315843769381634,2,5,517.8616085293559,448.41437243446325,69.44723609489262,69.44723609489262,253.00662231445312,408.3774871826172,916.1369781494141,1669.2548828125,10.0,0.1,2.0,367,0.15928379,False
6050,3363,ok,True,True,20260908,5,analysis_activations,positive,False,5.801480584796128,6.720969402982431,0.027475887337399533,0.21543063770193838,0.16575852116075218,0.46414506105520326,0.47050773540937674,0.5294922645906234,0.47050773540937674,2.6384074187263504,2,20,5908.411083473257,4602.144519031286,1306.2665644419712,1306.2665644419712,260.98590087890625,458.3055419921875,1577.4670410156248,2296.148193359375,10.0,0.1,2.0,1499,0.337725,False
6053,11699,ok,True,True,20260908,5,analysis_activations,positive,False,5.251099151617668,6.205261858881392,0.02249837383434906,0.3395761076757525,0.1499945793498854,0.5827315914516327,0.5582707443657017,0.4417292556342983,0.4417292556342983,2.242531115096758,2,14,22115.111916628983,14312.77120593196,7802.340710697023,7802.340710697023,155.44139099121094,225.40090942382812,1144.3732788085943,2061.8486328125,10.0,0.1,2.0,3752,0.3871071,False
6085,7770,ok,True,True,20260908,5,analysis_activations,positive,False,5.633356712894178,6.178764179451046,0.017437484507657797,0.1175320079669683,0.13205106780203557,0.34282941525920485,0.5695548816568696,0.4304451183431303,0.4304451183431303,2.0995115565312075,2,13,6419.213666013126,3563.4222152352686,2855.791450777858,2855.791450777858,230.65623474121094,317.1268615722656,749.6534118652334,1496.929931640625,10.0,0.1,2.0,1122,0.13346717,False
6108,3157,ok,True,False,20260908,5,analysis_activations,positive,False,5.682624305475772,6.317318843831671,0.020900738943628126,0.1895843870835055,0.14457087861539794,0.43541289264731875,0.6210809601047845,0.3789190398952154,0.3789190398952154,1.9564513504815415,2,14,3555.013445877202,1992.1700109368376,1562.8434349403642,1562.8434349403642,240.02169799804688,322.78277587890625,938.7683105468747,2346.62255859375,10.0,0.1,2.0,812,0.17967746,False
6115,7453,ok,True,True,20260908,5,analysis_activations,positive,False,5.463388702472133,6.055029255719407,0.021310672537280563,0.14837083977771168,0.14598175412454997,0.38518935574300556,0.5390193760421909,0.4609806239578092,0.4609806239578092,2.031213943848249,2,15,7823.127186641472,5311.758858488809,2511.368328152663,2511.368328152663,191.6922607421875,275.3558044433594,712.2247802734373,1739.7320556640625,10.0,0.1,2.0,3029,0.16688071,False
6141,18053,ok,True,True,20260908,5,analysis_activations,positive,False,5.777511161104549,6.295100238247794,0.020612362016226366,0.08637570784913579,0.14357005960932928,0.29389744444131494,0.586101622429079,0.41389837757092107,0.41389837757092107,2.2378574778245763,2,10,11860.723926067374,7085.092161773454,4775.63176429392,4775.63176429392,260.7236328125,367.69830322265625,781.7633544921866,1518.907470703125,10.0,0.1,2.0,1425,0.11282533,False
6142,8724,ok,True,True,20260908,5,analysis_activations,positive,False,5.588580290521939,6.56095645217254,0.026873405199592134,0.3451981333028962,0.163931098939744,0.5875356442828777,0.32626166651441774,0.6737383334855822,0.32626166651441774,2.254426475856924,2,28,17793.664118202178,15549.568039483167,2244.0960787190106,2244.0960787190106,213.135009765625,461.0813293457031,1852.5890380859382,3169.7802734375,10.0,0.1,2.0,3337,0.44923076,False
6154,2893,ok,True,False,20260908,5,analysis_activations,positive,False,5.066811959064552,5.549766846753224,0.017172346354355217,0.11924387179850753,0.13104329954009558,0.3453170598138869,0.6623240907292629,0.3376759092707371,0.3376759092707371,1.8492199101466562,2,9,1672.5476296465424,476.94338165514847,1195.604247991394,1195.604247991394,131.67037963867188,168.62307739257812,356.46116333007814,1103.5123291015625,10.0,0.1,2.0,1341,0.10383961,False
6160,4705,ok,True,False,20260908,5,analysis_activations,positive,False,5.712378261638595,6.348954980973251,0.024230911646289637,0.17873267400024545,0.15566281394825687,0.42276787247879355,0.6393986543857804,0.3606013456142196,0.3606013456142196,1.9982815849388254,2,12,5124.601453166193,3009.77171156925,2114.829741596943,2114.829741596943,243.20913696289062,333.7357177734375,930.7130126953126,2383.79833984375,10.0,0.1,2.0,565,0.17341329,False
6178,788,ok,True,True,20260908,5,analysis_activations,positive,False,5.589425969942946,6.059765149704365,0.01565883488323638,0.09279547305377865,0.12513526634500916,0.3046234939294385,0.599430139185461,0.40056986081453905,0.40056986081453905,2.0197738801957605,2,12,432.5770607763705,179.78559050138534,252.79147027498516,252.79147027498516,222.51260375976562,294.8710021972656,605.9847991943358,1251.0498046875,10.0,0.1,2.0,111,0.099800974,False
6195,1851,ok,True,False,20260908,5,analysis_activations,positive,False,5.403149363653586,5.7328294610707164,0.009802592456582616,0.052313542022012466,0.0990080423833469,0.22872153816816743,0.6269834784392477,0.3730165215607523,0.3730165215607523,1.8707059041346534,2,9,-237.64029082472786,-788.5899451890488,550.9496543643208,550.9496543643208,192.16622924804688,235.60897827148438,382.4790802001953,841.8310546875,10.0,0.1,2.0,395,0.0511063,False
6202,812,ok,True,False,20260908,5,analysis_activations,positive,False,5.589911255468298,6.433666695226268,0.02924424973271449,0.343111623991048,0.17100950187844677,0.5857573080987107,0.5020275588712682,0.4979724411287319,0.4979724411287319,1.9554759503857269,2,17,1496.0718634279942,1161.9425413538654,334.1293220741288,334.1293220741288,212.84762573242188,336.9820251464844,1279.7912414550779,4047.8369140625,10.0,0.1,2.0,522,0.36396664,False
6203,18428,ok,True,True,20260908,5,analysis_activations,positive,False,5.497736430928291,5.84388587506476,0.010641942176864675,0.045307241942794695,0.10315978953480215,0.21285497866574485,0.6007229089483591,0.39927709105164094,0.39927709105164094,2.069577801602282,2,9,-1738.754264069336,-6429.494214090979,4690.739950021643,4690.739950021643,209.13125610351562,264.3114013671875,441.0780548095701,877.5185546875,10.0,0.1,2.0,5005,0.05322422,False
6204,2340,ok,True,True,20260908,5,analysis_activations,positive,False,5.7806642466906775,6.243686242685649,0.021955740919484795,0.08223288476679261,0.1481746972984416,0.2867627673998014,0.6344087318910998,0.36559126810890014,0.36559126810890014,2.028646919819919,2,6,1116.2247287393313,593.4419380109251,522.7827907284062,522.7827907284062,260.259765625,358.1017761230469,689.2373657226559,1327.049560546875,10.0,0.1,2.0,1237,0.093755834,False
6205,621,ok,True,True,20260908,5,analysis_activations,positive,False,5.8085078444948435,7.103498044271209,0.08050868163319681,0.15298721312593858,0.2837405181379579,0.3911357988294329,0.5711373071377199,0.4288626928622801,0.4288626928622801,3.7900230821093635,2,3,1371.90138254996,1145.9483217804968,225.95306076946326,225.95306076946326,228.48101806640625,477.51788330078125,1926.661865234375,2636.826171875,10.0,0.1,2.0,485,0.5231973,False
6210,999,ok,True,False,20260908,5,analysis_activations,positive,False,5.521943846276654,5.739755010241241,0.003711113206496432,0.023678105442162495,0.06091890680647866,0.15387691653449032,0.5146290262507216,0.48537097374927846,0.48537097374927846,1.861252577531672,2,12,-826.326892999494,-1075.0018703067615,248.67497730726745,248.67497730726745,227.772705078125,267.1954345703125,376.3042297363281,555.6129760742188,10.0,0.1,2.0,658,0.02527706,False
6212,9476,ok,True,True,20260908,5,analysis_activations,positive,False,5.729976634629163,6.285045037999657,0.02590385079273114,0.09344770792899255,0.16094673278054183,0.30569217839027635,0.5759406908388142,0.4240593091611858,0.4240593091611858,2.2722047141577706,2,9,7561.8663842781625,5465.532918115141,2096.3334661630215,2096.3334661630215,241.97389221191406,359.2071533203125,785.7678375244141,1496.495849609375,10.0,0.1,2.0,3704,0.1298075,False
6221,2750,ok,True,True,20260908,5,analysis_activations,positive,False,5.819762668575142,7.433720892388527,0.09177772750598089,0.30832807941840024,0.30294839082916564,0.5552729773889598,0.6170240482866859,0.3829759517133141,0.3829759517133141,3.608443085016666,2,10,7172.644739816098,5718.507650528054,1454.137089288044,1454.137089288044,231.1482696533203,447.4125061035156,3172.0067504882813,4448.27197265625,10.0,0.1,2.0,1561,0.7905413,False
6224,4956,ok,True,True,20260908,5,analysis_activations,positive,False,5.856034727693838,6.307701497410784,0.015894906767867853,0.056675618781816005,0.1260750045324919,0.23806641674502518,0.5552721475265581,0.444727852473442,0.444727852473442,2.3711171039512537,2,10,1829.8251658608358,757.2779224056329,1072.547243455203,1072.547243455203,288.69268798828125,400.0271301269531,739.217529296875,1087.151123046875,10.0,0.1,2.0,343,0.0844247,False
6226,1710,ok,True,True,20260908,5,analysis_activations,positive,False,5.5920552740167535,6.16082732412459,0.03072300688684466,0.07842211094835663,0.17527979600297536,0.2800394810528627,0.5748913664121035,0.42510863358789647,0.42510863358789647,2.434731572276087,2,6,1379.6735254738546,1120.3828154377616,259.29071003609306,259.29071003609306,204.806640625,319.8900146484375,674.3859252929688,1104.2703857421875,10.0,0.1,2.0,972,0.13013649,False
6230,4713,ok,True,True,20260908,5,analysis_activations,positive,False,5.595805041948936,6.606461685255693,0.020174454927887872,0.35513704974734295,0.14203680835574936,0.5959337628858957,0.3371320355115342,0.6628679644884657,0.3371320355115342,2.3330427364753725,2,23,9838.138001559737,8227.93510015084,1610.2029014088967,1610.2029014088967,222.54739379882812,462.69793701171875,1843.8678955078124,3683.765625,10.0,0.1,2.0,2114,0.47057223,False
6235,4040,ok,True,False,20260908,5,analysis_activations,positive,False,5.717829892318346,6.427702666437127,0.038289485032474736,0.21560440301118047,0.1956769915766152,0.4643322119034824,0.6526565169189358,0.34734348308106416,0.34734348308106416,1.9923672514033397,2,9,5254.997761079731,3789.9027250849354,1465.095035994796,1465.095035994796,231.33218383789062,341.8676452636719,1014.428448486328,2836.55810546875,10.0,0.1,2.0,473,0.21416725,False
6241,1230,ok,True,True,20260908,5,analysis_activations,positive,False,5.540567664219756,6.153131774260387,0.018598335765889505,0.1298743701416642,0.13637571545509672,0.36038086816819814,0.4973798141446224,0.5026201858553776,0.4973798141446224,2.248242918019674,2,17,1313.1909320199165,929.3789021902871,383.8120298296294,383.8120298296294,205.93893432617188,309.5643310546875,761.4526428222656,1398.35009765625,10.0,0.1,2.0,465,0.16847017,False
6264,4682,ok,True,True,20260908,5,analysis_activations,positive,False,5.64164343219609,6.13153009486311,0.014362030266068304,0.10539589466127075,0.11984168834787128,0.32464733890988656,0.5971178449005204,0.4028821550994795,0.4028821550994795,2.001974228518481,2,13,2916.761590581237,1020.657949781656,1896.1036407995812,1896.1036407995812,236.88055419921875,309.39544677734375,678.925,1722.3607177734375,10.0,0.1,2.0,934,0.10879381,False
6302,2499,ok,True,True,20260908,5,analysis_activations,positive,False,5.7493859841546815,6.297230555774593,0.024545598742731125,0.12019171766673267,0.15667035055405706,0.34668677169273804,0.6797567263751949,0.32024327362480515,0.32024327362480515,2.0364891591687213,2,8,1819.561335449179,970.1961836474312,849.3651518017479,849.3651518017479,251.17054748535156,339.54388427734375,768.6123474121093,1577.47216796875,10.0,0.1,2.0,794,0.120558105,False
6337,3773,ok,True,True,20260908,5,analysis_activations,positive,False,5.537270872084681,6.319693715646324,0.018723863660803704,0.22198353521746567,0.13683516967798778,0.471151286974222,0.38446771958326836,0.6155322804167316,0.38446771958326836,2.255338842022892,2,18,6036.4718810565055,4850.5886956828845,1185.883185373621,1185.883185373621,209.81651306152344,365.26556396484375,1129.3135742187499,3415.802734375,10.0,0.1,2.0,2186,0.28878722,False
6364,642,ok,True,True,20260908,5,analysis_activations,positive,False,5.838489939856643,6.801464318191268,0.10782304086795749,0.15443378261859492,0.328364189381177,0.3929806389869543,0.4387778650503886,0.5612221349496113,0.4387778650503886,2.6592938647344107,2,4,1183.097145943941,1151.333789675367,31.76335626857417,31.76335626857417,201.4222412109375,590.6725463867188,1644.0975402832016,2221.193359375,10.0,0.1,2.0,341,0.36290032,False
6375,2341,ok,True,True,20260908,5,analysis_activations,positive,False,5.535174106059931,6.215037702219555,0.030767903928075987,0.18432272455471624,0.1754078217414377,0.4293282247357099,0.6904868430272542,0.3095131569727459,0.3095131569727459,2.0731276342531424,2,10,2606.3059699785176,1600.4976608854734,1005.8083090930443,1005.8083090930443,197.49478149414062,274.2565612792969,795.0192260742188,1462.89990234375,10.0,0.1,2.0,849,0.17715175,False
6385,7614,ok,True,True,20260908,5,analysis_activations,positive,False,5.768975942821434,6.314549946901721,0.024290748219268035,0.08446264037909344,0.15585489475556433,0.29062456946908916,0.6417048451223547,0.35829515487764524,0.35829515487764524,2.339630463221284,2,7,5110.241270799902,3091.856353251365,2018.384917548537,2018.384917548537,254.74290466308594,356.7091369628906,772.4521606445311,1429.08984375,10.0,0.1,2.0,2326,0.11429993,False
6392,3856,ok,True,False,20260908,5,analysis_activations,positive,False,5.707731625179087,5.987692415200344,0.0053687811496436096,0.03415579024183574,0.07327196701088083,0.18481285193902436,0.5550130385845535,0.44498696141544647,0.44498696141544647,1.991492263731805,2,13,-1697.886931028317,-2917.4488894223714,1219.5619583940545,1219.5619583940545,269.670166015625,322.7346496582031,500.89710998535156,804.9521484375,10.0,0.1,2.0,1050,0.037544608,False
6411,2273,ok,True,True,20260908,5,analysis_activations,positive,False,5.6708410272572864,6.88662144603612,0.042854676161823355,0.4099800304100317,0.2070137100817802,0.6402968299234596,0.42888888222424787,0.5711111177757521,0.42888888222424787,2.555055214966141,2,14,5359.415427739149,4528.206662524667,831.2087652144819,831.2087652144819,217.94622802734375,479.8697509765625,2552.523632812502,4231.150390625,10.0,0.1,2.0,1218,0.6148486,False
6472,7859,ok,True,True,20260908,5,analysis_activations,positive,False,5.605323162228841,6.019568260811351,0.01139159260454384,0.06623788195829208,0.10673140402217071,0.25736721228294035,0.5741407378694036,0.4258592621305965,0.4258592621305965,2.1026115851083413,2,13,2140.4520118899623,-435.06809592165257,2575.5201078116147,2575.5201078116147,232.75465393066406,299.83453369140625,565.6308959960936,1224.3212890625,10.0,0.1,2.0,1114,0.07671363,False
6496,1766,ok,True,False,20260908,5,analysis_activations,positive,False,5.206606473884526,5.844806656112058,0.03421319172246369,0.18148164811092615,0.184968082983156,0.42600662918659626,0.6380455942668403,0.3619544057331597,0.3619544057331597,1.9433545611809173,2,10,2013.7416845964071,1453.8416031236513,559.9000814727558,559.9000814727558,139.84425354003906,204.31879425048828,529.1978149414062,1672.121337890625,10.0,0.1,2.0,638,0.1816828,False
6521,9732,ok,True,False,20260908,5,analysis_activations,positive,False,5.5692321972908365,5.882102154040628,0.009075302574263424,0.04377960538614264,0.09526438250607319,0.20923576507409683,0.6913714732241301,0.3086285267758698,0.3086285267758698,1.9245810244681234,2,5,-3527.373925042488,-6689.390429832059,3162.0165047895716,3162.0165047895716,227.9359130859375,272.5481872558594,432.3865539550778,810.8722534179688,10.0,0.1,2.0,814,0.040676255,False
6585,10830,ok,True,True,20260908,5,analysis_activations,positive,False,5.709551640378984,6.334517328453988,0.03212739390972609,0.1211705350403781,0.17924116131549162,0.3480955831957339,0.6024247863093519,0.3975752136906482,0.3975752136906482,2.2573714517404584,2,8,10978.50161460458,8280.705365115624,2697.796249488956,2697.796249488956,231.60089111328125,351.61195373535156,859.3657714843749,1937.788818359375,10.0,0.1,2.0,933,0.16109024,False
6590,3145,ok,True,True,20260908,5,analysis_activations,positive,False,5.655204323196944,6.089718814300107,0.01636314593177012,0.06910646492845246,0.12791851285787417,0.26288108514773834,0.574098234914816,0.4259017650851839,0.4259017650851839,2.1019065294703694,2,11,1188.0971713412796,456.93760759611644,731.1595637451632,731.1595637451632,236.58462524414062,320.3612060546875,609.0098754882811,1097.506103515625,10.0,0.1,2.0,926,0.08501672,False
6609,4527,ok,True,True,20260908,5,analysis_activations,positive,False,6.00464031691729,7.659209699906011,0.15095775748369303,0.17038139066123048,0.388532826777472,0.4127728075603218,0.6146898959426199,0.3853101040573802,0.3853101040573802,4.127795397385595,2,3,11892.225498815345,10029.447617187752,1862.7778816275932,1862.7778816275932,232.01815795898438,595.414794921875,3422.33447265625,4044.722900390625,10.0,0.1,2.0,1742,0.8070088,False
6616,3391,ok,True,False,20260908,5,analysis_activations,positive,False,5.460989064018912,5.794815028024311,0.008629092371207984,0.053132785746729985,0.09289290807810888,0.2305055004695766,0.6649660767110273,0.33503392328897275,0.33503392328897275,1.8996555580741137,2,9,-631.727607272112,-1936.5442486567033,1304.8166413845913,1304.8166413845913,206.049072265625,245.74114990234375,407.1263427734375,897.1251831054688,10.0,0.1,2.0,1733,0.04837958,False
6629,33852,ok,True,True,20260908,5,analysis_activations,positive,False,5.510944362959927,6.145747047640586,0.02867546932781506,0.16971258520048865,0.16933832799403406,0.41196187347919544,0.624503138827784,0.37549686117221603,0.37549686117221603,2.0155612177696454,2,10,37303.66842805778,24940.85732032114,12362.811107736641,12362.811107736641,193.8802947998047,277.7769470214844,749.6488830566403,2405.874755859375,10.0,0.1,2.0,4418,0.17613433,True
6656,1121,ok,True,True,20260908,5,analysis_activations,positive,False,5.772467017199024,6.473920539249293,0.04612430615655097,0.1927244235779092,0.21476570060545275,0.43900389927415134,0.7129609572268606,0.2870390427731395,0.2870390427731395,2.029796176317749,2,5,1327.1006395087954,994.1653935759385,332.9352459328569,332.9352459328569,233.77627563476562,347.9702453613281,1000.5460205078125,2206.318359375,10.0,0.1,2.0,590,0.18906635,False
6674,9418,ok,True,True,20260908,5,analysis_activations,positive,False,5.509950976834982,5.937033739534983,0.016064478680793463,0.07287988263537616,0.1267457245069571,0.2699627430505479,0.6238050799609159,0.3761949200390841,0.3761949200390841,2.0251995899585205,2,8,2986.4788015460144,331.216386187172,2655.262415358842,2655.262415358842,205.2967987060547,268.9873809814453,513.6739349365233,1045.850341796875,10.0,0.1,2.0,1446,0.08024993,False
6682,5148,ok,True,False,20260908,5,analysis_activations,positive,False,5.486181953233856,5.6439389712046335,0.0023127589827088824,0.01096914353483464,0.0480911528527741,0.10473367908573937,0.6473782209176226,0.3526217790823773,0.3526217790823773,1.9358581979750986,2,7,-8569.049686769304,-10073.39316551511,1504.3434787458064,1504.3434787458064,224.27325439453125,247.49244689941406,313.42415466308586,429.9666442871094,10.0,0.1,2.0,1933,0.011047582,False
6683,777,ok,True,True,20260908,5,analysis_activations,positive,False,5.5489370429134,6.3709462243283745,0.06259259092603904,0.14055493345970743,0.25018511331819693,0.3749065663064698,0.6173051802833861,0.3826948197166139,0.3826948197166139,2.5792052201698143,2,4,1147.5489726901778,1020.3267716343657,127.22220105581209,127.22220105581209,177.80950927734375,319.0970458984375,943.5349365234373,1278.6077880859375,10.0,0.1,2.0,261,0.2523791,False
6685,933,ok,True,False,20260908,5,analysis_activations,positive,False,5.2885273112644535,5.845907451511936,0.009240610768461072,0.1925065728959335,0.09612809562485398,0.4387557098157624,0.68372396052678,0.31627603947321997,0.31627603947321997,1.7549419196898608,2,18,788.8334421182717,-29.0995362117307,817.9329783300024,817.9329783300024,172.75201416015625,205.27447509765625,545.4885498046874,1439.0504150390625,10.0,0.1,2.0,567,0.13452864,False
6703,1484,ok,True,True,20260908,5,analysis_activations,positive,False,5.707424407284956,6.876500844523697,0.0278228473139309,0.3127189364494095,0.16680182047546993,0.559212782802226,0.36239062970937114,0.6376093702906288,0.36239062970937114,2.833170440172662,2,16,3270.57476498589,2746.545803521176,524.028961464714,524.028961464714,235.97979736328125,600.0963745117188,2227.0140014648437,3374.2119140625,10.0,0.1,2.0,802,0.52563196,False
6705,13872,ok,True,False,20260908,5,analysis_activations,positive,False,5.6828737394094055,6.26497635074195,0.026842329638477207,0.14891551992605875,0.16383628913789888,0.3858957371182775,0.6009904291720365,0.3990095708279635,0.3990095708279635,1.9636187945747272,2,10,13684.697617052634,9303.874053561263,4380.823563491371,4380.823563491371,232.07098388671875,332.57081604003906,825.1395568847637,2452.55517578125,10.0,0.1,2.0,2136,0.1568158,False
6727,1658,ok,True,True,20260908,5,analysis_activations,positive,False,5.565065240612029,6.2739711602580375,0.016247051711722534,0.1838888438649951,0.1274639231771976,0.42882262517851727,0.4202951334434506,0.5797048665565494,0.4202951334434506,2.240996128491258,2,21,2325.1100089876013,1753.9459784464796,571.1640305411217,571.1640305411217,216.40005493164062,349.34161376953125,1014.3534118652341,1973.79248046875,10.0,0.1,2.0,549,0.23601563,False
6730,5108,ok,True,False,20260908,5,analysis_activations,positive,False,5.635122053859481,6.120641090133565,0.01435068225820475,0.10412347134665072,0.11979433316398881,0.32268168734319386,0.5919420854420147,0.4080579145579853,0.4080579145579853,1.99484636131888,2,13,3140.7592818625717,1111.339751049677,2029.4195308128947,2029.4195308128947,236.2329559326172,308.5240478515625,674.0225341796871,1484.9097900390625,10.0,0.1,2.0,1059,0.10794288,False
6745,2361,ok,True,False,20260908,5,analysis_activations,positive,False,5.584508603768219,6.060737434496325,0.012740932654362727,0.10249832517885828,0.11287573988401019,0.32015359622977574,0.5856134701478208,0.4143865298521791,0.4143865298521791,1.9839487786589993,2,13,1393.884548874874,417.5160852182458,976.3684636566284,976.3684636566284,226.36265563964844,292.83331298828125,637.7772216796875,1377.8199462890625,10.0,0.1,2.0,310,0.10501486,False
6750,3653,ok,True,True,20260908,5,analysis_activations,positive,False,5.667262547726954,6.006755347658355,0.009161050661283221,0.04769780194729016,0.09571337765058352,0.21839826452444663,0.6052906336605282,0.3947093663394719,0.3947093663394719,2.0134762911810795,2,10,-423.50618574494337,-1539.1559647115325,1115.649778966589,1115.649778966589,251.61785888671875,309.45989990234375,521.578625488281,897.0195922851562,10.0,0.1,2.0,1444,0.05192122,False
6772,881,ok,True,False,20260908,5,analysis_activations,positive,False,5.271744634973822,5.743140475932743,0.01467399538704664,0.14786528548185887,0.12113626784347717,0.38453255451503565,0.8013977143938141,0.19860228560618587,0.19860228560618587,1.6535661654287275,2,4,249.0667180389353,-283.2788079836519,532.3455260225873,532.3455260225873,164.59420776367188,194.84005737304688,358.9971923828125,1798.2835693359375,10.0,0.1,2.0,545,0.07657958,False
6783,4728,ok,True,True,20260908,5,analysis_activations,positive,False,5.776353157450851,6.6875013238049315,0.05699662540663176,0.28657893783516986,0.23873966031355529,0.5353306808274395,0.5432106240922764,0.45678937590772356,0.45678937590772356,2.198329914636575,2,15,8706.20726901753,7413.323080103456,1292.884188914074,1292.884188914074,229.38284301757812,417.9873962402344,1692.0908325195312,3329.360107421875,10.0,0.1,2.0,1042,0.3679421,False
6791,621,ok,True,True,20260908,5,analysis_activations,positive,False,6.205807225809337,7.178747169034585,0.05837978444503436,0.10774690999642772,0.241619089570825,0.32824824446815815,0.6502092838294334,0.3497907161705665,0.3497907161705665,3.3758358380325757,2,3,1008.4776841227656,823.0386820197364,185.43900210302922,185.43900210302922,359.91375732421875,618.9218139648438,1888.550048828125,2793.836669921875,10.0,0.1,2.0,485,0.291411,False
6807,1692,ok,True,True,20260908,5,analysis_activations,positive,False,6.1628661549883486,8.13259901062287,0.25140507719176325,0.023318420349130068,0.5014031084783612,0.1527037011638227,0.8010096738710888,0.19899032612891124,0.19899032612891124,5.314646995131884,2,9,4489.909614743401,3364.2898903816754,1125.6197243617257,1125.6197243617257,252.94215393066406,527.5684509277344,3807.208459472656,4632.38232421875,10.0,0.1,2.0,996,0.82492507,False
6820,2005,ok,True,True,20260908,5,analysis_activations,positive,False,5.927600423345498,7.003511828537117,0.06371565587698813,0.09493696971415179,0.25241960279857056,0.3081184345574795,0.5070850835499154,0.4929149164500845,0.4929149164500845,3.8200397075125005,2,3,3703.2158372902495,3033.1864699890257,670.0293673012238,670.0293673012238,267.0831298828125,607.702880859375,1612.788232421875,2320.793212890625,10.0,0.1,2.0,1277,0.3686264,False
6838,13385,ok,True,True,20260908,5,analysis_activations,positive,False,5.658352984156393,6.403808822463821,0.0328769143330447,0.16245447739298352,0.18131992260379085,0.40305641961514954,0.5032377718298577,0.4967622281701424,0.4967622281701424,2.385343323446723,2,15,18686.451841869042,15169.41999930858,3517.031842560462,3517.031842560462,219.5078887939453,370.166748046875,1053.64931640625,2165.63623046875,10.0,0.1,2.0,691,0.23618269,False
6842,3891,ok,True,True,20260908,5,analysis_activations,positive,False,5.347183181535021,5.59486889510244,0.005332295561426786,0.02510249737363082,0.07302256884982057,0.1584376766227996,0.6120163451781194,0.38798365482188063,0.38798365482188063,2.0078477556659586,2,9,-2914.1025716223485,-3995.3927460689915,1081.290174446643,1081.290174446643,188.57879638671875,221.0240478515625,317.1150360107422,553.7486572265625,10.0,0.1,2.0,1930,0.027576165,False
6846,55128,ok,True,True,20260908,5,analysis_activations,positive,False,5.481463182971026,5.814662043844903,0.008802929977043912,0.04475838291542906,0.09382393072688817,0.21156177092147121,0.6016810231306153,0.3983189768693846,0.3983189768693846,2.0360709092156264,2,10,-8977.591334286082,-25664.877575754672,16687.286241468588,16687.286241468588,208.84066772460938,257.64817810058594,428.3830413818359,807.5452270507812,10.0,0.1,2.0,4559,0.049732864,True
6875,1936,ok,True,False,20260908,5,analysis_activations,positive,False,5.266146194310603,5.626463884079422,0.008648023621761494,0.07659785244770947,0.0929947505064748,0.27676317032385195,0.5943284705528399,0.4056715294471602,0.4056715294471602,1.7452751013794425,2,11,290.94296457943994,-494.23687693897983,785.1798415184198,785.1798415184198,168.61166381835938,207.31236267089844,363.55118560791016,1570.4970703125,10.0,0.1,2.0,888,0.06754929,False
6878,858,ok,True,False,20260908,5,analysis_activations,positive,False,5.650111681826516,6.000691172276075,0.008626009765813573,0.06340552615552361,0.09287631434232074,0.25180453958482085,0.6280489360198114,0.3719510639801886,0.3719510639801886,1.8473116353202883,2,11,1.1364209993222811,-331.5948567081968,332.7312777075191,332.7312777075191,248.4499969482422,300.4283752441406,517.1455749511717,1306.85693359375,10.0,0.1,2.0,283,0.057778887,False
6895,3815,ok,True,True,20260908,5,analysis_activations,positive,False,5.668089013781968,6.137449474841651,0.015796396284695164,0.0922508373233388,0.12568371527248534,0.3037282293816938,0.6056186620745622,0.3943813379254379,0.3943813379254379,2.019364297858065,2,11,2003.4868291948005,706.2423514935675,1297.2444777012329,1297.2444777012329,240.7130126953125,317.9905090332031,659.7047058105467,1605.4952392578125,10.0,0.1,2.0,814,0.09859072,False
6897,3034,ok,True,False,20260908,5,analysis_activations,positive,False,5.659155828977758,6.130352766256376,0.017993407712041918,0.09965777481165353,0.1341395083934704,0.31568619673918835,0.5836505446468944,0.4163494553531057,0.4163494553531057,1.9427606948745881,2,11,1815.3629746855206,926.4120311029086,888.950943582612,888.950943582612,236.2955780029297,319.02081298828125,667.8624084472655,1772.698974609375,10.0,0.1,2.0,1640,0.10598132,False
6903,46759,ok,True,True,20260908,5,analysis_activations,positive,False,5.5698450697310875,5.917329241853963,0.011155244770730056,0.043603229770826514,0.10561839219913384,0.2088138639334719,0.5961136231169043,0.40388637688309575,0.40388637688309575,2.1000244667099417,2,8,-4344.432777385864,-15225.528470402041,10881.095693016177,10881.095693016177,223.9990997314453,285.38922119140625,474.07905273437495,904.37451171875,10.0,0.1,2.0,2787,0.053330857,True
6905,2781,ok,True,True,20260908,5,analysis_activations,positive,False,5.8549501247040965,6.572005863852306,0.05491554039901031,0.14976004595756534,0.23434065033410295,0.3869884312968094,0.5324990515065916,0.4675009484934083,0.4675009484934083,2.2414801249616065,2,6,3787.4210976317218,3438.444611752174,348.9764858795479,348.9764858795479,243.91278076171875,458.462158203125,1215.546630859375,2397.798828125,10.0,0.1,2.0,1832,0.22733513,False
6908,9682,ok,True,True,20260908,5,analysis_activations,positive,False,5.665249678550569,6.127611546732182,0.018322891008451993,0.05843491500182773,0.13536207374464973,0.241733148330608,0.576656191165133,0.42334380883486694,0.42334380883486694,2.3601289458255055,2,8,3907.2606527314874,1929.1764016733498,1978.0842510581376,1978.0842510581376,235.43148803710938,329.2324523925781,617.9135192871092,1224.0089111328125,10.0,0.1,2.0,725,0.08750035,False
6924,2673,ok,True,False,20260908,5,analysis_activations,positive,False,5.62785261764947,5.995396633287603,0.008205049836405803,0.06749669890578314,0.09058173014689995,0.25980126809887427,0.5955625916915511,0.404437408308449,0.404437408308449,1.8891715547354144,2,12,283.69045578641084,-824.8455739218255,1108.5360297082364,1108.5360297082364,242.96498107910156,297.584228515625,538.392236328125,1049.7269287109375,10.0,0.1,2.0,645,0.06474648,False
6929,1639,ok,True,True,20260908,5,analysis_activations,positive,False,5.695231488272966,6.499832115086571,0.027879690034389917,0.18546033816385404,0.1669721235248265,0.43065106311706003,0.5578424062830243,0.44215759371697566,0.44215759371697566,2.4635375727354503,2,16,2440.6989628827855,1772.8545537019916,667.844409180794,667.844409180794,235.37591552734375,359.81951904296875,1165.2911621093747,1840.9547119140625,10.0,0.1,2.0,860,0.25739092,False
6964,563,ok,True,True,20260908,5,analysis_activations,positive,False,5.788718734946696,6.106150851778597,0.01029515779999731,0.033985504403704854,0.1014650570393439,0.1843515782511906,0.64655924300816,0.35344075699183997,0.35344075699183997,2.1333337770413863,2,5,-178.4874553499877,-282.5604861926621,104.0730308426744,104.0730308426744,281.14251708984375,348.22979736328125,536.7463562011719,827.108642578125,10.0,0.1,2.0,428,0.04176788,False
7011,4192,ok,True,False,20260908,5,analysis_activations,positive,False,5.718021873289382,6.119071660181571,0.012251957215428393,0.07004198227013429,0.11068855955078823,0.26465445824722905,0.6416748186726086,0.3583251813273914,0.3583251813273914,1.9771033013502128,2,9,761.8768420414417,-721.3642559138736,1483.2410979553154,1483.2410979553154,258.6313171386719,324.88836669921875,595.6614166259766,1242.104248046875,10.0,0.1,2.0,956,0.06995713,False
7028,6919,ok,True,True,20260908,5,analysis_activations,positive,False,5.679267758211987,6.343707678028077,0.030295251964230656,0.17030309366932056,0.17405531294456558,0.41267795394147305,0.5740258992309168,0.4259741007690832,0.4259741007690832,2.098007524610722,2,12,8443.690526735994,6254.585117690988,2189.105409045006,2189.105409045006,227.15232849121094,343.56689453125,959.1482299804687,2317.011474609375,10.0,0.1,2.0,399,0.19791274,False
7068,5672,ok,True,False,20260908,5,analysis_activations,positive,False,5.5215526019024805,5.936636178011324,0.013175634637876132,0.08374499940745665,0.11478516732520859,0.28938728273277087,0.6056513386646158,0.39434866133538415,0.39434866133538415,1.885568977198572,2,12,1938.4897100549913,-34.64057459756396,1973.1302846525552,1973.1302846525552,211.79104614257812,271.2432556152344,527.5822570800781,1111.217529296875,10.0,0.1,2.0,1548,0.08216823,False
7098,6704,ok,True,False,20260908,5,analysis_activations,positive,False,5.6745558911809155,6.138949192845108,0.017745018730246653,0.10517179211538745,0.1332104302607219,0.3243020075722435,0.7206897236189115,0.2793102763810884,0.2793102763810884,1.8732481091960203,2,6,2561.885328965857,-173.87294179396812,2735.758270759825,2735.758270759825,241.309326171875,304.1059265136719,602.3249603271483,1679.4617919921875,10.0,0.1,2.0,926,0.08558773,False
7113,2089,ok,True,False,20260908,5,analysis_activations,positive,False,5.529359176767913,5.898886719574985,0.007129275673496602,0.06551207450124917,0.08443503818614996,0.25595326624454157,0.6131949815607569,0.38680501843924303,0.38680501843924303,1.9389645015485035,2,12,138.23168861666562,-869.807745550765,1008.0394341674307,1008.0394341674307,223.26885986328125,267.1692199707031,490.2320373535156,1096.29443359375,10.0,0.1,2.0,789,0.06212891,False
7122,49012,ok,True,True,20260908,5,analysis_activations,positive,False,5.4684831357414705,6.140761417195499,0.03736890538155306,0.1842786974352175,0.19331038611919707,0.42927694724410426,0.6178028424564972,0.38219715754350286,0.38219715754350286,2.019447465204804,2,9,60287.14048234248,45438.65356106934,14848.486921273143,14848.486921273143,178.92633056640625,271.6370391845703,757.3175781249997,3241.9326171875,10.0,0.1,2.0,4982,0.20023687,True
7127,2351,ok,True,True,20260908,5,analysis_activations,positive,False,5.776713451605689,6.433977696137404,0.02073279162988291,0.10822548096745599,0.14398885939503414,0.32897641399871813,0.48002873701173754,0.5199712629882626,0.48002873701173754,2.588394101023232,2,16,2576.886328830807,1921.6960934656267,655.1902353651803,655.1902353651803,261.6653747558594,411.60205078125,961.2601318359375,1567.967529296875,10.0,0.1,2.0,1559,0.17412627,False
7157,794,ok,True,False,20260908,5,analysis_activations,positive,False,5.577199021291725,5.8546130762821855,0.007807311064794337,0.039674934939778465,0.08835898972257626,0.1991856795549782,0.7240878322587923,0.27591216774120764,0.27591216774120764,1.8004365942194722,2,5,-466.9773755190332,-720.7131392961935,253.7357637771603,253.7357637771603,233.01519775390625,270.5429382324219,400.3649963378904,654.1370849609375,10.0,0.1,2.0,164,0.03201434,False
7160,1394,ok,True,True,20260908,5,analysis_activations,positive,False,5.584450767138731,6.6653424753872486,0.02644730971951351,0.2929469942013363,0.16262628852529812,0.5412457798462139,0.40602304709804204,0.5939769529019581,0.40602304709804204,2.704790296944649,2,19,2907.5725450217365,2361.4141378350855,546.158407186651,546.158407186651,210.96316528320312,447.3627014160156,1604.9928100585937,3098.754638671875,10.0,0.1,2.0,830,0.46683937,False
7163,7240,ok,True,True,20260908,5,analysis_activations,positive,False,5.5769105660345835,5.916675510107616,0.009056076571466402,0.041695935470370545,0.09516342034346181,0.20419582628048633,0.5195850483354835,0.48041495166451653,0.48041495166451653,2.132882511669446,2,13,-628.2786552626892,-2242.7969326489847,1614.5182773862955,1614.5182773862955,229.105224609375,295.0080871582031,484.85963134765626,797.8157348632812,10.0,0.1,2.0,3471,0.053558964,False
7190,2795,ok,True,True,20260908,5,analysis_activations,positive,False,5.721612073980089,6.719504457870168,0.03264954153157314,0.39308450816403623,0.18069184135309801,0.6269645190631096,0.6003869242250507,0.3996130757749493,0.3996130757749493,2.162865498305446,2,12,5493.606266011386,3763.099943291193,1730.5063227201927,1730.5063227201927,238.13890075683594,356.5500793457031,1986.702380371093,3855.07666015625,10.0,0.1,2.0,658,0.41574308,False
7191,9133,ok,True,False,20260908,5,analysis_activations,positive,False,5.655326785743904,6.353261884620816,0.03197569672560179,0.22111754021339808,0.17881749558027535,0.4702313688105017,0.6815217177690471,0.31847828223095287,0.31847828223095287,1.9619582753523162,2,10,11143.02398427597,6948.194284012987,4194.829700262982,4194.829700262982,222.49508666992188,310.4840393066406,900.323413085937,2633.33984375,10.0,0.1,2.0,3179,0.19796182,False
7214,5020,ok,True,True,20260908,5,analysis_activations,positive,False,5.715768930693642,6.017174493615582,0.008109263440489858,0.035483454661608196,0.09005144885280779,0.18837052492788833,0.6520636243378305,0.3479363756621695,0.3479363756621695,2.0415465503534644,2,6,-2121.0090886191624,-3562.7940803363417,1441.7849917171793,1441.7849917171793,265.74468994140625,319.5504455566406,501.0789932250977,810.4414672851562,10.0,0.1,2.0,1231,0.0382511,False
7235,1190,ok,True,True,20260908,5,analysis_activations,positive,False,6.003931684380681,7.228786738355368,0.12246143642618337,0.2060479409286906,0.34994490484386737,0.453925038887139,0.5316802409239425,0.4683197590760574,0.4683197590760574,3.022218159651037,2,4,2647.278054672224,2448.3643164691443,198.91373820307945,198.91373820307945,247.63394165039062,666.6197509765625,2583.8308593749994,3773.939453125,10.0,0.1,2.0,845,0.5356175,False
7306,5847,ok,True,True,20260908,5,analysis_activations,positive,False,5.748667174391458,6.210977962952479,0.01923862171007191,0.05501682447817654,0.13870335868345765,0.23455665515643878,0.5928798290863806,0.40712017091361935,0.40712017091361935,2.3993017464792845,2,6,2223.9008164217316,1108.4132612834308,1115.4875551383009,1115.4875551383009,255.01353454589844,356.29400634765625,659.4831420898437,1141.850830078125,10.0,0.1,2.0,2171,0.085407235,False
7371,8357,ok,True,False,20260908,5,analysis_activations,positive,False,5.583710323984819,5.996402654428459,0.01383775771017114,0.07397332527553012,0.11763399895511135,0.2719803766368635,0.6201396753558113,0.3798603246441888,0.3798603246441888,1.96954872367375,2,10,2285.576467472504,-380.48886281345557,2666.0653302859596,2666.0653302859596,223.6773681640625,287.971923828125,542.521533203125,1295.02587890625,10.0,0.1,2.0,1027,0.076809585,False
7379,16270,ok,True,True,20260908,5,analysis_activations,positive,False,5.419255458062265,6.173352310383797,0.032530008056012465,0.19571097191696477,0.1803607719433815,0.44239232804939643,0.5270367138248986,0.4729632861751014,0.4729632861751014,2.232262760103283,2,15,23731.21993666715,18610.665557419907,5120.554379247242,5120.554379247242,173.59762573242188,280.98362731933594,877.236358642578,1937.0946044921875,10.0,0.1,2.0,1554,0.25147244,False
7382,16366,ok,True,True,20260908,5,analysis_activations,positive,False,5.592760274841969,6.285010338601282,0.03260276109497122,0.20091790378776894,0.18056234683613087,0.4482386683316924,0.6086555065237962,0.3913444934762039,0.3913444934762039,2.0258875849114193,2,12,21125.150444053554,15107.36082197771,6017.789622075843,6017.789622075843,207.44227600097656,307.36431884765625,936.4911499023438,2564.478515625,10.0,0.1,2.0,3066,0.21262847,False
7404,7383,ok,True,True,20260908,5,analysis_activations,positive,False,5.563048650593095,6.133472368163901,0.018783031923161594,0.136521905538809,0.13705120183041664,0.36948870826969665,0.5428593695289563,0.4571406304710437,0.4571406304710437,2.047009890279491,2,15,7126.657627434554,4509.1359087643405,2617.521718670214,2617.521718670214,214.18838500976562,301.2571716308594,746.6269592285153,1759.9915771484375,10.0,0.1,2.0,1815,0.15337387,False
7406,10838,ok,True,False,20260908,5,analysis_activations,positive,False,5.642628732262148,6.123178345507906,0.017053785183794763,0.10049075890382671,0.13059014198550656,0.31700277428411683,0.621871569265781,0.3781284307342189,0.3781284307342189,1.982220630984336,2,10,6130.408368237918,2290.5044610958757,3839.903907142042,3839.903907142042,233.6221466064453,307.97515869140625,648.444692993164,1511.0416259765625,10.0,0.1,2.0,1345,0.10291419,False
7426,2722,ok,True,True,20260908,5,analysis_activations,positive,False,5.798191494231839,6.441131172847978,0.05141822328867595,0.08217473976319171,0.22675586715380916,0.2866613677550425,0.5296141478597319,0.47038585214026796,0.47038585214026796,2.487673818107151,2,4,2899.018566721523,2693.4717954348307,205.5467712866921,205.5467712866921,225.41015625,431.581787109375,914.34306640625,1509.7587890625,10.0,0.1,2.0,1747,0.16892697,False
7446,556,ok,True,True,20260908,5,analysis_activations,positive,False,5.631445123040349,6.363028150420467,0.016674947248642713,0.18418412249422056,0.1291315114472169,0.4291667770159062,0.4621682543692451,0.537831745630755,0.4621682543692451,2.3085160359663535,2,17,796.5681785184299,578.0620511764378,218.50612734199217,218.50612734199217,235.51071166992188,357.46728515625,988.1139221191406,1929.7257080078125,10.0,0.1,2.0,231,0.24023518,False
7453,6263,ok,True,False,20260908,5,analysis_activations,positive,False,5.7022767491473605,6.12760102007068,0.01092419411127329,0.08053931548478686,0.10451886964215261,0.28379449516293803,0.5866573827034494,0.41334261729655075,0.41334261729655075,1.988892147539821,2,13,2245.5105435353694,-228.98142345979707,2474.4919669951664,2474.4919669951664,257.64361572265625,326.9539794921875,649.2385131835938,1244.8543701171875,10.0,0.1,2.0,2004,0.083578,False
7462,515,ok,True,True,20260908,5,analysis_activations,positive,False,5.556215570225053,6.0784686600842,0.015791588627560714,0.11757215214223739,0.12566458780245418,0.34288795858448773,0.6164743589579096,0.38352564104209047,0.38352564104209047,2.0224469173286,2,12,379.1021884945597,171.21987533639805,207.88231315816165,207.88231315816165,216.8087921142578,280.1431884765625,667.9909240722653,1625.316162109375,10.0,0.1,2.0,151,0.11954501,False
7466,706,ok,True,True,20260908,5,analysis_activations,positive,False,5.642388709337087,6.207576920530926,0.02040225541251779,0.10691824040542636,0.14283646387571272,0.3269835476066439,0.5601872860728119,0.43981271392718824,0.43981271392718824,2.2400562906042376,2,13,614.0866973310517,413.3705509714301,200.71614635962163,200.71614635962163,230.32284545898438,329.42076110839844,725.9657745361328,1630.7244873046875,10.0,0.1,2.0,104,0.13734888,False
7478,4008,ok,True,False,20260908,5,analysis_activations,positive,False,5.637253677378497,6.032013873512345,0.01184617707187726,0.0794145524279303,0.10884014457853894,0.28180587720615463,0.617622467452497,0.382377532547503,0.382377532547503,1.8480188037941128,2,11,981.3807789207063,-493.35086109626565,1474.731640016972,1474.731640016972,240.01089477539062,299.75543212890625,561.0431060791013,1303.4232177734375,10.0,0.1,2.0,808,0.07450335,False
7520,4500,ok,True,True,20260908,5,analysis_activations,positive,False,5.555966976781925,5.853984796256284,0.006260330772048766,0.03434970829613917,0.0791222520663357,0.18533674297380745,0.5677383605535261,0.43226163944647383,0.43226163944647383,2.091416485216571,2,12,-1675.5154306233785,-3025.664201960794,1350.1487713374154,1350.1487713374154,230.23831176757812,278.2132568359375,438.51566619873057,725.7078857421875,10.0,0.1,2.0,1055,0.04020633,False
7531,4977,ok,True,False,20260908,5,analysis_activations,positive,False,5.613170167938924,5.936352508022893,0.0094145757939506,0.04416286550769851,0.09702873694916676,0.21014962647527716,0.6411558049824817,0.35884419501751824,0.35884419501751824,1.9745659084197356,2,7,-1192.988484779257,-2646.667999264888,1453.6795144856308,1453.6795144856308,238.2960205078125,290.686279296875,468.71856689453125,883.549072265625,10.0,0.1,2.0,507,0.04592269,False
7543,2138,ok,True,True,20260908,5,analysis_activations,positive,False,5.823859571321439,6.516116488628653,0.03216873250748881,0.1569000649060196,0.17935643982720223,0.39610612833686326,0.5698478681569684,0.4301521318430316,0.4301521318430316,2.2515021757995637,2,13,2676.6022484997497,2056.179731601987,620.4225168977628,620.4225168977628,261.6891174316406,402.05560302734375,1124.2371459960934,1919.39453125,10.0,0.1,2.0,1030,0.20338342,False
7546,17882,ok,True,True,20260908,5,analysis_activations,positive,False,5.641436947700114,6.149527768620398,0.019962059343484127,0.09562988635572096,0.1412871520821484,0.30924082258932273,0.5737010755592316,0.4262989244407684,0.4262989244407684,2.113452832993142,2,11,12146.009643758789,7235.150223842821,4910.859419915968,4910.859419915968,228.998779296875,320.6814422607422,681.491864013672,1602.0020751953125,10.0,0.1,2.0,4976,0.11536127,False
7554,924,ok,True,True,20260908,5,analysis_activations,positive,False,5.899718636058151,6.553504485909211,0.04166990553943134,0.11302879480485786,0.20413207866337751,0.3361975532404391,0.6418458053743783,0.35815419462562176,0.35815419462562176,2.350753990480964,2,4,973.6970692638271,804.477296998405,169.21977226542208,169.21977226542208,266.8681640625,421.2561492919922,1033.7489440917966,1661.854736328125,10.0,0.1,2.0,686,0.16566455,False
7569,18397,ok,True,False,20260908,5,analysis_activations,positive,False,5.641106193531279,6.069364376466861,0.015570459017355412,0.08748304525703858,0.12478164535441666,0.29577532902025244,0.6465255390392648,0.35347446096073526,0.35347446096073526,1.8866410759892824,2,8,6417.8400361316335,124.5133680169969,6293.326668114637,6293.326668114637,235.6297149658203,302.1986999511719,580.2371337890626,1905.3814697265625,10.0,0.1,2.0,3673,0.08290658,False
7582,1205,ok,True,True,20260908,5,analysis_activations,positive,False,5.660841789434731,6.1824481273053316,0.012695936383103741,0.12165357064617814,0.11267624586887753,0.3487887192071701,0.5827904502295977,0.41720954977040214,0.41720954977040214,2.012518211126627,2,14,921.3996618576297,356.49986957062123,564.8997922870085,564.8997922870085,244.37425231933594,316.451416015625,740.4417602539062,2131.9697265625,10.0,0.1,2.0,639,0.12440984,False
7639,7807,ok,True,True,20260908,5,analysis_activations,positive,False,5.746303104922636,6.1493963864139625,0.01320653973994127,0.0555853799906213,0.11491970997153303,0.23576551908754872,0.5777962332797798,0.4222037667202201,0.4222037667202201,2.173460955796923,2,10,1494.0119254551673,-450.97611241935306,1944.9880378745204,1944.9880378745204,263.9983825683594,347.8924560546875,625.9079956054687,1101.095947265625,10.0,0.1,2.0,2666,0.07074479,False
7669,3960,ok,True,True,20260908,5,analysis_activations,positive,False,5.787380381801262,6.44097660699547,0.03071786098570566,0.1546360123381474,0.17526511628303465,0.3932378572036871,0.5261357594619872,0.4738642405380129,0.4738642405380129,2.1469587493347704,2,14,4800.021317876294,3803.767013317182,996.2543045591124,996.2543045591124,252.80999755859375,402.10284423828125,1079.7266479492182,2184.978759765625,10.0,0.1,2.0,573,0.1959916,False
7687,6124,ok,True,False,20260908,5,analysis_activations,positive,False,5.588733880889882,5.944716578609999,0.00871175950526808,0.057607710236353485,0.09333680680882585,0.24001606245489798,0.6799256074732485,0.32007439252675146,0.32007439252675146,1.9548946819844168,2,9,-716.198942974062,-3393.962741753242,2677.76379877918,2677.76379877918,233.66964721679688,279.2826843261719,483.5096069335937,990.1536865234375,10.0,0.1,2.0,1027,0.051948223,False
7698,3437,ok,True,True,20260908,5,analysis_activations,positive,False,5.6479787110904915,6.120461572601373,0.02141880899575044,0.0749240956938738,0.14635166208742026,0.2737226620027538,0.6229966784551825,0.3770033215448176,0.3770033215448176,2.1527380629521993,2,6,1644.2318958339783,889.0381809824516,755.1937148515267,755.1937148515267,228.74490356445312,317.1387634277344,620.5414062499999,1143.97412109375,10.0,0.1,2.0,1583,0.094049595,False
7701,3404,ok,True,True,20260908,5,analysis_activations,positive,False,6.077753548580972,7.682947170783136,0.17276276485100406,0.08926726756481317,0.4156474044800521,0.29877628347111684,0.6044110037027167,0.3955889962972833,0.3955889962972833,4.434726980201899,2,6,8723.369230665814,7085.727552451756,1637.6416782140577,1637.6416782140577,250.31292724609375,682.3450317382812,2899.3587402343746,4332.35986328125,10.0,0.1,2.0,1689,0.7560259,False
7733,4288,ok,True,True,20260908,5,analysis_activations,positive,False,5.702516266042996,6.446927003070174,0.057357209548295505,0.11752316627590714,0.23949365241754425,0.3428165198410181,0.523955522938578,0.47604447706142183,0.47604447706142183,2.517428168801127,2,5,5774.374096843502,5305.608213833731,468.76588300977164,468.76588300977164,204.50286865234375,402.1103210449219,956.1531616210935,1847.560791015625,10.0,0.1,2.0,1852,0.2242687,False
7740,27227,ok,True,True,20260908,5,analysis_activations,positive,False,5.613151433829319,6.051970064563639,0.018689544303208995,0.05685687864529436,0.13670970815274602,0.23844680464475584,0.591057419027965,0.40894258097203495,0.40894258097203495,2.257839688912243,2,6,8803.891895966044,3708.7220683358637,5095.16982763018,5095.16982763018,223.6002197265625,309.4642028808594,564.589379882812,984.2755126953125,10.0,0.1,2.0,1227,0.08084272,False
7744,5840,ok,True,False,20260908,5,analysis_activations,positive,False,5.598117781632864,6.164953916470173,0.016304195698100397,0.14625022525995593,0.1276878839126892,0.3824267580334252,0.562955459072852,0.437044540927148,0.437044540927148,1.9882598063196528,2,14,5594.3923914595525,3073.6222174875456,2520.770173972007,2520.770173972007,224.47549438476562,304.6173553466797,791.830160522461,1821.58837890625,10.0,0.1,2.0,1079,0.15217425,False
7804,15349,ok,True,True,20260908,5,analysis_activations,positive,False,5.594382281226692,6.130536468303065,0.016878789927813855,0.09942024515973527,0.1299183971876726,0.3153097606477403,0.49368009675890406,0.506319903241096,0.49368009675890406,2.2233950991050055,2,15,12324.249256932411,8105.931509346522,4218.317747585889,4218.317747585889,222.0023193359375,322.2572937011719,705.2529785156248,1496.109375,10.0,0.1,2.0,1049,0.13053297,False
7807,27167,ok,True,True,20260908,5,analysis_activations,positive,False,5.455334219086006,5.8776150423974585,0.017506228041569944,0.051150651775337196,0.13231110324371853,0.22616509849076447,0.5850167046842347,0.4149832953157653,0.4149832953157653,2.279157438333221,2,6,6659.61843763755,1871.7449888594842,4787.873448778066,4787.873448778066,190.58795166015625,263.551025390625,468.2935974121092,877.4031372070312,10.0,0.1,2.0,5371,0.074761204,False
7852,643,ok,True,True,20260908,5,analysis_activations,positive,False,5.424946827594456,5.8654858760143265,0.01701869693808265,0.07454372040862808,0.13045572788529697,0.2730269591242376,0.5482438290595045,0.4517561709404955,0.4517561709404955,2.0589262100758017,2,9,296.9913995791418,174.3390198245295,122.6523797546123,122.6523797546123,184.9739990234375,256.9395751953125,488.9185546874999,875.0394287109375,10.0,0.1,2.0,352,0.09121367,False
7938,8830,ok,True,False,20260908,5,analysis_activations,positive,False,5.755364407966785,6.240677362579255,0.01732131672226275,0.10159807775607468,0.131610473452012,0.31874453368814765,0.6180230069171012,0.3819769930828989,0.3819769930828989,1.9902633123260098,2,11,5185.155607248919,2078.661351179643,3106.494256069276,3106.494256069276,261.89312744140625,345.9841613769531,732.5546234130858,1742.920654296875,10.0,0.1,2.0,1977,0.10512539,False
7957,3726,ok,True,True,20260908,5,analysis_activations,positive,False,5.759565576582692,6.358147899882954,0.032496407094531006,0.12292225649647512,0.18026759857093289,0.35060270463371374,0.5752928535336275,0.4247071464663726,0.4247071464663726,2.14727318293641,2,8,3725.7625226328796,2935.6086869372193,790.1538356956603,790.1538356956603,242.81881713867188,373.1566925048828,882.233642578125,1700.508544921875,10.0,0.1,2.0,1793,0.15848613,False
8000,11265,ok,True,False,20260908,5,analysis_activations,positive,False,5.658387686993495,6.23196883181995,0.024787442128614126,0.15855149628071913,0.1574402811500733,0.3981852537208267,0.6586557368006561,0.3413442631993438,0.3413442631993438,1.894447211060584,2,9,10188.730174844422,5704.709684680253,4484.020490164169,4484.020490164169,229.49440002441406,311.00775146484375,766.7445800781247,2777.192138671875,10.0,0.1,2.0,3376,0.14442688,False
8039,4278,ok,True,False,20260908,5,analysis_activations,positive,False,5.532869152345861,5.94526252447065,0.012040247754587976,0.08023574903117099,0.10972806274872429,0.28325915524687106,0.6191150355119005,0.3808849644880996,0.3808849644880996,1.9199163276328841,2,11,1250.2489770425902,-371.5006927091598,1621.74966975175,1621.74966975175,215.75274658203125,271.4419403076172,521.778701782226,1295.471923828125,10.0,0.1,2.0,798,0.07813631,False
8058,2093,ok,True,True,20260908,5,analysis_activations,positive,False,5.656802726187511,6.311518055751788,0.0235929272023942,0.18771942842039155,0.1535998932369232,0.4332660019207502,0.6362103764415766,0.3637896235584233,0.3637896235584233,2.0142114563093525,2,10,2394.875679006081,1417.0360322004067,977.8396468056744,977.8396468056744,228.07383728027344,315.93017578125,889.1029541015624,1984.317138671875,10.0,0.1,2.0,464,0.18259671,False
8079,2810,ok,True,True,20260908,5,analysis_activations,positive,False,5.654053146277565,6.09629918223466,0.01609731217745747,0.0685171817963261,0.12687518345782783,0.2617578686426181,0.6148974683365726,0.38510253166342745,0.38510253166342745,2.1500896365367685,2,9,982.781415822846,225.5847891591846,757.1966266636614,757.1966266636614,236.20950317382812,314.3627166748047,603.4654907226561,1041.989501953125,10.0,0.1,2.0,261,0.08262633,False
8086,5530,ok,True,False,20260908,5,analysis_activations,positive,False,5.523352487705049,5.755320244844065,0.004888507365744657,0.024579396840776677,0.0699178615644433,0.15677817718284862,0.6623819398091648,0.3376180601908351,0.3376180601908351,1.9110321636685412,2,7,-5014.780018070936,-6760.083340177299,1745.3033221063624,1745.3033221063624,225.59454345703125,259.0900573730469,367.39058990478514,781.8209228515625,10.0,0.1,2.0,2454,0.02357318,False
8146,1958,ok,True,True,20260908,5,analysis_activations,positive,False,5.886485340634666,6.7337529443284385,0.04427390007005608,0.23596155296614893,0.21041364040873414,0.4857587394645092,0.5561151447056971,0.44388485529430294,0.44388485529430294,2.2634664412835868,2,13,3256.731038917095,2663.8714120146437,592.859626902451,592.859626902451,266.0159606933594,449.5755310058594,1680.243780517578,2751.47509765625,10.0,0.1,2.0,1183,0.30672193,False
8159,5381,ok,True,False,20260908,5,analysis_activations,positive,False,5.6107518440043735,5.939570275326461,0.008853517972118911,0.05202704341654876,0.09409313456421202,0.22809437392568183,0.6366186893773013,0.36338131062269885,0.36338131062269885,1.8846548512702948,2,9,-880.5266743898951,-2743.7010201803955,1863.1743457905004,1863.1743457905004,238.50357055664062,288.34222412109375,481.1202697753906,978.5371704101562,10.0,0.1,2.0,1307,0.049562432,False
8162,3869,ok,True,False,20260908,5,analysis_activations,positive,False,5.568181243743051,5.94591873364787,0.008569748013843831,0.07145024473244323,0.09257293348405803,0.26730178587589576,0.7101082547964002,0.2898917452035999,0.2898917452035999,1.8884514934426846,2,8,-144.0405370153233,-2216.713065720145,2072.6725287048216,2072.6725287048216,229.07101440429688,270.8351745605469,478.27850952148435,1123.0087890625,10.0,0.1,2.0,838,0.056183953,False
8205,3331,ok,True,False,20260908,5,analysis_activations,positive,False,5.59458763909382,5.998617594183251,0.012274703578535679,0.07444685541192668,0.11079126129138381,0.27284951055834183,0.6616911902886196,0.33830880971138044,0.33830880971138044,1.9402827596536565,2,9,604.0204327854127,-671.1340781630296,1275.1545109484423,1275.1545109484423,228.58395385742188,284.68438720703125,531.0794372558594,1478.391845703125,10.0,0.1,2.0,748,0.06987035,False
8212,1837,ok,True,False,20260908,5,analysis_activations,positive,False,5.523219287069583,5.879637974664323,0.009797631247425366,0.05410931628012518,0.09898298463587248,0.23261409303850267,0.600120210117618,0.39987978988238204,0.39987978988238204,1.9938910658960838,2,10,-2.264266069690727,-565.1449507129049,562.8806846432142,562.8806846432142,216.07684326171875,269.69073486328125,468.48623046874957,832.9549560546875,10.0,0.1,2.0,872,0.058032747,False
8215,3349,ok,True,True,20260908,5,analysis_activations,positive,False,5.656433401878397,6.169244205174859,0.016652767332472722,0.08835650604885519,0.12904560175563026,0.29724822295323344,0.5657576287500526,0.4342423712499474,0.4342423712499474,2.2379910065410913,2,12,2200.259150935041,1167.2349770846706,1033.0241738503703,1033.0241738503703,236.16458129882812,326.295166015625,704.8216674804686,1249.7723388671875,10.0,0.1,2.0,1930,0.11242901,False
8217,3790,ok,True,False,20260908,5,analysis_activations,positive,False,5.691567075070474,6.005308403492484,0.007111937338789796,0.04772208242185498,0.0843323030563603,0.21845384506081594,0.6304294285351272,0.3695705714648728,0.3695705714648728,1.8947926298956888,2,11,-976.6360535815453,-2443.612123837831,1466.9760702562858,1466.9760702562858,261.44219970703125,311.6340026855469,513.6555297851562,1048.3546142578125,10.0,0.1,2.0,1015,0.045064967,False
8251,1986,ok,True,True,20260908,5,analysis_activations,positive,False,5.901979552673716,6.688382755217229,0.09514267086390893,0.15553325939052506,0.30845205602152975,0.3943770523122828,0.46444896509169203,0.535551034908308,0.46444896509169203,2.2212833108625296,2,5,3132.3702935334445,3062.9855870033302,69.38470653011427,69.38470653011427,225.08697509765625,553.6746520996094,1420.6886291503906,2638.9423828125,10.0,0.1,2.0,1186,0.2814518,False
8269,661,ok,True,True,20260908,5,analysis_activations,positive,False,5.6333796168841666,6.240948439110552,0.018396997642601883,0.1438453083733516,0.13563553237482384,0.37926944033675003,0.5629812480193332,0.4370187519806668,0.4370187519806668,2.133184514096561,2,16,693.9708620916001,436.1672076904569,257.8036544011432,257.8036544011432,231.0577392578125,318.954833984375,872.9487915039062,1503.344482421875,10.0,0.1,2.0,205,0.1642884,False
8278,3187,ok,True,True,20260908,5,analysis_activations,positive,False,5.823637602443874,6.356672203127158,0.025450734121113667,0.1022199651037202,0.15953286219808654,0.31971857172163176,0.6653835531348645,0.33461644686513536,0.33461644686513536,2.109719808280844,2,6,2150.8068061353333,1261.6124716118943,889.194334523439,889.194334523439,268.1427307128906,369.5004577636719,819.089208984375,1744.7889404296875,10.0,0.1,2.0,1222,0.114434004,False
8290,5304,ok,True,True,20260908,5,analysis_activations,positive,False,5.530992214128041,5.938822131006372,0.013881858448461199,0.05576096425688037,0.1178212987895703,0.2361375960258772,0.5835995233687234,0.41640047663127655,0.41640047663127655,2.185525590417233,2,9,1094.6359709696278,-181.87955915730763,1276.5155301269353,1276.5155301269353,211.2978515625,280.30023193359375,506.69030456542947,1020.117919921875,10.0,0.1,2.0,502,0.07175165,False
8325,7893,ok,True,False,20260908,5,analysis_activations,positive,False,5.696977301187112,6.199342705473604,0.020495271192078533,0.11811082051368217,0.14316169596675826,0.3436725483853521,0.6869916457118818,0.31300835428811813,0.31300835428811813,1.9082864331056573,2,7,4651.911002305458,1623.9207989744502,3027.990203331008,3027.990203331008,243.074462890625,316.634765625,674.0610717773435,2163.091796875,10.0,0.1,2.0,1190,0.105330065,False
8347,1556,ok,True,True,20260908,5,analysis_activations,positive,False,5.961094361063434,6.39201723914582,0.05657374319260593,0.025706296502033696,0.23785235586936262,0.16033183246639982,0.35397789733973856,0.6460221026602614,0.35397789733973856,2.1245516972257517,2,5,482.71702088814715,304.5672789488882,178.14974193925894,178.14974193925894,243.32666015625,540.7678833007812,746.1037292480469,906.9216918945312,10.0,0.1,2.0,775,0.07914672,False
8374,1335,ok,True,False,20260908,5,analysis_activations,positive,False,5.339108657451708,5.689287492155637,0.009168188635226842,0.05456416010406005,0.09575065866732636,0.23358972602419836,0.6528856738285248,0.34711432617147525,0.34711432617147525,1.9616653865662075,2,9,-125.75654853862851,-608.4967182704588,482.7401697318303,482.7401697318303,178.93093872070312,218.97940063476562,375.24482421875,847.0396728515625,10.0,0.1,2.0,611,0.05275443,False
8375,16109,ok,True,True,20260908,5,analysis_activations,positive,False,5.643237861408215,6.104470915688222,0.01661251994541685,0.08366243233164843,0.12888956492058173,0.2892445891138647,0.6118039005647535,0.3881960994352465,0.3881960994352465,2.05986704387991,2,10,7501.870917068562,2528.8336699804936,4973.037247088068,4973.037247088068,233.23953247070312,310.7983093261719,623.866845703125,1648.4339599609375,10.0,0.1,2.0,1637,0.093170434,False
8376,2943,ok,True,True,20260908,5,analysis_activations,positive,False,5.685013500422167,7.066118813389568,0.04251616316893879,0.28709948592221385,0.2061944789972292,0.5358166532707003,0.38203005764486314,0.6179699423551369,0.38203005764486314,3.4020279911868943,2,16,7072.657067024467,5919.170651303075,1153.4864157213924,1153.4864157213924,226.40235900878906,686.2235107421875,2339.49140625,3663.23046875,10.0,0.1,2.0,1504,0.6441964,False
8385,3553,ok,True,True,20260908,5,analysis_activations,positive,False,5.530979895895369,6.490517793814438,0.059592928930000344,0.2860912940853307,0.24411662976946152,0.5348750266046552,0.6812397309246035,0.3187602690753964,0.3187602690753964,2.3080082172663547,2,9,6178.778637866664,4789.460254060603,1389.3183838060613,1389.3183838060613,178.46524047851562,287.96868896484375,1270.1191406249986,2066.95263671875,10.0,0.1,2.0,1083,0.3318185,False
8389,2214,ok,True,True,20260908,5,analysis_activations,positive,False,5.706417376402423,6.2785765320231235,0.03702264488405744,0.07386635892125058,0.19241269418636972,0.2717836619836641,0.5649861565066893,0.43501384349331074,0.43501384349331074,2.4298955670603535,2,4,1840.3707896931269,1608.6138501513117,231.7569395418152,231.7569395418152,218.26171875,367.4697265625,736.4805419921872,1186.042236328125,10.0,0.1,2.0,1280,0.13356838,False
8423,14680,ok,True,False,20260908,5,analysis_activations,positive,False,5.4127524674308,5.65846976488237,0.004867581895541153,0.028969893333686318,0.06976805784555819,0.17020544448896552,0.6137472961729779,0.3862527038270222,0.3862527038270222,1.8890860998852526,2,10,-10555.581286933806,-15491.591055061728,4936.009768127922,4936.009768127922,202.24038696289062,234.1487579345703,344.02666015624993,628.593505859375,10.0,0.1,2.0,4351,0.028491115,False
8449,8595,ok,True,False,20260908,5,analysis_activations,positive,False,5.499064154854808,5.799642810197751,0.008015729035859863,0.03800745263390272,0.08953060390648475,0.1949550015616494,0.6166496440745997,0.3833503559254004,0.3833503559254004,1.981457746249375,2,9,-3071.7180271547754,-5497.953922255257,2426.2358951004812,2426.2358951004812,213.86846923828125,259.54425048828125,410.7654296875,729.1115112304688,10.0,0.1,2.0,3604,0.040874302,False
8458,1965,ok,True,True,20260908,5,analysis_activations,positive,False,5.701908721747141,6.0886394879409345,0.012594495463793669,0.05587561083718042,0.11222519977168083,0.23638022513988013,0.6334842419540373,0.36651575804596276,0.36651575804596276,2.09012962230644,2,8,164.7839951144896,-394.8231806265054,559.607175740995,559.607175740995,254.68304443359375,320.6510925292969,571.0089965820312,923.6707153320312,10.0,0.1,2.0,731,0.0632141,False
8460,8309,ok,True,True,20260908,5,analysis_activations,positive,False,5.084276411796383,5.541843885695374,0.020318746467844557,0.059540498564054696,0.14254384051176872,0.2440092181948352,0.5788901048773698,0.42110989512263014,0.42110989512263014,2.28985268222197,2,6,3391.6595707743004,1950.4138563473566,1441.2457144269438,1441.2457144269438,129.2898712158203,183.98619079589844,343.12340087890607,574.06640625,10.0,0.1,2.0,1791,0.08788383,False
8461,1205,ok,True,False,20260908,5,analysis_activations,positive,False,5.670716147912309,6.143331547279084,0.020804804827476573,0.09639819946161081,0.14423870779883108,0.3104805943398247,0.6726645031153077,0.3273354968846922,0.3273354968846922,1.952331196676382,2,5,593.9815665606225,237.91254335005294,356.0690232105695,356.0690232105695,236.78402709960938,312.4737548828125,631.2405273437499,1510.1553955078125,10.0,0.1,2.0,596,0.09480914,False
8497,1293,ok,True,False,20260908,5,analysis_activations,positive,False,5.108602054046167,5.624902543454871,0.03289120933570088,0.10142457029470892,0.18135933760272968,0.31847224415121156,0.580575729771077,0.4194242702289229,0.4194242702289229,1.9922967014511346,2,5,1010.8766942815192,828.6196133947109,182.25708088680835,182.25708088680835,125.5751953125,193.35617065429688,402.48949584960917,805.9637451171875,10.0,0.1,2.0,165,0.12664354,False
8519,1821,ok,True,False,20260908,5,analysis_activations,positive,False,5.513918459510808,5.912045730699698,0.010261917794613206,0.08496810987194645,0.1013011243501927,0.29149289849316473,0.6764328030681492,0.32356719693185076,0.32356719693185076,1.8245256354140802,2,9,317.38793915629094,-561.5658308512709,878.9537700075618,878.9537700075618,214.84764099121094,259.300048828125,488.525634765625,1659.5718994140625,10.0,0.1,2.0,584,0.069163665,False
8544,2001,ok,True,True,20260908,5,analysis_activations,positive,False,4.965403123206727,5.907578826242931,0.1259098790640218,0.1447253981,0.3548378207914452,0.3804279144594939,0.4834543276771431,0.5165456723228569,0.4834543276771431,2.5612660637530933,2,4,3634.455346775036,3522.76996979159,111.68537698344608,111.68537698344608,76.120361328125,231.4423828125,610.488525390625,1114.788818359375,10.0,0.1,2.0,148,0.35748708,False
8553,4257,ok,True,False,20260908,5,analysis_activations,positive,False,5.7902230252983236,6.3821007629095785,0.030614530482551326,0.1724820267541727,0.1749700845360467,0.4153095553369471,0.6722165198283453,0.3277834801716548,0.3277834801716548,1.8573584337007976,2,6,4141.976903513845,2632.6630042652,1509.3138992486452,1509.3138992486452,257.2081604003906,355.0578308105469,876.4698486328124,3163.57177734375,10.0,0.1,2.0,1741,0.1543412,False
8581,5046,ok,True,False,20260908,5,analysis_activations,positive,False,5.660305049859619,6.180763146803617,0.019924124617059714,0.11947789414693337,0.141152841335411,0.3456557451380396,0.586520827888794,0.41347917211120605,0.41347917211120605,1.9713613411233069,2,12,3915.3849917635316,2272.516484799529,1642.8685069640028,1642.8685069640028,233.90472412109375,322.3096008300781,732.5727844238281,1941.77001953125,10.0,0.1,2.0,491,0.12680292,False
8586,3805,ok,True,False,20260908,5,analysis_activations,positive,False,5.890164527872774,6.397022955863749,0.021625180102821818,0.10688469637500245,0.14705502406521792,0.3269322504357783,0.6285709944512976,0.3714290055487024,0.3714290055487024,1.9995552885082064,2,9,2527.447630067877,1371.6087503933886,1155.8388796744885,1155.8388796744885,293.2755126953125,399.5384826660156,857.7164062499999,1671.943603515625,10.0,0.1,2.0,1547,0.11330136,False
8589,1499,ok,True,False,20260908,5,analysis_activations,positive,False,5.521585998027346,5.884135448367049,0.008998305941743778,0.07038972168768612,0.09485940091389877,0.26531061359788477,0.6159726816065421,0.38402731839345794,0.38402731839345794,1.8197207310376313,2,13,140.19909279140728,-464.7486418590379,604.9477346504452,604.9477346504452,217.98922729492188,265.25909423828125,491.8309204101562,1047.2481689453125,10.0,0.1,2.0,431,0.06370846,False
8605,1564,ok,True,True,20260908,5,analysis_activations,positive,False,5.528156384904803,5.96711056822129,0.02014793557219988,0.050041964192740894,0.14194342384274053,0.22370061285732074,0.6205257988965192,0.37947420110348085,0.37947420110348085,2.343132667991822,2,5,440.3301072131708,196.09693527303284,244.23317194013794,244.23317194013794,201.762451171875,281.4746551513672,502.0121368408203,846.1721801757812,10.0,0.1,2.0,1050,0.076911174,False
8612,3077,ok,True,True,20260908,5,analysis_activations,positive,False,5.561311760192874,6.7243682873064685,0.03297571773741347,0.4916169953016784,0.18159217421853144,0.701154045343588,0.5172973304238824,0.4827026695761176,0.4827026695761176,2.2709349484957326,2,16,7135.786599117645,5315.143492408145,1820.6431067095,1820.6431067095,205.78184509277344,338.4512939453125,2376.5902832031247,4049.006591796875,10.0,0.1,2.0,1730,0.5923253,False
8613,6981,ok,True,True,20260908,5,analysis_activations,positive,False,5.6777948936209635,6.514893298226583,0.033803680985331236,0.2669815053149438,0.1838577737962995,0.5167025307804712,0.4130788261130447,0.5869211738869552,0.4130788261130447,2.158555851878605,2,22,12309.01197950773,10534.653943536317,1774.3580359714124,1774.3580359714124,225.88861083984375,425.6007080078125,1525.693603515625,2762.702880859375,10.0,0.1,2.0,2705,0.34059638,False
8642,9390,ok,True,True,20260908,5,analysis_activations,positive,False,5.55678101662375,6.092521535566249,0.02069815840468339,0.09658575597334042,0.14386854557089046,0.31078248981134765,0.5280934007007059,0.47190659929929407,0.47190659929929407,2.212331819504328,2,13,7365.41402177389,5072.020318359444,2293.3937034144465,2293.3937034144465,209.29156494140625,306.1066436767578,664.7529388427732,1306.5975341796875,10.0,0.1,2.0,869,0.12805057,False
8644,4390,ok,True,True,20260908,5,analysis_activations,positive,False,5.662589146697749,6.484968528113837,0.05938045756329837,0.1558190955124169,0.2436810570464975,0.39473927536086006,0.604915621953856,0.3950843780461441,0.3950843780461441,2.5070703950768505,2,5,6546.407448301301,5696.283612244336,850.123836056965,850.123836056965,201.1897430419922,359.13475036621094,1077.6985168457036,1930.6387939453125,10.0,0.1,2.0,650,0.2591729,False
8660,7444,ok,True,False,20260908,5,analysis_activations,positive,False,5.584386475781696,5.904529321142535,0.007738707683381254,0.044964422096750216,0.08796992487993413,0.2120481598523086,0.5498423941821684,0.45015760581783154,0.45015760581783154,1.9721529569160785,2,12,-1177.6100617582845,-3295.99777590106,2118.3877141427756,2118.3877141427756,233.255615234375,289.57420349121094,475.51095428466795,1057.0570068359375,10.0,0.1,2.0,804,0.04987015,False
8662,1533,ok,True,True,20260908,5,analysis_activations,positive,False,5.909279526504076,6.468834215732606,0.03345506491236125,0.09093902987293402,0.18290725768093855,0.301560988645637,0.5157104606040728,0.48428953939592717,0.48428953939592717,2.2436631513161784,2,6,1345.5011333821399,1173.8253302342514,171.67580314788847,171.67580314788847,279.2900390625,459.2640380859375,969.4791503906248,1674.633056640625,10.0,0.1,2.0,1127,0.13958201,False
8668,755,ok,True,False,20260908,5,analysis_activations,positive,False,5.420034550614939,5.780564351191598,0.007832621425496499,0.08520050856177916,0.08850209842425488,0.29189126153720185,0.7571718539131173,0.2428281460868827,0.2428281460868827,1.67161919677172,2,14,-98.15305234748323,-567.8030513939265,469.6499990464432,469.6499990464432,200.17608642578125,228.92062377929688,370.28508300781215,801.30908203125,10.0,0.1,2.0,503,0.050584473,False
8686,560,ok,True,True,20260908,5,analysis_activations,positive,False,5.878372864364424,6.50503274395395,0.025901672873377676,0.13400875452276034,0.16093996667508564,0.3660720619260098,0.4306241107281404,0.5693758892718597,0.4306241107281404,2.2161976842390443,2,18,653.0956455786355,563.8861337732292,89.20951180540635,89.20951180540635,278.84124755859375,474.92022705078125,1098.079345703125,1959.2913818359375,10.0,0.1,2.0,430,0.18406849,False
8690,5524,ok,True,True,20260908,5,analysis_activations,positive,False,5.624604518021509,6.022513215390867,0.011108438190188731,0.06670381039324454,0.10539657579916309,0.2582708082483279,0.5784810390103603,0.4215189609896398,0.4215189609896398,2.017318387177795,2,12,1247.030884154269,-554.325678231092,1801.356562385361,1801.356562385361,237.06121826171875,303.82933044433594,561.2338378906247,1124.5506591796875,10.0,0.1,2.0,705,0.07316246,False
8732,3236,ok,True,True,20260908,5,analysis_activations,positive,False,5.779723703576893,6.488208409203486,0.03237006107183698,0.20267224651356303,0.17991681709011245,0.45019134433434305,0.6263580418972857,0.3736419581027144,0.3736419581027144,2.0666762854044314,2,12,4202.379444895045,2933.6942744035887,1268.6851704914561,1268.6851704914561,252.58218383789062,365.8275909423828,1130.0722351074219,2724.852783203125,10.0,0.1,2.0,509,0.21354072,False
8765,3840,ok,True,False,20260908,5,analysis_activations,positive,False,5.70133076121385,6.15159094039708,0.01735822216649902,0.09389095198895,0.13175060594357438,0.3064163050311618,0.6559285760800383,0.3440714239199617,0.3440714239199617,1.9091064275108685,2,7,1643.6590828638386,353.8087882449917,1289.8502946188469,1289.8502946188469,248.4193115234375,321.0845031738281,631.4650695800781,1550.2808837890625,10.0,0.1,2.0,1961,0.08946761,False
8767,932,ok,True,True,20260908,5,analysis_activations,positive,False,5.67222472485193,6.201232730209422,0.018186863238361974,0.10112831820645368,0.1348586787654468,0.3180067895603075,0.7265015155170584,0.2734984844829415,0.2734984844829415,2.16585505455392,2,8,479.1255390218182,73.50564960529933,405.6198894165189,405.6198894165189,241.03271484375,306.70489501953125,654.7708770751952,1277.7672119140625,10.0,0.1,2.0,246,0.09657913,False
8785,2606,ok,True,True,20260908,5,analysis_activations,positive,False,5.759719832095738,6.817282336522168,0.03155914596528992,0.4799500219831118,0.17764894023126038,0.6927842535617506,0.46449814066171186,0.5355018593382881,0.46449814066171186,2.091194034805111,2,27,5852.670166248004,4622.785702294336,1229.8844639536674,1229.8844639536674,251.2059326171875,441.68182373046875,2919.7598876953125,4381.99951171875,10.0,0.1,2.0,1462,0.5500842,False
8813,31654,ok,True,True,20260908,5,analysis_activations,positive,False,5.389220232153428,5.777679254285322,0.013791798885555675,0.05076634780696977,0.11743848979595946,0.22531388729274937,0.569498983606037,0.43050101639396293,0.43050101639396293,2.1621443405354435,2,9,4148.27907475268,-2421.8717208117087,6570.150795564388,6570.150795564388,182.67794799804688,243.9727325439453,425.8669296264648,778.3909912109375,10.0,0.1,2.0,5479,0.06670667,False
8821,842,ok,True,True,20260908,5,analysis_activations,positive,False,5.534629566011856,6.179134162575226,0.012977232568059091,0.14754326743202537,0.11391765696352384,0.38411361266170374,0.5255211901499951,0.4744788098500049,0.4744788098500049,2.274970476578781,2,16,960.9772633819616,547.4899677963012,413.4872955856604,413.4872955856604,216.77987670898438,294.51971435546875,823.2977233886718,1440.6014404296875,10.0,0.1,2.0,608,0.18061563,False
8875,2407,ok,True,True,20260908,5,analysis_activations,positive,False,5.685398320491625,5.995028097034545,0.00940543825820952,0.03778240662932898,0.09698163876842626,0.1943769704191548,0.6296541069448495,0.3703458930551505,0.3703458930551505,2.015777742619868,2,7,-768.6423588766594,-1338.0786715746647,569.4363126980053,569.4363126980053,253.82022094726562,314.30426025390625,486.6729888916013,827.2546997070312,10.0,0.1,2.0,914,0.042287398,False
8900,1816,ok,True,True,20260908,5,analysis_activations,positive,False,5.8297487340817815,6.534390006502081,0.03082158922750297,0.16658518936297245,0.17556078499341182,0.4081484893552498,0.5704715712551852,0.42952842874481467,0.42952842874481467,2.2428593733106363,2,16,2341.3527901773537,1756.997301237271,584.3554889400828,584.3554889400828,267.40875244140625,405.8015441894531,1178.8847045898438,2674.977294921875,10.0,0.1,2.0,995,0.21091522,False
8926,11791,ok,True,True,20260908,5,analysis_activations,positive,False,5.822499263292034,6.655535770628552,0.05783909909237589,0.1211926380939687,0.2404976072487539,0.34812733028874465,0.5528326401484958,0.4471673598515043,0.4471673598515043,2.7842871271575262,2,5,17492.875801811293,15456.543911980583,2036.3318898307098,2036.3318898307098,234.7307891845703,453.50152587890625,1204.248046875,2358.572509765625,10.0,0.1,2.0,434,0.25774038,False
8939,1006,ok,True,True,20260908,5,analysis_activations,positive,False,5.668009348385646,6.7346178134382715,0.03929990084084841,0.24674112296466735,0.19824202591995577,0.4967304328956173,0.6141343536761152,0.38586564632388476,0.38586564632388476,2.8203685423861393,2,11,1918.7276934478218,1394.1236306972244,524.6040627505974,524.6040627505974,219.6292724609375,348.24989318847656,1511.3201904296875,2365.326171875,10.0,0.1,2.0,568,0.38932374,False
8968,2930,ok,True,False,20260908,5,analysis_activations,positive,False,5.682368600409248,6.242447241273275,0.014829231566448404,0.1529121369748498,0.1217753323397165,0.391039815076227,0.6016825396616027,0.3983174603383974,0.3983174603383974,1.9339441036195357,2,14,2673.2089657601737,1163.8232221380536,1509.3857436221201,1509.3857436221201,248.2421875,321.1863555908203,828.8651916503901,1954.21435546875,10.0,0.1,2.0,1245,0.14505745,False
8994,1020,ok,True,True,20260908,5,analysis_activations,positive,False,5.6384678664210215,6.598805013085397,0.017503090910419704,0.4364607383881262,0.13229924758070133,0.6606517527321987,0.6188758723974623,0.3811241276025376,0.3811241276025376,2.0157102328620873,2,17,1960.2836124479074,1025.8503225573234,934.4332898905841,934.4332898905841,235.4808807373047,310.739013671875,1830.8031860351557,2930.89306640625,10.0,0.1,2.0,657,0.3950934,False
9007,674,ok,True,True,20260908,5,analysis_activations,positive,False,6.002644760269757,7.39246828543703,0.11655370944380275,0.2316425745397849,0.3413996330457939,0.48129260802528945,0.6335170459896682,0.3664829540103319,0.3664829540103319,3.33090763841123,2,3,1589.4976089539898,1386.6472355922626,202.85037336172718,202.85037336172718,250.13592529296875,538.2330932617188,2822.7891479492196,3329.0947265625,10.0,0.1,2.0,530,0.60810107,False
9024,4380,ok,True,False,20260908,5,analysis_activations,positive,False,5.625475529181161,5.845439529695383,0.0042852876258973605,0.021101329330944257,0.06546210832151192,0.14526296613708622,0.6343394173334024,0.3656605826665977,0.3656605826665977,1.9523792906943622,2,8,-4339.539391268093,-5641.92341768658,1302.3840264184873,1302.3840264184873,252.12527465820312,288.271484375,401.72019042968753,650.2487182617188,10.0,0.1,2.0,1332,0.021661066,False
9045,1902,ok,True,False,20260908,5,analysis_activations,positive,False,5.539775092457878,6.012957877809497,0.013601170725353868,0.11619332278815805,0.11662405723243326,0.34087141679548033,0.5839723933690368,0.4160276066309632,0.4160276066309632,1.857444303958668,2,13,1226.194069412193,450.3248716760886,775.8691977361043,775.8691977361043,216.03619384765625,279.5590362548828,595.0003845214841,1872.9522705078125,10.0,0.1,2.0,1029,0.11073619,False
9089,877,ok,True,True,20260908,5,analysis_activations,positive,False,5.699627417089442,6.387714173801832,0.008044063663331666,0.13943007378624142,0.08968870421258,0.37340336606174485,0.6687671719459252,0.33123282805407483,0.33123282805407483,2.5339629739830833,2,9,875.4799934576401,7.0745067102723596,868.4054867473678,868.4054867473678,264.4436950683594,314.6874084472656,916.9192260742179,1333.460205078125,10.0,0.1,2.0,194,0.15662129,False
9090,8360,ok,True,False,20260908,5,analysis_activations,positive,False,5.66226836667533,6.174626428675461,0.01654266051040816,0.1174950809055516,0.1286182744030107,0.34277555470825455,0.568890435027128,0.43110956497287195,0.43110956497287195,1.9791331878206921,2,13,6321.386574605857,3272.8980835085113,3048.488491097346,3048.488491097346,239.60397338867188,323.1930389404297,740.5725952148432,1984.6568603515625,10.0,0.1,2.0,2286,0.12445998,False
9109,6901,ok,True,False,20260908,5,analysis_activations,positive,False,5.5321560163224115,5.881708726149054,0.011883956983211659,0.04924249425278758,0.10901356329930537,0.22190649889714267,0.6378793986669026,0.36212060133309737,0.36212060133309737,1.999461653823764,2,6,-587.3550273034433,-2367.5746311149,1780.2196038114566,1780.2196038114566,215.339599609375,270.2264404296875,456.88323974609375,1050.5601806640625,10.0,0.1,2.0,2686,0.05364281,False
9115,3541,ok,True,False,20260908,5,analysis_activations,positive,False,5.639995878623852,6.282005644852332,0.023520933256864985,0.2010272522895102,0.15336535872505558,0.4483606274970074,0.6619886996022883,0.33801130039771166,0.33801130039771166,1.9160280264133598,2,12,3908.506796045806,2096.339912859989,1812.166883185817,1812.166883185817,227.8682861328125,303.352294921875,885.68701171875,2187.755615234375,10.0,0.1,2.0,786,0.17579718,False
9156,1047,ok,True,False,20260908,5,analysis_activations,positive,False,5.552035889217279,5.81572087465283,0.004349493163051604,0.0380344924152713,0.06595068735844686,0.19502433800751973,0.5960436277072807,0.40395637229271936,0.40395637229271936,1.8113380174562035,2,19,-533.9141019956525,-969.7633060589625,435.84920406331,435.84920406331,234.5588836669922,269.63995361328125,426.7180114746093,719.3168334960938,10.0,0.1,2.0,242,0.03473012,False
9163,1804,ok,True,False,20260908,5,analysis_activations,positive,False,5.867659372010116,6.588031064984528,0.0367892875013441,0.251830790856669,0.191805337520477,0.5018274512784937,0.7146159540217479,0.28538404597825207,0.28538404597825207,1.8963057702997452,2,8,2266.729765814698,1440.2394877118566,826.4902781028416,826.4902781028416,271.58203125,376.9521179199219,1089.121215820312,4741.40673828125,10.0,0.1,2.0,1103,0.2041026,False
9168,26271,ok,True,True,20260908,5,analysis_activations,positive,False,5.482974921347833,6.019931154636508,0.026514001161151997,0.06843267134963306,0.1628312045068512,0.26159639016934666,0.58575444028451,0.41424555971549,0.41424555971549,2.464415953501705,2,5,17487.85865131927,12837.180681711383,4650.677969607888,4650.677969607888,187.79367065429688,281.25482177734375,565.8951110839844,1053.885986328125,10.0,0.1,2.0,5432,0.11384179,False
9178,987,ok,True,True,20260908,5,analysis_activations,positive,False,5.836423475057295,7.213793570505725,0.051705486197245375,0.22284536470842464,0.2273884038319575,0.4720650005120319,0.5336417371274367,0.4663582628725633,0.4663582628725633,3.7175280186992765,2,11,2316.586536151387,1795.228099309953,521.358436841434,521.358436841434,254.58116149902344,501.38714599609375,2424.0513916015625,3256.25390625,10.0,0.1,2.0,694,0.60427,False
9214,8968,ok,True,True,20260908,5,analysis_activations,positive,False,5.795336596523759,6.324940340266173,0.020096786724815238,0.11424360114511861,0.1417631359868116,0.33799940997747113,0.5681855961796766,0.4318144038203234,0.4318144038203234,2.0434440228325914,2,13,7141.576517856542,4387.986556102725,2753.589961753816,2753.589961753816,267.94378662109375,374.3788757324219,839.5845031738281,2112.689697265625,10.0,0.1,2.0,1595,0.12958069,False
9249,2790,ok,True,True,20260908,5,analysis_activations,positive,False,5.644383031487357,6.041892042369974,0.009648508365898385,0.054069535234521314,0.09822682101085418,0.23252856864162158,0.5290027049522972,0.4709972950477027,0.4709972950477027,2.2270540599401265,2,14,511.82188695819366,-297.72115415418705,809.5430411123807,809.5430411123807,245.23715209960938,318.19976806640625,568.0710845947265,1032.2684326171875,10.0,0.1,2.0,443,0.06996519,False
9250,2249,ok,True,False,20260908,5,analysis_activations,positive,False,5.593279579699306,6.335874970739811,0.023106466290340796,0.2867543898047498,0.15200811258068037,0.5354945282677964,0.6193048301590982,0.3806951698409019,0.3806951698409019,1.8866176323544388,2,12,3311.205590133582,1967.6872528016038,1343.5183373319783,1343.5183373319783,219.8428192138672,295.92303466796875,1009.8605712890625,3579.2265625,10.0,0.1,2.0,1256,0.2536003,False
9278,3833,ok,True,True,20260908,5,analysis_activations,positive,False,5.596315727432712,6.2771166263182945,0.024803449618121733,0.16754963847071075,0.1574911096478837,0.4093282771452649,0.4931932764188987,0.5068067235811012,0.4931932764188987,2.195257839969095,2,16,4966.459551614133,3807.1889046840433,1159.2706469300892,1159.2706469300892,214.65420532226562,337.9339294433594,937.7680786132809,1856.2811279296875,10.0,0.1,2.0,290,0.2130532,False
9296,17783,ok,True,True,20260908,5,analysis_activations,positive,False,5.468867911802211,5.849238374508853,0.011356490408702511,0.0600427284382888,0.10656683540718713,0.24503617781521322,0.6396707399603496,0.3603292600396503,0.3603292600396503,2.01314498031189,2,9,1108.3345533716524,-4926.348336373628,6034.68288974528,6034.68288974528,203.2601318359375,253.25038146972656,452.1603302001946,1174.5028076171875,10.0,0.1,2.0,4506,0.062250208,False
9312,7705,ok,True,False,20260908,5,analysis_activations,positive,False,5.75659358889071,5.9908237932115425,0.0042513523699953745,0.023455253472443878,0.06520239543142088,0.15315108054611914,0.6317097550112185,0.3682902449887814,0.3682902449887814,1.9900602811001569,2,10,-6825.6757898011865,-9460.32007252352,2634.6442827223336,2634.6442827223336,287.5188903808594,329.47698974609375,472.4863098144531,724.5721435546875,10.0,0.1,2.0,1159,0.024090284,False
9320,642,ok,True,True,20260908,5,analysis_activations,positive,False,5.760096184988895,6.099222069632343,0.011840105972289388,0.022650190665990205,0.10881225102114829,0.15049980287691478,0.6317076651068855,0.3682923348931145,0.3682923348931145,2.5824235450594344,2,4,-191.58946502502522,-269.03247711615484,77.44301209112962,77.44301209112962,268.021484375,345.7205810546875,524.7503906249999,741.996337890625,10.0,0.1,2.0,430,0.042643387,False
9324,25550,ok,True,True,20260908,5,analysis_activations,positive,False,5.5434910724798785,5.9513734502531666,0.014015951932952242,0.06311537842811271,0.11838898569103565,0.2512277421546289,0.5926152063687105,0.4073847936312896,0.4073847936312896,2.076990591040396,2,10,6066.632014496958,-732.0183830252196,6798.650397522178,6798.650397522178,213.6688232421875,280.8462677001953,515.7422363281249,1064.8814697265625,10.0,0.1,2.0,1211,0.074185126,False
9359,7983,ok,True,True,20260908,5,analysis_activations,positive,False,5.718034166637459,6.139769968412944,0.012335922325608257,0.07475712022479697,0.11106719734290704,0.2734174833926992,0.63156077959016,0.3684392204098401,0.3684392204098401,2.0209880100537383,2,10,2175.6645869153404,-838.5259365827269,3014.1905234980673,3014.1905234980673,259.3246154785156,327.3287048339844,633.459912109375,1482.08203125,10.0,0.1,2.0,2070,0.07672954,False
9398,1070,ok,True,True,20260908,5,analysis_activations,positive,False,5.747939741031148,6.2497025220823845,0.012204653142345293,0.10782299755374279,0.11047467194948031,0.3283641234266356,0.5334984522162102,0.4665015477837899,0.4665015477837899,2.0482020135367316,2,14,777.0494759517848,364.05656914058335,412.9929068112014,412.9929068112014,267.65264892578125,356.14404296875,825.3534667968746,1398.2049560546875,10.0,0.1,2.0,465,0.11958045,False
9412,6491,ok,True,True,20260908,5,analysis_activations,positive,False,5.632817931554181,6.211302181056815,0.02738509423621973,0.13276865164690996,0.16548442294131413,0.3643743290174405,0.5609176242763111,0.439082375723689,0.439082375723689,2.04426873305576,2,12,6381.725197060449,4711.920976853471,1669.8042202069782,1669.8042202069782,220.8629150390625,327.828857421875,791.9225769042969,1959.263427734375,10.0,0.1,2.0,679,0.15609941,False
9415,1206,ok,True,True,20260908,5,analysis_activations,positive,False,5.699344779442907,5.978630908908918,0.0057634933701775064,0.028623050239541543,0.07591767495239503,0.16918348098895927,0.6961136986842271,0.30388630131577293,0.30388630131577293,2.129953404954112,2,8,-824.4460777354226,-1265.204576023326,440.7584982879033,440.7584982879033,267.5423278808594,307.72418212890625,461.32106018066406,789.6339111328125,10.0,0.1,2.0,436,0.02923363,False
9432,3827,ok,True,False,20260908,5,analysis_activations,positive,False,5.636430476579796,5.98403893138629,0.00955979603517892,0.05474517056093675,0.0977742094582151,0.23397685902870127,0.684190130908154,0.3158098690918461,0.3158098690918461,1.9385770656406864,2,7,-592.4098252691914,-2055.8268150928193,1463.4169898236278,1463.4169898236278,243.7662353515625,293.0894775390625,493.15911254882803,1263.3099365234375,10.0,0.1,2.0,1404,0.04995038,False
9479,1795,ok,True,True,20260908,5,analysis_activations,positive,False,5.645922876539498,6.71778654011536,0.02605259595149785,0.38827233912618364,0.1614081656902706,0.6231150288078307,0.43675949226271726,0.5632405077372826,0.43675949226271726,2.354962581008588,2,17,3909.787082076719,3078.263336196724,831.5237458799947,831.5237458799947,227.474609375,413.78662109375,1923.1686523437497,3750.911865234375,10.0,0.1,2.0,1119,0.51298195,False
9491,3364,ok,True,False,20260908,5,analysis_activations,positive,False,5.761786856134048,6.184150661174785,0.011317357605290608,0.07927442162257059,0.10638307010652874,0.2815571374029978,0.569317709224861,0.430682290775139,0.430682290775139,1.9845283021050717,2,13,1243.4254603826246,41.78760645625519,1201.6378539263694,1201.6378539263694,272.46124267578125,350.0989227294922,689.4335174560547,1588.971923828125,10.0,0.1,2.0,1604,0.08435012,False
9500,8690,ok,True,True,20260908,5,analysis_activations,positive,False,5.730809675135916,6.1932029637309185,0.012826774945658898,0.09222368500566265,0.11325535283446385,0.3036835277153877,0.5883609868330831,0.411639013166917,0.411639013166917,2.0175650245745036,2,13,4431.184666085192,1005.5891443671652,3425.5955217180262,3425.5955217180262,261.67327880859375,338.3203125,713.6343536376952,1624.9935302734375,10.0,0.1,2.0,999,0.09730233,False
9512,2307,ok,True,True,20260908,5,analysis_activations,positive,False,5.869063553737308,7.404845563140111,0.11795903597188963,0.18408905808874274,0.34345165012253126,0.42905600810237204,0.6550198177917973,0.3449801822082027,0.3449801822082027,3.9519052531270282,2,3,5651.436449120318,4644.5300815701985,1006.9063675501193,1006.9063675501193,224.72891235351562,461.21099853515625,2625.5608398437494,3261.16796875,10.0,0.1,2.0,1151,0.67403984,False
9526,6049,ok,True,False,20260908,5,analysis_activations,positive,False,5.647151625726568,6.037446845846002,0.010107210529017401,0.08557002886594532,0.10053462353347428,0.2925235526687472,0.6444539852420846,0.3555460147579153,0.3555460147579153,1.78444806397999,2,11,1254.8715457255819,-1534.3965554002073,2789.268101125789,2789.268101125789,245.4222412109375,299.3720703125,557.1503051757807,2034.1292724609375,10.0,0.1,2.0,1659,0.07185245,False
9546,556,ok,True,False,20260908,5,analysis_activations,positive,False,5.866192849518345,6.526775877452214,0.026140783387337142,0.21233880597219415,0.16168111635975657,0.4608023502242519,0.6840122945368208,0.31598770546317917,0.31598770546317917,1.9130080677721826,2,8,634.8846142998846,370.7853885074889,264.09922579239566,264.09922579239566,281.5823669433594,383.11883544921875,1030.8171997070312,3653.875732421875,10.0,0.1,2.0,396,0.1796157,False
9552,4320,ok,True,False,20260908,5,analysis_activations,positive,False,5.6077354619634985,5.995996347527306,0.011278532236636352,0.06516407317024028,0.10620043425822868,0.2552725468401181,0.6098623513423619,0.39013764865763806,0.39013764865763806,1.9859618349041712,2,11,673.7675326244963,-775.6955466042043,1449.4630792287007,1449.4630792287007,233.3000946044922,293.3692321777344,537.3594696044922,1310.989501953125,10.0,0.1,2.0,2181,0.06818307,False
9556,523,ok,True,True,20260908,5,analysis_activations,positive,False,5.3643005855489525,5.8400302156506845,0.012023692770255464,0.09678559973601003,0.10965260038072724,0.3111038407606213,0.6787864900094707,0.3212135099905294,0.3212135099905294,2.039586864076635,2,11,229.14338591681457,-30.16253017243888,259.30591608925346,259.30591608925346,179.02163696289062,224.3300323486328,462.7531616210937,872.3886108398438,10.0,0.1,2.0,208,0.088764645,False
9563,676,ok,True,True,20260908,5,analysis_activations,positive,False,5.82117549271016,6.915828100664206,0.0937293269493649,0.24588019003300243,0.30615245703630223,0.49586307589192646,0.6715614003832036,0.3284385996167965,0.3284385996167965,2.6564484211421044,2,4,1325.4075730601717,1169.4283227246779,155.97925033549382,155.97925033549382,216.2625732421875,412.32847595214844,1739.2012023925781,3396.80419921875,10.0,0.1,2.0,497,0.40860212,False
9590,3182,ok,True,True,20260908,5,analysis_activations,positive,False,5.748497093146278,6.21180083966972,0.016291605857154674,0.078307356029546,0.12763857511408797,0.2798345154364379,0.6627955904138931,0.3372044095861069,0.3372044095861069,2.1302845847071836,2,8,1208.8922206066077,130.6797553181375,1078.2124652884702,1078.2124652884702,259.3702697753906,337.37432861328125,675.987759399414,1293.618408203125,10.0,0.1,2.0,348,0.0852031,False
9600,7203,ok,True,True,20260908,5,analysis_activations,positive,False,5.643774581321883,6.087878664996086,0.015269601862615579,0.07874396042823475,0.12357023048702134,0.28061354284537793,0.6241603149746809,0.37583968502531906,0.37583968502531906,2.0483516215738247,2,11,2735.9456329752447,388.18945907823047,2347.7561738970144,2347.7561738970144,236.2629852294922,307.57135009765625,612.0965393066405,1232.4681396484375,10.0,0.1,2.0,881,0.08540281,False
9622,2075,ok,True,True,20260908,5,analysis_activations,positive,False,5.7782264453881185,6.352686053375495,0.016418522615729663,0.1370756015305343,0.12813478300496575,0.37023722331842096,0.5536085335815069,0.4463914664184931,0.4463914664184931,2.073617349377036,2,14,1992.513442125563,1149.1886820484656,843.3247600770974,843.3247600770974,270.4478759765625,368.80047607421875,915.6175170898438,2094.6708984375,10.0,0.1,2.0,1182,0.15190369,False
9637,4761,ok,True,False,20260908,5,analysis_activations,positive,False,5.737940244216474,6.19700176124028,0.013406237179102533,0.10778892684203932,0.11578530640414841,0.3283122398602271,0.6480833028969357,0.3519166971030643,0.3519166971030643,1.8648471448562642,2,11,2305.353903237941,107.45605076437569,2197.8978524735653,2197.8978524735653,263.9598388671875,330.95831298828125,688.7993774414062,2183.257080078125,10.0,0.1,2.0,1425,0.09470314,False
9658,10667,ok,True,True,20260908,5,analysis_activations,positive,False,5.7720772329440715,6.64735992297926,0.05835845513452918,0.16399790246237222,0.2415749472410771,0.4049665448680572,0.5067891378199365,0.4932108621800635,0.4932108621800635,2.625055935684091,2,11,17516.680663838506,15642.561627339113,1874.1190364993927,1874.1190364993927,224.52064514160156,457.36431884765625,1312.0035644531242,3151.303466796875,10.0,0.1,2.0,641,0.30198345,False
9662,1786,ok,True,True,20260908,5,analysis_activations,positive,False,5.764485512853186,6.107844256710605,0.011062920800669515,0.04509963651250803,0.10518042023432649,0.21236675001635266,0.5759839790085388,0.4240160209914612,0.4240160209914612,2.0489892123346785,2,8,-120.0289757474068,-499.8831408700796,379.85416512267284,379.85416512267284,271.82135009765625,347.7724914550781,583.382080078125,919.748046875,10.0,0.1,2.0,1109,0.054317433,False
9736,2804,ok,True,True,20260908,5,analysis_activations,positive,False,5.736828489863328,6.372479397435582,0.01767292008447953,0.16313096292785054,0.13293953544555331,0.4038947423869869,0.6622633522568123,0.3377366477431876,0.3377366477431876,2.1141207683194105,2,12,2784.740463348896,1138.4243958937902,1646.3160674551057,1646.3160674551057,257.8194885253906,332.1959533691406,934.566302490234,2041.4722900390625,10.0,0.1,2.0,1112,0.15722883,False
9740,1241,ok,True,False,20260908,5,analysis_activations,positive,False,5.831271863112426,6.449604130227636,0.013558583628761178,0.1992646559695244,0.11644133127356959,0.4463906987936962,0.6174759965553568,0.38252400344464316,0.38252400344464316,1.8955156886881506,2,14,1372.3317205480428,558.3226758567396,814.0090446913032,814.0090446913032,290.5838928222656,369.6202087402344,1105.7744140625,3118.85693359375,10.0,0.1,2.0,707,0.17504284,False
9763,14025,ok,True,False,20260908,5,analysis_activations,positive,False,5.664780366076312,6.121038708695836,0.015347396699118065,0.09339498114767063,0.12388461042081887,0.3056059245951731,0.6338909585083873,0.3661090414916128,0.3661090414916128,1.9567097258726367,2,10,6392.370502596151,1178.538831571103,5213.831671025047,5213.831671025047,240.8024444580078,311.4404296875,640.2158569335937,1730.9833984375,10.0,0.1,2.0,3533,0.09223771,False
9764,7667,ok,True,True,20260908,5,analysis_activations,positive,False,5.589109519593219,6.460184421492831,0.019681885797811518,0.280936743715753,0.1402921444622311,0.5300346627492895,0.37303408535395116,0.6269659146460489,0.37303408535395116,2.2467903671938867,2,20,13962.885820787507,11348.930649125034,2613.9551716624737,2613.9551716624737,219.8637237548828,404.12054443359375,1424.6932250976563,3393.7216796875,10.0,0.1,2.0,2955,0.36098707,False
9791,591,ok,True,True,20260908,5,analysis_activations,positive,False,5.70848007917649,6.321410852179914,0.019572070281638806,0.12678981658702254,0.13990021544529088,0.35607557707181003,0.4513573267300685,0.5486426732699314,0.4513573267300685,2.2657522723161154,2,13,647.6641662312255,514.7276266003249,132.9365396309006,132.9365396309006,242.46368408203125,385.601806640625,970.575439453125,1377.276123046875,10.0,0.1,2.0,400,0.17171815,False
9844,6641,ok,True,True,20260908,5,analysis_activations,positive,False,5.479253429905462,5.848166756837958,0.013244585444452589,0.045284895952268804,0.11508512260258746,0.2128024810763935,0.6203115041002765,0.37968849589972353,0.37968849589972353,2.156512620682646,2,6,-106.80715775849612,-1540.6093290594288,1433.8021713009327,1433.8021713009327,201.8548583984375,260.72216796875,437.1748046875,800.9133911132812,10.0,0.1,2.0,2257,0.0574717,False
9848,1891,ok,True,True,20260908,5,analysis_activations,positive,False,5.847757199234287,7.111141374684864,0.170966822559505,0.08972810849230262,0.41348134487483834,0.29954650472389527,0.33061791757579456,0.6693820824242055,0.33061791757579456,3.499323853909231,2,3,3953.072455982362,3264.6270935936427,688.4453623887193,688.4453623887193,195.65415954589844,1026.987060546875,1873.76171875,2257.273193359375,10.0,0.1,2.0,1231,0.47007564,False
9859,730,ok,True,True,20260908,5,analysis_activations,positive,False,6.169983168281263,6.856559371679764,0.07885966879317895,0.05615464694224134,0.28081963747782834,0.23696971735274813,0.3164843803720378,0.6835156196279623,0.3164843803720378,2.642492934464786,2,4,770.8889210024349,690.7666996331948,80.12222136924015,80.12222136924015,302.208251953125,811.2734375,1334.4745727539062,1668.2998046875,10.0,0.1,2.0,609,0.1655377,False
9865,1249,ok,True,True,20260908,5,analysis_activations,positive,False,5.8823282568228406,6.494872870479363,0.03504435320969786,0.09845240609957379,0.18720137074737955,0.3137712639799473,0.5970665884264621,0.40293341157353785,0.40293341157353785,2.3709225187415903,2,5,1196.407054579992,983.1816551653355,213.22539941465652,213.22539941465652,271.29400634765625,424.37750244140625,966.5636108398432,1592.7421875,10.0,0.1,2.0,732,0.15098104,False
9889,2213,ok,True,True,20260908,5,analysis_activations,positive,False,5.744567344327284,6.625622469721084,0.04426580749778939,0.13328340266730412,0.21039440937864626,0.36507999488783843,0.47758198850160966,0.5224180114983904,0.47758198850160966,2.9570502690051597,2,11,3513.397770232459,3028.9455045531467,484.4522656793124,484.4522656793124,230.6967010498047,461.50341796875,1192.5840576171877,2226.9169921875,10.0,0.1,2.0,1614,0.28457236,False
9903,2803,ok,True,False,20260908,5,analysis_activations,positive,False,5.731247135298769,6.157475187017337,0.012559261221078729,0.0865655941100392,0.11206810974170453,0.2942203155970695,0.5929516818764996,0.4070483181235004,0.4070483181235004,1.9145457270554875,2,12,1110.776943845062,98.6955519555855,1012.0813918894765,1012.0813918894765,263.1954040527344,335.5377502441406,676.2862426757815,1443.5616455078125,10.0,0.1,2.0,1083,0.08656128,False
9908,4240,ok,True,True,20260908,5,analysis_activations,positive,False,5.632877119743973,6.005098860413368,0.011891129525433093,0.05055147078014134,0.10904645581325921,0.22483654235942463,0.648338775658944,0.3516612243410561,0.3516612243410561,2.1065716902299814,2,7,-91.53753873492163,-1304.467565149412,1212.9300264144904,1212.9300264144904,237.62277221679688,298.53285217285156,516.0252502441406,935.647705078125,10.0,0.1,2.0,577,0.05708748,False
9920,4107,ok,True,True,20260908,5,analysis_activations,positive,False,5.739142364218632,6.490076014436246,0.03502385778959298,0.22369870884736726,0.18714662110119162,0.4729679786701921,0.6457793976732707,0.3542206023267292,0.3542206023267292,2.0878505502789055,2,11,5650.937527792993,3921.8587081356454,1729.0788196573476,1729.0788196573476,238.83660888671875,347.6647644042969,1129.977783203124,2586.53076171875,10.0,0.1,2.0,429,0.23090348,False
9954,3906,ok,True,True,20260908,5,analysis_activations,positive,False,5.7303078928707505,6.07605413282738,0.008684096149693305,0.049647753471580215,0.09318849794740393,0.2228177584295745,0.5479105546307804,0.4520894453692196,0.4520894453692196,2.024508431686501,2,13,-101.07733958416867,-1211.5736267480916,1110.496287163923,1110.496287163923,268.3843994140625,338.2060546875,572.9129791259766,1143.7291259765625,10.0,0.1,2.0,1769,0.05682756,False
9958,1269,ok,True,False,20260908,5,analysis_activations,positive,False,5.756389470106533,6.472731595491745,0.031494394917041896,0.2485361204054664,0.1774666022581204,0.49853397116492115,0.7547409716217095,0.24525902837829044,0.24525902837829044,1.9144005446491335,2,9,1437.4451881148095,739.3392834412273,698.1059046735822,698.1059046735822,248.16122436523438,327.96148681640625,983.0449707031249,2381.86572265625,10.0,0.1,2.0,651,0.17985359,False
9964,3527,ok,True,True,20260908,5,analysis_activations,positive,False,5.862383435952862,6.356041468554566,0.016658774970767565,0.07148482335273176,0.12906887684785812,0.2673664589149727,0.5857343430930704,0.4142656569069296,0.4142656569069296,2.351504520366522,2,11,1851.1347654908632,848.7491426366728,1002.3856228541904,1002.3856228541904,290.50775146484375,395.22808837890625,807.9890136718749,1196.390869140625,10.0,0.1,2.0,1247,0.09853147,False
9977,660,ok,True,True,20260908,5,analysis_activations,positive,False,5.433611517720617,5.867391675370324,0.020581228934182946,0.061917003919382714,0.14346159393434518,0.24883127600722285,0.6489323040147581,0.35106769598524196,0.35106769598524196,2.1358087290819254,2,5,201.95015279703492,89.15381068094425,112.79634211609067,112.79634211609067,183.7913818359375,251.32110595703125,471.15388183593745,815.746337890625,10.0,0.1,2.0,547,0.07807779,False
10000,5432,ok,True,True,20260908,5,analysis_activations,positive,False,5.7755406469908985,6.406327796002125,0.03448909123959095,0.15574097754204932,0.1857123884925046,0.3946403141368724,0.658990704905885,0.341009295094115,0.341009295094115,2.045305811048781,2,7,5653.383506039123,3992.3894233794535,1660.9940826596694,1660.9940826596694,247.77935791015625,358.4079284667969,922.1030517578118,2129.22998046875,10.0,0.1,2.0,1183,0.16528183,False
10035,2808,ok,True,True,20260908,5,analysis_activations,positive,False,5.672012541362972,6.011807114480942,0.01200124374972197,0.04221039233360208,0.10955018826876552,0.20545167882887228,0.6172653213422818,0.38273467865771815,0.38273467865771815,2.063883500444116,2,6,-380.610617250953,-942.8731491687838,562.2625319178308,562.2625319178308,245.3468017578125,314.89453125,508.9763610839844,855.2127685546875,10.0,0.1,2.0,1691,0.05085789,False
10043,1698,ok,True,True,20260908,5,analysis_activations,positive,False,5.7117593439748715,6.140207990369819,0.011776808702676592,0.07324515062082747,0.10852100581305259,0.2706384130548128,0.5798642358695213,0.42013576413047865,0.42013576413047865,2.078012800231373,2,12,593.4865402061866,16.805454794907824,576.6810854112788,576.6810854112788,257.66998291015625,332.3373260498047,641.6270263671871,1178.852783203125,10.0,0.1,2.0,849,0.082370535,False
10044,5219,ok,True,True,20260908,5,analysis_activations,positive,False,5.671440400423431,6.010530933036103,0.009760800001146739,0.045223263170961356,0.09879676108631669,0.2126576195930006,0.6306374041968396,0.36936259580316055,0.36936259580316055,2.045089162935834,2,9,-844.270692978236,-2380.8159153532793,1536.5452223750433,1536.5452223750433,251.0592498779297,310.212158203125,514.6796447753906,888.3350219726562,10.0,0.1,2.0,842,0.04965094,False
10046,6670,ok,True,True,20260908,5,analysis_activations,positive,False,5.73337252295422,6.819229370679123,0.13603142542603391,0.11913112537116745,0.36882438290605724,0.3451537706170504,0.40614560611142375,0.5938543938885762,0.40614560611142375,3.0400386477539163,2,3,13005.458010469685,11979.608831198879,1025.8491792708064,1025.8491792708064,168.88784790039062,645.7051696777344,1469.7812988281246,2151.357177734375,10.0,0.1,2.0,1958,0.4104417,False
10050,1075,ok,True,False,20260908,5,analysis_activations,positive,False,5.67036957569328,6.440639894291115,0.015693749183734965,0.2832633415253769,0.12527469490577484,0.5322248975060984,0.47707939557408796,0.522920604425912,0.47707939557408796,1.9922953978535727,2,17,1783.3288494807937,1235.640348089651,547.6885013911426,547.6885013911426,245.77447509765625,354.1957092285156,1320.9017089843749,4121.029296875,10.0,0.1,2.0,664,0.30391082,False
10061,5274,ok,True,True,20260908,5,analysis_activations,positive,False,5.610802906006139,6.598526356585336,0.024925678493909094,0.33620452268990314,0.1578786828356162,0.5798314605899745,0.5168064961232617,0.48319350387673826,0.48319350387673826,2.32444062880341,2,18,10395.786202917454,7391.571410123257,3004.214792794197,3004.214792794197,222.04501342773438,343.3413391113281,1671.6728454589838,3327.435302734375,10.0,0.1,2.0,839,0.4190354,False
10066,5778,ok,True,True,20260908,5,analysis_activations,positive,False,5.732865862708387,6.125070875046512,0.01418906254578415,0.04742485868193366,0.11911785149919449,0.21777249294144949,0.6046405969278978,0.39535940307210227,0.39535940307210227,2.2345429824799283,2,7,540.6159203045702,-693.6921722944429,1234.308092599013,1234.308092599013,259.13427734375,341.3094787597656,590.268743896484,1022.7446899414062,10.0,0.1,2.0,2223,0.06411116,False
10069,1468,ok,True,False,20260908,5,analysis_activations,positive,False,5.71729026265671,6.48013856984483,0.03707391904005837,0.29232699682463914,0.19254588814113474,0.5406727261704988,0.562587871979134,0.43741212802086604,0.43741212802086604,1.8797097041105328,2,12,2373.1172049190395,1844.6827632473164,528.4344416717231,528.4344416717231,231.02105712890625,363.6072082519531,1267.308374023437,3973.1875,10.0,0.1,2.0,904,0.29212743,False
10071,1285,ok,True,True,20260908,5,analysis_activations,positive,False,5.586714678278424,6.07802917181885,0.01297258352806152,0.10689498184842673,0.113897249870493,0.3269479803400332,0.675575225200604,0.32442477479939597,0.32442477479939597,2.0068907506472273,2,10,654.368309778374,-14.515539350602815,668.8838491289769,668.8838491289769,228.71987915039062,282.3541259765625,614.289660644531,1202.244140625,10.0,0.1,2.0,540,0.09642398,False
10081,2674,ok,True,True,20260908,5,analysis_activations,positive,False,5.7546803737746295,6.384575331327431,0.023228817672139655,0.15566797557684736,0.15241003140259388,0.3945478115220605,0.5798496835564122,0.42015031644358775,0.42015031644358775,2.1061138866147227,2,13,2951.717783729588,1956.3725736724737,995.3452100571144,995.3452100571144,253.56593322753906,362.0066223144531,1006.9824523925781,1906.2864990234375,10.0,0.1,2.0,922,0.17559981,False
10099,17974,ok,True,True,20260908,5,analysis_activations,positive,False,5.406440744912544,5.904428929490206,0.01823747757108884,0.07895807489379705,0.13504620531910122,0.28099479513648834,0.5718684837467177,0.4281315162532824,0.4281315162532824,2.258971960010882,2,12,10509.331042224565,5707.4007941051705,4801.9302481193945,4801.9302481193945,182.49786376953125,254.2189178466797,524.0982604980464,925.736083984375,10.0,0.1,2.0,5080,0.1049559,False
10107,1204,ok,True,True,20260908,5,analysis_activations,positive,False,5.645887628984267,6.335245730035567,0.037528701067199396,0.17016145456999685,0.19372325897320486,0.4125063085214538,0.5300654615374336,0.4699345384625664,0.4699345384625664,2.1392026383439178,2,11,1598.2578559791268,1342.3412600780157,255.91659590111112,255.91659590111112,209.3321075439453,351.78907775878906,968.8152099609373,1910.75634765625,10.0,0.1,2.0,760,0.21841218,False
10136,2245,ok,True,True,20260908,5,analysis_activations,positive,False,5.766959098190213,6.399696307527483,0.026072390252781574,0.14940451352415424,0.16146947158141559,0.38652880038123194,0.6919855342877592,0.3080144657122409,0.3080144657122409,2.1361335011656077,2,9,2118.3150761993525,1164.085380423146,954.2296957762064,954.2296957762064,255.53631591796875,345.68212890625,877.9883911132803,1863.435302734375,10.0,0.1,2.0,1063,0.14945874,False
10146,1426,ok,True,True,20260908,5,analysis_activations,positive,False,5.78383305592,6.426851249025858,0.03654669018654224,0.09540619402413851,0.19117188649626868,0.30887893101365543,0.6785215753355595,0.32147842466444054,0.32147842466444054,2.5033917394902243,2,4,1314.1626295181945,1000.7171431749092,313.4454863432853,313.4454863432853,245.853271484375,366.8501281738281,885.0952911376953,1393.9522705078125,10.0,0.1,2.0,966,0.14576077,False
10169,8463,ok,True,False,20260908,5,analysis_activations,positive,False,5.550086518127679,5.93918516966819,0.009199485024868479,0.07409012525595657,0.09591394593524176,0.27219501328267676,0.5945968324786456,0.40540316752135436,0.40540316752135436,1.9066865743293626,2,13,1768.1334672565201,-1771.9775959930366,3540.1110632495565,3540.1110632495565,223.50448608398438,275.9320068359375,521.1521057128905,1222.3853759765625,10.0,0.1,2.0,3202,0.07200792,False
10172,8969,ok,True,False,20260908,5,analysis_activations,positive,False,5.613082306129081,6.12473130953049,0.021122206449117303,0.1127665155911363,0.14533480811256919,0.3358072595867104,0.5997298036539225,0.4002701963460776,0.4002701963460776,1.97749380774386,2,10,6502.643451892696,3774.8262464601576,2727.8172054325387,2727.8172054325387,222.13134765625,306.4819641113281,675.0894653320316,1899.2099609375,10.0,0.1,2.0,999,0.12065979,False
10176,4412,ok,True,True,20260908,5,analysis_activations,positive,False,5.7657541117651885,6.575988001866687,0.04852731896124148,0.18647376595196952,0.22028917123009356,0.4318260829917173,0.559075638743414,0.4409243612565859,0.4409243612565859,2.3636897336590965,2,11,6779.942005254767,5734.261104236321,1045.6809010184452,1045.6809010184452,233.6224365234375,405.4306640625,1248.353039550781,2567.836669921875,10.0,0.1,2.0,289,0.27124086,False
10207,1339,ok,True,True,20260908,5,analysis_activations,positive,False,5.788141738247868,6.340043382505365,0.027090185856843564,0.10429174483407222,0.16459096529531494,0.3229423243151511,0.6836671752542903,0.3163328247457097,0.3163328247457097,2.1533214468738975,2,5,945.7744447370238,574.0185264745494,371.75591826247444,371.75591826247444,258.0220642089844,356.1747131347656,825.94892578125,1371.79736328125,10.0,0.1,2.0,712,0.11747209,False
10270,4782,ok,True,True,20260908,5,analysis_activations,positive,False,5.554856436309677,5.924250279961171,0.01133809004253959,0.05033027272355122,0.10648046789218946,0.2243440944699709,0.559490843717557,0.440509156282443,0.440509156282443,2.1036497921770523,2,11,301.8019052904073,-826.8590203825282,1128.6609256729355,1128.6609256729355,220.51416015625,286.55316162109375,495.454473876953,883.096923828125,10.0,0.1,2.0,2531,0.062156487,False
10282,2110,ok,True,True,20260908,5,analysis_activations,positive,False,5.653230109826515,6.083421494713612,0.01672903165318237,0.05056411424908916,0.12934075789627325,0.22486465762562413,0.631312158210388,0.3686878417896121,0.3686878417896121,2.345261589804404,2,5,459.7545814811044,19.373598296340248,440.3809831847642,440.3809831847642,233.5640869140625,313.04205322265625,573.9197662353514,842.013916015625,10.0,0.1,2.0,1379,0.07231199,False
10295,1001,ok,True,True,20260908,5,analysis_activations,positive,False,5.668645668497367,6.390393239163799,0.05084769485767038,0.09950344129140822,0.22549433442477082,0.31544166067818025,0.5625060319857571,0.43749396801424295,0.43749396801424295,2.6323702350492053,2,4,1245.125121034134,1121.6504785870598,123.4746424470743,123.4746424470743,203.1951904296875,370.67987060546875,891.512939453125,1288.260498046875,10.0,0.1,2.0,158,0.20052817,False
10302,3994,ok,True,True,20260908,5,analysis_activations,positive,False,5.674555307278174,6.964660263580211,0.10726518369922401,0.17494312658477032,0.32751363895145497,0.4182620310101914,0.666291987550772,0.333708012449228,0.333708012449228,3.4344337424079288,2,3,8581.970546232833,7307.137446864764,1274.8330993680693,1274.8330993680693,179.05369567871094,364.94810485839844,1650.2374389648432,2384.5185546875,10.0,0.1,2.0,1834,0.5000415,False
10316,13895,ok,True,False,20260908,5,analysis_activations,positive,False,5.700117990666776,6.242148585841839,0.020913175971800663,0.12803767563436624,0.14461388581944912,0.3578235258257431,0.6299273950259587,0.3700726049740414,0.3700726049740414,1.9861740515413513,2,10,11000.133909289885,5792.9902920683435,5207.143617221542,5207.143617221542,243.43247985839844,328.837158203125,767.8289978027344,1974.7275390625,10.0,0.1,2.0,3053,0.12905425,False
10325,869,ok,True,False,20260908,5,analysis_activations,positive,False,5.500068131409029,5.873536720010904,0.008140126700216313,0.07460774328795253,0.09022265070488848,0.27314418040286437,0.6065378623142004,0.39346213768579963,0.39346213768579963,1.8360760536472098,2,13,138.1553863474859,-243.56337167159234,381.7187580190782,381.7187580190782,214.9283905029297,261.44586181640625,482.17385864257767,998.7523803710938,10.0,0.1,2.0,163,0.06765582,False
10388,10489,ok,True,False,20260908,5,analysis_activations,positive,False,5.497578511338873,5.828439991735859,0.009279195023959703,0.05197202724217904,0.09632857843838298,0.22797374244017454,0.641623734272725,0.35837626572727493,0.35837626572727493,1.8906181669457276,2,8,-1689.8109063427441,-5236.022294166428,3546.2113878236837,3546.2113878236837,212.27268981933594,257.40692138671875,430.68027343750003,972.2020263671875,10.0,0.1,2.0,3360,0.049754623,False
10393,1559,ok,True,True,20260908,5,analysis_activations,positive,False,6.234496727170329,7.363182135121533,0.20465556395918758,0.04056136965352876,0.45238873102585964,0.2013985343877377,0.6128566846782006,0.3871433153217993,0.3871433153217993,3.223388703052502,2,12,3170.9884474629507,2753.516072795522,417.47237466742854,417.47237466742854,247.68698120117188,801.576171875,2010.6769531249993,2529.6298828125,10.0,0.1,2.0,813,0.44366804,False
10419,6522,ok,True,True,20260908,5,analysis_activations,positive,False,5.675722703675502,6.233132170125797,0.028087058499311174,0.09020742875860495,0.16759194043661876,0.30034551562925815,0.5952826099822207,0.4047173900177793,0.4047173900177793,2.2919602684252243,2,7,5122.976920641249,3779.579221074059,1343.39769956719,1343.39769956719,228.09840393066406,336.81756591796875,730.5656524658203,1372.6866455078125,10.0,0.1,2.0,381,0.12810251,False
10423,1029,ok,True,True,20260908,5,analysis_activations,positive,False,5.644090091702269,5.987993703281419,0.0062065406078494765,0.04509898116793836,0.07878160069362311,0.21236520705600143,0.5522438100977024,0.44775618990229754,0.44775618990229754,2.147186065869413,2,15,-91.23596422210306,-468.5687748492214,377.33281062711836,377.33281062711836,251.32418823242188,306.8503723144531,533.062109375,770.7161865234375,10.0,0.1,2.0,143,0.05291561,False
10429,8997,ok,True,False,20260908,5,analysis_activations,positive,False,5.631293185049789,6.070935768499345,0.013069864281632116,0.08592600257279791,0.11432350712619044,0.2931313742552951,0.6073084663370154,0.3926915336629846,0.3926915336629846,1.9760877121837959,2,12,3661.034944156761,270.5898171873049,3390.445126969456,3390.445126969456,236.2053985595703,303.1340637207031,605.3527343749998,1466.12158203125,10.0,0.1,2.0,1332,0.08778426,False
10454,1269,ok,True,True,20260908,5,analysis_activations,positive,False,5.724309755381132,6.321048872897787,0.013551145775011316,0.1329793230874218,0.11640938868927762,0.3646633009879412,0.5437586558623827,0.45624134413761736,0.45624134413761736,2.2046291016499024,2,19,1260.977261624078,669.1738812292681,591.8033803948099,591.8033803948099,259.2106628417969,350.62908935546875,954.4095703124995,1304.988037109375,10.0,0.1,2.0,630,0.15650424,False
10455,1014,ok,True,True,20260908,5,analysis_activations,positive,False,6.032235209809534,6.852118330746015,0.08748754204262077,0.09672148507508513,0.2957829306140244,0.31100077986250313,0.4614752980752905,0.5385247019247095,0.4614752980752905,2.701540539704028,2,4,1523.619526141498,1451.7170782116068,71.9024479298912,71.9024479298912,260.69677734375,659.0588684082031,1420.0336669921876,2043.3656005859375,10.0,0.1,2.0,788,0.25977007,False
10512,1444,ok,True,False,20260908,5,analysis_activations,positive,False,5.551667009164897,6.071630863988889,0.021007979087200746,0.12917175173954937,0.14494129531365707,0.3594047185827551,0.6800715288198554,0.3199284711801445,0.3199284711801445,1.8975030901583736,2,8,982.2231776428458,419.3713212633815,562.8518563794644,562.8518563794644,210.4837188720703,274.0084533691406,614.7849121093748,1473.136474609375,10.0,0.1,2.0,431,0.11451474,False
10547,563,ok,True,True,20260908,5,analysis_activations,positive,False,5.641458506595682,5.767508211928416,0.0010250809190035088,0.006395758109350901,0.0320168849047422,0.0799734837890091,0.5964779870000793,0.4035220129999207,0.4035220129999207,2.069332730771972,2,11,-1181.8814685202442,-1369.0117340114978,187.13026549125357,187.13026549125357,268.803955078125,288.47857666015625,351.944253540039,407.8442077636719,10.0,0.1,2.0,464,0.0070280004,False
10583,726,ok,True,True,20260908,5,analysis_activations,positive,False,6.403089331818746,7.215888797281659,0.18726472023687254,0.00719651233772452,0.4327409389425416,0.08483226000599371,0.6438061742568201,0.35619382574318,0.35619382574318,2.6066450097100557,2,16,1135.2234773996463,788.6458293144826,346.5776480851637,346.5776480851637,266.2061462402344,866.127685546875,1512.9679260253906,1828.5067138671875,10.0,0.1,2.0,610,0.27500176,False
10596,869,ok,True,False,20260908,5,analysis_activations,positive,False,5.605161055478342,6.588794488051205,0.02704311205082828,0.46790969680421307,0.16444790071882426,0.6840392509236681,0.5823240958749292,0.4176759041250708,0.4176759041250708,1.9772718466691932,2,18,1778.9767580864825,1189.3869114192275,589.589846667255,589.589846667255,217.38568115234375,316.082275390625,1969.1022949218739,3718.72998046875,10.0,0.1,2.0,525,0.4470227,False
10608,1417,ok,True,True,20260908,5,analysis_activations,positive,False,5.597708964629942,6.612949552612013,0.0333807598478245,0.18883890511298923,0.18270402252776075,0.4345559861663273,0.3438291978338326,0.6561708021661673,0.3438291978338326,3.0457392886876016,2,18,2618.9668759037104,2291.5991078870306,327.36776801667975,327.36776801667975,209.76968383789062,521.6822509765625,1314.4563720703125,3285.1904296875,10.0,0.1,2.0,622,0.3681873,False
10610,915,ok,True,False,20260908,5,analysis_activations,positive,False,5.706236507377344,6.0018164101665,0.006631503650870044,0.04835615446825744,0.08143404479006335,0.21990032848601532,0.5864300065035107,0.4135699934964894,0.4135699934964894,1.7826138969727319,2,12,-225.66478871042543,-533.4505674512151,307.7857787407896,307.7857787407896,265.872314453125,318.4873046875,511.4842193603516,1036.35888671875,10.0,0.1,2.0,264,0.04512502,False
10632,1060,ok,True,False,20260908,5,analysis_activations,positive,False,5.656660225386139,6.464066809346888,0.029863848386893432,0.3109481169496364,0.17281159795249112,0.5576272204166834,0.4878998026151636,0.5121001973848365,0.4878998026151636,1.9559145053750817,2,21,1868.1642613569888,1481.7181748725056,386.4460864844832,386.4460864844832,225.38088989257812,368.0804748535156,1372.5929260253904,3154.363037109375,10.0,0.1,2.0,621,0.33700538,False
10641,4017,ok,True,False,20260908,5,analysis_activations,positive,False,5.779284333278376,6.3334940329079465,0.022347929977739336,0.1324255714682733,0.1494922405268559,0.3639032446520274,0.5960235224429131,0.40397647755708677,0.40397647755708677,1.9922361503253367,2,12,3540.5274576946927,2201.6334867251812,1338.8939709695114,1338.8939709695114,261.986328125,363.8203125,862.7542480468749,2274.73583984375,10.0,0.1,2.0,1364,0.1408056,False
10650,1667,ok,True,True,20260908,5,analysis_activations,positive,False,5.937708652009277,6.81958837784443,0.06420104813324054,0.15057975761582834,0.2533792575039254,0.3880460766659397,0.650475511829089,0.3495244881709109,0.3495244881709109,2.6910800867513864,2,4,2570.372999993608,2202.8064405756104,367.5665594179977,367.5665594179977,259.6405029296875,455.98834228515625,1463.2430053710927,2204.081298828125,10.0,0.1,2.0,954,0.27137238,False
10669,1309,ok,True,False,20260908,5,analysis_activations,positive,False,5.999012677860593,6.703758374629377,0.06807419554245618,0.19599959589471364,0.2609103208814404,0.44271841603293804,0.6062449530602328,0.3937550469397671,0.3937550469397671,1.939477653738375,2,5,1844.6002809309828,1670.374137792438,174.22614313854478,174.22614313854478,264.32818603515625,486.77862548828125,1480.1625488281238,2557.391357421875,10.0,0.1,2.0,1048,0.23718607,False
10683,30898,ok,True,False,20260908,5,analysis_activations,positive,False,5.578234069881772,5.8653796153911895,0.0066278588831445075,0.03973884588684391,0.08141166306583171,0.19934604557613855,0.6358685749630005,0.36413142503699947,0.36413142503699947,1.885879610995655,2,9,-13520.058191095288,-24530.26465150023,11010.206460404943,11010.206460404943,234.828125,277.2063446044922,432.7826278686523,1113.3338623046875,10.0,0.1,2.0,4966,0.037776012,False
10693,4867,ok,True,False,20260908,5,analysis_activations,positive,False,5.696330277207891,6.031159897480005,0.009026564063851421,0.04734147065187642,0.09500823155838352,0.21758095195093807,0.5645027138929144,0.4354972861070856,0.4354972861070856,1.9944466397241323,2,11,-442.71244487739415,-1764.0558020428464,1321.3433571654523,1321.3433571654523,258.72509765625,324.54473876953125,546.4500549316405,964.509521484375,10.0,0.1,2.0,322,0.05328396,False
10732,5220,ok,True,False,20260908,5,analysis_activations,positive,False,5.7887091348589115,6.39213219018897,0.023311457464471576,0.162919707111525,0.15268090078484464,0.4036331343082788,0.6401629100172403,0.3598370899827596,0.3598370899827596,1.9774737072958264,2,11,5180.010169586492,2959.277439970935,2220.732729615557,2220.732729615557,263.072998046875,359.7376708984375,918.2819213867192,2476.4404296875,10.0,0.1,2.0,1766,0.15745327,False
10749,1026,ok,True,False,20260908,5,analysis_activations,positive,False,5.655407591178858,6.11160518022673,0.013316798864451359,0.10300655355987587,0.11539843527730936,0.3209463406239053,0.6656045786843037,0.3343954213156965,0.3343954213156965,1.891622750301678,2,12,450.7399837051923,-21.03007105870165,471.77005476389394,471.77005476389394,245.4488983154297,302.6882781982422,615.0892639160156,1520.4224853515625,10.0,0.1,2.0,503,0.08971658,False
10750,12902,ok,True,False,20260908,5,analysis_activations,positive,False,5.48551482638604,5.846838866082348,0.012160843355444102,0.05686480287497297,0.11027621391507827,0.23846342041280244,0.6279403272071843,0.3720596727928158,0.3720596727928158,1.9449418187281622,2,7,181.90944348039426,-3416.0348086551785,3597.9442521355727,3597.9442521355727,204.6772003173828,258.666015625,445.38277282714824,1128.021728515625,10.0,0.1,2.0,3435,0.059298646,False
10764,15695,ok,True,True,20260908,5,analysis_activations,positive,False,5.31280914670995,6.042337398030344,0.02392476464486892,0.23233875684470595,0.15467632218561742,0.48201530768711687,0.6436879500311559,0.35631204996884414,0.35631204996884414,2.038044759538693,2,13,20813.31399234285,11782.210294347922,9031.103697994928,9031.103697994928,164.31845092773438,222.22604370117188,768.6837524414051,1693.2947998046875,10.0,0.1,2.0,4566,0.22026259,False
10787,756,ok,True,True,20260908,5,analysis_activations,positive,False,5.6453208529255745,6.415518341205848,0.02268078352966377,0.21693525431782262,0.15060140613441753,0.46576308818735584,0.6020884142219206,0.39791158577807934,0.39791158577807934,2.2251492923996867,2,15,1086.3603279110062,682.1791273813078,404.18120052969834,404.18120052969834,231.9459228515625,320.0632629394531,1128.6214294433594,2234.942626953125,10.0,0.1,2.0,607,0.24241525,False
10845,6231,ok,True,True,20260908,5,analysis_activations,positive,False,5.583122937678549,6.012840899726576,0.01222050243912113,0.06660066270383232,0.1105463813931561,0.2580710419706797,0.5491640154277764,0.4508359845722237,0.4508359845722237,2.1645971388202647,2,13,2150.740541506336,314.2845963119675,1836.4559451943683,1836.4559451943683,225.60325622558594,298.1824951171875,569.1429443359375,938.9912109375,10.0,0.1,2.0,506,0.08246711,False
10884,14636,ok,True,False,20260908,5,analysis_activations,positive,False,5.328946247208339,5.541703606332561,0.0042951604706854074,0.018800295945450744,0.06553747378931696,0.1371141712057902,0.6392745008294044,0.3607254991705956,0.3607254991705956,1.9798683547631277,2,7,-15727.71154448317,-19719.696063289528,3991.9845188063573,3991.9845188063573,186.7169189453125,214.1015625,294.1177215576172,457.599609375,10.0,0.1,2.0,3480,0.019966265,False
10906,1723,ok,True,True,20260908,5,analysis_activations,positive,False,5.813266875642045,6.422840346654492,0.02953750300629436,0.10116412762952227,0.17186478116907594,0.31806308749919765,0.617534681736729,0.38246531826327096,0.38246531826327096,2.384517713121759,2,7,1573.763898092227,1152.8302855005932,420.93361259163385,420.93361259163385,259.2217102050781,383.65057373046875,914.7123901367187,1393.500244140625,10.0,0.1,2.0,738,0.14477701,False
10910,857,ok,True,True,20260908,5,analysis_activations,positive,False,5.854883553221324,6.638715392578326,0.047569864928499475,0.08188124776387061,0.2181051694217711,0.2861489957415028,0.6061826544344041,0.3938173455655959,0.3938173455655959,3.0809525130765594,2,3,1098.8699827720861,927.4192496153744,171.45073315671175,171.45073315671175,255.728271484375,438.25714111328125,1084.6721679687498,1397.1826171875,10.0,0.1,2.0,542,0.20799492,False
10919,11331,ok,True,True,20260908,5,analysis_activations,positive,False,5.757113234099463,6.184096276506053,0.014798678855008678,0.07229122354758812,0.12164982061231606,0.26887027271081515,0.616841029180136,0.38315897081986405,0.38315897081986405,2.0461700487737056,2,9,3543.744192591263,129.74447257485167,3413.9997200164116,3413.9997200164116,264.900634765625,345.729248046875,659.3717651367188,1447.2010498046875,10.0,0.1,2.0,1452,0.07992317,False
10920,15137,ok,True,True,20260908,5,analysis_activations,positive,False,5.486345184216873,5.844357583674455,0.012014987340690998,0.0366031129518156,0.10961289769315925,0.19131940035400383,0.5967375724811446,0.4032624275188554,0.4032624275188554,2.2962230573677846,2,6,-1553.0984758013456,-4503.446284948371,2950.347809147025,2950.347809147025,204.550537109375,265.1188049316406,434.8839660644531,697.733642578125,10.0,0.1,2.0,3927,0.052776694,False
10926,3986,ok,True,True,20260908,5,analysis_activations,positive,False,6.039583923230806,7.025256389004276,0.11284939943980803,0.1412344340734497,0.3359306467707405,0.3758117002881226,0.6176303611665341,0.3823696388334659,0.3823696388334659,2.765407307682182,2,4,7179.439654010356,6666.6653166309925,512.7743373793637,512.7743373793637,237.375,573.3267822265625,1708.714599609375,2393.82958984375,10.0,0.1,2.0,2828,0.35323513,False
10938,13637,ok,True,True,20260908,5,analysis_activations,positive,False,5.699038110900084,6.4019623618464125,0.02524386186549189,0.1818169161161797,0.15888317049169143,0.4263999485414834,0.5358937822043801,0.46410621779561984,0.46410621779561984,2.1846134537252926,2,16,18120.41304335776,13085.105087296963,5035.307956060797,5035.307956060797,237.8125,357.86273193359375,1064.5042236328122,2504.02294921875,10.0,0.1,2.0,1248,0.22081508,False
10946,14170,ok,True,False,20260908,5,analysis_activations,positive,False,5.640639443144481,6.128264247503086,0.017622343714259348,0.11398695372242874,0.13274917594568844,0.3376195399002089,0.6364983267645686,0.3635016732354314,0.3635016732354314,1.900892256447847,2,10,8650.62911282232,3196.94397541948,5453.68513740284,5453.68513740284,232.4203338623047,304.12677001953125,659.1909484863279,1643.227783203125,10.0,0.1,2.0,2921,0.107671976,False
10951,21719,ok,True,True,20260908,5,analysis_activations,positive,False,5.519561227521045,5.902157063105307,0.013106227520467627,0.04767578839848821,0.11448243323963563,0.21834786098903788,0.6121819148657334,0.3878180851342667,0.3878180851342667,2.194662214368486,2,7,1004.3869828838049,-4136.743960716097,5141.130943599902,5141.130943599902,209.76153564453125,271.810302734375,472.8052246093748,837.878662109375,10.0,0.1,2.0,2407,0.061267022,False
10968,4279,ok,True,True,20260908,5,analysis_activations,positive,False,5.778818296681626,6.395064437014518,0.024756685146661087,0.15296253974916302,0.15734257258180662,0.39110425687936845,0.5971587927332777,0.4028412072667224,0.4028412072667224,2.0672928607689087,2,12,4520.968550946127,2979.4707662419705,1541.4977847041564,1541.4977847041564,259.131591796875,365.71331787109375,966.5111450195312,2217.94873046875,10.0,0.1,2.0,718,0.16779655,False
10996,4938,ok,True,False,20260908,5,analysis_activations,positive,False,5.553960633088361,5.848932411530773,0.006637772725984641,0.03745121444549725,0.08147252743093614,0.19352316255553817,0.598784633127599,0.40121536687240095,0.40121536687240095,1.9866913615127688,2,10,-1876.3981643058223,-3445.2862782013744,1568.8881138955521,1568.8881138955521,228.45664978027344,274.2236328125,430.39800720214834,846.5103149414062,10.0,0.1,2.0,2461,0.03991074,False
11000,8937,ok,True,False,20260908,5,analysis_activations,positive,False,5.506861713781095,5.755426238138429,0.004645754008095856,0.029355241272952526,0.0681597682514829,0.171333713182644,0.5923536690372291,0.4076463309627709,0.4076463309627709,1.9063749740893081,2,11,-6066.723856245991,-9080.404806274155,3013.6809500281643,3013.6809500281643,222.5192413330078,258.88629150390625,383.3660034179684,996.6729125976562,10.0,0.1,2.0,3060,0.029639972,False
11016,3183,ok,True,True,20260908,5,analysis_activations,positive,False,5.797842728399109,6.473804596778573,0.018379442290327425,0.15991579765663022,0.13557080176176367,0.39989473321941893,0.4826450024370436,0.5173549975629563,0.4826450024370436,2.263952554662039,2,18,4015.6452323774356,2845.2274551058717,1170.4177772715639,1170.4177772715639,271.02117919921875,409.4996337890625,1193.1270263671872,1753.1884765625,10.0,0.1,2.0,1273,0.20576096,False
11026,1602,ok,True,True,20260908,5,analysis_activations,positive,False,5.752149392937983,6.377275976499475,0.02975415006041705,0.05698744054733145,0.1724939131112082,0.23872042339802318,0.5560450705989441,0.44395492940105585,0.44395492940105585,3.001713750615655,2,5,1391.8895563786598,1088.3283968049154,303.56115957374436,303.56115957374436,243.52621459960938,392.2979278564453,786.4850921630858,1202.3740234375,10.0,0.1,2.0,424,0.1383984,False
11039,5606,ok,True,True,20260908,5,analysis_activations,positive,False,5.628427165379136,6.100195435520194,0.01974141871544278,0.05519605792474165,0.14050415906813143,0.23493841304635912,0.5825625407188967,0.4174374592811034,0.4174374592811034,2.437216969801326,2,6,2343.6617618516575,1302.9826310998171,1040.6791307518404,1040.6791307518404,224.998779296875,318.8332824707031,595.3453521728516,877.7504272460938,10.0,0.1,2.0,1363,0.08868043,False
11043,2010,ok,True,True,20260908,5,analysis_activations,positive,False,5.842686136239319,6.717205632498438,0.033377620217464314,0.14621797153918156,0.18269543020410858,0.3823845859068872,0.5114628959187099,0.4885371040812901,0.4885371040812901,2.9183451722093356,2,17,3157.8023928621424,2503.433446420045,654.3689464420972,654.3689464420972,267.73138427734375,462.39996337890625,1357.5428771972656,1712.340087890625,10.0,0.1,2.0,782,0.27973834,False
11049,863,ok,True,True,20260908,5,analysis_activations,positive,False,5.91119333956126,7.790309504728931,0.12622987429600843,0.1098203787681586,0.3552884381682134,0.33139157920526374,0.7108364908572499,0.2891635091427502,0.2891635091427502,5.469736326042578,2,3,2319.598739554175,1662.6288919746648,656.9698475795103,656.9698475795103,242.8951416015625,422.53778076171875,3239.1923095703123,4330.3505859375,10.0,0.1,2.0,502,0.8482725,False
11059,5880,ok,True,False,20260908,5,analysis_activations,positive,False,5.729630443224827,6.237498495317712,0.018254562623275503,0.12998139166429284,0.13510944683209794,0.36052932150421946,0.6710732061310228,0.3289267938689773,0.3289267938689773,1.8654736331946224,2,10,3827.961252236427,1237.8472970362038,2590.1139552002232,2590.1139552002232,255.20413208007812,326.7439727783203,730.2629913330078,2126.159423828125,10.0,0.1,2.0,1937,0.111956604,False
11068,1380,ok,True,True,20260908,5,analysis_activations,positive,False,5.559135274166969,6.330843518102569,0.062430158596994946,0.17523774153457422,0.24986027814959894,0.4186140723083425,0.5380420993933589,0.4619579006066411,0.4619579006066411,2.238632853337469,2,6,2085.305708762948,1912.1402031458092,173.16550561713893,173.16550561713893,177.77001953125,343.7254638671875,962.2959228515621,2215.443603515625,10.0,0.1,2.0,871,0.26275346,False
11083,17621,ok,True,False,20260908,5,analysis_activations,positive,False,5.645085188263373,6.10302586968134,0.016341737576358893,0.09012518665964417,0.12783480580952472,0.30020857192899103,0.6049181029910441,0.39508189700895596,0.39508189700895596,1.9848005426160849,2,11,8660.917831642311,2999.759645779472,5661.15818586284,5661.15818586284,234.86195373535156,310.83331298828125,632.9678955078125,1605.5316162109375,10.0,0.1,2.0,1375,0.09561528,False
11119,29437,ok,True,False,20260908,5,analysis_activations,positive,False,5.429626606558512,5.72009062594744,0.006969195101608861,0.03722411011304031,0.08348170519107083,0.19293550765227305,0.6383500227383024,0.3616499772616977,0.3616499772616977,1.954020423948381,2,9,-13183.278229563124,-22958.800522264304,9775.52229270118,9775.52229270118,201.438720703125,239.4501190185547,373.9371459960937,710.2010498046875,10.0,0.1,2.0,5236,0.03738846,False
11134,648,ok,True,True,20260908,5,analysis_activations,positive,False,5.825816154597073,7.700691323440007,0.1073684361172855,0.028376399892386148,0.3276712317511037,0.16845296047379563,0.7864879381125347,0.21351206188746533,0.21351206188746533,7.196572359849743,2,3,1602.7287614620273,911.3269685939807,691.4017928680465,691.4017928680465,222.31396484375,367.9499816894531,2480.9433349609376,3172.42529296875,10.0,0.1,2.0,487,0.6818353,False
11157,2424,ok,True,True,20260908,5,analysis_activations,positive,False,5.633409119836462,6.231742887679671,0.022605462730998387,0.0990701215409547,0.15035113145898965,0.31475406516986354,0.5293135813088036,0.4706864186911963,0.4706864186911963,2.425810051428537,2,12,2259.9782045708157,1649.9349933373119,610.0432112335038,610.0432112335038,224.81768798828125,336.0101318359375,775.1901947021483,1423.67041015625,10.0,0.1,2.0,179,0.14784989,False
11182,12396,ok,True,True,20260908,5,analysis_activations,positive,False,5.5108760570791535,6.297172038137256,0.026557538242081076,0.1652786435277374,0.1629648374407224,0.4065447620222617,0.44601866590061545,0.5539813340993845,0.44601866590061545,2.538842693267979,2,19,18314.848828052647,14746.466245027168,3568.382583025479,3568.382583025479,194.75015258789062,343.283935546875,969.5955047607422,1593.3743896484375,10.0,0.1,2.0,3909,0.2561898,False
11209,2117,ok,True,False,20260908,5,analysis_activations,positive,False,5.539050278919713,5.858443430293918,0.009489816000338259,0.04653360011502958,0.09741568662355288,0.21571648086094297,0.6835049032326143,0.31649509676738574,0.31649509676738574,1.9083402210569562,2,5,-624.3749108479607,-1293.4304428330713,669.0555319851106,669.0555319851106,221.0270233154297,266.09234619140625,425.5556640625,837.724609375,10.0,0.1,2.0,783,0.043301262,False
11218,4675,ok,True,True,20260908,5,analysis_activations,positive,False,5.795895110307652,6.314158258457413,0.020039961403289543,0.09949838674713161,0.14156257062970262,0.3154336487236763,0.6223869637902919,0.37761303620970804,0.37761303620970804,2.1198820696405716,2,10,3097.763685601158,1604.2313375185877,1493.5323480825705,1493.5323480825705,268.24114990234375,363.8148193359375,789.4639282226566,1975.9080810546875,10.0,0.1,2.0,747,0.113193914,False
11219,575,ok,True,False,20260908,5,analysis_activations,positive,False,5.578146125306072,5.832675099700383,0.004129428495353381,0.029164039466829838,0.0642606294347743,0.17077482093924104,0.5847255015169684,0.41527449848303155,0.41527449848303155,1.9727529787784672,2,11,-366.89954070217567,-564.7248599371397,197.82531923496407,197.82531923496407,240.79115295410156,279.8045349121094,416.00583496093714,601.4306640625,10.0,0.1,2.0,286,0.030308574,False
11237,1541,ok,True,True,20260908,5,analysis_activations,positive,False,5.768934733405842,6.800934432037315,0.03172484316011098,0.3264234406338348,0.17811469102831182,0.5713347885730702,0.33005253259862494,0.669947467401375,0.33005253259862494,2.4387266887315016,2,27,3206.7243605918025,2847.687605427061,359.0367551647414,359.0367551647414,249.10662841796875,589.6026611328125,2291.407470703125,3156.362060546875,10.0,0.1,2.0,736,0.46495372,False
11276,979,ok,True,True,20260908,5,analysis_activations,positive,False,5.773489019554865,6.192029088699946,0.012209658313419861,0.058631375949160895,0.1104973226527225,0.24213916649142264,0.5030559367035484,0.49694406329645163,0.49694406329645163,2.223871007347436,2,16,307.91841336923824,97.3460469403336,210.57236642890464,210.57236642890464,271.63653564453125,372.35943603515625,669.9229858398437,1048.4075927734375,10.0,0.1,2.0,306,0.079150856,False
11286,1388,ok,True,True,20260908,5,analysis_activations,positive,False,5.631780124430332,6.05527228974323,0.011991259952095578,0.06519198258268719,0.10950461155629738,0.25532720689869143,0.5875464637482489,0.4124535362517512,0.4124535362517512,2.1557523499404483,2,14,401.78275953998883,-39.39914126441543,441.1819008044043,441.1819008044043,238.3802490234375,306.7113952636719,578.9434906005858,1118.8505859375,10.0,0.1,2.0,212,0.07745068,False
11300,574,ok,True,False,20260908,5,analysis_activations,positive,False,5.706369665647578,6.010572304999202,0.005651305537214246,0.043135493945279296,0.07517516569462449,0.20769086148716148,0.6024076806694044,0.3975923193305955,0.3975923193305955,1.9477212899632712,2,12,-168.25203318483688,-388.39490584147086,220.14287265663398,220.14287265663398,270.30908203125,318.41192626953125,522.6230133056641,868.0905151367188,10.0,0.1,2.0,236,0.042792648,False
11362,6735,ok,True,True,20260908,5,analysis_activations,positive,False,5.489028984828839,6.459224180514352,0.06814907820669387,0.09462445139960422,0.26105378412636326,0.3076108765950974,0.5424144035440577,0.4575855964559423,0.4575855964559423,3.400808888847473,2,3,11326.784397645413,9704.310988143254,1622.4734095021595,1622.4734095021595,164.19717407226562,351.5173645019531,930.5545288085937,1371.2490234375,10.0,0.1,2.0,2963,0.313935,False
11377,1191,ok,True,True,20260908,5,analysis_activations,positive,False,5.7474118710711055,6.257684482131952,0.015174630074413666,0.09685569519534448,0.12318534845676114,0.3112164764201029,0.591085349344464,0.40891465065553595,0.40891465065553595,2.1560034801098205,2,11,781.4343396473538,347.8679029462851,433.5664367010687,433.5664367010687,260.63458251953125,346.78314208984375,762.809814453125,1255.96435546875,10.0,0.1,2.0,508,0.11160236,False
11381,3974,ok,True,True,20260908,5,analysis_activations,positive,False,5.367742285744588,5.83332828852252,0.018642415363857447,0.06574059714314157,0.13653723068766793,0.2563992923998457,0.5821399923362048,0.4178600076637951,0.4178600076637951,2.266665321656902,2,9,1771.3005093236925,915.415158390586,855.8853509331065,855.8853509331065,174.14141845703125,242.7430419921875,456.9804214477539,1028.562255859375,10.0,0.1,2.0,2128,0.0910747,False
11395,10423,ok,True,False,20260908,5,analysis_activations,positive,False,5.363667123565579,5.645687327812288,0.00675151991837512,0.03321278283345655,0.08216763303378721,0.18224374566348375,0.6347306212323471,0.3652693787676529,0.3652693787676529,1.9950744205851356,2,8,-5387.384685203834,-8589.88950391912,3202.504818715285,3202.504818715285,188.61094665527344,224.09754943847656,343.881640625,686.2237548828125,10.0,0.1,2.0,3543,0.03485947,False
11398,32164,ok,True,True,20260908,5,analysis_activations,positive,False,5.252537545272305,5.661009922808834,0.014887667143486752,0.06224276446627807,0.12201502835096484,0.24948499847942374,0.6452234651166836,0.3547765348833164,0.3547765348833164,2.0800070656423775,2,7,5710.945599388156,-3345.890298758916,9056.835898147072,9056.835898147072,159.4381103515625,205.61943817138672,377.52238464355463,740.5220947265625,10.0,0.1,2.0,4831,0.069882706,False
11402,565,ok,True,False,20260908,5,analysis_activations,positive,False,4.967696750426348,5.2599083178030845,0.009357875784681039,0.03986101240011729,0.09673611416984372,0.19965222863799265,0.6101076572021799,0.3898923427978201,0.3898923427978201,1.8627153867933344,2,6,-180.95405704487447,-294.080886650857,113.12682960598252,113.12682960598252,123.84931945800781,153.62095642089844,235.63898315429685,411.550048828125,10.0,0.1,2.0,301,0.041635174,False
11405,503,ok,True,True,20260908,5,analysis_activations,positive,False,5.957820250160085,6.721344631132071,0.06505764312446512,0.0976413102262644,0.2550639980955076,0.31247609544773886,0.5329505110417977,0.46704948895820225,0.46704948895820225,2.6769824736408303,2,4,690.4492150853116,650.9966526220751,39.45256246323652,39.45256246323652,259.22845458984375,540.6591796875,1243.1045166015624,1629.93310546875,10.0,0.1,2.0,422,0.22583306,False
11479,2626,ok,True,True,20260908,5,analysis_activations,positive,False,5.525908136586633,5.808758167048048,0.00803887820802229,0.029628531048159705,0.0896597914788022,0.1721294020443913,0.6392157401241702,0.3607842598758299,0.3607842598758299,2.0610491679187923,2,6,-1390.180764035383,-1989.7008574324889,599.5200933971059,599.5200933971059,219.41148376464844,265.9839172363281,401.62474060058594,663.5126342773438,10.0,0.1,2.0,288,0.0342906,False
11498,515,ok,True,False,20260908,5,analysis_activations,positive,False,5.725062597224234,6.028010051459779,0.007876317947578405,0.03918754627350406,0.08874862222918396,0.1979584458251379,0.5113715156807385,0.4886284843192615,0.4886284843192615,1.9748700063324187,2,14,-110.54875229526543,-205.44173586046264,94.89298356519721,94.89298356519721,269.0367431640625,337.854736328125,536.308544921875,842.5203857421875,10.0,0.1,2.0,401,0.04619704,False
11520,1074,ok,True,True,20260908,5,analysis_activations,positive,False,5.906321790401109,6.8473356760914905,0.06782016979967574,0.1276066684153122,0.2604230592702492,0.35722075585737206,0.5593027643898612,0.4406972356101389,0.4406972356101389,3.01036341220821,2,4,1812.3720730096068,1621.2886455797561,191.08342742985064,191.08342742985064,244.18798828125,505.0167236328125,1527.5428100585923,2394.492919921875,10.0,0.1,2.0,547,0.3127206,False
11532,9214,ok,True,True,20260908,5,analysis_activations,positive,False,5.622118628829349,5.8858589918481155,0.006011513849122911,0.027590494810422948,0.07753395287951538,0.1661038675360178,0.6585416698642584,0.34145833013574145,0.34145833013574145,2.0347402576625924,2,7,-6448.926264299818,-9298.753000712586,2849.826736412768,2849.826736412768,246.71337890625,288.03582763671875,427.74752807617193,736.6087036132812,10.0,0.1,2.0,3270,0.029023314,False
11540,908,ok,True,True,20260908,5,analysis_activations,positive,False,5.641940668680522,6.150913785114091,0.021057126263999394,0.10263539598983659,0.14511073793485924,0.3203675950994991,0.7176099897524074,0.28239001024759264,0.28239001024759264,2.046624265410198,2,6,468.1567596462373,146.3803241503138,321.77643549592347,321.77643549592347,230.3814239501953,297.10438537597656,623.7947357177734,1259.3597412109375,10.0,0.1,2.0,443,0.09669587,False
11557,4288,ok,True,True,20260908,5,analysis_activations,positive,False,5.559421670394211,6.161012972708989,0.031321144694361584,0.06911677395857903,0.1769778084799379,0.26290069219874457,0.5917841886272529,0.408215811372747,0.408215811372747,2.6845264933538098,2,5,3572.7209708683836,2809.5624700951194,763.1585007732642,763.1585007732642,197.50759887695312,309.5282287597656,639.672540283203,1100.291015625,10.0,0.1,2.0,1405,0.13420947,False
11571,654,ok,True,True,20260908,5,analysis_activations,positive,False,5.987010370410597,7.408393411007566,0.15145063930889086,0.03101445405466931,0.38916659582868984,0.17610921059010318,0.8413773120184987,0.15862268798150123,0.15862268798150123,4.705829959213871,2,13,1272.916292345522,1040.8674673318478,232.0488250136741,232.0488250136741,235.8769073486328,428.34271240234375,1781.5172180175782,2710.948486328125,10.0,0.1,2.0,353,0.40259778,False
11579,1646,ok,True,True,20260908,5,analysis_activations,positive,False,5.960927410694376,6.553230002469362,0.033084526220284856,0.07145761494893554,0.1818915232227298,0.2673155718414764,0.5875060147444715,0.4124939852555284,0.4124939852555284,2.590675007460033,2,5,1376.794498438554,1123.0056834551876,253.78881498336636,253.78881498336636,299.9059753417969,468.887939453125,971.9274291992188,1465.04296875,10.0,0.1,2.0,944,0.1340127,False
11593,2671,ok,True,True,20260908,5,analysis_activations,positive,False,5.7107546946511745,6.126012663527491,0.018204828990636218,0.05445306106879332,0.13492527187534667,0.23335179679786766,0.5881452616525821,0.4118547383474178,0.4118547383474178,2.178670646758018,2,6,673.6843506919395,241.02457088666233,432.65977980527714,432.65977980527714,245.66363525390625,339.46600341796875,601.9376525878906,1083.3531494140625,10.0,0.1,2.0,1120,0.07493091,False
11599,1440,ok,True,True,20260908,5,analysis_activations,positive,False,5.6929436764890715,6.313247747558868,0.015648319471343902,0.11444178041937167,0.12509324310826664,0.33829244806730707,0.4532321861818312,0.5467678138181689,0.4532321861818312,2.43219004018999,2,20,1506.6308275351664,1069.3860628012692,437.2447647338972,437.2447647338972,247.48524475097656,376.1678161621094,872.840771484375,1477.4019775390625,10.0,0.1,2.0,166,0.16513179,False
11604,16499,ok,True,True,20260908,5,analysis_activations,positive,False,5.299449256422794,5.799180587843782,0.023097397950989952,0.07238762025353401,0.1519782811818516,0.2690494754752999,0.5976200419652479,0.4023799580347522,0.4023799580347522,2.2870937088283703,2,7,9336.137720360077,5992.035285121341,3344.102435238736,3344.102435238736,158.71658325195312,227.40786743164062,452.5074188232416,842.73828125,10.0,0.1,2.0,4588,0.102988884,False
11616,2615,ok,True,False,20260908,5,analysis_activations,positive,False,5.668803422352847,6.088873037757938,0.01311607675159283,0.08492657694085962,0.11452544150359269,0.2914216480305806,0.6321353324859539,0.3678646675140461,0.3678646675140461,1.8972682461757246,2,10,850.4201628540073,-123.68831157192415,974.1084744259315,974.1084744259315,245.12960815429688,310.93890380859375,595.2265441894529,1413.86669921875,10.0,0.1,2.0,410,0.08059604,False
11621,1515,ok,True,True,20260908,5,analysis_activations,positive,False,5.721222427616577,6.485113820863785,0.027911409027839746,0.2578222386778561,0.16706707942571974,0.5077619901862054,0.6553874670214305,0.3446125329785694,0.3446125329785694,2.0209981778934827,2,11,2145.202102805297,1309.9416543924333,835.2604484128635,835.2604484128635,244.3406982421875,333.4723205566406,1208.4184204101562,3386.905029296875,10.0,0.1,2.0,463,0.23909156,False
11625,1167,ok,True,True,20260908,5,analysis_activations,positive,False,5.684154978136937,6.5973957423169995,0.006196483516887764,0.19996093545789353,0.0787177458829187,0.4471699178812161,0.18631676330252922,0.8136832366974707,0.18631676330252922,2.8444663631323146,2,19,1882.5198749802612,1616.3384390294866,266.1814359507746,266.1814359507746,261.286376953125,631.7510375976562,1648.3045654296877,2220.91162109375,10.0,0.1,2.0,760,0.29054534,False
11635,686,ok,True,True,20260908,5,analysis_activations,positive,False,6.095943522748817,7.089871933297291,0.10555361908751795,0.09806611294098104,0.3248901646518681,0.31315509406838815,0.5346453103240214,0.4653546896759786,0.4653546896759786,3.1150152112390765,2,3,1235.4521396831278,1143.2930148784703,92.1591248046575,92.1591248046575,255.85150146484375,692.0699462890625,1724.0899658203125,2391.8369140625,10.0,0.1,2.0,576,0.34836376,False
11647,3245,ok,True,False,20260908,5,analysis_activations,positive,False,5.645714586382999,5.829435941214121,0.002794583295780141,0.014238438073043277,0.052863818399545646,0.11932492645312327,0.6792097458316233,0.32079025416837675,0.32079025416837675,1.9908053153149916,2,7,-4669.068116526927,-5791.3417626325345,1122.2736461056074,1122.2736461056074,261.6805114746094,289.6760559082031,380.69590454101564,574.1761474609375,10.0,0.1,2.0,485,0.013823185,False
11677,1803,ok,True,False,20260908,5,analysis_activations,positive,False,5.5207263534172615,5.882945376416813,0.012859207369682291,0.06692368751191746,0.1133984451819437,0.25869612968097816,0.6156713555721993,0.3843286444278006,0.3843286444278006,1.8135576158307716,2,7,194.5794770456594,-293.8967305388359,488.47620758449534,488.47620758449534,211.97637939453125,268.1312561035156,464.1989013671875,1474.007080078125,10.0,0.1,2.0,335,0.064717725,False
11689,4243,ok,True,True,20260908,5,analysis_activations,positive,False,5.799394633120174,6.214065926155529,0.015704838124003223,0.05949735657763526,0.1253189455908532,0.24392079980525494,0.605679449296359,0.3943205507036411,0.3943205507036411,2.13847270396343,2,8,1012.6430065536651,41.85155201363227,970.7914545400329,970.7914545400329,274.1233215332031,363.6313781738281,666.4253662109372,1239.3525390625,10.0,0.1,2.0,2417,0.07405723,False
11699,1510,ok,True,True,20260908,5,analysis_activations,positive,False,5.620241562206469,6.216321090400644,0.02344701104632132,0.11462124804894855,0.15312416872042545,0.3385575993076341,0.6189423573825256,0.3810576426174745,0.3810576426174745,2.268674972526538,2,11,1352.3126226158345,853.9724090438187,498.3402135720157,498.3402135720157,219.26856994628906,309.5896911621094,757.6941864013671,1429.4034423828125,10.0,0.1,2.0,126,0.14208375,False
11735,2478,ok,True,False,20260908,5,analysis_activations,positive,False,5.61890106392227,5.8576258278081665,0.004338408807136145,0.029888155715630672,0.0658665985696555,0.17288191263296074,0.6029023984621975,0.39709760153780255,0.39709760153780255,1.8248653109006467,2,10,-1801.1044308083615,-2676.635025294341,875.5305944859797,875.5305944859797,249.72579956054688,287.6536560058594,416.50877075195314,824.522705078125,10.0,0.1,2.0,735,0.028138448,False
11745,986,ok,True,True,20260908,5,analysis_activations,positive,False,5.826809252412804,6.418140185311636,0.02242887448980061,0.13604973943857412,0.1497627273048959,0.3688492096217289,0.639976547817722,0.3600234521822781,0.3600234521822781,2.1006817553835457,2,9,900.4440904715508,526.3946505357264,374.04943993582435,374.04943993582435,271.9795227050781,373.5268249511719,917.2270965576172,1788.53759765625,10.0,0.1,2.0,646,0.14404687,False
11787,3319,ok,True,False,20260908,5,analysis_activations,positive,False,5.722019028205526,6.078699804284123,0.009964255377094763,0.06388607318594723,0.09982111688963795,0.2527569448817326,0.6523266085124045,0.3476733914875954,0.3476733914875954,1.856173144136819,2,9,-40.157983496859615,-1307.6234358721522,1267.4654523752927,1267.4654523752927,265.6271057128906,321.4809265136719,560.0595092773438,1269.7520751953125,10.0,0.1,2.0,1085,0.057580996,False
11908,43294,ok,True,True,20260908,5,analysis_activations,positive,False,5.341347915093254,6.032576603902957,0.029023429889778463,0.13696820904339368,0.17036264229513012,0.37009216290458474,0.5008131618375187,0.49918683816248133,0.49918683816248133,2.3993502309904615,2,15,53712.41948730212,42755.684870500416,10956.734616801703,10956.734616801703,162.56825256347656,266.30650329589844,694.4268676757812,1328.9500732421875,10.0,0.1,2.0,5731,0.20235853,True
11927,2830,ok,True,False,20260908,5,analysis_activations,positive,False,5.704421728952691,6.136807688072376,0.012263286924858514,0.09077237539642151,0.11073972604652096,0.301284542246066,0.6154926010842628,0.38450739891573704,0.38450739891573704,1.9049904240855209,2,11,1126.7309762897094,-17.164269950670914,1143.8952462403802,1143.8952462403802,256.02392578125,323.08717346191406,658.8033721923821,1412.848876953125,10.0,0.1,2.0,900,0.08672589,False
11928,3523,ok,True,False,20260908,5,analysis_activations,positive,False,5.4847061578857685,6.170410055394639,0.016120308125438635,0.22200238054950994,0.12696577540990578,0.4711712857862944,0.6542823092708487,0.3457176907291513,0.3457176907291513,1.9872441492197657,2,14,4230.490355182448,1693.0959610821822,2537.3943941002663,2537.3943941002663,201.93048095703125,258.14105224609375,842.395739746092,1870.45361328125,10.0,0.1,2.0,646,0.19370672,False
11947,644,ok,True,True,20260908,5,analysis_activations,positive,False,5.761204647427931,6.247594684499118,0.012986294536712965,0.09968603275405445,0.11395742422814305,0.31573094994639733,0.5557321972481172,0.4442678027518829,0.4442678027518829,2.0492315605128164,2,13,418.52890635212,187.66268276649697,230.866223585623,230.866223585623,270.9559020996094,355.56005859375,792.9760864257812,1307.6865234375,10.0,0.1,2.0,361,0.11008312,False
11990,577,ok,True,True,20260908,5,analysis_activations,positive,False,5.3710842236153065,5.949937050706278,0.024458821333480704,0.12944460498697616,0.15639316268136758,0.35978410885832096,0.6192874162046486,0.3807125837953514,0.3807125837953514,2.0866951770286497,2,10,529.6776552718902,352.24435888855754,177.43329638333267,177.43329638333267,172.44598388671875,239.56817626953125,602.1169555664056,1163.69287109375,10.0,0.1,2.0,283,0.14367609,False
12008,11883,ok,True,True,20260908,5,analysis_activations,positive,False,5.323158158006564,5.92626415980914,0.0379267351634245,0.1274041570647486,0.1947478758893778,0.35693718924307766,0.6255263986848753,0.37447360131512475,0.37447360131512475,2.0976433204125957,2,5,11712.153281225892,9286.697907371883,2425.455373854009,2425.455373854009,151.65724182128906,235.0437469482422,551.2959167480468,1497.740966796875,10.0,0.1,2.0,3740,0.15664822,False
12023,561,ok,True,True,20260908,5,analysis_activations,positive,False,6.060753098276483,6.763741603549442,0.06112329051933252,0.0769970304443685,0.24723124907529898,0.2774833876908102,0.49706048334836866,0.5029395166516313,0.49706048334836866,2.6750655730618136,2,4,680.8079835818917,651.8672240354157,28.940759546475988,28.940759546475988,268.9754638671875,606.0267333984375,1256.9249267578125,1679.3829345703125,10.0,0.1,2.0,416,0.1929938,False
12058,1704,ok,True,True,20260908,5,analysis_activations,positive,False,6.096936603031161,6.576701845925907,0.05010821376401129,0.03004599614688201,0.22384864029967055,0.17333780934026485,0.33970255813500966,0.6602974418649903,0.33970255813500966,2.3965175342835114,2,4,718.642277211436,548.1279255277303,170.51435168370563,170.51435168370563,280.4581298828125,639.1260375976562,915.6317016601562,1169.924560546875,10.0,0.1,2.0,1084,0.088541225,False
12067,2210,ok,True,False,20260908,5,analysis_activations,positive,False,5.667169104508912,5.93672446277499,0.005185204282481713,0.03190831443207199,0.07200836258714478,0.17862898541970165,0.5899559357170348,0.41004406428296536,0.41004406428296536,1.979310600941041,2,11,-1204.1194408968,-1936.1633118888894,732.0438709920895,732.0438709920895,260.4410705566406,305.94561767578125,462.7469894409179,711.1666259765625,10.0,0.1,2.0,894,0.03373413,False
12134,3176,ok,True,False,20260908,5,analysis_activations,positive,False,5.748920982230688,6.281454970696409,0.014843721717331228,0.12975756393217627,0.12183481324043316,0.3602187723206222,0.6089088990545147,0.39109110094548527,0.39109110094548527,1.980506408868913,2,13,2483.2963279205505,982.5170296917983,1500.7792982287524,1500.7792982287524,264.8616943359375,343.07757568359375,830.1819000244141,1860.1824951171875,10.0,0.1,2.0,1073,0.12735905,False
12136,2071,ok,True,True,20260908,5,analysis_activations,positive,False,5.560039101316187,6.103962153062371,0.010672503708069098,0.05760273944042021,0.10330781048918372,0.24000570709968588,0.4353897270644439,0.5646102729355562,0.4353897270644439,2.9438849608706605,2,14,1319.3054407740035,695.4113466848476,623.8940940891559,623.8940940891559,224.71136474609375,334.15069580078125,616.9348754882812,833.5830078125,10.0,0.1,2.0,1439,0.10994974,False
12161,3628,ok,True,True,20260908,5,analysis_activations,positive,False,5.877063190670481,7.285860421696369,0.06891246836591025,0.29847876560700043,0.26251184423928425,0.5463321019370914,0.6196922819964106,0.3803077180035895,0.3803077180035895,3.286995369830513,2,10,8601.003132959044,6695.652602594967,1905.3505303640768,1905.3505303640768,252.15240478515625,452.11231994628906,2802.4160156249995,3619.317138671875,10.0,0.1,2.0,1084,0.6241338,False
12180,2656,ok,True,True,20260908,5,analysis_activations,positive,False,5.738492678411779,6.608379389931088,0.02947531875456119,0.29141983892875933,0.17168377545522812,0.5398331584191168,0.5275243998756998,0.4724756001243002,0.4724756001243002,2.1716814043073818,2,18,4702.18057361371,3497.3926858683944,1204.7878877453159,1204.7878877453159,247.44461059570312,390.4293518066406,1583.1357116699219,3270.540771484375,10.0,0.1,2.0,1387,0.34196812,False
12185,911,ok,True,True,20260908,5,analysis_activations,positive,False,5.34628823296347,5.691762172572767,0.006825384810708591,0.050501759004340535,0.08261588715682106,0.22472596424165261,0.4676431581373325,0.5323568418626675,0.4676431581373325,2.040563612432385,2,15,32.70714608000961,-202.3674737546779,235.0746198346875,235.0746198346875,184.79722595214844,236.51678466796875,399.9053039550781,703.3668212890625,10.0,0.1,2.0,339,0.059854615,False
12206,764,ok,True,True,20260908,5,analysis_activations,positive,False,5.869226823093013,6.416979245578315,0.01998153929738038,0.07547342704540592,0.14135607272904968,0.2747242745834556,0.5328762618231634,0.4671237381768366,0.4671237381768366,2.507263857747752,2,12,565.2557004635412,403.94576875780774,161.30993170573345,161.30993170573345,285.674560546875,421.924560546875,887.784832763672,1336.921875,10.0,0.1,2.0,583,0.120744035,False
12208,2295,ok,True,True,20260908,5,analysis_activations,positive,False,5.7363585081328985,6.730124855636865,0.04969818769972332,0.36368932077314986,0.22293090342014793,0.6030665972951493,0.553596211737966,0.4464037882620339,0.4464037882620339,2.1858512741493006,2,15,4612.320893589843,3720.082530153397,892.238363436446,892.238363436446,229.8758544921875,391.8573303222656,1947.1874877929624,3367.989990234375,10.0,0.1,2.0,1246,0.43410873,False
12209,2963,ok,True,True,20260908,5,analysis_activations,positive,False,5.75409956542031,6.654456469453234,0.057140804673782686,0.3186475311290919,0.23904142878125265,0.5644887342800491,0.6657105025175507,0.33428949748244924,0.33428949748244924,2.0771030769085304,2,11,5094.040562502085,3943.5037421187194,1150.5368203833655,1150.5368203833655,226.0943603515625,359.91314697265625,1484.970776367188,3284.5380859375,10.0,0.1,2.0,1155,0.32506874,False
12229,2729,ok,True,True,20260908,5,analysis_activations,positive,False,5.652041575205778,6.27362370627054,0.02384399291687816,0.12711956104937913,0.15441500224032043,0.3565383023594788,0.6503352373781277,0.3496647626218723,0.3496647626218723,2.2624420457841774,2,10,2543.082643501366,1480.5057084706896,1062.5769350306764,1062.5769350306764,228.31959533691406,313.5989990234375,818.7850708007812,1386.781005859375,10.0,0.1,2.0,311,0.14786777,False
12230,751,ok,True,False,20260908,5,analysis_activations,positive,False,5.237333128553339,5.5475814983002785,0.006212587404696058,0.05487214389751117,0.07881996831194528,0.2342480392607613,0.5313955252384709,0.468604474761529,0.468604474761529,1.775244484465826,2,15,-61.79719851523089,-312.00374690339316,250.20654838816228,250.20654838816228,167.27069091796875,203.3905029296875,341.1944274902344,675.7357177734375,10.0,0.1,2.0,362,0.053052828,False
12255,1741,ok,True,True,20260908,5,analysis_activations,positive,False,5.827473651887437,6.509363320317739,0.03569118207039621,0.15662116448208802,0.18892110011959018,0.395753919098836,0.6126162419049105,0.3873837580950894,0.3873837580950894,2.1990014950785115,2,10,2090.553294079352,1601.1442608657305,489.40903321362134,489.40903321362134,260.70025634765625,392.09814453125,1072.9404296875,2383.763916015625,10.0,0.1,2.0,1180,0.19299382,False
12257,643,ok,True,True,20260908,5,analysis_activations,positive,False,5.798488793058213,6.704312930003958,0.02574353368198182,0.214918353898373,0.16044791579195355,0.46359287515919934,0.4009755014179493,0.5990244985820508,0.4009755014179493,2.6112907321778267,2,17,1136.683093664662,952.2508911400058,184.4322025246562,184.4322025246562,260.5094909667969,511.958984375,1591.2276123046872,2218.846923828125,10.0,0.1,2.0,469,0.33666977,False
12283,1779,ok,True,True,20260908,5,analysis_activations,positive,False,6.007244401485493,7.5680811498608485,0.17058849480849358,0.15873577492933988,0.4130236007887365,0.39841658465648727,0.5056759807592415,0.4943240192407586,0.4943240192407586,3.8464545986801344,2,3,4607.117319965878,4041.7337388921,565.3835810737778,565.3835810737778,235.4686737060547,867.2083129882812,3088.182397460936,4053.13330078125,10.0,0.1,2.0,871,0.77413785,False
12294,5312,ok,True,False,20260908,5,analysis_activations,positive,False,5.599974166643208,6.024825184877274,0.010384134193236565,0.09707802534903698,0.10190257206389133,0.3115734670170696,0.6154955444269637,0.38450445557303625,0.38450445557303625,1.8328371514127093,2,14,2086.2078242324355,-456.77495417226083,2542.9827784046965,2542.9827784046965,233.91787719726562,288.553955078125,583.8083831787109,2029.060791015625,10.0,0.1,2.0,1724,0.08645053,False
12326,2820,ok,True,True,20260908,5,analysis_activations,positive,False,5.810282254975131,6.356032354599879,0.021897122541044395,0.06830974892739103,0.1479767635172644,0.26136133785889415,0.6013126654942077,0.3986873345057923,0.3986873345057923,2.5697389721760038,2,8,1840.0574732381417,1157.276236372928,682.7812368652137,682.7812368652137,270.6074523925781,381.98541259765625,789.4754974365234,1296.89208984375,10.0,0.1,2.0,1110,0.11184358,False
12331,11998,ok,True,True,20260908,5,analysis_activations,positive,False,5.498571677799821,6.220991194787064,0.04031364648734397,0.07870740698819281,0.20078258511968605,0.2805484040022199,0.6515984574727834,0.34840154252721656,0.34840154252721656,2.9613693235848015,2,3,12959.700436309298,10100.176198561754,2859.5242377475442,2859.5242377475442,178.357666015625,284.41603088378906,704.2457397460937,1047.6494140625,10.0,0.1,2.0,3211,0.17218184,False
12370,1457,ok,True,False,20260908,5,analysis_activations,positive,False,5.793937776797143,6.338089401170492,0.02159484668215323,0.12730085319911721,0.14695185157783222,0.35679245115209096,0.6420440673493739,0.3579559326506261,0.3579559326506261,1.9943154329302315,2,10,1148.265831482835,620.2176798345611,528.0481516482739,528.0481516482739,267.2442626953125,359.99609375,864.8637817382813,1619.4000244140625,10.0,0.1,2.0,955,0.12757057,False
12458,2398,ok,True,False,20260908,5,analysis_activations,positive,False,5.667409536862632,6.247216292801221,0.019638428183481518,0.16886042669052856,0.1401371763076505,0.4109263032351769,0.6547749435089378,0.3452250564910623,0.3452250564910623,1.8886170722362265,2,13,2225.3919994218786,1031.1342513554907,1194.2577480663879,1194.2577480663879,239.180908203125,311.44557189941406,792.7646087646485,1866.301513671875,10.0,0.1,2.0,686,0.14720468,False
12491,3174,ok,True,True,20260908,5,analysis_activations,positive,False,5.937657196655637,6.946006158829742,0.06249345858340274,0.09604378441600993,0.2499869168244665,0.309909316439519,0.5863964256771736,0.4136035743228263,0.4136035743228263,3.581460805745329,2,3,5436.319458768289,4450.843389687806,985.4760690804833,985.4760690804833,265.75543212890625,508.1268615722656,1479.0229553222655,2048.346923828125,10.0,0.1,2.0,1486,0.3230729,False
12492,1023,ok,True,False,20260908,5,analysis_activations,positive,False,5.619427588186167,6.09853864647663,0.031332978738042444,0.12245757164482411,0.17701123901617785,0.34993938281482995,0.6419190847405868,0.3580809152594132,0.3580809152594132,1.7277717433259892,2,5,719.6764685017615,519.4242005546872,200.2522679470743,200.2522679470743,211.21450805664062,301.56695556640625,634.2161560058594,1357.9345703125,10.0,0.1,2.0,657,0.11683959,False
12493,4684,ok,True,False,20260908,5,analysis_activations,positive,False,5.55302674421154,6.051956139702881,0.020880500981520188,0.11606902551373456,0.14450086844555707,0.3406890451918502,0.6092916837347151,0.39070831626528496,0.39070831626528496,1.9066624885991574,2,10,3272.797322307623,1824.9609227735082,1447.8363995341147,1447.8363995341147,209.018310546875,286.3673095703125,609.6820434570297,1804.872802734375,10.0,0.1,2.0,1896,0.117354624,False
12510,3280,ok,True,False,20260908,5,analysis_activations,positive,False,5.677031212978986,5.981112060811524,0.006076870087479599,0.042080228763366014,0.07795428203427698,0.20513466007324557,0.6813842170019423,0.3186157829980577,0.3186157829980577,1.9596292240928683,2,10,-1434.580811427222,-2932.6140212601435,1498.0332098329216,1498.0332098329216,261.3812255859375,301.69775390625,483.23823852539033,820.031005859375,10.0,0.1,2.0,924,0.037632804,False
12519,9257,ok,True,True,20260908,5,analysis_activations,positive,False,5.701910179301159,6.270435798819671,0.028584698906407472,0.08513531439522813,0.16907010056898727,0.29177956473205613,0.6138507438215622,0.3861492561784376,0.3861492561784376,2.3842214290543877,2,6,7188.698446088803,5224.064889526429,1964.633556562374,1964.633556562374,232.52310180664062,343.49957275390625,739.2771850585935,1403.7979736328125,10.0,0.1,2.0,1090,0.12705041,False
12533,696,ok,True,False,20260908,5,analysis_activations,positive,False,5.9803171930397525,6.878288047177204,0.032051314985684025,0.3889459081781253,0.17902881049061356,0.6236552799248358,0.6142038665320463,0.3857961334679537,0.3857961334679537,1.9572108875216168,2,16,1278.7479610479395,875.961790007934,402.78617104000546,402.78617104000546,308.9427795410156,448.73406982421875,2470.7884521484375,4125.2529296875,10.0,0.1,2.0,141,0.36132902,False
12597,2973,ok,True,False,20260908,5,analysis_activations,positive,False,5.2942888137389525,5.753241045937109,0.014867461690991242,0.09246967165041671,0.12193220120620821,0.3040882629277505,0.5559380362890767,0.44406196371092344,0.44406196371092344,1.9811049728146646,2,14,1646.6053012187353,731.5323613267253,915.07293989201,915.07293989201,166.07566833496094,222.94772338867188,454.5311157226563,1037.8310546875,10.0,0.1,2.0,1280,0.10136047,False
12599,1273,ok,True,False,20260908,5,analysis_activations,positive,False,5.715327114571699,6.13755091017795,0.009522343088105432,0.09871318167730428,0.09758249375838594,0.3141865396182724,0.6577009021641643,0.3422990978358356,0.3422990978358356,1.8149839538639445,2,11,414.6186696293208,-281.6872180576207,696.3058876869416,696.3058876869416,265.2014465332031,318.8197021484375,617.4583007812497,1845.29833984375,10.0,0.1,2.0,807,0.080248915,False
12614,11104,ok,True,True,20260908,5,analysis_activations,positive,False,5.753949000841778,6.187721237003185,0.013700928052177513,0.06106523290434395,0.11705096348248277,0.24711380557213705,0.5249557131586046,0.47504428684139544,0.47504428684139544,2.243490363587881,2,13,3909.881703872243,1302.225324389707,2607.656379482536,2607.656379482536,264.4669494628906,363.504150390625,672.4325653076172,1249.43505859375,10.0,0.1,2.0,571,0.083129786,False
12615,856,ok,True,True,20260908,5,analysis_activations,positive,False,5.723408782757543,6.520194975570767,0.03527669789989446,0.19390068450757544,0.18782091976107043,0.44034155437293837,0.5704700505462683,0.4295299494537317,0.4295299494537317,2.3538073802649633,2,14,1286.2468063553647,1004.2659917858786,281.98081456948614,281.98081456948614,235.88522338867188,372.255615234375,1257.5806274414062,1946.35302734375,10.0,0.1,2.0,270,0.25927675,False
12628,892,ok,True,True,20260908,5,analysis_activations,positive,False,5.812536386528329,6.554407690787147,0.052355658328981855,0.1359875124334656,0.22881358860212359,0.3687648470685155,0.5751443929916227,0.4248556070083774,0.4248556070083774,2.4175119631422066,2,6,1203.9356313656729,1074.1696122895012,129.7660190761717,129.7660190761717,239.11334228515625,419.757568359375,1121.8301757812496,1850.78515625,10.0,0.1,2.0,337,0.22262117,False
12632,1814,ok,True,False,20260908,5,analysis_activations,positive,False,5.703981726397637,6.110753760944283,0.010605530835510822,0.07275592924316444,0.10298315801873054,0.2697330703550539,0.6133761718873052,0.38662382811269475,0.38662382811269475,1.9924316372100161,2,11,436.6893424450322,-264.2688368575484,700.9581793025807,700.9581793025807,258.3939514160156,323.9631042480469,605.724542236328,1260.6583251953125,10.0,0.1,2.0,744,0.073913164,False
12659,3839,ok,True,False,20260908,5,analysis_activations,positive,False,5.746984029167406,6.100664970658611,0.010075473405408408,0.0624122284775681,0.10037665767203253,0.24982439528110162,0.5895599792181107,0.4104400207818894,0.4104400207818894,1.8577808855326887,2,11,225.44732805710672,-998.969040620367,1224.4163686774737,1224.4163686774737,270.9539794921875,338.8853759765625,596.5827453613281,1265.33056640625,10.0,0.1,2.0,928,0.061840672,False
12674,4244,ok,True,False,20260908,5,analysis_activations,positive,False,5.661687038980322,6.080737508331799,0.010085352551225927,0.0916371725972348,0.10042585598951062,0.3027163236385425,0.6198909573579358,0.38010904264206424,0.38010904264206424,1.8581157432631779,2,11,1469.9840007210828,-538.850236623413,2008.8342373444957,2008.8342373444957,249.7030487060547,306.7780456542969,596.2593505859375,1977.34814453125,10.0,0.1,2.0,1276,0.08247922,False
12678,1550,ok,True,True,20260908,5,analysis_activations,positive,False,5.763214043936325,6.257028474369903,0.014092679022933784,0.10699171644206436,0.11871258999336921,0.3270958826430934,0.5339331755290552,0.4660668244709448,0.4660668244709448,2.006941372109346,2,16,1101.877254001208,573.1810412508415,528.6962127503665,528.6962127503665,269.5172119140625,362.5116271972656,823.4628082275386,1617.2799072265625,10.0,0.1,2.0,922,0.118147366,False
12695,5733,ok,True,True,20260908,5,analysis_activations,positive,False,5.667575179319623,6.050980492143219,0.009532916474065616,0.06137519566203901,0.09763665538139667,0.24774017773070037,0.5911377656376678,0.4088622343623321,0.4088622343623321,2.0362221762787467,2,13,726.283228436759,-1363.4603773386139,2089.743605775373,2089.743605775373,251.170166015625,312.4244079589844,573.1812377929687,1071.757568359375,10.0,0.1,2.0,1066,0.066268645,False
12716,1736,ok,True,True,20260908,5,analysis_activations,positive,False,5.667161145917078,6.237687293972629,0.021031391389109307,0.10670171023154791,0.14502203759811577,0.326652277248373,0.6011063197188111,0.39889368028118893,0.39889368028118893,2.2575575096697067,2,10,1442.5337514054672,882.5419343388837,559.9918170665835,559.9918170665835,235.00262451171875,328.2305908203125,761.3858795166016,1322.12255859375,10.0,0.1,2.0,756,0.1333281,False
12720,13536,ok,True,True,20260908,5,analysis_activations,positive,False,5.389508814166541,5.954065454448123,0.028100619226434503,0.11633576891313871,0.16763239312983186,0.3410802968703099,0.612826850871131,0.387173149128869,0.387173149128869,2.1007975773354146,2,8,11613.237106165197,8110.507790692829,3502.7293154723684,3502.7293154723684,170.90829467773438,247.76585388183594,568.3020935058594,1434.93212890625,10.0,0.1,2.0,3329,0.1378956,False
12751,822,ok,True,True,20260908,5,analysis_activations,positive,False,5.721567014527076,6.817966390591568,0.06026454343196218,0.13372426538546375,0.24548837738671495,0.36568328562495683,0.6799173564370304,0.3200826435629695,0.3200826435629695,3.5204277802115183,2,4,1472.3001098156744,1140.3430501778587,331.95705963781575,331.95705963781575,218.63458251953125,352.46142578125,1334.080859375,1874.4161376953125,10.0,0.1,2.0,249,0.34580815,False
12756,3535,ok,True,True,20260908,5,analysis_activations,positive,False,5.794289839389275,6.295141585591888,0.015939475794446722,0.09399503601282591,0.12625163679907964,0.30658609885776933,0.5337158441310884,0.46628415586891153,0.46628415586891153,2.1362750289280164,2,16,2395.348625947178,1337.2640458660755,1058.0845800811023,1058.0845800811023,274.4073486328125,380.4501953125,830.1269897460937,1504.932373046875,10.0,0.1,2.0,1248,0.11479479,False
12764,3636,ok,True,True,20260908,5,analysis_activations,positive,False,5.750808954571502,6.18425851678924,0.017851375188514203,0.05573919041537296,0.13360903857342213,0.23609148738438868,0.5935136787631295,0.4064863212368704,0.4064863212368704,2.2596568686221863,2,6,1086.1541790149863,402.5839690601897,683.5702099547966,683.5702099547966,255.54315185546875,353.4548645019531,643.2218933105469,1068.2330322265625,10.0,0.1,2.0,2211,0.078599535,False
12769,1239,ok,True,False,20260908,5,analysis_activations,positive,False,5.813218094953657,6.407001355518886,0.02813190885026958,0.18433982743074362,0.16772569525946102,0.4293481424563796,0.695525614386368,0.30447438561363205,0.30447438561363205,1.8217650438980413,2,6,1182.7931206270327,686.3084215019456,496.4846991250871,496.4846991250871,264.52728271484375,358.71173095703125,857.6464965820304,2983.192138671875,10.0,0.1,2.0,582,0.15047915,False
12772,804,ok,True,False,20260908,5,analysis_activations,positive,False,5.849879231320407,6.362317704738687,0.026583812834418852,0.11267570187959149,0.1630454318109491,0.33567201533579094,0.633310757461783,0.366689242538217,0.366689242538217,1.9419779205148349,2,5,584.5127652726019,401.36021329788093,183.15255197472095,183.15255197472095,271.74468994140625,386.8058166503906,808.9119506835933,2001.6280517578125,10.0,0.1,2.0,584,0.11928184,False
12787,2264,ok,True,True,20260908,5,analysis_activations,positive,False,5.648419567352767,6.34532994810318,0.04576160717070582,0.07945986231535153,0.21391962782948604,0.28188625776250875,0.49320391423451,0.5067960857654901,0.49320391423451,2.785175289549305,2,4,2610.7784724059466,2350.688737623734,260.0897347822124,260.0897347822124,204.85931396484375,392.8891143798828,832.1105560302734,1277.002197265625,10.0,0.1,2.0,832,0.18431865,False
12815,1070,ok,True,True,20260908,5,analysis_activations,positive,False,5.859097562572714,6.91545008596031,0.07886136891751418,0.07080708347214071,0.2808226645367396,0.266096004239336,0.3990431179352388,0.6009568820647612,0.3990431179352388,3.8615239958853538,2,3,1901.2292836007086,1560.4741615615867,340.75512203912194,340.75512203912194,230.91207885742188,767.6341552734375,1448.1883728027342,1969.8121337890625,10.0,0.1,2.0,700,0.34193632,False
12861,3201,ok,True,True,20260908,5,analysis_activations,positive,False,5.550964966323005,6.205764838306166,0.02322501285842493,0.17742893274654392,0.1523975487283996,0.4212231389021072,0.6267032974530771,0.3732967025469229,0.3732967025469229,2.067282040230339,2,12,3630.536296025532,2158.974569545628,1471.5617264799039,1471.5617264799039,206.47149658203125,285.77886962890625,814.9960327148438,1787.9515380859375,10.0,0.1,2.0,592,0.18115169,False
12869,8507,ok,True,False,20260908,5,analysis_activations,positive,False,5.739961663600541,6.302216998574173,0.01953135776724048,0.14036372766926797,0.13975463415300574,0.37465147493272727,0.6209943732870675,0.37900562671293253,0.37900562671293253,1.988524861305714,2,11,7417.847919071822,3839.91050766775,3577.9374114040716,3577.9374114040716,255.0978240966797,342.8240966796875,825.2878356933593,2366.988525390625,10.0,0.1,2.0,1539,0.13974762,False
12875,3052,ok,True,False,20260908,5,analysis_activations,positive,False,5.663782053710008,5.935657756055946,0.005316852839059429,0.042856876384940325,0.07291675280111855,0.20701902421019264,0.661240285249715,0.33875971475028493,0.33875971475028493,1.7517828103914397,2,10,-1590.2364142826889,-2959.1200851220174,1368.8836708393285,1368.8836708393285,259.4461669921875,297.7801513671875,451.3690567016601,1057.0419921875,10.0,0.1,2.0,1669,0.034601677,False
12883,3221,ok,True,True,20260908,5,analysis_activations,positive,False,5.688124821493469,6.8169535322725565,0.029821464997058802,0.37478638798592095,0.17268892551944032,0.6121979973717008,0.486390709981425,0.513609290018575,0.486390709981425,2.5097235782336282,2,16,7083.477602018541,5368.759971479834,1714.7176305387065,1714.7176305387065,236.25430297851562,409.3675231933594,2113.79345703125,3918.35107421875,10.0,0.1,2.0,1334,0.5254876,False
12884,1874,ok,True,True,20260908,5,analysis_activations,positive,False,5.724176897482112,6.46559054146548,0.03438759886097805,0.19306961212560844,0.1854389356661056,0.4393968731404542,0.5458435420773922,0.45415645792260784,0.45415645792260784,2.1984961880978924,2,13,2679.9669013720313,2126.5439487982662,553.4229525737651,553.4229525737651,231.38262939453125,376.0386657714844,1118.7170776367186,2224.4296875,10.0,0.1,2.0,337,0.24285135,False
12905,702,ok,True,False,20260908,5,analysis_activations,positive,False,5.595047933159654,5.939333715692129,0.007028831508108142,0.07512066572772741,0.08383812681655133,0.27408149468310955,0.7706100350687779,0.2293899649312221,0.2293899649312221,1.6987584560034292,2,6,-193.84902979692762,-629.581216119442,435.7321863225144,435.7321863225144,238.53921508789062,272.75120544433594,435.4201217651366,1171.9393310546875,10.0,0.1,2.0,442,0.043662693,False
12922,2710,ok,True,True,20260908,5,analysis_activations,positive,False,5.814782724573352,6.381282050137083,0.022415783902799784,0.13547611262902143,0.14971901650358174,0.3680707983921319,0.5299357585300496,0.47006424146995046,0.47006424146995046,2.016204010712983,2,15,2662.904792684762,1902.8572419905845,760.0475506941775,760.0475506941775,269.07928466796875,395.1422424316406,970.2843017578123,1905.15673828125,10.0,0.1,2.0,613,0.15556067,False
12931,1630,ok,True,True,20260908,5,analysis_activations,positive,False,5.7706381132891815,6.565722977299417,0.016335376677391593,0.20039615513784584,0.12780992401762703,0.44765629129706846,0.3769626741037952,0.6230373258962048,0.3769626741037952,2.415279712589351,2,23,2562.5761180126074,2028.4899041317078,534.0862138808995,534.0862138808995,267.32647705078125,473.88787841796875,1372.058331298828,2397.607421875,10.0,0.1,2.0,1020,0.27965286,False
12960,16392,ok,True,True,20260908,5,analysis_activations,positive,False,5.7162265521124835,6.160310728307286,0.014450205296172079,0.06590039632600829,0.12020900671818265,0.25671072499217534,0.5820087469865739,0.4179912530134261,0.4179912530134261,2.2155712954529756,2,11,5922.5018169118175,1297.7565690986692,4624.745247813148,4624.745247813148,254.35166931152344,338.385009765625,656.5746520996094,1196.2293701171875,10.0,0.1,2.0,1183,0.0839361,False
12963,3964,ok,True,True,20260908,5,analysis_activations,positive,False,5.746372535929576,6.196692699434978,0.01623028952215088,0.06477051913238155,0.12739815352724262,0.2545005287467622,0.6086207959401744,0.39137920405982557,0.39137920405982557,2.2376477131224344,2,9,1425.1550066921527,379.82787555757335,1045.3271311345793,1045.3271311345793,259.6361083984375,346.63507080078125,666.7150665283202,1077.68798828125,10.0,0.1,2.0,1702,0.08355278,False
12984,8729,ok,True,False,20260908,5,analysis_activations,positive,False,5.516507808111897,5.7198554536933885,0.003511849891409435,0.017426499393752504,0.059260863066693814,0.1320094670610881,0.603082176024925,0.396917823975075,0.396917823975075,1.9873892030487033,2,10,-9837.105389429495,-12326.474732749533,2489.3693433200388,2489.3693433200388,227.33151245117188,259.4674987792969,352.3270935058594,566.1900024414062,10.0,0.1,2.0,2923,0.018934151,False
12990,70592,ok,True,False,20260908,5,analysis_activations,positive,False,5.417043503458232,5.826866983439196,0.012492518105876088,0.07683899332522356,0.11176993381887675,0.2771984728046379,0.6169047868944093,0.38309521310559075,0.38309521310559075,1.9391414673951715,2,11,19208.67227938472,-6189.440012375664,25398.112291760383,25398.112291760383,191.52157592773438,242.58750915527344,461.0485916137695,1406.02099609375,10.0,0.1,2.0,5805,0.07683666,False
13011,1174,ok,True,False,20260908,5,analysis_activations,positive,False,5.50841398188675,6.016693816838391,0.01501011862091534,0.11799124430155494,0.12251578927189483,0.3434985360981251,0.4704960896419454,0.5295039103580547,0.4704960896419454,1.9710145595980537,2,20,985.2888854196599,660.8251519863562,324.4637334333037,324.4637334333037,206.2730712890625,295.72528076171875,674.7072998046874,1396.70849609375,10.0,0.1,2.0,582,0.13401435,False
13021,3188,ok,True,False,20260908,5,analysis_activations,positive,False,5.39043556010026,5.885372061459853,0.012491417655951827,0.11101115397096045,0.11176501087528165,0.33318336388685504,0.5504292997937018,0.4495707002062981,0.4495707002062981,1.9917117316766986,2,16,2234.0420186212964,919.3423634709484,1314.699655150348,1314.699655150348,185.92156982421875,244.66452026367188,552.5594604492186,1213.4365234375,10.0,0.1,2.0,1088,0.1174364,False
13043,1268,ok,True,True,20260908,5,analysis_activations,positive,False,5.836341587413566,6.384954549113103,0.025245206310069213,0.11031899977514519,0.15888740135727947,0.3321430411361123,0.5898358566496128,0.4101641433503872,0.4101641433503872,2.1072135219565684,2,9,1054.2036238974829,744.3295697534737,309.87405414400916,309.87405414400916,272.46734619140625,393.97418212890625,871.7372741699203,1871.4066162109375,10.0,0.1,2.0,338,0.13305853,False
13053,3607,ok,True,False,20260908,5,analysis_activations,positive,False,5.683218935003755,6.027252063479003,0.01105766110397617,0.048887646996777334,0.1051554140497586,0.22110551100498904,0.6580417921427896,0.3419582078572104,0.3419582078572104,1.9871820895271997,2,6,-508.09743772092213,-1539.2552628344138,1031.1578251134915,1031.1578251134915,252.26673889160156,310.3174133300781,522.699591064453,1034.809326171875,10.0,0.1,2.0,1316,0.05064026,False
13061,1625,ok,True,True,20260908,5,analysis_activations,positive,False,5.765855044689588,6.5950078614407115,0.027245487924561863,0.2512294632138471,0.1650620729439742,0.5012279553395312,0.5882087576034434,0.4117912423965565,0.4117912423965565,2.2220637273092505,2,11,2592.2408945892967,1769.4693569485473,822.7715376407493,822.7715376407493,253.5911865234375,370.1737060546875,1489.5430664062492,2569.803955078125,10.0,0.1,2.0,718,0.28617963,False
13067,783,ok,True,False,20260908,5,analysis_activations,positive,False,5.688548254475654,6.132460973437166,0.013920754498365847,0.11654463738091893,0.11798624707297815,0.3413863462133759,0.7103740351496726,0.2896259648503274,0.2896259648503274,1.7380606407571673,2,8,297.66985488676477,-80.57201395417935,378.2418688409441,378.2418688409441,249.1616973876953,306.95697021484375,577.1156677246091,1525.9915771484375,10.0,0.1,2.0,437,0.08429333,False
13162,1951,ok,True,True,20260908,5,analysis_activations,positive,False,5.712689862164857,6.336749534602651,0.019113878932419642,0.12279257897474558,0.13825295270777996,0.3504177206916705,0.5973581251422596,0.40264187485774033,0.40264187485774033,2.342826008878466,2,12,1908.6101709448585,1097.970199587893,810.6399713569656,810.6399713569656,249.11537170410156,342.4173583984375,880.1164245605469,1466.3046875,10.0,0.1,2.0,1119,0.15460862,False
13185,2539,ok,True,False,20260908,5,analysis_activations,positive,False,5.662289088460306,6.04843038414181,0.009581482127976894,0.07200406514061294,0.09788504547670647,0.26833573213534745,0.5668083619138788,0.43319163808612116,0.43319163808612116,1.9118535940034878,2,12,583.7976938193395,-329.161430273619,912.9591240929585,912.9591240929585,249.3241424560547,312.9430236816406,583.03798828125,1186.8260498046875,10.0,0.1,2.0,1108,0.0732609,False
13210,521,ok,True,True,20260908,5,analysis_activations,positive,False,5.800893299674035,6.318799715843921,0.01710810960872624,0.10439348945131932,0.13079797249470743,0.3230998134498368,0.6523591388819727,0.3476408611180272,0.3476408611180272,2.101238223325905,2,11,332.8510552136752,133.14197867760595,199.70907653606923,199.70907653606923,276.12969970703125,361.10675048828125,798.2889404296875,1416.6136474609375,10.0,0.1,2.0,391,0.10848975,False
13215,10064,ok,True,False,20260908,5,analysis_activations,positive,False,5.713886987663209,6.1434251713501125,0.012878863558043118,0.08813357579128946,0.11348508077295058,0.29687299606277673,0.631397516815123,0.36860248318487693,0.36860248318487693,1.911302134033035,2,11,3597.727184937867,-445.40238333128286,4043.12956826915,4043.12956826915,258.04498291015625,324.8422546386719,647.3639648437502,1760.19677734375,10.0,0.1,2.0,2664,0.08356525,False
13289,598,ok,True,True,20260908,5,analysis_activations,positive,False,5.864042862015714,6.352462416839609,0.020358517515277896,0.09007253260586298,0.142683276929281,0.30012086332986415,0.6254869396256526,0.37451306037434734,0.37451306037434734,2.0785594009638855,2,11,346.7719424146787,193.13541368657033,153.63652872810835,153.63652872810835,286.5947265625,386.6143493652344,796.4579010009761,1590.8521728515625,10.0,0.1,2.0,247,0.10251956,False
13298,2590,ok,True,True,20260908,5,analysis_activations,positive,False,5.8554600755157775,6.4343300593307955,0.036476097352623804,0.08081976365261676,0.19098716541334343,0.28428817008911356,0.5338890017123348,0.46611099828766533,0.46611099828766533,2.3903125116432316,2,5,2283.4104270331004,2007.645391485927,275.7650355471735,275.7650355471735,259.6790771484375,435.31768798828125,904.8164794921875,1533.4420166015625,10.0,0.1,2.0,1502,0.14058612,False
13302,2632,ok,True,True,20260908,5,analysis_activations,positive,False,5.768908426820702,6.197087134733574,0.014151258269379834,0.07626736316778944,0.11895906131682375,0.2761654633870598,0.6219511660060915,0.37804883399390843,0.37804883399390843,2.0137758321491215,2,9,861.5866904253492,7.297123807328241,854.2895666180209,854.2895666180209,268.4581298828125,346.6849060058594,677.7251953125,1134.529541015625,10.0,0.1,2.0,1096,0.08077148,False
13308,1920,ok,True,True,20260908,5,analysis_activations,positive,False,5.666749683418061,6.558213574159595,0.05041377356084964,0.07465785713663006,0.22453011726904173,0.27323590016070376,0.4911691395141818,0.5088308604858183,0.4911691395141818,3.564834302982222,2,3,2887.5083054394645,2393.218444709672,494.2898607297925,494.2898607297925,206.7750244140625,447.54893493652344,1019.6183532714844,1283.491455078125,10.0,0.1,2.0,1147,0.26150024,False
13312,1101,ok,True,True,20260908,5,analysis_activations,positive,False,5.512389780120589,5.984438160880617,0.02546221939856072,0.08036744683959304,0.1595688547259794,0.28349152869105815,0.5519628930526772,0.44803710694732274,0.44803710694732274,2.0520965811922043,2,6,658.8273445545755,514.6140757904444,144.21326876413104,144.21326876413104,192.9981689453125,286.389404296875,549.873779296875,1036.1087646484375,10.0,0.1,2.0,595,0.10526216,False
13314,688,ok,True,True,20260908,5,analysis_activations,positive,False,5.980810692143309,7.070709971610202,0.09514473973353765,0.058357584409458374,0.3084554096357165,0.24157314505022776,0.20012002805473902,0.7998799719452608,0.20012002805473902,3.93408632731431,2,3,1027.710088059861,708.5789496645017,319.13113839535924,319.13113839535924,268.1285400390625,1095.0347900390625,1670.2044433593749,1995.58154296875,10.0,0.1,2.0,483,0.25623694,False
13329,2095,ok,True,True,20260908,5,analysis_activations,positive,False,5.429417336974716,6.047078542483734,0.010846679223947536,0.17225675689849418,0.1041473918249878,0.41503825955987983,0.566985424080885,0.43301457591911485,0.43301457591911485,2.041348130417635,2,13,2301.968468575165,955.8716647797078,1346.0968037954572,1346.0968037954572,196.76853942871094,252.2332000732422,703.9345764160155,1669.7841796875,10.0,0.1,2.0,1257,0.17448643,False
13338,4659,ok,True,False,20260908,5,analysis_activations,positive,False,5.688637361224038,5.94731295086657,0.005362297417455032,0.031028228028913862,0.0732277093555099,0.1761483125917301,0.620038463961593,0.379961536038407,0.379961536038407,1.9176806333206369,2,10,-2964.1756907936274,-4519.59290055103,1555.4172097574024,1555.4172097574024,266.0222473144531,309.9095458984375,463.29136352539064,1024.7998046875,10.0,0.1,2.0,2090,0.030884083,False
13347,1808,ok,True,True,20260908,5,analysis_activations,positive,False,5.572928753560226,6.729648431767462,0.022637277157165077,0.4355662441218403,0.150456894681384,0.6599744268695874,0.4770406173633789,0.5229593826366211,0.4770406173633789,2.4166508559378554,2,18,4137.092011979823,3000.005766406672,1137.0862455731508,1137.0862455731508,214.99810791015625,358.1065216064453,2070.757690429686,3777.34716796875,10.0,0.1,2.0,927,0.57269245,False
13394,30484,ok,True,False,20260908,5,analysis_activations,positive,False,5.347909907115025,5.551674340013627,0.0034884178387361987,0.01902588938605035,0.05906282958626516,0.13793436622557248,0.6120937633982821,0.38790623660171786,0.38790623660171786,1.920498993692083,2,9,-33694.92361085669,-43227.30253061471,9532.378919758019,9532.378919758019,192.16574096679688,218.19857788085938,298.5654876708984,558.9009399414062,10.0,0.1,2.0,4166,0.019373469,False
13434,522,ok,True,False,20260908,5,analysis_activations,positive,False,5.778495599069327,6.311374625983136,0.021497581818282763,0.15564582113031242,0.1466205368230616,0.3945197347792787,0.6599939189821465,0.3400060810178535,0.3400060810178535,1.7905280698828028,2,7,432.2100300742913,229.7734208917694,202.4366091825219,202.4366091825219,265.7221374511719,346.7448425292969,768.2411163330077,1684.975341796875,10.0,0.1,2.0,111,0.13108008,False
13494,3368,ok,True,False,20260908,5,analysis_activations,positive,False,5.803692937603689,6.176563004620039,0.013361075368277329,0.05881844238033623,0.11559011795251932,0.24252513762564126,0.6611727618502631,0.338827238149737,0.338827238149737,1.96275246103408,2,6,93.51805479601572,-855.2778971608503,948.795951956866,948.795951956866,281.19921875,353.1748046875,620.4054656982419,1106.170654296875,10.0,0.1,2.0,1963,0.059926577,False
13497,823,ok,True,True,20260908,5,analysis_activations,positive,False,5.728856310177969,6.1814536954522525,0.01947503590730995,0.05920617298897799,0.13955298602075827,0.24332318629546587,0.618362892850247,0.38163710714975296,0.38163710714975296,2.2818732985412256,2,5,300.40564178250145,152.9847430057099,147.42089877679155,147.42089877679155,250.014404296875,340.570556640625,636.9016052246094,1020.4348754882812,10.0,0.1,2.0,461,0.08307923,False
13506,2265,ok,True,True,20260908,5,analysis_activations,positive,False,5.7622904889086595,6.148153970571722,0.009691338717028243,0.06385685499196125,0.09844459719572346,0.2526991392782359,0.46446375406100926,0.5355362459389909,0.46446375406100926,2.012160739020888,2,15,598.3033454455781,60.838942682695304,537.4644027628827,537.4644027628827,274.2308654785156,366.7326965332031,660.0650390625,1206.6546630859375,10.0,0.1,2.0,1424,0.075765915,False
13509,1860,ok,True,True,20260908,5,analysis_activations,positive,False,5.779607313999603,6.16576690161915,0.011249779980248252,0.06319683911097208,0.10606497998985458,0.25138981505019664,0.5898124574857313,0.41018754251426864,0.41018754251426864,2.001517216260439,2,12,310.6231467975549,-263.9357006959363,574.5588474934912,574.5588474934912,279.4317626953125,354.0962829589844,649.2004333496094,1218.208984375,10.0,0.1,2.0,445,0.068670884,False
13553,631,ok,True,False,20260908,5,analysis_activations,positive,False,5.795414755166242,6.291118834561862,0.011854277640532256,0.11364765118628659,0.10887735136626099,0.33711667295802294,0.529676308688785,0.47032369131121493,0.47032369131121493,1.9788473357967327,2,13,470.6497638320204,232.30688791965275,238.34287591236767,238.34287591236767,281.4744567871094,373.8988037109375,849.8456420898438,1556.949951171875,10.0,0.1,2.0,460,0.12113536,False
13598,6669,ok,True,True,20260908,5,analysis_activations,positive,False,5.68194873437789,6.1391032765184494,0.015851190529001684,0.08673895149648667,0.125901511226044,0.2945147729681597,0.6106100925758742,0.38938990742412577,0.38938990742412577,2.0184835827333467,2,10,3113.804505078685,945.4908609932405,2168.3136440854446,2168.3136440854446,244.65182495117188,321.76373291015625,655.3674438476562,1513.1268310546875,10.0,0.1,2.0,905,0.093157895,False
13627,12082,ok,True,True,20260908,5,analysis_activations,positive,False,5.301860539357213,5.678097313196777,0.012940939122795678,0.05523412036983673,0.11375824859233584,0.2350194042410897,0.602390434228872,0.39760956577112794,0.39760956577112794,2.037809003838728,2,8,1029.9157763659107,-1989.6355030881332,3019.5512794540437,3019.5512794540437,168.83154296875,218.47418212890625,381.1995162963866,777.23876953125,10.0,0.1,2.0,2327,0.063665986,False
13685,872,ok,True,True,20260908,5,analysis_activations,positive,False,5.604555131447956,6.1681442582734025,0.02172910000634281,0.12115269548617362,0.1474079373926072,0.34806995774725175,0.6912511117785443,0.30874888822145574,0.30874888822145574,2.108575490540827,2,8,640.8626226030559,298.320639427051,342.5419831760049,342.5419831760049,220.52047729492188,291.1003875732422,692.401013183593,1143.322998046875,10.0,0.1,2.0,171,0.12035316,False
13695,2247,ok,True,False,20260908,5,analysis_activations,positive,False,5.769535557941152,6.4376611943365765,0.023933170334794505,0.2085206312806835,0.15470349166969213,0.4566405931152896,0.519890383955557,0.4801096160444429,0.4801096160444429,1.9597686563472285,2,15,3030.14373632259,2219.029801659279,811.1139346633108,811.1139346633108,257.132080078125,385.49945068359375,1191.5971069335912,3175.47802734375,10.0,0.1,2.0,1603,0.2240752,False
13732,871,ok,True,False,20260908,5,analysis_activations,positive,False,5.62756390473873,6.037777149032119,0.014578655021153606,0.07212168722222181,0.12074210127852507,0.2685548123237076,0.6771556542257658,0.32284434577423415,0.32284434577423415,1.9702179432052214,2,6,168.4009912322793,-103.0760817900889,271.4770730223682,271.4770730223682,233.47198486328125,295.8033752441406,547.2668762207031,961.457763671875,10.0,0.1,2.0,221,0.07002301,False
13737,10515,ok,True,True,20260908,5,analysis_activations,positive,False,5.690524713576217,6.356799262481554,0.03170502288394592,0.1739545989324727,0.17805904325236033,0.4170786483775844,0.6187818704479964,0.38121812955200357,0.38121812955200357,2.0777519823101316,2,11,12432.0784805903,8794.723797066554,3637.3546835237466,3637.3546835237466,229.34320068359375,336.5810852050781,937.9335937499997,2854.81396484375,10.0,0.1,2.0,2122,0.19066696,False
13749,5779,ok,True,True,20260908,5,analysis_activations,positive,False,5.464469364481266,6.192991070805805,0.025780280013973797,0.17100804528327931,0.16056238667251369,0.41353119021819784,0.4414700207307193,0.5585299792692808,0.4414700207307193,2.32251126438244,2,18,8115.9464701090465,6593.104745172825,1522.841724936222,1522.841724936222,186.35472106933594,319.4556884765625,884.0697937011718,1849.715087890625,10.0,0.1,2.0,387,0.23780254,False
13764,1733,ok,True,True,20260908,5,analysis_activations,positive,False,5.744044304408196,6.607441671584639,0.024519329298779247,0.18426555431234415,0.1565864914313468,0.4292616385286998,0.49416861667922135,0.5058313833207787,0.49416861667922135,2.6722445003066455,2,16,2797.619807224659,2098.0944934407958,699.5253137838631,699.5253137838631,240.3531494140625,409.07672119140625,1321.3150390624999,2074.18505859375,10.0,0.1,2.0,475,0.29182976,False
13785,4007,ok,True,True,20260908,5,analysis_activations,positive,False,5.5032641785020955,6.39081477761897,0.016010931892021546,0.14126163723939775,0.12653431112556604,0.3758478910934552,0.39510301162565115,0.6048969883743488,0.39510301162565115,3.165057677654577,2,13,6287.797622552574,4606.977605069666,1680.8200174829071,1680.8200174829071,204.72157287597656,402.5521240234375,1011.1721313476561,1542.2149658203125,10.0,0.1,2.0,465,0.28011143,False
13827,1697,ok,True,False,20260908,5,analysis_activations,positive,False,5.7576017068241105,6.167875656253949,0.013541245286127442,0.0753968630511113,0.1163668564760922,0.27458489224848354,0.6692510504940148,0.3307489495059851,0.3307489495059851,1.9455616447669204,2,8,348.2199119965406,-253.75711790627815,601.9770299028187,601.9770299028187,269.07757568359375,335.201416015625,632.6866333007811,1224.9744873046875,10.0,0.1,2.0,1045,0.07130044,False
13832,13415,ok,True,False,20260908,5,analysis_activations,positive,False,5.52586523952338,5.800866948855364,0.006033580905791607,0.035742902774158675,0.07767612828785693,0.1890579349674556,0.6197539826856734,0.38024601731432656,0.38024601731432656,1.9027619133632816,2,10,-6825.522987036955,-11402.918293962884,4577.39530692593,4577.39530692593,223.8910675048828,263.6708068847656,405.25947265625,926.5,10.0,0.1,2.0,3436,0.035154138,False
13835,1558,ok,True,False,20260908,5,analysis_activations,positive,False,5.544374202810603,6.4288511723177395,0.03612971736136086,0.36639176240389276,0.19007818749493813,0.6053030335327032,0.5516367913892001,0.4483632086108,0.4483632086108,1.9715463725758138,2,19,2919.139817876699,2224.7069669895614,694.4328508871376,694.4328508871376,199.29661560058594,313.01776123046875,1519.0897705078123,2742.931640625,10.0,0.1,2.0,663,0.37793732,False
13888,3495,ok,True,False,20260908,5,analysis_activations,positive,False,5.782122567310729,6.195058289046917,0.01363461328737578,0.07178776054769861,0.11676734683710074,0.2679323805509491,0.6540222447696377,0.34597775523036234,0.34597775523036234,1.9980742997624559,2,9,755.3701402605172,-435.28269879945447,1190.6528390599717,1190.6528390599717,273.6983642578125,345.83221435546875,641.4983703613279,1328.212158203125,10.0,0.1,2.0,1340,0.072357744,False
13919,2146,ok,True,True,20260908,5,analysis_activations,positive,False,5.636900489236356,7.010969217752606,0.03149693346230773,0.329901194884211,0.17747375429146625,0.5743702594008598,0.4325383033031176,0.5674616966968824,0.4325383033031176,3.232440237403282,2,9,5227.513168103754,4087.332208120967,1140.1809599827866,1140.1809599827866,223.2906494140625,530.967529296875,2675.987548828125,4041.69384765625,10.0,0.1,2.0,1266,0.66456157,False
13923,523,ok,True,True,20260908,5,analysis_activations,positive,False,5.593456680856864,6.773246550667423,0.049997236688822916,0.2019663099541355,0.22360061871296982,0.4494066198379097,0.790135581144153,0.20986441885584692,0.20986441885584692,3.3239218487981206,2,6,888.7298435079658,556.9096083053233,331.8202352026425,331.8202352026425,201.64312744140625,280.7507019042969,1227.6335693359374,2068.17138671875,10.0,0.1,2.0,323,0.31329542,False
13970,515,ok,True,True,20260908,5,analysis_activations,positive,False,5.8129464132856805,6.760239518483569,0.07118013618925477,0.14154586086735438,0.26679605729705747,0.37622581100630825,0.5894304940933168,0.41056950590668306,0.41056950590668306,2.9046184404447044,2,4,882.7142877164086,799.3855822120807,83.3287055043279,83.3287055043279,224.03887939453125,445.53070068359375,1391.0406738281247,1950.82080078125,10.0,0.1,2.0,307,0.31785026,False
13974,12740,ok,True,False,20260908,5,analysis_activations,positive,False,5.767804657220281,6.251628392019124,0.017007618159327265,0.10703454861879505,0.13041325913927335,0.3271613495185442,0.6394367476903675,0.36056325230963254,0.36056325230963254,1.9427525849010927,2,10,7269.059283100904,2361.992138357024,4907.06714474388,4907.06714474388,265.9037780761719,345.58172607421875,736.7220062255856,1916.3143310546875,10.0,0.1,2.0,1597,0.103444755,False
14001,13387,ok,True,False,20260908,5,analysis_activations,positive,False,5.606685048848069,5.9727050786808915,0.011111442893731347,0.059257052001111324,0.1054108291103497,0.2434277141188146,0.6586363835326715,0.34136361646732843,0.34136361646732843,1.9513299882827222,2,8,-184.4260681076904,-4802.660669600373,4618.2346014926825,4618.2346014926825,233.26963806152344,287.5726318359375,500.69990234374995,1161.0126953125,10.0,0.1,2.0,4005,0.05767102,False
14039,3018,ok,True,True,20260908,5,analysis_activations,positive,False,5.759244715270708,6.570154862614769,0.038165030126748455,0.1973842479106979,0.19535872165518603,0.44427947050330596,0.5437861945469243,0.4562138054530757,0.4562138054530757,2.362908171045335,2,13,4672.838261395533,3763.6002641343784,909.2379972611543,909.2379972611543,238.30657958984375,397.9413604736328,1294.9862304687501,2399.948974609375,10.0,0.1,2.0,1010,0.2740256,False
14041,3615,ok,True,True,20260908,5,analysis_activations,positive,False,5.795524788859425,6.878006912589425,0.05433947804285121,0.07137012791753782,0.2331082968125571,0.2671518817405893,0.5918185144698314,0.4081814855301686,0.4081814855301686,4.317690403404102,2,2,6421.405440498851,4696.217617379352,1725.1878231194987,1725.1878231194987,229.8375244140625,424.48382568359375,1315.2974365234375,1663.395263671875,10.0,0.1,2.0,1681,0.34444842,False
14042,3474,ok,True,True,20260908,5,analysis_activations,positive,False,5.569608169632002,6.117170001470113,0.024235346228788004,0.10186404948262702,0.15567705749013888,0.319161478694762,0.6251412730156702,0.37485872698432976,0.37485872698432976,2.18067860608526,2,9,2611.836322943847,1628.1262383491417,983.7100845947052,983.7100845947052,209.4321746826172,291.2947692871094,656.5662658691406,1297.2803955078125,10.0,0.1,2.0,376,0.12363022,False
14056,2541,ok,True,False,20260908,5,analysis_activations,positive,False,5.657234912744322,6.078471667603157,0.012871520793857257,0.09010692464203007,0.11345272492918475,0.30017815483813953,0.6938921314378224,0.3061078685621776,0.3061078685621776,1.8563851706644585,2,8,617.6853193874344,-509.7555470128704,1127.440866400305,1127.440866400305,245.24261474609375,299.7151184082031,558.2548828125,1597.6744384765625,10.0,0.1,2.0,887,0.07423148,False
14064,45474,ok,True,True,20260908,5,analysis_activations,positive,False,5.346339469460294,5.695854967038518,0.010485291668152687,0.048738059493172815,0.1023977131978673,0.22076698007893486,0.6272792391365688,0.37272076086343126,0.37272076086343126,2.0311170221120345,2,8,-4247.773315064302,-17538.213598044684,13290.440282980382,13290.440282980382,179.98069763183594,224.41896057128906,377.6151992797851,778.3612670898438,10.0,0.1,2.0,5070,0.053304076,True
14067,796,ok,True,True,20260908,5,analysis_activations,positive,False,5.794551122047701,6.385173987726761,0.03138707057436371,0.11080171811968757,0.177163965225335,0.3328689203270374,0.7271872355000792,0.2728127644999207,0.2728127644999207,2.2150961234386894,2,4,599.4017902931024,382.94166492325485,216.46012536984756,216.46012536984756,252.44766235351562,353.8734436035156,813.0595397949219,1399.083740234375,10.0,0.1,2.0,450,0.1224093,False
14133,2958,ok,True,False,20260908,5,analysis_activations,positive,False,5.710175264722141,6.085807961965371,0.00853990103785578,0.0687896780376208,0.09241158497642912,0.26227786417770904,0.5742245455968282,0.4257754544031717,0.4257754544031717,1.9103175408732247,2,13,488.426418659282,-666.8785559027576,1155.3049745620397,1155.3049745620397,263.80303955078125,326.7333068847656,597.9987609863282,1363.651611328125,10.0,0.1,2.0,1223,0.068712585,False
14148,1361,ok,True,True,20260908,5,analysis_activations,positive,False,5.890698352451938,6.89594473826622,0.07707487925325096,0.08095656472800475,0.27762362877329255,0.28452867118799247,0.4820856246018119,0.517914375398188,0.4820856246018119,3.576150306211858,2,3,2373.613598059008,2032.5454011052684,341.0681969537395,341.0681969537395,240.53546142578125,616.0133056640625,1411.9388427734375,1731.572509765625,10.0,0.1,2.0,769,0.33163366,False
14162,577,ok,True,False,20260908,5,analysis_activations,positive,False,5.836279119980273,6.380861887582206,0.028465972210947574,0.13186932663344228,0.16871861844783928,0.3631381646611139,0.6285144262841703,0.3714855737158297,0.3714855737158297,1.9233765631201598,2,6,499.5163840187586,359.55535827029536,139.96102574846321,139.96102574846321,268.5371398925781,383.7563171386719,854.54013671875,1958.9744873046875,10.0,0.1,2.0,458,0.1363588,False
14172,1762,ok,True,True,20260908,5,analysis_activations,positive,False,5.880046460235732,6.7050357724316605,0.05499471966828116,0.20734992340388606,0.23450953001590608,0.4553569186955284,0.6808293726785218,0.3191706273214781,0.3191706273214781,2.277861004427068,2,6,2583.300205308197,2059.2088936601617,524.0913116480351,524.0913116480351,257.8898010253906,406.98060607910156,1302.7986694335934,2739.870849609375,10.0,0.1,2.0,629,0.25166023,False
14177,2468,ok,True,True,20260908,5,analysis_activations,positive,False,5.76542327222201,6.322632230977675,0.017561834699315305,0.13222541055216958,0.13252107266135188,0.36362812123400134,0.5607831428804212,0.4392168571195788,0.4392168571195788,2.036083907138949,2,15,2243.4460084125603,1308.2533169522846,935.1926914602757,935.1926914602757,265.6488952636719,363.8197479248047,882.9559661865235,2072.01611328125,10.0,0.1,2.0,712,0.14445496,False
14181,3870,ok,True,True,20260908,5,analysis_activations,positive,False,5.704538554664392,6.070416767698089,0.00807630358667222,0.04704195249329332,0.08986825683561588,0.2168915685159138,0.4865086325869574,0.5134913674130426,0.4865086325869574,2.2039605321192823,2,18,208.41418811556935,-803.5669103932881,1011.9810985088575,1011.9810985088575,263.85992431640625,342.1148376464844,585.1249633789063,971.3152465820312,10.0,0.1,2.0,2138,0.061542068,False
14197,712,ok,True,False,20260908,5,analysis_activations,positive,False,5.843790034036076,6.275386818587062,0.012376657060814221,0.08642909203500443,0.1112504249916117,0.2939882515254724,0.604842886271732,0.39515711372826806,0.39515711372826806,1.9417892424171868,2,9,288.19660962500075,33.45824801716482,254.73836160783594,254.73836160783594,293.04840087890625,375.38848876953125,739.1879455566404,1534.0230712890625,10.0,0.1,2.0,360,0.08628056,False
14270,12005,ok,True,True,20260908,5,analysis_activations,positive,False,5.513103996915713,5.849956433442115,0.010514119332580611,0.045916534927454095,0.10253837980278707,0.2142814385975932,0.6351978111092301,0.3648021888907699,0.3648021888907699,2.0053821646111807,2,7,-1943.3586446147604,-5208.902606519311,3265.543961904551,3265.543961904551,212.7371368408203,264.28857421875,435.42559814453125,786.0265502929688,10.0,0.1,2.0,833,0.049725387,False
14288,918,ok,True,False,20260908,5,analysis_activations,positive,False,5.691091380957506,6.070265110800384,0.007849083861143651,0.06855193518874163,0.08859505551182668,0.26182424484516637,0.5743906136621533,0.4256093863378466,0.4256093863378466,1.9400086342565481,2,15,162.15922281129636,-216.7931054873169,378.9523282986132,378.9523282986132,260.4971008300781,317.7428894042969,570.3890655517578,930.5576171875,10.0,0.1,2.0,462,0.06890635,False
14441,5272,ok,True,True,20260908,5,analysis_activations,positive,False,5.724484597661197,6.343392398711718,0.02397158011844945,0.14350517247509564,0.15482758190467696,0.37882076563342676,0.556513201433374,0.443486798566626,0.443486798566626,2.1387680561736255,2,13,5683.615949256918,3971.506363687383,1712.1095855695348,1712.1095855695348,245.57839965820312,358.99757385253906,934.8587219238279,1844.3485107421875,10.0,0.1,2.0,2393,0.17155312,False
14483,2916,ok,True,False,20260908,5,analysis_activations,positive,False,5.697934295297317,6.06404856757988,0.01126341012708951,0.06483480116939914,0.10612921429601517,0.25462678800432437,0.6851824817627424,0.3148175182372576,0.3148175182372576,1.8769142554064173,2,6,-60.175960220034206,-1149.518029706954,1089.3420694869196,1089.3420694869196,256.80194091796875,311.62884521484375,549.1549530029297,1164.4796142578125,10.0,0.1,2.0,1833,0.05706096,False
14489,1822,ok,True,False,20260908,5,analysis_activations,positive,False,5.702584592248988,6.4892019347140915,0.0451914221875713,0.2812615878162084,0.21258274197961438,0.5303410108752749,0.6506729785166164,0.3493270214833836,0.3493270214833836,1.9470099735854576,2,12,2788.516422620796,2083.692459301647,704.8239633191492,704.8239633191492,223.66085815429688,335.8917236328125,1174.7798400878905,3091.459716796875,10.0,0.1,2.0,1242,0.2684474,False
14506,1290,ok,True,False,20260908,5,analysis_activations,positive,False,5.862483866466962,6.471288853027232,0.021719395649774636,0.17455514094638738,0.14737501704758046,0.4177979666613845,0.5937941730032331,0.4062058269967668,0.4062058269967668,1.9433956149895357,2,12,1413.4286873687417,886.7208528690913,526.7078344996504,526.7078344996504,285.0719299316406,395.95582580566406,1039.5813903808594,2953.2509765625,10.0,0.1,2.0,663,0.17333575,False
14508,3666,ok,True,True,20260908,5,analysis_activations,positive,False,5.742866261078509,6.0853367767165105,0.011761020498374773,0.043486998191292536,0.10844823879793887,0.2085353643660771,0.5885851049335145,0.41141489506648554,0.41141489506648554,2.0605342206421007,2,6,-333.9183065084631,-1070.0952892548873,736.1769827464243,736.1769827464243,265.59295654296875,341.4352111816406,561.3629608154297,907.7047119140625,10.0,0.1,2.0,2008,0.053228118,False
14513,5398,ok,True,False,20260908,5,analysis_activations,positive,False,5.70055603435604,6.158672636984058,0.015520933095889405,0.10825563319858554,0.1245830369508201,0.3290222381520519,0.639498309475046,0.36050169052495395,0.36050169052495395,1.8415003843582805,2,10,2760.8639453090113,602.5948840397409,2158.2690612692704,2158.2690612692704,250.97564697265625,320.5877227783203,668.167691040039,2551.249755859375,10.0,0.1,2.0,2012,0.09735259,False
14516,629,ok,True,False,20260908,5,analysis_activations,positive,False,5.705845226083452,6.336077504687874,0.018245743537390592,0.1804285635988985,0.13507680606747627,0.4247688354845474,0.579771356842683,0.420228643157317,0.420228643157317,1.9996076378152077,2,15,730.2831871433204,440.02832843776196,290.2548587055585,290.2548587055585,250.5726318359375,339.22381591796875,1029.2150878906255,2034.010986328125,10.0,0.1,2.0,430,0.18346104,False
14538,1169,ok,True,True,20260908,5,analysis_activations,positive,False,6.029380242669796,6.631824441234829,0.04854144632870853,0.08001271304799547,0.22032123440265244,0.2828651852879662,0.5622018042510873,0.43779819574891266,0.43779819574891266,2.376231550652884,2,4,1126.6541394534343,1044.8035256284904,81.85061382494382,81.85061382494382,291.095947265625,523.6556396484375,1091.7780029296873,1471.2843017578125,10.0,0.1,2.0,812,0.15177901,False
14546,20829,ok,True,True,20260908,5,analysis_activations,positive,False,5.656999204234121,6.227163939165271,0.025659481866374116,0.1335346390474504,0.16018577298366454,0.3654239169067213,0.5919065858030513,0.40809341419694867,0.40809341419694867,2.0209326375440213,2,11,19364.52870951502,13132.28093372324,6232.24777579178,6232.24777579178,227.1560821533203,325.75360107421875,779.9038574218745,2220.80712890625,10.0,0.1,2.0,1755,0.14821431,False
14571,6925,ok,True,True,20260908,5,analysis_activations,positive,False,5.613138004945549,6.168426067690578,0.02293861000132749,0.1273640928527815,0.15145497681267356,0.3568810626143975,0.6335064748043093,0.36649352519569073,0.36649352519569073,2.0255825172451765,2,10,5688.981167616879,3249.299800521879,2439.681367095,2439.681367095,220.60772705078125,303.0295715332031,717.1738037109372,1460.20068359375,10.0,0.1,2.0,1018,0.13281815,False
14593,2700,ok,True,True,20260908,5,analysis_activations,positive,False,5.734107356017348,6.707222021047112,0.04171555456105904,0.3354279104904082,0.20424386052231544,0.5791613855311905,0.4984665917710903,0.5015334082289097,0.4984665917710903,2.240916745320424,2,16,5372.576017199993,4401.524796211107,971.0512209888857,971.0512209888857,234.61358642578125,416.9158630371094,1868.5757995605466,3482.87841796875,10.0,0.1,2.0,1388,0.42591462,False
14597,2188,ok,True,True,20260908,5,analysis_activations,positive,False,5.928008122764253,6.6179950034381445,0.045883289382215295,0.10220333610790806,0.21420385006394094,0.31969256498690746,0.5541013894383776,0.44589861056162233,0.44589861056162233,2.535700245161104,2,5,2575.0537680793072,2275.8072090210194,299.24655905828786,299.24655905828786,269.46356201171875,479.47369384765625,1138.6494628906253,1886.337158203125,10.0,0.1,2.0,1339,0.1887083,False
14601,4432,ok,True,True,20260908,5,analysis_activations,positive,False,5.567418639619524,6.1438248314943165,0.023206322386454065,0.10207240124902879,0.15233621495381217,0.3194877168985199,0.5736858673401118,0.4263141326598882,0.4263141326598882,2.303058529860083,2,12,3819.3819488340637,2588.9167084410274,1230.4652403930363,1230.4652403930363,210.32447814941406,303.64878845214844,697.7708007812497,1318.1044921875,10.0,0.1,2.0,356,0.13811553,False
14616,662,ok,True,True,20260908,5,analysis_activations,positive,False,5.84030240920131,6.471312537207613,0.03290887713574119,0.10415266005885415,0.18140804043851308,0.32272691251095587,0.6465082160746181,0.35349178392538194,0.35349178392538194,2.4104244760484943,2,6,631.7378065936961,483.0542280777292,148.68357851596687,148.68357851596687,259.28997802734375,391.29742431640625,925.8471740722653,1916.490966796875,10.0,0.1,2.0,571,0.14931437,False
14621,517,ok,True,True,20260908,5,analysis_activations,positive,False,5.704333971321759,7.039796186560603,0.018631270531962417,0.19066172567551545,0.13649641215783812,0.4366482860100512,0.36119800725032075,0.6388019927496792,0.36119800725032075,4.128281040446319,2,8,1161.1374701982443,842.3715411631252,318.76592903511903,318.76592903511903,255.5814208984375,818.7569580078125,2135.2142089843746,2892.671142578125,10.0,0.1,2.0,355,0.54107535,False
14639,969,ok,True,True,20260908,5,analysis_activations,positive,False,5.750229417748274,6.2141094743433625,0.024198790436687677,0.08124542794083152,0.15555960412873157,0.2850358362396411,0.6032410794632932,0.3967589205367068,0.3967589205367068,2.0202695280040577,2,6,516.1722618780105,356.65832604118566,159.51393583682488,159.51393583682488,249.22665405273438,353.5368957519531,669.1000244140624,1596.2314453125,10.0,0.1,2.0,686,0.09843577,False
14649,786,ok,True,True,20260908,5,analysis_activations,positive,False,5.688730919198835,7.167881450166667,0.040237597847853905,0.16481207463077768,0.20059311515566505,0.4059705341903248,0.22233326017126936,0.7776667398287306,0.22233326017126936,4.619530423176752,2,8,1722.9383502728328,1387.8186566929799,335.119693579853,335.119693579853,229.7127685546875,1153.279541015625,2377.943115234375,3433.745361328125,10.0,0.1,2.0,379,0.51605844,False
14669,758,ok,True,True,20260908,5,analysis_activations,positive,False,5.695098706962814,5.918725753906773,0.0031034678997557035,0.016931230391516033,0.055708777582672765,0.13012006144909413,0.6079180611131011,0.3920819388868988,0.3920819388868988,2.234333120823418,2,11,-784.3004281202592,-1036.1859230731443,251.8854949528851,251.8854949528851,272.8118591308594,310.8768615722656,436.16542053222656,542.1004638671875,10.0,0.1,2.0,269,0.020470932,False
14672,4106,ok,True,True,20260908,5,analysis_activations,positive,False,5.849906634281612,6.3880494722063,0.023168713973183864,0.1101289264310291,0.15221272605529362,0.33185678602528096,0.5343258145263663,0.4656741854736336,0.4656741854736336,2.084497274638466,2,11,3468.6508528987256,2522.6652575867965,945.985595311929,945.985595311929,276.4167175292969,407.3955383300781,898.3629760742188,2546.047119140625,10.0,0.1,2.0,521,0.13575414,False
14675,572,ok,True,False,20260908,5,analysis_activations,positive,False,5.675124468907575,6.167233563990224,0.009561914277844403,0.14204587001461436,0.09778504117626788,0.3768897319039275,0.5655968454330657,0.43440315456693424,0.43440315456693424,1.7873748353294394,2,19,453.8579586268322,149.2759690361136,304.58198959071865,304.58198959071865,252.18099975585938,318.588134765625,776.6784454345694,1960.567626953125,10.0,0.1,2.0,217,0.12683487,False
14677,1414,ok,True,True,20260908,5,analysis_activations,positive,False,5.7169880338727666,7.235235055021461,0.05659760423028218,0.2819617649252351,0.23790250992850448,0.5310007202680944,0.37994361487555794,0.620056385124442,0.37994361487555794,3.690115987847392,2,14,3600.317443753085,3048.962299321349,551.3551444317363,551.3551444317363,226.83389282226562,839.5142822265625,2902.097338867187,3672.27978515625,10.0,0.1,2.0,758,0.73990357,False
14691,1640,ok,True,False,20260908,5,analysis_activations,positive,False,5.7346332437740015,6.296404812240036,0.02065365597604381,0.1727923557400809,0.14371379883658983,0.4156829990991704,0.6236787085529739,0.3763212914470261,0.3763212914470261,1.8063207182601633,2,12,1579.1006021607045,870.9509280761054,708.1496740845992,708.1496740845992,253.63003540039062,340.3727722167969,824.4997375488281,2851.45849609375,10.0,0.1,2.0,1057,0.15206774,False
14718,1054,ok,True,True,20260908,5,analysis_activations,positive,False,5.922936947457728,6.840193632981115,0.1265530332492373,0.16950408212768317,0.3557429314114861,0.4117087345778362,0.3968426526526713,0.6031573473473286,0.3968426526526713,2.3840652197948873,2,5,1910.04626476354,1881.7387698356463,28.307494927893686,28.307494927893686,224.92074584960938,667.1661987304688,1686.7242065429687,2915.30126953125,10.0,0.1,2.0,772,0.35418102,False
14724,3478,ok,True,True,20260908,5,analysis_activations,positive,False,5.824917287481043,6.368549316228057,0.013139407148261745,0.07919683415946868,0.11462725307823504,0.2814193208709535,0.4422010603052222,0.5577989396947779,0.4422010603052222,2.5300781595405235,2,17,2594.7057069600237,1662.6572537014124,932.0484532586113,932.0484532586113,286.31475830078125,426.3177185058594,869.1524353027339,1258.007568359375,10.0,0.1,2.0,1489,0.12291725,False
14730,2577,ok,True,False,20260908,5,analysis_activations,positive,False,5.7602931861748425,6.214141822348967,0.016460953934201286,0.09290808839534602,0.12830024915876542,0.3048082813759266,0.6398516448305405,0.3601483551694595,0.3601483551694595,1.940791260602307,2,9,1165.0629083477381,281.5760608964681,883.48684745127,883.48684745127,264.86431884765625,342.80224609375,704.6249389648438,1394.6456298828125,10.0,0.1,2.0,434,0.091494024,False
14768,6869,ok,True,True,20260908,5,analysis_activations,positive,False,5.925781018652775,7.213763825829965,0.12380643883086495,0.07355207981931522,0.3518613915036217,0.2712048668798464,0.27365697849271853,0.7263430215072815,0.27365697849271853,4.100125265135966,2,3,13503.622372477139,9888.119010786864,3615.5033616902747,3615.5033616902747,230.25978088378906,1207.172607421875,1935.6928710937498,2402.463623046875,10.0,0.1,2.0,1555,0.41710103,False
14800,1255,ok,True,True,20260908,5,analysis_activations,positive,False,5.818825442623718,6.354900207193647,0.023154416640671874,0.11743283344415519,0.15216575383663655,0.3426847435240664,0.7010925907438547,0.2989074092561453,0.2989074092561453,2.0219359463436626,2,8,823.3147713433707,380.7361677152552,442.5786036281155,442.5786036281155,267.92333984375,358.4645080566406,773.547735595703,1903.620361328125,10.0,0.1,2.0,1013,0.11164589,False
14811,866,ok,True,True,20260908,5,analysis_activations,positive,False,6.065248858562295,7.194514595869195,0.1446808828302363,0.049117631513876325,0.380369403120488,0.22162497944472848,0.6916834792545911,0.30831652074540905,0.30831652074540905,3.6277381124457553,2,14,1649.3911680976703,1450.6199393957004,198.7712287019699,198.7712287019699,240.39735412597656,553.8569946289062,1643.5439147949219,2080.8125,10.0,0.1,2.0,491,0.38761815,False
14825,1540,ok,True,True,20260908,5,analysis_activations,positive,False,5.769778236862359,6.20345445351266,0.015577718842080805,0.0562585993997765,0.12481073207893945,0.23718895294633033,0.4688921408179838,0.5311078591820162,0.4688921408179838,2.2882768686990906,2,12,570.8804798484455,349.5562102854732,221.3242695629723,221.3242695629723,268.0354309082031,386.1916198730469,692.359017944336,1116.58203125,10.0,0.1,2.0,1070,0.08407414,False
14853,3038,ok,True,True,20260908,5,analysis_activations,positive,False,5.762038114236912,6.541574056410736,0.02506169860546013,0.12302703685620672,0.15830887089945442,0.3507521017131711,0.3819085999323547,0.6180914000676454,0.3819085999323547,2.8647724372474332,2,15,4160.15018191163,3499.711265103998,660.4389168076323,660.4389168076323,249.832763671875,503.9582824707031,1130.2034912109375,1814.6796875,10.0,0.1,2.0,1473,0.22913226,False
14912,5071,ok,True,True,20260908,5,analysis_activations,positive,False,5.658305723495137,5.965327608807846,0.00722890056171337,0.038544357239949985,0.08502294138474256,0.19632716887876211,0.577450323731898,0.42254967626810214,0.42254967626810214,2.02945030079983,2,11,-1494.236643112747,-2975.736627277131,1481.499984164384,1481.499984164384,252.8447723388672,308.7095947265625,497.3864440917969,893.9041748046875,10.0,0.1,2.0,655,0.043468993,False
14933,892,ok,True,True,20260908,5,analysis_activations,positive,False,5.824878311572822,6.457133106372063,0.01894154811395319,0.12891669351137278,0.13762829692310077,0.359049708969904,0.413071251065043,0.5869287489349571,0.413071251065043,2.325328748082717,2,17,1017.372530015161,823.4792325449431,193.89329747021793,193.89329747021793,273.9413146972656,450.1148681640625,1099.0160827636703,1547.2099609375,10.0,0.1,2.0,520,0.18060637,False
14935,4669,ok,True,False,20260908,5,analysis_activations,positive,False,5.713522430251198,6.005231012848154,0.007674051105886831,0.03725754606301792,0.08760166154752334,0.1930221387898754,0.643327260474756,0.3566727395252441,0.3566727395252441,1.9462036224915351,2,7,-2032.2812988694516,-3432.102121956628,1399.8208230871762,1399.8208230871762,266.744384765625,318.99200439453125,493.56555175781244,889.9942016601562,10.0,0.1,2.0,1824,0.037758134,False
14952,1648,ok,True,True,20260908,5,analysis_activations,positive,False,5.712603451336114,5.966559208920253,0.004081606286928211,0.027167278121312862,0.06388745015203073,0.1648249924050138,0.5891211648817136,0.4108788351182865,0.4108788351182865,2.031682325445712,2,11,-1133.0043614833794,-1726.579887124663,593.5755256412835,593.5755256412835,275.58807373046875,319.02357482910156,479.8358779907225,824.8106689453125,10.0,0.1,2.0,549,0.0291948,False
14964,3933,ok,True,True,20260908,5,analysis_activations,positive,False,6.010713373557992,6.938358670846693,0.07617779077036856,0.10924265061218424,0.2760032441301525,0.3305187598490958,0.5899508401028876,0.4100491598971124,0.4100491598971124,3.0466189551754077,2,3,6415.122291531104,5718.19543755511,696.9268539759933,696.9268539759933,267.14703369140625,546.6206665039062,1537.040112304687,2265.63671875,10.0,0.1,2.0,2296,0.2979784,False
14980,12882,ok,True,False,20260908,5,analysis_activations,positive,False,5.294786672653524,5.917354642578293,0.02076872227565407,0.17882398909326344,0.14411357422413085,0.42287585541534933,0.6523591401947663,0.3476408598052337,0.3476408598052337,1.970740456335121,2,11,13256.930512889185,6582.455584606621,6674.474928282563,6674.474928282563,162.26171875,215.6653289794922,597.4880554199216,1730.3719482421875,10.0,0.1,2.0,3777,0.16362746,False
14982,2262,ok,True,True,20260908,5,analysis_activations,positive,False,5.717974868260098,6.086630677559367,0.011369223614256992,0.05214955020100107,0.10662656148566825,0.22836276010111867,0.5342528160344225,0.46574718396557746,0.46574718396557746,2.0686405181185767,2,13,223.0900954551579,-272.1940590418384,495.2841544969963,495.2841544969963,260.1448974609375,340.90940856933594,583.233251953125,1063.75732421875,10.0,0.1,2.0,1414,0.06420721,False
14988,8650,ok,True,False,20260908,5,analysis_activations,positive,False,5.6158988526613385,6.0913947443395235,0.015641821667316057,0.10091897292111865,0.12506726856902273,0.31767746681362,0.6148942163690384,0.3851057836309617,0.3851057836309617,1.9696339303116812,2,11,4821.480124074728,1573.4737762863638,3248.0063477883646,3248.0063477883646,229.34249877929688,299.54380798339844,632.9061035156247,1790.8358154296875,10.0,0.1,2.0,1436,0.10203287,False
15022,1233,ok,True,True,20260908,5,analysis_activations,positive,False,5.76757649502647,6.651886546248418,0.06632506536645606,0.11151621134355816,0.2575365321007023,0.3339404308309465,0.735542494327236,0.2644575056727641,0.2644575056727641,2.9655365114812455,2,3,1703.3178175839766,1415.5363109881882,287.7815065957884,287.7815065957884,224.59857177734375,363.1025390625,1079.7700683593744,1472.87841796875,10.0,0.1,2.0,652,0.23057765,False
15044,8001,ok,True,False,20260908,5,analysis_activations,positive,False,5.634733098053891,5.976054267374806,0.008685843948070336,0.05742980682062489,0.09319787523366795,0.23964516857350762,0.6590963248425099,0.3409036751574901,0.3409036751574901,1.8772671653925461,2,9,-1011.9333428397014,-4255.468931085824,3243.5355882461226,3243.5355882461226,245.43983459472656,293.14849853515625,495.54022216796875,1289.1796875,10.0,0.1,2.0,2248,0.051484417,False
15049,578,ok,True,True,20260908,5,analysis_activations,positive,False,5.678752443043466,7.097645828564402,0.036308398562140035,0.19420270002527096,0.19054762806747302,0.4406843541870655,0.40528480773655917,0.5947151922634407,0.40528480773655917,4.179447187225134,2,10,1372.4624480685568,1055.1385745891573,317.3238734793995,317.3238734793995,231.43344116210938,725.3495178222656,2141.227697753906,2735.994140625,10.0,0.1,2.0,349,0.61652976,False
15052,958,ok,True,True,20260908,5,analysis_activations,positive,False,5.6964398877887135,7.104782105669838,0.009039128612172305,0.36652726796610136,0.09507433203642456,0.6054149551886717,0.3883994761261299,0.6116005238738701,0.3883994761261299,3.2499735952508404,2,14,2389.1215847493027,1565.194475438067,823.9271093112357,823.9271093112357,263.3284912109375,637.0177001953125,2612.9830810546873,4005.390625,10.0,0.1,2.0,650,0.699562,False
15064,1965,ok,True,True,20260908,5,analysis_activations,positive,False,5.775328714336346,6.548369339169149,0.051852452747187604,0.12441779595747364,0.2277113364485563,0.3527290687730083,0.6361638637698703,0.36383613623012967,0.36383613623012967,2.6039210159741786,2,4,2585.470886320967,2192.7346830086753,392.73620331229176,392.73620331229176,231.80538940429688,387.6325988769531,1057.0560546875,1868.77978515625,10.0,0.1,2.0,650,0.21668229,False
15076,3270,ok,True,False,20260908,5,analysis_activations,positive,False,5.659853214869847,6.114097818337081,0.013284027732241006,0.1024554468842358,0.11525635658062859,0.32008662403205135,0.6118669082391578,0.38813309176084215,0.38813309176084215,1.8882696856615537,2,11,1663.4732282050056,314.1718831523385,1349.301345052667,1349.301345052667,243.5843048095703,310.58404541015625,643.0411010742187,1546.156005859375,10.0,0.1,2.0,1396,0.09692541,False
15094,847,ok,True,False,20260908,5,analysis_activations,positive,False,5.988780636221235,6.621859184190121,0.029530922008080832,0.1984614053501845,0.17184563424213264,0.44549007323416817,0.7130728917570003,0.28692710824299966,0.28692710824299966,1.8750483868845549,2,7,864.9791027948579,499.1168644761109,365.862238318747,365.862238318747,311.4110412597656,423.4528503417969,1114.0555664062497,3244.0263671875,10.0,0.1,2.0,573,0.16019098,False
15095,1820,ok,True,True,20260908,5,analysis_activations,positive,False,5.447830613114756,6.245062840486921,0.0587881342944682,0.14349979023491002,0.24246264515274965,0.37881366162654434,0.5796806660109624,0.4203193339890376,0.4203193339890376,2.5067721719295397,2,5,2651.444407291354,2364.929871506665,286.51453578468863,286.51453578468863,160.6645050048828,296.3345031738281,834.319183349609,1807.6435546875,10.0,0.1,2.0,605,0.24938981,False
15100,2855,ok,True,False,20260908,5,analysis_activations,positive,False,5.747890609413354,6.125064483296676,0.010682866389925038,0.07156498124197525,0.10335795271736489,0.2675163195806477,0.6305872218914124,0.36941277810858764,0.36941277810858764,1.8599202779747273,2,11,371.3214869073893,-705.2822198860289,1076.6037067934183,1076.6037067934183,270.68206787109375,333.03228759765625,598.1971130371093,1636.3179931640625,10.0,0.1,2.0,1018,0.06633479,False
15119,4066,ok,True,True,20260908,5,analysis_activations,positive,False,5.481695305439757,6.546606352551567,0.016916394934013725,0.3810089956702017,0.13006304215269504,0.6172592613077601,0.44240413969759756,0.5575958603024024,0.44240413969759756,2.387412725992322,2,15,8734.48043627341,6263.280923408445,2471.199512864965,2471.199512864965,202.46109008789062,333.36647033691406,1609.3621826171875,4089.9814453125,10.0,0.1,2.0,2189,0.49980173,False
15131,13642,ok,True,False,20260908,5,analysis_activations,positive,False,5.601699756076687,6.088110009031756,0.01782173933255418,0.11025293504335039,0.13349808737414248,0.3320435740130358,0.6475443808685846,0.3524556191314155,0.3524556191314155,1.9221447440625423,2,9,7908.500934517142,2698.6944207991705,5209.806513717971,5209.806513717971,224.0697784423828,292.5802307128906,621.0260253906246,1771.7733154296875,10.0,0.1,2.0,3222,0.104404345,False
15139,749,ok,True,True,20260908,5,analysis_activations,positive,False,5.680319309242543,6.574716465290887,0.006743251270996745,0.30612318902429975,0.08211730189793588,0.5532840039476108,0.37608385678234085,0.6239161432176592,0.37608385678234085,2.261340271240499,2,19,1416.5142268795596,965.675741653352,450.8384852262076,450.8384852262076,262.1972351074219,422.9130554199219,1662.6120361328133,2949.10546875,10.0,0.1,2.0,567,0.3817432,False
15153,1544,ok,True,True,20260908,5,analysis_activations,positive,False,5.60540343130849,6.33982439510816,0.030401230419318196,0.19525861762532157,0.17435948617531022,0.44188077308853524,0.5263751417387096,0.47362485826129047,0.47362485826129047,2.1864166065818207,2,17,2211.755790515268,1723.4345005177709,488.32128999749716,488.32128999749716,214.02635192871094,335.3102722167969,1028.3521118164058,1899.784912109375,10.0,0.1,2.0,866,0.24310651,False
15159,2816,ok,True,False,20260908,5,analysis_activations,positive,False,5.690304157159605,6.059211155587904,0.009961327178538782,0.0669346477437502,0.09980644858193674,0.25871731241598467,0.6519777970174397,0.3480222029825603,0.3480222029825603,1.881395445160478,2,9,115.96353642094384,-1011.4376283238043,1127.4011647447483,1127.4011647447483,256.91973876953125,312.6023864746094,553.2960205078125,1120.0341796875,10.0,0.1,2.0,937,0.06068961,False
15167,766,ok,True,False,20260908,5,analysis_activations,positive,False,5.920281015808681,6.59917616943769,0.04962739382619512,0.20231530029430275,0.22277206697922233,0.44979473128784286,0.699779337378521,0.3002206626214789,0.3002206626214789,1.9127879257970306,2,5,924.1764358241425,732.506920713686,191.66951511045647,191.66951511045647,269.0418701171875,411.6173400878906,1097.4679565429688,2575.736083984375,10.0,0.1,2.0,399,0.19254711,False
15174,2269,ok,True,True,20260908,5,analysis_activations,positive,False,5.790448203890789,7.107595528392029,0.08408010909151409,0.14147847243583198,0.2899657033021562,0.37613624185370914,0.5152537401747388,0.4847462598252612,0.4847462598252612,3.922109139342083,2,4,5078.292386034118,4242.233239864827,836.0591461692911,836.0591461692911,222.45819091796875,561.8067626953125,1930.20625,3579.333251953125,10.0,0.1,2.0,1234,0.5454588,False
15202,646,ok,True,False,20260908,5,analysis_activations,positive,False,5.609107155334602,6.141322256182916,0.008274046378095397,0.13787216654790488,0.09096178526224843,0.3713114145133501,0.4397476379490133,0.5602523620509867,0.4397476379490133,1.968830858683543,2,26,623.5309412970099,359.103665129179,264.42727616783094,264.42727616783094,239.11570739746094,323.8244934082031,811.1771087646484,1671.4051513671875,10.0,0.1,2.0,196,0.1508993,False
15229,763,ok,True,True,20260908,5,analysis_activations,positive,False,5.905584955117792,6.51982363449255,0.024862492100964584,0.10700101341976707,0.1576784452642928,0.32711009372956845,0.538295605557378,0.46170439444262207,0.46170439444262207,2.392157941042099,2,11,763.7032909210498,587.6615187675754,176.0417721534743,176.0417721534743,291.248779296875,439.42474365234375,1040.2587646484374,1562.14404296875,10.0,0.1,2.0,424,0.15675972,False
15234,4964,ok,True,True,20260908,5,analysis_activations,positive,False,5.684749702737119,6.190057034665363,0.02268578833443102,0.0716600386846918,0.15061802128042653,0.26769392724656976,0.6144231953276548,0.38557680467234523,0.38557680467234523,2.326533175374467,2,6,2775.3788386557108,1709.2573415346315,1066.1214971210793,1066.1214971210793,234.77272033691406,332.2974395751953,668.0835021972655,1149.5850830078125,10.0,0.1,2.0,2447,0.1020796,False
15256,1867,ok,True,False,20260908,5,analysis_activations,positive,False,5.790679448664211,6.250051727313419,0.01381905299811387,0.09565119950598301,0.11755446821841299,0.30927528111050684,0.5998644981835429,0.4001355018164571,0.4001355018164571,1.9635036890547102,2,12,961.6861634057861,262.0598785921035,699.6262848136827,699.6262848136827,278.12109375,358.48785400390625,754.3779663085934,1623.490234375,10.0,0.1,2.0,993,0.0972652,False
15268,2137,ok,True,True,20260908,5,analysis_activations,positive,False,5.65385754787665,5.9724765058641065,0.007346892967568142,0.03728284274646314,0.08571401850087383,0.19308765560351893,0.5399255220354341,0.4600744779645659,0.4600744779645659,2.1329194436358474,2,13,-484.62018982389515,-1033.7290889676212,549.1088991437261,549.1088991437261,251.34170532226562,313.6408386230469,504.9965026855468,826.34521484375,10.0,0.1,2.0,230,0.046358034,False
15273,4329,ok,True,True,20260908,5,analysis_activations,positive,False,5.684852006160862,6.236499740366772,0.029401044483210438,0.08294319164102609,0.17146732774266485,0.2879985965955843,0.6074998020721383,0.39250019792786167,0.39250019792786167,2.3275629673699147,2,5,3229.394826115634,2439.1000334329387,790.2947926826951,790.2947926826951,227.12872314453125,340.5931396484375,712.9529418945308,1336.676513671875,10.0,0.1,2.0,1890,0.12300619,False
15349,806,ok,True,False,20260908,5,analysis_activations,positive,False,5.6534372334208705,6.278792697506928,0.01770673337851695,0.19432055781515975,0.13306665013637695,0.4408180552281857,0.6840866643319552,0.3159133356680448,0.3159133356680448,1.920640419360742,2,11,813.5916504001686,311.44663639547764,502.145014004691,502.145014004691,239.32180786132812,301.55015563964844,817.1629638671875,2245.354736328125,10.0,0.1,2.0,251,0.15821162,False
15378,1461,ok,True,True,20260908,5,analysis_activations,positive,False,5.662692960098542,6.127293939790645,0.011497942283137521,0.09406631996129297,0.10722845836408132,0.30670233119637835,0.5317345457969155,0.4682654542030844,0.4682654542030844,2.022258458577614,2,15,852.6296778152839,324.9834581345561,527.6462196807279,527.6462196807279,246.041259765625,323.8009948730469,674.5670166015625,1340.838623046875,10.0,0.1,2.0,261,0.10397819,False
15394,520,ok,True,True,20260908,5,analysis_activations,positive,False,5.407208335514066,6.1167732437627365,0.030641953734966934,0.17209971020525297,0.17504843254073124,0.4148490209766114,0.6683309074774151,0.331669092522585,0.331669092522585,2.228617948050867,2,8,622.3260258143745,422.7466677886908,199.5793580256837,199.5793580256837,169.2144317626953,246.55899047851562,674.6736297607422,1637.352783203125,10.0,0.1,2.0,403,0.18952669,False
15466,1725,ok,True,True,20260908,5,analysis_activations,positive,False,5.764250859117981,6.137516106692288,0.009738518964315426,0.049748058921974855,0.09868393468197054,0.2230427289152795,0.5505905162100602,0.4494094837899397,0.4494094837899397,2.164327921793373,2,11,119.04339121250234,-337.4078719297329,456.45126314223523,456.45126314223523,272.76995849609375,353.08795166015625,618.9742309570312,923.1510620117188,10.0,0.1,2.0,981,0.062229373,False
15482,2871,ok,True,True,20260908,5,analysis_activations,positive,False,5.588577503999436,5.9839245014565465,0.01163795918961646,0.05540801900327878,0.10787937332788164,0.23538908004255163,0.6522473581144761,0.34775264188552396,0.34775264188552396,2.1592706265368222,2,9,194.62766863737482,-758.4353816666053,953.0630503039802,953.0630503039802,228.11599731445312,285.3551940917969,512.1395416259766,848.714111328125,10.0,0.1,2.0,1524,0.062331647,False
15487,1058,ok,True,False,20260908,5,analysis_activations,positive,False,5.646040842040399,6.169318716053219,0.01852916502079635,0.12273621723405252,0.13612187561445202,0.35033729067008057,0.6891743396384776,0.3108256603615225,0.3108256603615225,1.968926458157031,2,10,677.0015590868352,214.2441062154394,462.7574528713958,462.7574528713958,235.58444213867188,301.05133056640625,672.5273956298827,1734.7366943359375,10.0,0.1,2.0,463,0.10967771,False
15542,1379,ok,True,True,20260908,5,analysis_activations,positive,False,5.464597662973119,5.908791829336788,0.0120144785587351,0.07267353877471641,0.10961057685613693,0.2695803011622259,0.43488393735121983,0.5651160626487801,0.43488393735121983,2.158623325858589,2,17,678.7446132498343,394.6031702959603,284.141442953874,284.141442953874,199.44024658203125,286.4569091796875,541.8634399414059,873.581298828125,10.0,0.1,2.0,441,0.09485221,False
15560,9602,ok,True,True,20260908,5,analysis_activations,positive,False,5.63225009545683,6.045199686623345,0.012717231306006105,0.07048554456409171,0.11277070233888811,0.2654911383908919,0.5637771090353144,0.4362228909646856,0.4362228909646856,2.024618171442008,2,13,2998.086186287965,168.8150093090349,2829.2711769789303,2829.2711769789303,237.13446044921875,310.4177551269531,588.2403503417967,1437.228271484375,10.0,0.1,2.0,1595,0.07986245,False
15567,1592,ok,True,False,20260908,5,analysis_activations,positive,False,5.660413366632921,6.026447646153228,0.008391023456921321,0.07389474758909573,0.09160252975175588,0.27183588355678084,0.6238346860666286,0.3761653139333713,0.3761653139333713,1.8045727117667816,2,12,168.11254069085845,-547.3316280212132,715.4441687120716,715.4441687120716,252.35958862304688,303.5291290283203,536.1454437255858,1628.80712890625,10.0,0.1,2.0,898,0.064511694,False
15569,1789,ok,True,True,20260908,5,analysis_activations,positive,False,5.6887921043927925,6.212866286270879,0.0195661712333328,0.11441138115004675,0.13987913079989023,0.3382475146250845,0.5469795661078674,0.4530204338921327,0.4530204338921327,2.024844809553611,2,13,1450.0764118314894,943.1345149677343,506.9418968637551,506.9418968637551,240.759033203125,342.42449951171875,765.385180664062,1475.514892578125,10.0,0.1,2.0,1045,0.1306623,False
15572,17580,ok,True,True,20260908,5,analysis_activations,positive,False,5.274752841953447,5.609959047773307,0.01105237785284824,0.04177960830962954,0.10513028989234378,0.20440060741012867,0.6180314411986422,0.3819685588013579,0.3819685588013579,2.062426969962526,2,7,-2998.54319156216,-7050.0349563718855,4051.4917648097257,4051.4917648097257,166.48541259765625,210.06038665771484,342.1765899658202,697.7638549804688,10.0,0.1,2.0,4473,0.049316455,False
15578,17869,ok,True,False,20260908,5,analysis_activations,positive,False,5.618298518602245,6.024849686668775,0.012462616501351807,0.07810536805644812,0.11163608960077295,0.27947337629271257,0.6217533704035829,0.3782466295964171,0.3782466295964171,1.9104816000953457,2,10,4718.752166138105,-1756.9521287293383,6475.704294867443,6475.704294867443,234.42808532714844,295.96331787109375,560.713330078125,2003.861328125,10.0,0.1,2.0,4091,0.07616562,False
15580,1580,ok,True,True,20260908,5,analysis_activations,positive,False,5.887330412543767,6.458667702169734,0.02900854804220595,0.059784358698956805,0.1703189597261736,0.2445084021029887,0.5646694735244474,0.43533052647555265,0.43533052647555265,2.711555083972826,2,4,1183.0280739274554,952.8342331830128,230.19384074444258,230.19384074444258,275.28466796875,434.67645263671875,871.5087524414062,1279.748046875,10.0,0.1,2.0,1020,0.12272422,False
15599,1738,ok,True,True,20260908,5,analysis_activations,positive,False,5.779506278197346,6.374438786576091,0.01727497596040991,0.1319714614502557,0.1314343028300067,0.3632787654821786,0.49858545157857337,0.5014145484214266,0.49858545157857337,2.17786377705202,2,14,1797.2862287725716,1223.8096853514276,573.476543421144,573.476543421144,268.1870422363281,387.89170837402344,987.8159179687497,2115.86962890625,10.0,0.1,2.0,566,0.16336374,False
15627,7897,ok,True,False,20260908,5,analysis_activations,positive,False,5.606444165760373,6.007112667999277,0.012134726219393124,0.08376923962850212,0.110157733361726,0.28942916167605176,0.6419042580676164,0.3580957419323836,0.3580957419323836,1.8297085483759437,2,9,1940.2857675124758,-1190.927805794262,3131.213573306738,3131.213573306738,232.51419067382812,288.7277526855469,542.8942138671875,1765.926025390625,10.0,0.1,2.0,2492,0.0746963,False
15641,6132,ok,True,True,20260908,5,analysis_activations,positive,False,5.410404628523287,5.900502447066435,0.023372524530822347,0.05974705031569143,0.1528807526499734,0.24443209755613404,0.5933366191819806,0.40666338081801945,0.40666338081801945,2.404064473875774,2,5,3057.202873875681,2038.4912578780504,1018.7116159976304,1018.7116159976304,176.62710571289062,257.00221252441406,492.0226867675781,817.9373779296875,10.0,0.1,2.0,3180,0.096135736,False
15685,2766,ok,True,False,20260908,5,analysis_activations,positive,False,5.662562035080267,6.311539898697558,0.023830256740154244,0.1946836138348684,0.15437051771680446,0.44122966110050715,0.5362568479903853,0.46374315200961475,0.46374315200961475,1.9633845824235208,2,16,3519.546491333166,2507.997039869992,1011.5494514631741,1011.5494514631741,232.21255493164062,342.9941711425781,1001.1585693359375,2339.19384765625,10.0,0.1,2.0,1535,0.20787579,False
15687,1613,ok,True,False,20260908,5,analysis_activations,positive,False,5.664931908825387,6.050134275404331,0.01272069048507915,0.07336532393491756,0.11278603852019606,0.2708603402768991,0.658498591567834,0.34150140843216614,0.34150140843216614,1.8566824987961967,2,7,227.34579145231285,-316.86951378017625,544.2153052324891,544.2153052324891,244.33096313476562,307.265625,561.0777709960936,1435.75,10.0,0.1,2.0,799,0.06683894,False
15696,2557,ok,True,True,20260908,5,analysis_activations,positive,False,5.654190641112786,6.100193022344477,0.009794611481687943,0.0809887034708727,0.0989677294964775,0.28458514274443897,0.6237189459170938,0.3762810540829062,0.3762810540829062,2.093385235498841,2,14,916.2150834416663,-343.9229996969091,1260.1380831385754,1260.1380831385754,248.82264709472656,305.77081298828125,632.3530639648436,1121.695068359375,10.0,0.1,2.0,599,0.083300054,False
15719,1376,ok,True,True,20260908,5,analysis_activations,positive,False,5.628259361789441,5.993667202912655,0.01420047379552054,0.04147763625549207,0.11916574086338967,0.20366059082574633,0.5850200459094492,0.4149799540905507,0.4149799540905507,2.1900327921807556,2,6,-0.08344110311149855,-201.23508011849754,201.15163901538602,201.15163901538602,229.60595703125,308.18603515625,510.78131103515625,861.53271484375,10.0,0.1,2.0,871,0.057976745,False
15722,904,ok,True,True,20260908,5,analysis_activations,positive,False,5.674599890617039,6.779436746097149,0.06386216671230946,0.28826614302024495,0.2527096490288993,0.5369042214587673,0.5234553596670856,0.4765446403329144,0.4765446403329144,2.6330716672727945,2,14,1906.6401584921261,1658.8637148714622,247.77644362066394,247.77644362066394,203.40823364257812,403.9678955078125,1923.5670898437443,2474.557861328125,10.0,0.1,2.0,350,0.47582054,False
15754,941,ok,True,True,20260908,5,analysis_activations,positive,False,5.658556387570757,6.860748689366113,0.010318891813695469,0.14539695292865623,0.10158194629802812,0.38130952378436106,0.12806302280946383,0.8719369771905361,0.12806302280946383,4.3084646839413985,2,15,1517.6077944226577,1248.7836857839943,268.82410863866335,268.82410863866335,251.86224365234375,889.639404296875,1746.399658203125,2948.98828125,10.0,0.1,2.0,422,0.28978828,False
15772,3281,ok,True,True,20260908,5,analysis_activations,positive,False,5.671288185062752,6.065888596880191,0.012454218819656833,0.06475484834234073,0.11159847140376446,0.254469739541543,0.6318179981887528,0.3681820018112471,0.3681820018112471,2.00834527711082,2,9,503.8017491005527,-552.4580855708992,1056.259834671452,1056.259834671452,247.53460693359375,313.3652038574219,563.5380859375,1071.2674560546875,10.0,0.1,2.0,582,0.06795199,False
15804,2278,ok,True,True,20260908,5,analysis_activations,positive,False,5.867932136577411,6.691060825405161,0.056103530850295784,0.08250816234238961,0.23686183916008038,0.2872423407897757,0.4924515744284482,0.5075484255715517,0.4924515744284482,3.1266754388067715,2,4,3218.2406415633186,2831.462339353672,386.7783022096464,386.7783022096464,251.5242462158203,529.2249755859375,1166.8512145996094,1691.336181640625,10.0,0.1,2.0,1535,0.23895563,False
15832,881,ok,True,True,20260908,5,analysis_activations,positive,False,5.804189064490633,6.483972967646354,0.022888340092606426,0.13894548513019336,0.1512889291805796,0.3727539203418166,0.5494029875246431,0.45059701247535683,0.45059701247535683,2.389743145596137,2,17,1048.6828207086783,743.2270680031849,305.4557527054934,305.4557527054934,265.82318115234375,395.39935302734375,1070.8262939453125,1562.2265625,10.0,0.1,2.0,534,0.18979664,False
15883,4891,ok,True,False,20260908,5,analysis_activations,positive,False,5.62557149418014,5.959037041565029,0.008212445642656638,0.047732946090456294,0.09062254489174666,0.2184787085517861,0.6423532382416179,0.35764676175838195,0.35764676175838195,1.9938101790453493,2,9,-965.7314016568092,-2746.720022217785,1780.9886205609755,1780.9886205609755,243.07749938964844,293.0187072753906,484.86871337890625,933.8463745117188,10.0,0.1,2.0,1918,0.04790204,False
15886,6200,ok,True,True,20260908,5,analysis_activations,positive,False,5.657836451366469,6.050571978927604,0.013021958747627422,0.06098006702659962,0.11411379735872179,0.24694142428235813,0.604546232215993,0.395453767784007,0.395453767784007,2.0417068397518383,2,9,1023.1441570656124,-692.6590693231088,1715.8032263887212,1715.8032263887212,241.05642700195312,312.56756591796875,562.2252014160155,1150.28564453125,10.0,0.1,2.0,372,0.06887184,False
15903,1376,ok,True,True,20260908,5,analysis_activations,positive,False,5.826388067078456,6.709436507911162,0.05336733462044375,0.061366268943686325,0.2310137108927601,0.2477221607843883,0.44959449956820785,0.5504055004317923,0.44959449956820785,3.686839304927703,2,3,2015.851668767981,1636.3538076360192,379.4978611319618,379.4978611319618,245.1650390625,576.2673950195312,1126.6312255859375,1463.07470703125,10.0,0.1,2.0,844,0.2509138,False
15910,5649,ok,True,False,20260908,5,analysis_activations,positive,False,5.679730569433863,5.964309620292463,0.00644194806612343,0.039201226312374916,0.08026174721574052,0.19799299561442804,0.6353029934360435,0.3646970065639566,0.3646970065639566,1.8837792287604833,2,9,-2552.247466832178,-4571.938338862708,2019.6908720305305,2019.6908720305305,260.7006530761719,306.8990173339844,479.8008483886717,955.380126953125,10.0,0.1,2.0,1186,0.037158377,False
15920,512,ok,True,False,20260908,5,analysis_activations,positive,False,5.841344636453516,6.427900402091635,0.013904807600875724,0.16675550291485267,0.11791864823205753,0.40835707770877766,0.5215724929821764,0.4784275070178236,0.4784275070178236,1.9516095281776873,2,15,566.8396678854425,348.70377053313155,218.13589735231096,218.13589735231096,288.7095642089844,394.89939880371094,1008.5225830078123,2568.453369140625,10.0,0.1,2.0,312,0.17322202,False
15940,1888,ok,True,True,20260908,5,analysis_activations,positive,False,5.912215858848349,6.983100157821445,0.04814065571762962,0.2147902144905948,0.21940978947537784,0.46345465203253144,0.5250117371088515,0.4749882628911485,0.4749882628911485,2.953498533424433,2,13,3704.6919312498662,3050.1845162064665,654.5074150433998,654.5074150433998,268.075927734375,517.3471374511719,2057.2605346679684,3134.028564453125,10.0,0.1,2.0,1109,0.4134961,False
15948,2441,ok,True,True,20260908,5,analysis_activations,positive,False,5.492654910150449,6.300170610232943,0.021181663326210763,0.27178684191923735,0.14553921576747197,0.5213317963823397,0.5551990137094992,0.4448009862905007,0.4448009862905007,2.1098690674439586,2,13,3952.017822019583,2584.0248195230174,1367.9930024965656,1367.9930024965656,199.2894287109375,283.05462646484375,1010.387939453125,2707.9228515625,10.0,0.1,2.0,1304,0.293804,False
16048,2962,ok,True,True,20260908,5,analysis_activations,positive,False,5.6552547831402595,6.3589632264345965,0.02530228636848482,0.17335447226413542,0.15906692418125404,0.4163585861539731,0.5188958433558662,0.4811041566441337,0.4811041566441337,2.232832203077715,2,16,3939.010649581542,2940.0019099661554,999.0087396153867,999.0087396153867,226.33700561523438,350.2455749511719,1032.7449951171873,2250.45263671875,10.0,0.1,2.0,1890,0.22022863,False
16068,1561,ok,True,True,20260908,5,analysis_activations,positive,False,5.583101987418577,6.9470270782979195,0.0340302252957068,0.496191632541348,0.18447283077924184,0.7044087112900776,0.5614600033108431,0.43853999668915694,0.43853999668915694,2.6489679455958632,2,11,3876.1143368533603,2716.6896842686474,1159.424652584713,1159.424652584713,208.03807067871094,335.028076171875,2713.6982421875,3919.24462890625,10.0,0.1,2.0,807,0.69519573,False
16095,6257,ok,True,True,20260908,5,analysis_activations,positive,False,5.718817539489169,6.195770429291178,0.015110072045774407,0.08791048727402703,0.12292303301568183,0.29649702742865236,0.6126794726009508,0.38732052739904926,0.38732052739904926,2.101495820415003,2,11,3194.828952185978,936.3023661032603,2258.5265860827176,2258.5265860827176,254.70413208007812,334.0522155761719,712.2270263671874,1454.1009521484375,10.0,0.1,2.0,1574,0.09730428,False
16139,1658,ok,True,False,20260908,5,analysis_activations,positive,False,5.769095568892232,6.234506115656142,0.012330929285902384,0.10058448665003979,0.11104471750561745,0.31715057409697334,0.49919473084921756,0.5008052691507825,0.49919473084921756,1.9587301089747493,2,17,1070.57371596848,546.4495825804353,524.1241333880447,524.1241333880447,272.82379150390625,369.4842529296875,778.310345458984,1771.13671875,10.0,0.1,2.0,820,0.1107461,False
16140,16990,ok,True,True,20260908,5,analysis_activations,positive,False,5.435517365178392,5.921608699693235,0.023094697032733685,0.054601611458933955,0.15196939505286478,0.23366987708931153,0.5211191873726773,0.4788808126273226,0.4788808126273226,2.4662249344836864,2,6,8622.41605936247,6417.7189129051485,2204.6971464573207,2204.6971464573207,182.77291870117188,278.0096740722656,506.1173675537109,1103.24169921875,10.0,0.1,2.0,4833,0.09715307,False
16145,677,ok,True,False,20260908,5,analysis_activations,positive,False,5.78421086240196,6.610466862556872,0.05529693793586388,0.3171851746287934,0.23515300962535834,0.5631919518501605,0.7141322683232718,0.28586773167672824,0.28586773167672824,1.9145949683564034,2,5,1046.6863204990393,786.2423043501765,260.44401614886283,260.44401614886283,236.84747314453125,350.11309814453125,1420.3663574218724,2743.262939453125,10.0,0.1,2.0,532,0.2699313,False
16173,10795,ok,True,False,20260908,5,analysis_activations,positive,False,5.5252620093267195,5.749924288225761,0.004317573646262795,0.023809721815336676,0.06570824640988979,0.15430399157292293,0.6728334552224312,0.32716654477756885,0.32716654477756885,1.8944413745429625,2,8,-10644.397680700918,-14491.57293683787,3847.175256136952,3847.175256136952,228.05174255371094,258.2210693359375,363.62019042968745,636.204345703125,10.0,0.1,2.0,3621,0.021806315,False
16179,708,ok,True,False,20260908,5,analysis_activations,positive,False,5.728923723740306,6.113920457760177,0.011167139963682541,0.0910006086678938,0.10567468932380422,0.3016630714354904,0.7046389291746178,0.29536107082538227,0.29536107082538227,1.7033940718838234,2,8,93.56154732297296,-231.4429454220587,325.00449274503165,325.00449274503165,266.42498779296875,319.3697509765625,567.9864929199216,1919.1690673828125,10.0,0.1,2.0,438,0.065687,False
16199,3600,ok,True,True,20260908,5,analysis_activations,positive,False,5.721245788361133,6.791966760387769,0.05492639725475902,0.3774970712726791,0.2343638138765433,0.6144079030031101,0.6549710113058181,0.34502898869418197,0.34502898869418197,2.3026963843595363,2,16,7154.872695629048,5320.899705388759,1833.9729902402896,1833.9729902402896,222.43991088867188,351.5990905761719,1932.0479980468747,3631.03466796875,10.0,0.1,2.0,1737,0.4254175,False
16217,3754,ok,True,True,20260908,5,analysis_activations,positive,False,5.733941175573752,6.200421804571063,0.014883606478413459,0.08566314848551752,0.12199838719595214,0.2926826754106186,0.5827940753933155,0.41720592460668443,0.41720592460668443,2.0804849689261657,2,12,1924.0309170131545,699.1098012838382,1224.9211157293162,1224.9211157293162,259.2928466796875,344.2482452392578,708.584991455078,1352.269775390625,10.0,0.1,2.0,451,0.09734743,False
16228,2169,ok,True,True,20260908,5,analysis_activations,positive,False,5.522508174975066,6.123127248357957,0.01848505314790415,0.12585760938120408,0.1359597482636098,0.3547641602264863,0.5015173402474802,0.4984826597525198,0.4984826597525198,2.235716651692312,2,14,2225.3691160047247,1546.192128859108,679.1769871456167,679.1769871456167,205.5969696044922,302.6679382324219,741.1576416015625,1331.389892578125,10.0,0.1,2.0,254,0.16226651,False
16268,1355,ok,True,False,20260908,5,analysis_activations,positive,False,5.809135460398712,6.436265903787997,0.02039841230724644,0.18487848091813824,0.14282301042635406,0.4299749770837115,0.4096588028354134,0.5903411971645867,0.4096588028354134,1.9575048572897795,2,13,1761.8060858319902,1441.0750024813553,320.7310833506349,320.7310833506349,271.4206237792969,435.5522766113281,1008.134130859375,3415.64501953125,10.0,0.1,2.0,558,0.21276698,False
16294,1887,ok,True,True,20260908,5,analysis_activations,positive,False,5.646171640728544,6.253843227554806,0.04308906664915257,0.08223123003445011,0.20757906120115432,0.2867598821914427,0.4851347639793893,0.5148652360206107,0.4851347639793893,2.427578156187365,2,5,1857.9496386713547,1730.1669584262163,127.78268024513841,127.78268024513841,200.64649963378906,378.5775146484375,754.2330871582031,1322.3714599609375,10.0,0.1,2.0,732,0.1555581,False
16312,2802,ok,True,False,20260908,5,analysis_activations,positive,False,5.61261736718532,6.087261794304732,0.012581681119793858,0.10366860943254798,0.11216809314503771,0.32197610071641647,0.634496012709573,0.36550398729042693,0.36550398729042693,1.9687309120864478,2,12,1462.5819995184224,122.43463611825757,1340.147363400165,1340.147363400165,233.539794921875,292.5375213623047,628.5815246582029,1595.3348388671875,10.0,0.1,2.0,1341,0.09815475,False
16314,1571,ok,True,True,20260908,5,analysis_activations,positive,False,5.756443674536479,6.216000748319593,0.012894748858501202,0.0647928449107018,0.11355504770154959,0.2545443869165097,0.521313174482615,0.4786868255173849,0.4786868255173849,2.331731920985675,2,15,697.7843154146451,287.01551330942766,410.76880210521745,410.76880210521745,266.066162109375,363.81182861328125,710.8145751953125,1097.410888671875,10.0,0.1,2.0,1169,0.090496615,False
16316,1108,ok,True,True,20260908,5,analysis_activations,positive,False,5.58726338786024,6.092230371141375,0.007649030411827372,0.08433725242357204,0.08745873548038167,0.29040876781456176,0.4117791618296305,0.5882208381703695,0.4117791618296305,2.3545962408016057,2,21,757.3554263641895,380.2699907592646,377.0854356049249,377.0854356049249,234.504638671875,332.3858947753906,676.3518951416013,940.4754028320312,10.0,0.1,2.0,210,0.11462437,False
16343,12859,ok,True,True,20260908,5,analysis_activations,positive,False,5.377840460622161,5.731420910668803,0.011630214305806718,0.04482520146003693,0.10784347131749199,0.2117196293687407,0.6112000265217136,0.38879997347828643,0.38879997347828643,2.104507302389015,2,7,-963.2528031701173,-4017.000494276348,3053.747691106231,3053.747691106231,184.17071533203125,234.57998657226562,393.38067321777334,732.0586547851562,10.0,0.1,2.0,4454,0.05424854,False
16370,1013,ok,True,False,20260908,5,analysis_activations,positive,False,5.779718771637795,6.387714810233351,0.017257296704979032,0.16793092861133732,0.13136703050986206,0.4097937635095699,0.6275100397589939,0.37248996024100617,0.37248996024100617,1.9980624705385366,2,13,1030.8454871556767,499.4333614200415,531.4121257356352,531.4121257356352,268.75341796875,355.08917236328125,982.6101928710937,1890.1337890625,10.0,0.1,2.0,460,0.15994322,False
16391,1568,ok,True,False,20260908,5,analysis_activations,positive,False,5.798954785546487,6.3148977272016245,0.02310382683222386,0.1111697149649391,0.15199943036809008,0.3334212275259917,0.6826760778601496,0.3173239221398504,0.3173239221398504,1.9912301110403594,2,6,985.0653616251643,481.044781648435,504.0205799767293,504.0205799767293,264.50787353515625,356.39625549316406,776.6035430908197,1737.31396484375,10.0,0.1,2.0,1090,0.10878385,False
16429,2687,ok,True,False,20260908,5,analysis_activations,positive,False,5.754204831371007,6.391576876060986,0.02325187816954931,0.1885784263735396,0.15248566545596773,0.4342561759762774,0.6468015793647774,0.3531984206352225,0.3531984206352225,1.9584566537905166,2,12,2949.3499671670434,1655.9972201680876,1293.3527469989558,1293.3527469989558,256.1740417480469,345.25439453125,913.9574340820312,2841.4638671875,10.0,0.1,2.0,1166,0.17451485,False
16460,1422,ok,True,False,20260908,5,analysis_activations,positive,False,5.819167070704943,6.470040342577457,0.02879000061754059,0.19541682183665182,0.169676163964007,0.44205974917046204,0.7004313626711791,0.2995686373288209,0.2995686373288209,1.9439586534097366,2,9,1510.0021651068928,870.926922529721,639.0752425771718,639.0752425771718,265.81622314453125,362.1123962402344,945.5605407714844,2667.2412109375,10.0,0.1,2.0,1019,0.1677136,False
16565,7612,ok,True,True,20260908,5,analysis_activations,positive,False,5.78220369770121,6.3271221151201065,0.0251239314785429,0.11226413359813028,0.1585053042599613,0.3350584032644612,0.615258512427829,0.3847414875721709,0.3847414875721709,2.079083735202673,2,9,6027.238839611511,3905.9513361292256,2121.2875034822855,2121.2875034822855,258.2297058105469,364.24261474609375,812.2240539550779,1884.606201171875,10.0,0.1,2.0,721,0.12895548,False
16594,8356,ok,True,True,20260908,5,analysis_activations,positive,False,5.554986521793576,5.9938554562439705,0.01658521520738055,0.06992706994203364,0.1287835983632254,0.26443727033463654,0.6006565755491351,0.39934342445086474,0.39934342445086474,2.110138426165898,2,9,3042.613386389806,905.637531485212,2136.9758549045937,2136.9758549045937,213.56304931640625,286.5966339111328,544.2673645019531,1214.181884765625,10.0,0.1,2.0,2126,0.08409604,False
16595,868,ok,True,False,20260908,5,analysis_activations,positive,False,5.719531417307152,6.141720035398784,0.008771279334364862,0.10825073419508964,0.09365510842642201,0.3290147932769735,0.5358296476098003,0.46417035239019966,0.46417035239019966,1.7453709184927126,2,17,471.87330864461137,97.60228531957496,374.2710233250364,374.2710233250364,265.9639587402344,333.5813446044922,668.6784973144531,2056.720947265625,10.0,0.1,2.0,448,0.09939217,False
16625,1301,ok,True,True,20260908,5,analysis_activations,positive,False,5.878971588170388,6.9188257201926024,0.07257701633399744,0.2270035923644564,0.269401218137553,0.47644893993423515,0.7375352615019605,0.2624647384980395,0.2624647384980395,2.6867704943069395,2,4,2233.8245006529087,1791.915167620185,441.9093330327237,441.9093330327237,236.31675720214844,399.934326171875,1671.4542236328125,2650.488525390625,10.0,0.1,2.0,723,0.3226696,False
16633,6023,ok,True,True,20260908,5,analysis_activations,positive,False,5.739338223063277,6.646838993859484,0.038061045659376506,0.302033411124111,0.19509240287457763,0.5495756646032564,0.564426115661342,0.4355738843386579,0.4355738843386579,2.2007069942062154,2,14,10880.951788031532,8278.970454810069,2601.9813332214635,2601.9813332214635,235.6650390625,377.9632568359375,1678.5631835937497,3211.70556640625,10.0,0.1,2.0,2058,0.35556936,False
16637,576,ok,True,True,20260908,5,analysis_activations,positive,False,5.77262635137093,6.332975997217779,0.01242818850627391,0.12512395909577742,0.11148178553590676,0.35372865178803004,0.4271449249045872,0.5728550750954127,0.4271449249045872,2.136684560797946,2,24,569.0615875418969,403.88053449655007,165.1810530453468,165.1810530453468,269.2875061035156,403.5337219238281,974.6243133544922,1572.2593994140625,10.0,0.1,2.0,300,0.15408431,False
16743,2086,ok,True,True,20260908,5,analysis_activations,positive,False,5.729727844084442,6.379047353267635,0.023944487804409068,0.1681481273545018,0.15474006528500972,0.4100586876954344,0.6215099546385912,0.37849004536140873,0.37849004536140873,2.0951644425670577,2,11,2331.2261212609983,1446.353093956086,884.8730273049123,884.8730273049123,246.69679260253906,344.8918151855469,985.8414306640625,1833.2125244140625,10.0,0.1,2.0,363,0.17778698,False
16754,1862,ok,True,False,20260908,5,analysis_activations,positive,False,5.683377607917226,5.970851414981267,0.006219103217705623,0.03604377081192365,0.07886129099694997,0.18985197078756819,0.5246348937205714,0.47536510627942863,0.47536510627942863,1.9775786492655694,2,13,-648.1174001871217,-1122.5027324899602,474.3853323028385,474.3853323028385,261.0273132324219,320.4801025390625,496.7809555053708,849.697021484375,10.0,0.1,2.0,914,0.0410279,False
16757,1714,ok,True,True,20260908,5,analysis_activations,positive,False,5.843160516728165,6.463887411582562,0.032543634235495576,0.14199643383691668,0.1803985427754215,0.37682414179152146,0.5328118047071326,0.46718819529286737,0.46718819529286737,2.1012028937241616,2,12,1935.9255304213148,1583.4682835072695,352.4572469140453,352.4572469140453,264.358154296875,423.21022033691406,1027.6257873535153,2171.89306640625,10.0,0.1,2.0,113,0.179693,False
16774,1084,ok,True,True,20260908,5,analysis_activations,positive,False,5.679694483957668,6.177938173562337,0.015010071727090856,0.10317221661315837,0.1225155978930473,0.3212043222205429,0.6310654461721489,0.36893455382785095,0.36893455382785095,2.0496542496725696,2,11,650.5481418627024,202.54478619179838,448.00335567090406,448.00335567090406,246.4481201171875,318.30564880371094,709.3528411865234,1202.15087890625,10.0,0.1,2.0,573,0.10542972,False
16797,769,ok,True,True,20260908,5,analysis_activations,positive,False,5.740839479828183,6.693911802904099,0.027285314618486427,0.1550162122500379,0.16518267045451962,0.3937209827403639,0.4070379084253056,0.5929620915746945,0.4070379084253056,3.1567900768140156,2,22,1324.8063732272567,1090.306139993945,234.50023323331175,234.50023323331175,237.90652465820312,527.97265625,1350.613232421875,1826.05517578125,10.0,0.1,2.0,580,0.3226807,False
16836,3018,ok,True,False,20260908,5,analysis_activations,positive,False,5.734297751304169,6.415863995121284,0.02951647733409648,0.22996950917667647,0.17180360105101544,0.4795513623968516,0.6395223443470979,0.36047765565290224,0.36047765565290224,1.8921959833214608,2,12,3854.3417236339906,2507.933658573709,1346.4080650602814,1346.4080650602814,245.2509765625,342.7680969238281,1039.3195617675783,3764.599365234375,10.0,0.1,2.0,1324,0.20893392,False
16854,2202,ok,True,True,20260908,5,analysis_activations,positive,False,5.258592542753454,5.666960085720681,0.007795124686231802,0.06188386481445239,0.0882900033199218,0.2487646775859716,0.417029769225763,0.5829702307742369,0.417029769225763,2.187838663935696,2,20,699.1432012733727,137.02793264309167,562.115268630281,562.115268630281,167.9327392578125,229.14332580566406,419.6923934936522,666.155029296875,10.0,0.1,2.0,1054,0.07990561,False
16913,518,ok,True,True,20260908,5,analysis_activations,positive,False,5.819845297803345,6.370353076178477,0.01473288262898969,0.10447089357840901,0.12137908645639779,0.3232195748688637,0.5284346563991615,0.47156534360083846,0.47156534360083846,2.2549320053142607,2,10,435.8220978761268,268.286817188574,167.5352806875528,167.5352806875528,282.3010559082031,391.0370178222656,896.1422241210937,1500.7083740234375,10.0,0.1,2.0,386,0.13282527,False
16937,1258,ok,True,False,20260908,5,analysis_activations,positive,False,5.304145604775386,5.54817194553399,0.005407546820669265,0.028820183969652448,0.07353602396559979,0.1697650846601045,0.6319108033862121,0.36808919661378803,0.36808919661378803,1.8653599655981086,2,6,-919.3240518222059,-1287.3053052423918,367.9812534201859,367.9812534201859,179.5185089111328,209.65204620361328,306.30133056640625,469.02301025390625,10.0,0.1,2.0,690,0.027897686,False
16948,1218,ok,True,True,20260908,5,analysis_activations,positive,False,5.797144437428503,6.476107116765255,0.02574278004358105,0.11353552866464729,0.16044556722945338,0.3369503356054825,0.48461310905076666,0.5153868909492334,0.48461310905076666,2.5728777937367924,2,14,1422.8920186001926,1140.4458665001503,282.44615210004235,282.44615210004235,260.10357666015625,427.3255310058594,1036.054943847656,1583.5750732421875,10.0,0.1,2.0,438,0.18628043,False
16963,2488,ok,True,True,20260908,5,analysis_activations,positive,False,5.907439953472171,6.556722801831344,0.035039675239205335,0.13000052516880833,0.18718887584257066,0.360555855823766,0.6797370740293049,0.320262925970695,0.320262925970695,2.26023740185562,2,6,2473.2719493885097,1754.2765882946812,718.9953610938285,718.9953610938285,279.97137451171875,406.9559783935547,1020.1264282226565,2677.426025390625,10.0,0.1,2.0,778,0.15728725,False
17013,1756,ok,True,False,20260908,5,analysis_activations,positive,False,5.768431195750565,6.357542926399714,0.024774353685906938,0.1543726476709448,0.1573987092892027,0.39290284762386846,0.637458822716164,0.362541177283836,0.362541177283836,1.9683752558318475,2,10,1689.7501736811937,1030.5136140126751,659.2365596685186,659.2365596685186,256.86181640625,353.38673400878906,913.4790649414062,1967.4246826171875,10.0,0.1,2.0,521,0.1520501,False
17040,4127,ok,True,True,20260908,5,analysis_activations,positive,False,5.723305707629586,6.1889607320411635,0.01931604627674327,0.0654432865576081,0.1389821797092824,0.2558188549689176,0.627467783869684,0.372532216130316,0.372532216130316,2.261963154670896,2,6,1659.8061728338632,702.3254475927831,957.4807252410801,957.4807252410801,248.13232421875,338.605224609375,649.2012939453123,1206.5972900390625,10.0,0.1,2.0,1909,0.08720549,False
17114,3895,ok,True,True,20260908,5,analysis_activations,positive,False,5.841064687303571,6.376135178831311,0.019601164031895206,0.11449061698789123,0.1400041571950462,0.33836462135969714,0.5790848718929005,0.42091512810709963,0.42091512810709963,2.0664500835993844,2,11,3103.1302951687317,1845.1181055647398,1258.0121896039918,1258.0121896039918,282.07958984375,390.3252258300781,891.7460083007809,2157.31982421875,10.0,0.1,2.0,577,0.12935832,False
17135,1490,ok,True,False,20260908,5,analysis_activations,positive,False,5.485022975924613,6.095695713407494,0.016031965176845277,0.18704858569070495,0.12661739681751982,0.432491139436064,0.587044737724008,0.412955262275992,0.412955262275992,1.9164141263187555,2,15,1663.4452275727863,877.0786920303867,786.3665355423996,786.3665355423996,203.08013916015625,267.56361389160156,771.0445495605467,1900.1884765625,10.0,0.1,2.0,452,0.17717749,False
17149,2431,ok,True,True,20260908,5,analysis_activations,positive,False,5.8341747157772845,6.695149810271658,0.07712213901091491,0.15576317998238412,0.27770873052699463,0.39466844310431526,0.525326528822127,0.4746734711778729,0.4746734711778729,2.5231003903146236,2,5,3981.885705484933,3728.679119551389,253.20658593354437,253.20658593354437,221.721435546875,483.0313415527344,1399.7296142578125,2219.9541015625,10.0,0.1,2.0,1984,0.2994171,False
17222,2682,ok,True,True,20260908,5,analysis_activations,positive,False,5.760552968545693,6.435005669944499,0.04975004416530426,0.13282789497312658,0.22304717923637649,0.3644556145446611,0.5872486236084252,0.4127513763915748,0.4127513763915748,2.232247503905694,2,5,3232.8931352778063,2839.107009322892,393.7861259549145,393.7861259549145,226.87640380859375,391.41314697265625,982.5692077636718,2063.000732421875,10.0,0.1,2.0,1519,0.19437113,False
17226,2154,ok,True,True,20260908,5,analysis_activations,positive,False,5.440006091050551,6.092804665638598,0.04654943353603391,0.09314884755798339,0.2157531773486405,0.3052029612536277,0.5884750418301211,0.41152495816987894,0.41152495816987894,2.4700097300914856,2,4,2297.690318008541,2037.7988097157013,259.8915082928397,259.8915082928397,161.51104736328125,283.1644287109375,636.4847045898437,1115.291748046875,10.0,0.1,2.0,1078,0.16900449,False
17229,1333,ok,True,True,20260908,5,analysis_activations,positive,False,5.866225941605661,7.013662171426991,0.07594627385111546,0.20678286322394265,0.27558351520204444,0.454733837781996,0.7363091601892688,0.2636908398107311,0.2636908398107311,3.051815485814726,2,4,2457.7297342550373,1943.009949640488,514.7197846145493,514.7197846145493,243.62814331054688,397.0644836425781,1790.365600585935,3089.135498046875,10.0,0.1,2.0,926,0.36635065,False
17244,1407,ok,True,False,20260908,5,analysis_activations,positive,False,5.803032361550669,6.2431539316614435,0.019655570497421775,0.08149191913454036,0.14019832558708314,0.2854678951030052,0.5794486777305674,0.4205513222694326,0.4205513222694326,1.9570868424576946,2,7,663.4879349717959,377.9986439651999,285.489291006596,285.489291006596,270.91522216796875,371.40899658203125,708.8556884765625,1429.4462890625,10.0,0.1,2.0,737,0.09293,False
17320,794,ok,True,False,20260908,5,analysis_activations,positive,False,5.706686559984455,6.204408375717767,0.025730787975452474,0.12990620503295242,0.16040819173425175,0.3604250338599588,0.6857420905171492,0.3142579094828508,0.3142579094828508,1.7842070822448814,2,5,527.315278530227,295.9514935651668,231.36378496506023,231.36378496506023,238.88848876953125,321.3866271972656,681.324926757812,1779.36279296875,10.0,0.1,2.0,551,0.11199394,False
17358,3169,ok,True,True,20260908,5,analysis_activations,positive,False,5.7974570940043915,6.096770575963433,0.007286430764451404,0.030711195340728227,0.08536059257322083,0.1752460993595242,0.5550056181859345,0.4449943818140655,0.4449943818140655,2.1715160543483814,2,11,-1204.3301605873041,-1931.2200088243792,726.8898482370751,726.8898482370751,289.8501892089844,359.2476501464844,549.5935424804687,855.8939819335938,10.0,0.1,2.0,1189,0.03984806,False
17363,1940,ok,True,False,20260908,5,analysis_activations,positive,False,5.83375629858503,6.37796805205542,0.02244726688907642,0.13195288366711078,0.14982411985083183,0.3632531949854134,0.677534755541807,0.32246524445819313,0.32246524445819313,1.958660004503569,2,9,1446.7563234820684,700.1345155114722,746.6218079705963,746.6218079705963,274.62646484375,367.57191467285156,841.8145446777344,2603.3427734375,10.0,0.1,2.0,412,0.12252796,False
17404,2497,ok,True,True,20260908,5,analysis_activations,positive,False,5.753504926779308,6.340008758259451,0.024297103647857067,0.12364019589486686,0.15587528235052878,0.35162507859205216,0.652737663025626,0.3472623369743741,0.3472623369743741,2.156487812387714,2,9,2134.085547770423,1247.6843643444429,886.4011834259802,886.4011834259802,254.02664184570312,347.7834167480469,824.2161987304682,1826.9964599609375,10.0,0.1,2.0,586,0.13682118,False
17411,9813,ok,True,True,20260908,5,analysis_activations,positive,False,5.539808368731409,5.866043597203108,0.01062165810142292,0.03802841172347915,0.10306142877635124,0.19500874781270494,0.6231499679932404,0.3768500320067596,0.3768500320067596,2.091722752104306,2,6,-2361.222501163883,-4541.8809135180445,2180.6584123541616,2180.6584123541616,217.82730102539062,273.5260009765625,437.9098571777342,788.4638061523438,10.0,0.1,2.0,3507,0.04594686,False
17446,6484,ok,True,True,20260908,5,analysis_activations,positive,False,5.612533909062814,5.969060336256311,0.011942539844186148,0.049414281814013035,0.1092819282598278,0.22229323384667612,0.6262656859814014,0.37373431401859863,0.37373431401859863,2.0355196422338317,2,7,-306.30456148796037,-1959.3274399007655,1653.022878412805,1653.022878412805,232.34722900390625,294.4132080078125,498.52649383544843,994.36474609375,10.0,0.1,2.0,3388,0.055705853,False
17488,6048,ok,True,True,20260908,5,analysis_activations,positive,False,5.793522883730383,6.371986126981,0.022262992327504255,0.12549892464158113,0.1492078829268221,0.3542582739211339,0.577461764149001,0.42253823585099914,0.42253823585099914,2.1281856361473297,2,12,5606.703541059234,3645.635335629877,1961.0682054293575,1961.0682054293575,264.4461975097656,374.68507385253906,914.2593261718747,1915.615966796875,10.0,0.1,2.0,887,0.14755452,False
17510,761,ok,True,False,20260908,5,analysis_activations,positive,False,5.644700844135505,6.315840907013736,0.018624755781280533,0.22664242322505837,0.13647254588846994,0.4760697671823515,0.6551606575213531,0.34483934247864695,0.34483934247864695,1.9164983253790795,2,13,917.5201196616991,440.3367775867286,477.18334207497054,477.18334207497054,233.53179931640625,304.0072021484375,915.395263671875,2277.779052734375,10.0,0.1,2.0,253,0.19237211,False
17574,2962,ok,True,False,20260908,5,analysis_activations,positive,False,5.728749894332709,6.263656062485286,0.02199197796965121,0.13691043070721892,0.1482969250175175,0.37001409528181345,0.6607467804942032,0.33925321950579684,0.33925321950579684,1.8976991520283548,2,9,2265.203219779754,1123.7961565937715,1141.4070631859825,1141.4070631859825,250.60446166992188,330.47618103027344,755.0598144531249,2667.80126953125,10.0,0.1,2.0,1360,0.12515734,False
17612,6561,ok,True,False,20260908,5,analysis_activations,positive,False,5.75660285785307,6.297503371410372,0.02071228792138057,0.14072757892370813,0.1439176428426361,0.3751367469653008,0.6095095745547896,0.39049042544521045,0.39049042544521045,1.9038248721204145,2,12,5605.189740270917,3140.9854206553455,2464.204319615572,2464.204319615572,257.7635803222656,350.4430236816406,828.7014770507812,2323.750244140625,10.0,0.1,2.0,2031,0.1372317,False
17653,2864,ok,True,True,20260908,5,analysis_activations,positive,False,5.802395198272291,6.44285384357438,0.02867778193534089,0.11856885813346478,0.16934515622048624,0.34433829025170115,0.6431376534041097,0.35686234659589033,0.35686234659589033,2.3603879746565464,2,10,2802.277873375517,1882.9848882295996,919.2929851459176,919.2929851459176,260.7229309082031,372.0093688964844,929.5718933105468,2027.095947265625,10.0,0.1,2.0,1130,0.15495253,False
17660,9225,ok,True,True,20260908,5,analysis_activations,positive,False,5.70670270501485,6.336937945960248,0.025171460095619838,0.14724120323809786,0.15865516094858004,0.3837202147894972,0.5599523033605303,0.44004769663946974,0.44004769663946974,2.146510916590774,2,14,10211.01622738194,7218.601582392851,2992.4146449890895,2992.4146449890895,238.71568298339844,352.50054931640625,929.3582763671872,2151.313232421875,10.0,0.1,2.0,784,0.17677788,False
17662,1018,ok,True,False,20260908,5,analysis_activations,positive,False,5.698160852973681,6.122481973716099,0.008941371295273746,0.10739194374900693,0.09455882452354061,0.32770710054713026,0.6148228898560928,0.3851771101439071,0.3851771101439071,1.7593716732063136,2,13,445.84520051728543,-97.7684581905438,543.6136587078292,543.6136587078292,260.28509521484375,318.15057373046875,642.3707672119141,1814.03857421875,10.0,0.1,2.0,385,0.08958754,False
17676,538,ok,True,False,20260908,5,analysis_activations,positive,False,5.753814774244195,6.319889493265798,0.02487038767893714,0.18911094378600507,0.1577034802372387,0.4348688811423566,0.7780716412740835,0.2219283587259166,0.2219283587259166,1.7306163991717547,2,5,383.42580766812495,128.97977509323343,254.44603257489152,254.44603257489152,251.37350463867188,328.05052185058594,706.2028045654291,2366.2607421875,10.0,0.1,2.0,268,0.11686868,False
17721,1129,ok,True,True,20260908,5,analysis_activations,positive,False,5.910853049646439,7.069939128529955,0.09013110977732845,0.03574771190106628,0.30021843677117577,0.18907065319892,0.35767341505134875,0.6423265849486511,0.35767341505134875,4.6201316741756475,2,5,2076.5983698665855,1248.779329938236,827.8190399283494,827.8190399283494,260.8614501953125,1031.6533203125,1496.7549560546875,2073.57080078125,10.0,0.1,2.0,618,0.3641766,False
17722,955,ok,True,False,20260908,5,analysis_activations,positive,False,5.777584057316764,6.407100678474368,0.01977643198273057,0.21057742595173853,0.1406287025565214,0.4588871603692334,0.6598000249470112,0.3401999750529888,0.3401999750529888,1.8549168828715206,2,11,1051.9041809295127,513.3901998018792,538.5139811276334,538.5139811276334,263.7372131347656,349.0478210449219,1009.5090454101557,2154.105712890625,10.0,0.1,2.0,529,0.17382084,False
17810,700,ok,True,True,20260908,5,analysis_activations,positive,False,5.717792005749299,6.691971569521845,0.028728974030837708,0.11139155396301037,0.1694962360373755,0.3337537325079831,0.3708889057780317,0.6291110942219684,0.3708889057780317,3.680468711247996,2,14,1161.876602122942,941.8282410135326,220.04836110940926,220.04836110940926,240.2738800048828,596.6594848632812,1254.399853515625,1655.8580322265625,10.0,0.1,2.0,540,0.30260092,False
17813,2694,ok,True,False,20260908,5,analysis_activations,positive,False,5.668740572713486,6.007721227695158,0.0076352628355445635,0.056683396922539465,0.08737999104797713,0.23808275225757003,0.6287810754476564,0.37121892455234373,0.37121892455234373,1.8902594557241494,2,10,-269.6656263203611,-1384.954292011208,1115.288665690847,1115.288665690847,255.37814331054688,306.1252136230469,523.0032348632811,1102.792236328125,10.0,0.1,2.0,789,0.05268267,False
17830,739,ok,True,False,20260908,5,analysis_activations,positive,False,5.574082004699175,6.053304561175968,0.017011850970780815,0.09941561607650393,0.13042948658482412,0.3153024200295709,0.6773240367659974,0.3226759632340026,0.3226759632340026,1.9862070764032453,2,8,361.4356761569303,85.14783004455373,276.28784611237654,276.28784611237654,220.9065399169922,283.073974609375,581.6647644042969,1112.6519775390625,10.0,0.1,2.0,277,0.093920134,False
17843,1413,ok,True,True,20260908,5,analysis_activations,positive,False,5.8742540283489975,6.419976014605851,0.03438333638872203,0.0776632982941619,0.18542744238305728,0.27868135620123907,0.6133912890370906,0.38660871096290933,0.38660871096290933,2.305616335345808,2,4,1048.821370224905,867.5527872947092,181.26858293019575,181.26858293019575,266.3212890625,415.75909423828125,858.3234985351557,1210.4742431640625,10.0,0.1,2.0,1040,0.12182498,False
17848,5324,ok,True,True,20260908,5,analysis_activations,positive,False,5.801738916890799,6.417230955254385,0.01844329398098027,0.16622107210287057,0.13580608963143098,0.4077021855507652,0.47379497366436346,0.5262050263356365,0.47379497366436346,2.025563616787744,2,18,6302.499839218374,4535.322875552201,1767.176963666173,1767.176963666173,271.0929870605469,406.6526794433594,1096.40825805664,2988.590576171875,10.0,0.1,2.0,1166,0.19068664,False
17863,1031,ok,True,True,20260908,5,analysis_activations,positive,False,5.7312525265647665,6.443695003555073,0.025425218121486612,0.18851851142935547,0.15945287116100046,0.43418718478250307,0.41825268334054205,0.5817473166594579,0.41825268334054205,2.178286608595527,2,19,1484.5880621441538,1249.2349502822685,235.35311186188528,235.35311186188528,240.6282958984375,424.46112060546875,1180.6871337890625,2393.337890625,10.0,0.1,2.0,658,0.24404188,False
17874,5131,ok,True,False,20260908,5,analysis_activations,positive,False,5.819429157655535,6.253475307472723,0.014185024607744526,0.09336267452852512,0.11910090095269861,0.30555306335974625,0.6920743620751433,0.3079256379248567,0.3079256379248567,1.8717607851777118,2,8,1535.5331807036964,-651.5691062554655,2187.102286959162,2187.102286959162,284.3656005859375,352.65606689453125,680.9798583984375,2180.1259765625,10.0,0.1,2.0,1317,0.07872893,False
17881,3243,ok,True,False,20260908,5,analysis_activations,positive,False,5.761648756718259,6.292482122081973,0.015540348682116992,0.1358549565618468,0.1246609348678125,0.36858507371005517,0.659313315236656,0.34068668476334385,0.34068668476334385,1.9293765972331245,2,11,2338.603939562241,664.7268643704612,1673.87707519178,1673.87707519178,266.0919189453125,339.51593017578125,772.6909667968749,2163.260986328125,10.0,0.1,2.0,1054,0.11986023,False
17945,955,ok,True,True,20260908,5,analysis_activations,positive,False,5.817129301209414,6.471794790200798,0.024130407652437395,0.1286615855215935,0.1553396525438286,0.35869427862957826,0.6403842653779469,0.35961573462205304,0.35961573462205304,2.3685586718490512,2,12,976.2885374928925,600.2000375355678,376.08849995732464,376.08849995732464,271.87725830078125,375.3979797363281,953.4860717773435,1805.3450927734375,10.0,0.1,2.0,451,0.16058896,False
17962,11275,ok,True,True,20260908,5,analysis_activations,positive,False,5.7293828475466055,6.367867666945427,0.03461004812643454,0.13928135518836646,0.18603775994790558,0.37320417359451713,0.5986671087794752,0.40133289122052496,0.40133289122052496,2.1653420891561743,2,8,12335.627778149803,9519.201449722399,2816.426328427404,2816.426328427404,233.21112060546875,359.4425048828125,902.1749877929685,1781.921630859375,10.0,0.1,2.0,1549,0.1745796,False
17973,2282,ok,True,False,20260908,5,analysis_activations,positive,False,5.632451227133431,6.110483863164328,0.012662277247636125,0.12784762640949074,0.11252678457876651,0.35755786442125803,0.7206512027159393,0.2793487972840607,0.2793487972840607,1.803512170649255,2,10,1017.8006749500995,-367.7471537566512,1385.5478287067508,1385.5478287067508,240.30801391601562,289.68162536621094,606.1277130126952,1852.21484375,10.0,0.1,2.0,1022,0.090881296,False
18013,708,ok,True,True,20260908,5,analysis_activations,positive,False,5.941260319696699,6.524747601060037,0.02623578497235941,0.13364057177607327,0.16197464299191836,0.3655688331574141,0.6081776043131463,0.3918223956868537,0.3918223956868537,2.0637366182571837,2,13,676.5733610731194,471.41947120738286,205.15388986573652,205.15388986573652,302.62109375,432.5232391357422,1137.451770019531,1798.95556640625,10.0,0.1,2.0,359,0.14965971,False
18026,5974,ok,True,True,20260908,5,analysis_activations,positive,False,5.572229686007312,6.183168085923102,0.016813919373445577,0.13403081990481786,0.12966849799949706,0.3661021987161752,0.5224594130964144,0.4775405869035856,0.4775405869035856,2.2245764564378234,2,16,6239.781728302389,3917.47777420369,2322.303954098699,2322.303954098699,218.92236328125,309.8380126953125,812.6766967773436,1534.023681640625,10.0,0.1,2.0,2703,0.16593973,False
18036,953,ok,True,True,20260908,5,analysis_activations,positive,False,5.830460821695652,6.44773769033481,0.01648512594223119,0.13496360891902395,0.12839441554145253,0.3673739360910406,0.42695196134196306,0.5730480386580369,0.42695196134196306,2.243169936460267,2,25,1071.2343698065192,815.0190662292953,256.21530357722395,256.21530357722395,283.12042236328125,439.98809814453125,1092.1092041015625,1681.9139404296875,10.0,0.1,2.0,641,0.17778903,False
18065,3278,ok,True,True,20260908,5,analysis_activations,positive,False,6.005518683325648,6.565737482737876,0.03778361546352061,0.04353739924939134,0.1943800799040905,0.20865617472145737,0.4303880252975365,0.5696119747024635,0.4303880252975365,2.77824973609102,2,4,2313.446628070883,2016.8936245662444,296.5530035046386,296.5530035046386,296.93475341796875,568.4715270996094,939.8207580566404,1395.863525390625,10.0,0.1,2.0,1835,0.11803643,False
18078,2217,ok,True,True,20260908,5,analysis_activations,positive,False,5.5697057063781745,6.651850901394455,0.017801762511504775,0.47628710855682155,0.1334232457688868,0.690135572591952,0.5746500078836956,0.42534999211630453,0.42534999211630453,2.1771983539593585,2,12,4766.063451454737,2763.809742476431,2002.2537089783063,2002.2537089783063,219.65513610839844,300.8875732421875,2124.710839843743,3513.908935546875,10.0,0.1,2.0,1230,0.4992764,False
18141,861,ok,True,False,20260908,5,analysis_activations,positive,False,5.800984165943511,6.2808207186022695,0.015284570247706483,0.1318951373964658,0.12363078195864687,0.3631737014108618,0.6503021659953462,0.34969783400465376,0.34969783400465376,1.7688229243098146,2,12,544.0193862993891,150.32073268558653,393.69865361380255,393.69865361380255,282.5995788574219,351.205810546875,726.5802612304688,2410.608154296875,10.0,0.1,2.0,490,0.10854761,False
18170,7210,ok,True,True,20260908,5,analysis_activations,positive,False,5.909769421449997,6.638777929935801,0.03822164100574072,0.17021249025444476,0.1955035575270709,0.41256816437340965,0.523869523324617,0.47613047667538305,0.47613047667538305,2.258204022668196,2,13,9995.278752329801,8302.128879123147,1693.1498732066539,1693.1498732066539,276.74908447265625,468.49627685546875,1333.5115173339836,2712.291259765625,10.0,0.1,2.0,383,0.23365806,False
18206,755,ok,True,True,20260908,5,analysis_activations,positive,False,5.691256989296121,6.4506572364212245,0.009338457716645666,0.18928278439656343,0.09663569587189645,0.43506641377675137,0.38177502753124937,0.6182249724687506,0.38177502753124937,2.4097549731025008,2,20,1129.1520394485087,799.0294910934575,330.1225483550512,330.1225483550512,258.3563537597656,416.7825012207031,1220.7173583984372,1839.7923583984375,10.0,0.1,2.0,464,0.2570356,False
18221,11982,ok,True,True,20260908,5,analysis_activations,positive,False,5.70643617488314,6.281818806962063,0.03257186052211018,0.0980507143830837,0.1804767589528086,0.3131305069505105,0.6085824409083133,0.3914175590916867,0.3914175590916867,2.251451656299713,2,5,10210.258462396278,7913.990230964854,2296.2682314314234,2296.2682314314234,229.92681884765625,348.1112365722656,769.6159423828125,1694.93359375,10.0,0.1,2.0,2333,0.13707493,False
18229,3205,ok,True,False,20260908,5,analysis_activations,positive,False,5.612631358980862,6.022814939052824,0.01370477344460601,0.07068353130105823,0.1170673884760654,0.2658637457440526,0.6103453846713469,0.389654615328653,0.389654615328653,1.9968807842475296,2,9,848.8023628367342,-111.76864435579455,960.5710071925288,960.5710071925288,232.0240478515625,299.73779296875,557.0930053710936,1007.341796875,10.0,0.1,2.0,1780,0.075943284,False
18250,2111,ok,True,True,20260908,5,analysis_activations,positive,False,5.823748612418097,6.356926102633115,0.01865182811113272,0.12091567796535314,0.1365716958638675,0.34772931709212146,0.6227874545468629,0.3772125454531371,0.3772125454531371,2.0183414754977016,2,11,1599.5747347377005,786.2040566585079,813.3706780791927,813.3706780791927,276.6740417480469,370.54376220703125,875.634033203125,1657.2242431640625,10.0,0.1,2.0,247,0.124068275,False
18267,5027,ok,True,False,20260908,5,analysis_activations,positive,False,5.602384741185789,6.017250693517552,0.011059013988342045,0.07615732011267366,0.10516184663813224,0.2759661575495692,0.610715744355183,0.389284255644817,0.389284255644817,1.986661510241224,2,11,1414.8234899612162,-560.3280258950377,1975.1515158562538,1975.1515158562538,232.2686767578125,292.1829833984375,560.0127807617188,1317.95947265625,10.0,0.1,2.0,863,0.077333786,False
18289,1196,ok,True,False,20260908,5,analysis_activations,positive,False,5.76479292946396,6.262770586377217,0.01873772422328182,0.11596808375516511,0.1368858072383029,0.3405408694344412,0.5900846060425577,0.4099153939574423,0.4099153939574423,1.9188087695919565,2,13,858.1613552419951,473.95727086916395,384.2040843728312,384.2040843728312,262.1454162597656,354.6942443847656,791.308349609375,2240.621337890625,10.0,0.1,2.0,279,0.118675165,False
18312,1770,ok,True,True,20260908,5,analysis_activations,positive,False,5.639732768841311,6.090436530474895,0.011859315763899649,0.08088256546656065,0.10890048559992581,0.284398603137499,0.5662284451823597,0.4337715548176402,0.4337715548176402,2.0929951888539655,2,14,808.8862544421149,176.40894029485574,632.4773141472592,632.4773141472592,239.10476684570312,310.73143005371094,639.7205749511719,982.0043334960938,10.0,0.1,2.0,405,0.09174301,False
18317,4923,ok,True,False,20260908,5,analysis_activations,positive,False,5.807711827976636,6.367884315776497,0.025846869088959782,0.16048931606647923,0.1607696149431222,0.40061117815967046,0.651722342602607,0.348277657397393,0.348277657397393,1.8352201670641861,2,9,4446.143064953034,2636.2489900197916,1809.8940749332423,1809.8940749332423,266.36822509765625,361.38836669921875,858.7141967773434,3504.1875,10.0,0.1,2.0,1792,0.14399277,False
18340,16072,ok,True,True,20260908,5,analysis_activations,positive,False,5.628767113812526,6.199423257575671,0.024325110023311648,0.12042539822993999,0.1559650923229671,0.34702362776897483,0.5799552772989638,0.42004472270103627,0.42004472270103627,2.1211893916007587,2,11,14485.449641268817,9824.030954489503,4661.418686779314,4661.418686779314,221.68328857421875,319.343017578125,751.9722900390625,1710.5736083984375,10.0,0.1,2.0,1440,0.1440299,False
18416,16928,ok,True,True,20260908,5,analysis_activations,positive,False,5.694736932241483,6.199969279792429,0.018242447192348174,0.10315459280836622,0.13506460377296553,0.3211768871017437,0.58066215165483,0.41933784834517,0.41933784834517,2.050699840190749,2,12,11593.705514131996,6198.489433777872,5395.216080354124,5395.216080354124,243.743896484375,333.94427490234375,730.5066772460937,1737.441650390625,10.0,0.1,2.0,1995,0.11600918,False
18456,615,ok,True,True,20260908,5,analysis_activations,positive,False,5.900220277170157,7.067599041842013,0.09056366086564488,0.1998601450388639,0.30093796846799653,0.44705720555524425,0.7687486263010916,0.23125137369890839,0.23125137369890839,3.063449183116084,2,3,1126.5737084051511,928.214649735386,198.3590586697651,198.3590586697651,236.11883544921875,405.8577880859375,1859.8008056640622,2399.058349609375,10.0,0.1,2.0,225,0.35868672,False
18459,731,ok,True,True,20260908,5,analysis_activations,positive,False,5.849112021269729,6.9184947430252555,0.07045519380678898,0.07157868161956024,0.26543397259354157,0.26754192497543305,0.5987201736154877,0.4012798263845123,0.4012798263845123,4.012843217924602,2,3,1311.1251941329801,1051.6746453288392,259.4505488041409,259.4505488041409,239.5998992919922,473.29071044921875,1350.6694946289062,1755.223388671875,10.0,0.1,2.0,553,0.3461284,False
18473,911,ok,True,True,20260908,5,analysis_activations,positive,False,5.558905722374823,6.541142878209423,0.010891423278015806,0.3958072024774847,0.10436198195710833,0.6291321025647035,0.3435049563742205,0.6564950436257794,0.3435049563742205,2.1781862082606827,2,29,1932.4782663696963,1513.4388619826996,419.0394043869967,419.0394043869967,223.61163330078125,423.6334228515625,1898.0010986328125,3309.0126953125,10.0,0.1,2.0,644,0.4816843,False
18518,615,ok,True,True,20260908,5,analysis_activations,positive,False,5.900212216783646,6.549362979935076,0.02545996679682059,0.10921567013131007,0.15956179616944838,0.33047794197390856,0.46197397590935796,0.538026024090642,0.46197397590935796,2.5015895310407994,2,14,687.130037194575,577.5116729111668,109.61836428340825,109.61836428340825,284.3841857910156,476.6120300292969,1109.4602416992182,1761.3101806640625,10.0,0.1,2.0,436,0.17554711,False
18530,1457,ok,True,True,20260908,5,analysis_activations,positive,False,5.835905815764669,6.200439879421862,0.008938931743431348,0.047688680785483654,0.09454592399163143,0.2183773815794201,0.5954412473957796,0.40455875260422036,0.40455875260422036,2.166401705356177,2,11,-34.12810901250395,-495.24961765790914,461.1215086454052,461.1215086454052,297.5411376953125,369.87274169921875,635.83935546875,1056.41064453125,10.0,0.1,2.0,946,0.05666421,False
18534,8856,ok,True,False,20260908,5,analysis_activations,positive,False,5.814985066229998,6.244391361859591,0.012154821128444975,0.08280925472897097,0.11024890533898726,0.2877659721526695,0.5843574600995574,0.41564253990044253,0.41564253990044253,1.970623838628973,2,13,3454.501132137011,221.66485548943507,3232.836276647576,3232.836276647576,286.0518798828125,367.24501037597656,738.48828125,1533.66357421875,10.0,0.1,2.0,2584,0.08631604,False
18562,36600,ok,True,False,20260908,5,analysis_activations,positive,False,5.373385462765969,5.613621422298866,0.005054668355502998,0.025092950262630177,0.0710961908649331,0.15840754484124225,0.6172993815078492,0.3827006184921507,0.3827006184921507,1.9567101890902017,2,9,-29191.657393554528,-39957.910760453036,10766.253366898509,10766.253366898509,193.68702697753906,225.84278106689453,325.20656127929686,573.7229614257812,10.0,0.1,2.0,4282,0.026357444,False
18599,4732,ok,True,False,20260908,5,analysis_activations,positive,False,5.779299464138783,6.157946318443904,0.008686157742796794,0.07312614334461835,0.09319955870494663,0.2704184596964829,0.604404536719237,0.39559546328076306,0.39559546328076306,1.8721474340948794,2,12,756.7264852621323,-1297.9635960232397,2054.690081285372,2054.690081285372,283.76708984375,346.4552307128906,647.3404632568358,1952.51025390625,10.0,0.1,2.0,1425,0.06847253,False
18610,2711,ok,True,True,20260908,5,analysis_activations,positive,False,5.999242376233661,7.406400976135425,0.1531558700436347,0.2143725203897885,0.3913513383695458,0.4630038017012263,0.47204359106134197,0.5279564089386579,0.47204359106134197,3.2825594535566323,2,3,6659.577980425134,6100.346992558884,559.23098786625,559.23098786625,246.09091186523438,857.6862182617188,2965.9921875,3882.492431640625,10.0,0.1,2.0,975,0.67920095,False
18644,5371,ok,True,True,20260908,5,analysis_activations,positive,False,5.77030943819592,6.374986568108767,0.021582345998434158,0.14577234453487772,0.14690931215697037,0.38180144648086095,0.5552128122481222,0.44478718775187776,0.44478718775187776,2.0903528281549217,2,14,5650.254060063679,3756.544574813775,1893.7094852499044,1893.7094852499044,260.4154052734375,372.4122314453125,975.4383544921875,2248.719970703125,10.0,0.1,2.0,694,0.16714431,False
18653,906,ok,True,False,20260908,5,analysis_activations,positive,False,5.70760291281692,6.157268230204293,0.024782241835661346,0.08761341107079752,0.15742376515526918,0.29599562677647373,0.6623267378138123,0.33767326218618754,0.33767326218618754,1.89683533995666,2,5,415.3292283345789,242.59829388043448,172.7309344541444,172.7309344541444,238.12646484375,329.09954833984375,626.295654296875,1204.5220947265625,10.0,0.1,2.0,435,0.091320045,False
18671,2176,ok,True,True,20260908,5,analysis_activations,positive,False,5.6824528402136805,6.767002052397562,0.02667038603789443,0.4474681376442488,0.1633107039905665,0.6689305925462288,0.4562324663408183,0.5437675336591817,0.4562324663408183,2.2274688506322717,2,20,4878.9656241942575,3769.3689889062225,1109.596635288035,1109.596635288035,237.58697509765625,414.4207305908203,2454.6442260742188,3975.352294921875,10.0,0.1,2.0,1197,0.5475455,False
18674,8127,ok,True,True,20260908,5,analysis_activations,positive,False,5.75797549154572,6.273646060280766,0.019723499543426615,0.09608920513781949,0.140440377183439,0.3099825884429954,0.5559591317046391,0.4440408682953609,0.4440408682953609,2.1429361985100583,2,12,5801.028488358213,3617.3144247900314,2183.7140635681812,2183.7140635681812,258.5198974609375,365.10565185546875,785.0386474609373,1518.47998046875,10.0,0.1,2.0,1593,0.11929299,False
18700,745,ok,True,True,20260908,5,analysis_activations,positive,False,5.860833189541974,7.480679476743108,0.11711318582330646,0.18560804209146486,0.3422180384247833,0.4308225180877444,0.7698110271675115,0.2301889728324885,0.2301889728324885,4.163584321355742,2,3,1744.1928213747235,1349.823144513563,394.36967686116054,394.36967686116054,234.05458068847656,385.5577392578125,2502.8376953125,3322.7001953125,10.0,0.1,2.0,456,0.5986424,False
18708,1575,ok,True,True,20260908,5,analysis_activations,positive,False,5.840608599480675,6.336302886953657,0.023205165338514775,0.09807886854302844,0.1523324172279649,0.3131754596756081,0.7165676752489953,0.2834323247510047,0.2834323247510047,2.0129226898256762,2,5,765.8694376770676,299.24109284829944,466.62834482876815,466.62834482876815,275.4342346191406,365.9739685058594,728.0503906249997,1444.94873046875,10.0,0.1,2.0,957,0.09438946,False
18745,1426,ok,True,True,20260908,5,analysis_activations,positive,False,6.056350627414295,6.87913395710089,0.08421549838797873,0.05206548910115086,0.29019906682823554,0.2281786341907385,0.36587579238530427,0.6341242076146957,0.36587579238530427,3.151975592581152,2,3,1907.9634442893093,1589.4130715827728,318.55037270653656,318.55037270653656,262.32733154296875,789.7912292480469,1299.1911315917969,1619.8035888671875,10.0,0.1,2.0,1091,0.22104779,False
18753,2747,ok,True,False,20260908,5,analysis_activations,positive,False,5.692462829023287,6.010041051325164,0.008840427525037596,0.04679751171137759,0.09402354771565258,0.21632732539228045,0.6562285928453493,0.3437714071546508,0.3437714071546508,1.904058086980149,2,7,-729.260431964422,-1627.1420909614785,897.8816589970565,897.8816589970565,258.2713623046875,311.5782470703125,505.93118896484367,1039.020751953125,10.0,0.1,2.0,1673,0.04465658,False
18790,5990,ok,True,False,20260908,5,analysis_activations,positive,False,5.824608700346433,6.256299944791487,0.016805805047234102,0.09260213166750605,0.12963720548991367,0.30430598362093714,0.6636789380500615,0.33632106194993844,0.33632106194993844,1.8457115259327652,2,7,2171.8098139286158,152.565407016511,2019.2444069121048,2019.2444069121048,281.4466552734375,361.0307159423828,687.9551574707034,2105.7099609375,10.0,0.1,2.0,1950,0.08390731,False
18801,1769,ok,True,False,20260908,5,analysis_activations,positive,False,5.843548201860373,6.549731743009845,0.032338702605989506,0.24293710994206633,0.17982964885132124,0.49288650817613816,0.6986431524068877,0.30135684759311226,0.30135684759311226,1.903481071827539,2,10,2195.115712150279,1334.3291310325635,860.7865811177153,860.7865811177153,271.7882080078125,367.80841064453125,1126.3997314453115,2662.63427734375,10.0,0.1,2.0,418,0.20091228,False
18917,2380,ok,True,False,20260908,5,analysis_activations,positive,False,5.743606430590403,6.313745186098469,0.018646782660660513,0.15442481320170878,0.13655322281315999,0.3929692267871732,0.6261368151874056,0.37386318481259434,0.37386318481259434,1.938128920706213,2,11,2182.0734138525922,1086.4138402790334,1095.6595735735589,1095.6595735735589,258.48809814453125,341.0546569824219,852.1924530029287,2038.78076171875,10.0,0.1,2.0,1093,0.14556196,False
18941,2402,ok,True,False,20260908,5,analysis_activations,positive,False,5.714159313134183,6.156300959560664,0.014634715982273859,0.0839315892166799,0.12097403019769928,0.2897094910711071,0.673988030551219,0.3260119694487811,0.3260119694487811,1.991646160443658,2,9,770.7415750910822,-144.89021492962098,915.6317900207032,915.6317900207032,255.68934631347656,321.82696533203125,630.4787139892576,1447.376708984375,10.0,0.1,2.0,670,0.08021323,False
18946,4694,ok,True,True,20260908,5,analysis_activations,positive,False,5.712486625657769,6.016664669626558,0.007743142043917333,0.0354346175199874,0.08799512511450469,0.18824084976430436,0.5747298013104661,0.4252701986895338,0.4252701986895338,2.0702024052694292,2,11,-1527.6531320619185,-2717.523356299145,1189.8702242372262,1189.8702242372262,264.9234924316406,327.1696472167969,513.5224365234375,935.0654296875,10.0,0.1,2.0,2105,0.04214181,False
19044,5335,ok,True,False,20260908,5,analysis_activations,positive,False,5.761204846084987,6.34266440203055,0.02203910615320751,0.1676869889495651,0.14845573802722314,0.40949601823407894,0.6460153454159363,0.3539846545840637,0.3539846545840637,1.8878651783687814,2,10,5068.394789047307,2704.8372544765193,2363.557534570788,2363.557534570788,257.2930603027344,346.00213623046875,870.406420898438,2944.3427734375,10.0,0.1,2.0,1072,0.15093884,False
19051,3555,ok,True,False,20260908,5,analysis_activations,positive,False,5.723154723888102,6.0701578697796394,0.00909659501924437,0.055838963066414435,0.09537607152344015,0.23630269373499413,0.6292192655032383,0.3707807344967618,0.3707807344967618,1.9257819915702747,2,11,-237.22346751619827,-1529.5177958213828,1292.2943283051845,1292.2943283051845,266.97454833984375,324.263671875,556.7924438476562,1100.163330078125,10.0,0.1,2.0,1094,0.054534283,False
19074,2220,ok,True,True,20260908,5,analysis_activations,positive,False,5.7793733810673045,6.204916906272594,0.01402354207495166,0.07489396869223337,0.1184210372989177,0.27366762448677295,0.6278828307608662,0.37211716923913385,0.37211716923913385,2.018205273786398,2,9,679.999584858641,-47.12811372333141,727.1276985819725,727.1276985819725,274.030517578125,352.0582733154297,669.680676269531,1340.9337158203125,10.0,0.1,2.0,902,0.07901937,False
19089,633,ok,True,True,20260908,5,analysis_activations,positive,False,5.794332967800319,7.531208171960574,0.12291429843790919,0.23783506555572403,0.3505913553382473,0.487683366084721,0.6838261172240339,0.31617388277596614,0.31617388277596614,4.089599941717973,2,4,1677.0544094394959,1342.1358916047482,334.9185178347477,334.9185178347477,221.50184631347656,391.16473388671875,3059.96025390625,3879.404052734375,10.0,0.1,2.0,430,0.8127743,False
19139,988,ok,True,True,20260908,5,analysis_activations,positive,False,5.971631518943091,6.89138207146916,0.06149972526194107,0.10174042132309691,0.24799138142673643,0.3189677433896677,0.5176104090888372,0.4823895909111629,0.4823895909111629,3.219374999729829,2,4,1601.835506234951,1416.196756107773,185.63875012717813,185.63875012717813,274.4129638671875,575.4562072753906,1516.2710327148436,1928.32080078125,10.0,0.1,2.0,800,0.2924292,False
19151,622,ok,True,True,20260908,5,analysis_activations,positive,False,5.875140998947241,6.419110456964964,0.018772815370592093,0.09213916386285892,0.13701392400260673,0.3035443359096969,0.6234966735733463,0.3765033264266538,0.3765033264266538,2.3099378035235634,2,10,437.36878396880087,237.12703011598285,200.24175385281802,200.24175385281802,292.5445556640625,396.3000030517578,846.9053710937499,1637.470703125,10.0,0.1,2.0,467,0.11604384,False
19166,704,ok,True,True,20260908,5,analysis_activations,positive,False,5.8426752935617605,6.515387036405573,0.03922175668193305,0.1371404538320204,0.1980448350296797,0.370324795054315,0.6151002741529231,0.3848997258470769,0.3848997258470769,2.2653809274831893,2,7,819.4238595257649,668.8825154016523,150.54134412411258,150.54134412411258,256.1060485839844,402.4278259277344,1060.2820556640627,1608.886962890625,10.0,0.1,2.0,395,0.18431157,False
19207,779,ok,True,True,20260908,5,analysis_activations,positive,False,5.86134526416419,6.280012642398795,0.01937647929217412,0.0639722655494755,0.13919942274368138,0.2529273918528309,0.655307210459189,0.34469278954081106,0.34469278954081106,2.0508532655613583,2,5,199.31911826519814,52.659772842224946,146.6593454229732,146.6593454229732,285.4549865722656,383.25457763671875,693.5530029296875,1176.50537109375,10.0,0.1,2.0,537,0.07443562,False
19252,3158,ok,True,True,20260908,5,analysis_activations,positive,False,5.778784760862273,6.597397189666243,0.026222236425160066,0.28523191173504003,0.16193281454096964,0.5340710736737574,0.6438597509912056,0.3561402490087943,0.3561402490087943,2.0744180001698416,2,12,4868.047515253187,2892.8887933102983,1975.1587219428889,1975.1587219428889,260.26904296875,355.8819885253906,1442.797412109372,3216.43896484375,10.0,0.1,2.0,616,0.27221397,False
19262,2552,ok,True,True,20260908,5,analysis_activations,positive,False,5.772402631151946,6.236052888093716,0.02040754688289623,0.05813516604872441,0.1428549855024186,0.2411123515059409,0.6394742181032923,0.3605257818967076,0.3605257818967076,2.3396589407053194,2,5,923.6877038513026,418.76467958155496,504.9230242697476,504.9230242697476,257.1399230957031,356.2716369628906,663.9085693359374,1189.615966796875,10.0,0.1,2.0,1504,0.083602324,False
19271,569,ok,True,True,20260908,5,analysis_activations,positive,False,5.575373724648609,6.631690589283954,0.0159977209609649,0.23617856278880364,0.12648209739312874,0.48598206015119905,0.4945782313167899,0.5054217686832102,0.4945782313167899,2.974795331315465,2,10,1114.8214497385507,729.4226331963213,385.3988165422294,385.3988165422294,220.10934448242188,345.48162841796875,1475.030004882813,2382.06201171875,10.0,0.1,2.0,371,0.4069145,False
19295,854,ok,True,True,20260908,5,analysis_activations,positive,False,5.843398883903534,6.231482119156905,0.011119912688934874,0.0570959524558094,0.10545099662371557,0.23894759353425052,0.5579501790180563,0.44204982098194373,0.44204982098194373,2.1013441449118626,2,12,148.6485560242363,-69.50447403952688,218.1530300637632,218.1530300637632,295.3837890625,382.1447296142578,679.8336578369141,1052.50146484375,10.0,0.1,2.0,398,0.0686694,False
19354,867,ok,True,True,20260908,5,analysis_activations,positive,False,5.607235476896045,6.05710505113508,0.012797545042823226,0.08200851150893461,0.11312623498916255,0.2863712826191457,0.6250549951224343,0.37494500487756577,0.37494500487756577,2.066253386415049,2,12,348.652355762361,18.792938136831353,329.85941762552966,329.85941762552966,230.45867919921875,294.1091003417969,600.9682678222656,963.8221435546875,10.0,0.1,2.0,165,0.08627683,False
19359,5976,ok,True,False,20260908,5,analysis_activations,positive,False,5.667258640455926,6.005942857081578,0.007893648446581091,0.06037014967887088,0.08884620670901539,0.2457033774266664,0.6373362110801061,0.36266378891989387,0.36266378891989387,1.8332206126623878,2,11,-528.641528220213,-3087.162811967678,2558.521283747465,2558.521283747465,254.30029296875,304.1923828125,522.0638122558594,1136.7333984375,10.0,0.1,2.0,2263,0.05344615,False
19389,13148,ok,True,True,20260908,5,analysis_activations,positive,False,5.768258077702477,6.455486205435998,0.03227531636347366,0.16114783414697031,0.17965332271759868,0.40143222858531213,0.4853147108124195,0.5146852891875805,0.4853147108124195,2.2098444142287734,2,16,17217.134299184523,14244.060605511524,2973.073693672999,2973.073693672999,245.24667358398438,412.0595397949219,1096.2240112304687,2384.88037109375,10.0,0.1,2.0,1248,0.21658844,False
19394,1125,ok,True,False,20260908,5,analysis_activations,positive,False,5.720579709048959,6.192441738020144,0.016232774148879,0.10282304265636746,0.12740790457769488,0.32066032285951357,0.6851580266638991,0.3148419733361008,0.3148419733361008,1.9339922043464681,2,11,516.6159401869521,54.92878405082109,461.687156136131,461.687156136131,255.05230712890625,321.857666015625,649.4684692382812,1809.053466796875,10.0,0.1,2.0,398,0.09160557,False
19432,952,ok,True,False,20260908,5,analysis_activations,positive,False,5.694736118078571,6.350691325340817,0.04507134102208778,0.2789357723991044,0.21230012016503377,0.5281437043069853,0.6767318325651845,0.3232681674348155,0.3232681674348155,1.6297159250367905,2,5,1251.1599590246633,935.9074509876248,315.2525080370385,315.2525080370385,224.0603790283203,325.6029052734375,833.4798950195304,3603.4033203125,10.0,0.1,2.0,554,0.21502711,False
19473,1339,ok,True,True,20260908,5,analysis_activations,positive,False,5.7217769779446295,6.256503515401588,0.015976486891794883,0.12170157264917322,0.12639812851381496,0.3488575248567432,0.5312976614401809,0.46870233855981913,0.46870233855981913,2.0380478086832206,2,16,1150.0661024625635,693.3271592652089,456.7389431973546,456.7389431973546,253.84451293945312,349.2877197265625,849.713305664062,1647.406982421875,10.0,0.1,2.0,608,0.1368344,False
19513,2003,ok,True,True,20260908,5,analysis_activations,positive,False,5.731688458030626,6.673769954952397,0.029318104755688024,0.37581082629876433,0.17122530407532652,0.613034115118208,0.563865038384888,0.436134961615112,0.436134961615112,2.093181283783133,2,13,3857.5923651392927,2711.385589030969,1146.2067761083235,1146.2067761083235,246.17160034179688,368.0599365234375,1878.0889892578123,3912.59765625,10.0,0.1,2.0,1216,0.39889303,False
19589,3309,ok,True,True,20260908,5,analysis_activations,positive,False,5.6286016583898215,6.112745805516855,0.015810213273960056,0.09176804092013821,0.12573867055906093,0.3029324032191641,0.5977914140842221,0.40220858591577796,0.40220858591577796,2.08750458352202,2,12,1876.2096456125648,741.3090571383353,1134.9005884742296,1134.9005884742296,232.77542114257812,308.08233642578125,651.0118041992187,1294.9273681640625,10.0,0.1,2.0,343,0.10274865,False
19605,7880,ok,True,False,20260908,5,analysis_activations,positive,False,5.705779906276613,6.268701354390732,0.024376114319574944,0.15860053573219668,0.15612851859790045,0.39824682764862884,0.6328379607085064,0.36716203929149366,0.36716203929149366,1.8610796396271465,2,10,7287.21368316945,4319.317928500931,2967.8957546685187,2967.8957546685187,240.94631958007812,329.38201904296875,817.9717285156245,2569.7001953125,10.0,0.1,2.0,2871,0.1473041,False
19719,2702,ok,True,True,20260908,5,analysis_activations,positive,False,5.722802856546394,6.517675521591628,0.04955123862079382,0.10043611698255928,0.22260107506657242,0.3169165773236851,0.5482811525493925,0.45171884745060753,0.45171884745060753,2.902586934043402,2,5,3701.130209054487,3209.5895738387826,491.54063521570424,491.54063521570424,221.42056274414062,405.6787109375,1015.0061096191404,1595.1322021484375,10.0,0.1,2.0,199,0.22910383,False
19752,3484,ok,True,False,20260908,5,analysis_activations,positive,False,5.828890215588709,6.4517537796932505,0.029859521094073905,0.17594371073442644,0.17279907723733337,0.419456446767035,0.6255394418431197,0.37446055815688023,0.37446055815688023,1.9416986521538486,2,10,3839.654754634028,2637.9210533856062,1201.7337012484218,1201.7337012484218,265.2781982421875,381.76576232910156,1015.7620849609369,2739.26806640625,10.0,0.1,2.0,1172,0.1754869,False
19776,507,ok,True,True,20260908,5,analysis_activations,positive,False,5.762866920266234,6.710232732670494,0.05695117108752537,0.05283826526513413,0.2386444449123536,0.22986575487691535,0.39968490511764876,0.6003150948823512,0.39968490511764876,4.0434532702970545,2,3,787.099906150972,612.1400607777367,174.95984537323523,174.95984537323523,227.95309448242188,640.8807373046875,1113.0306640625,1263.28466796875,10.0,0.1,2.0,374,0.2703581,False
19800,3234,ok,True,False,20260908,5,analysis_activations,positive,False,5.648057616573739,5.917364506164577,0.006710595319109822,0.03188958614436629,0.08191822336397331,0.17857655541634318,0.5848816673004489,0.4151183326995512,0.4151183326995512,1.9385088525441034,2,9,-1669.0694838788918,-2479.0901182372563,810.0206343583645,810.0206343583645,251.8212890625,303.65130615234375,459.33959350585934,671.102783203125,10.0,0.1,2.0,1976,0.03478155,False
19833,14099,ok,True,False,20260908,5,analysis_activations,positive,False,5.709334200508769,6.3332682475651865,0.029962111052109587,0.16475107339629996,0.17309567022923938,0.40589539711149714,0.6180840630501132,0.3819159369498867,0.3819159369498867,1.999659280589822,2,10,15321.374141738901,10646.422985076699,4674.951156662202,4674.951156662202,234.1973876953125,340.5939025878906,882.8215209960937,3193.96630859375,10.0,0.1,2.0,3606,0.17334704,False
19903,6040,ok,True,True,20260908,5,analysis_activations,positive,False,5.81193183613579,6.438101147899547,0.038201424906114834,0.06621692590959755,0.19545184804988372,0.25732649671108015,0.5516848258340182,0.44831517416598166,0.44831517416598166,2.740427785604151,2,4,5607.6776338948885,4788.837343676621,818.8402902182679,818.8402902182679,245.99392700195312,423.0778503417969,872.4735290527344,1345.999267578125,10.0,0.1,2.0,3300,0.14775947,False
19909,10150,ok,True,False,20260908,5,analysis_activations,positive,False,5.686140667532762,5.969497482910417,0.005333063938370741,0.03954664850809402,0.07302782988950679,0.19886339157344676,0.6279113936576906,0.3720886063423095,0.3720886063423095,1.8915752716003669,2,11,-4689.040171504482,-8956.710783077528,4267.670611573046,4267.670611573046,265.1643981933594,307.9995880126953,483.3789062499998,1132.462158203125,10.0,0.1,2.0,2786,0.03682514,False
19919,3418,ok,True,False,20260908,5,analysis_activations,positive,False,5.598339754566516,5.999960371875769,0.011611385003968692,0.07577845586266671,0.10775613673461336,0.27527886926291073,0.6377384743276759,0.36226152567232406,0.36226152567232406,1.9213236247840093,2,11,728.7797540848125,-596.4113984573276,1325.1911525421401,1325.1911525421401,231.71226501464844,288.4895324707031,552.542169189453,1093.9781494140625,10.0,0.1,2.0,1539,0.07214153,False
19924,1211,ok,True,True,20260908,5,analysis_activations,positive,False,5.777649507022672,6.335472518957301,0.023273600404160277,0.10041241670662684,0.15255687596486853,0.3168791831386638,0.52442498053507,0.47557501946493,0.47557501946493,2.2431128420220663,2,13,1048.6469913792737,794.3319659115983,254.31502546767535,254.31502546767535,255.525146484375,388.94677734375,874.9321899414062,1396.7314453125,10.0,0.1,2.0,698,0.13767734,False
19938,772,ok,True,True,20260908,5,analysis_activations,positive,False,5.693050933254025,6.520079781534623,0.036534334149470084,0.2829358547483116,0.19113956720017466,0.5319171502671366,0.6723416501669164,0.3276583498330837,0.3276583498330837,2.069285846918701,2,15,1187.4435433981057,801.9601571087491,385.48338628935664,385.48338628935664,226.40797424316406,328.2554931640625,1268.9673217773436,2271.82275390625,10.0,0.1,2.0,336,0.26829553,False
19958,4400,ok,True,False,20260908,5,analysis_activations,positive,False,5.695987223369474,6.071104409311213,0.010934641503905447,0.0727356233115928,0.10456883619848432,0.26969542693859827,0.6454676021982481,0.35453239780175194,0.35453239780175194,1.8339875697441468,2,9,479.6445075256709,-1212.2036385749025,1691.8481461005733,1691.8481461005733,256.52752685546875,315.93614196777344,569.7295959472657,1543.9044189453125,10.0,0.1,2.0,1799,0.06505949,False
19972,4180,ok,True,True,20260908,5,analysis_activations,positive,False,5.584097799240735,6.0310295901645405,0.01832933110939071,0.06461568276144536,0.13538586007922213,0.2541961501703859,0.6250328237908459,0.374967176209154,0.374967176209154,2.194628948689927,2,6,1450.005962899536,491.92396262683667,958.0820002726992,958.0820002726992,217.3411865234375,293.24151611328125,560.2465362548827,1057.8807373046875,10.0,0.1,2.0,2055,0.08251818,False
20008,565,ok,True,True,20260908,5,analysis_activations,positive,False,5.706548305893184,6.244150351933331,0.020347712257453267,0.10363941051860975,0.14264540741802123,0.3219307542292438,0.563152552110511,0.43684744788948904,0.43684744788948904,2.159173889667099,2,13,453.85547385921967,306.98910896194474,146.86636489727493,146.86636489727493,244.0904541015625,345.95245361328125,763.1497802734373,1278.129638671875,10.0,0.1,2.0,434,0.12806045,False
20088,666,ok,True,True,20260908,5,analysis_activations,positive,False,5.761727909007946,6.773702667857054,0.05208247878498873,0.16498307293504444,0.22821586006452033,0.4061810839207612,0.8344021602151894,0.1655978397848106,0.1655978397848106,3.0717737506169276,2,3,870.8348740556937,555.1037061686962,315.73116788699747,315.73116788699747,236.4433135986328,318.03973388671875,1111.892578125,2120.082763671875,10.0,0.1,2.0,280,0.21260121,False
20127,1507,ok,True,True,20260908,5,analysis_activations,positive,False,5.734758121015051,6.395143981292341,0.026623136281809925,0.17099802964716185,0.16316597770923302,0.41351908014886307,0.5155755471865242,0.4844244528134758,0.4844244528134758,2.100854789351535,2,13,1906.647658145179,1472.36213807633,434.2855200688491,434.2855200688491,245.3373260498047,379.54681396484375,1041.1963134765626,2484.941162109375,10.0,0.1,2.0,247,0.20561875,False
20133,965,ok,True,True,20260908,5,analysis_activations,positive,False,5.9071458651741615,6.4061501909097025,0.022986170932275857,0.06971772763450367,0.15161190893948884,0.264041147616245,0.5018343905397341,0.49816560946026583,0.49816560946026583,2.3177698495151757,2,9,609.1654726864025,489.67789509853037,119.48757758787212,119.48757758787212,292.6979675292969,447.3677673339844,852.2722900390625,1443.4300537109375,10.0,0.1,2.0,397,0.10862829,False
20217,9284,ok,True,False,20260908,5,analysis_activations,positive,False,5.714431081220916,6.152736451496584,0.01766550247472093,0.07865451193586456,0.13291163408340495,0.280454117345181,0.6262323840129278,0.37376761598707225,0.37376761598707225,1.997255014469482,2,7,3525.607235695345,999.6850431630999,2525.9221925322454,2525.9221925322454,250.33792114257812,331.85394287109375,641.6952850341798,1627.6536865234375,10.0,0.1,2.0,1006,0.08543614,False
20246,664,ok,True,True,20260908,5,analysis_activations,positive,False,5.624550829166683,6.2330986959796855,0.026405554139581355,0.11825273191978927,0.16249785887691368,0.3438789495153626,0.5963870042132406,0.4036129957867594,0.4036129957867594,2.2627578729657762,2,10,649.1455082625747,473.01660108731716,176.12890717525755,176.12890717525755,217.17227172851562,319.1910095214844,807.2437011718754,1362.1212158203125,10.0,0.1,2.0,269,0.15284772,False
20277,7304,ok,True,True,20260908,5,analysis_activations,positive,False,5.865496343500172,6.3539415129138925,0.026321041280305,0.05088192404264449,0.162237607478368,0.2255702197601547,0.5416371172213131,0.458362882778687,0.458362882778687,2.486072707915783,2,4,3690.6868526272183,2914.1390326805813,776.547819946637,776.547819946637,271.54638671875,426.0769348144531,768.9328948974609,1297.26123046875,10.0,0.1,2.0,2371,0.09682202,False
20299,5885,ok,True,True,20260908,5,analysis_activations,positive,False,5.735801897898313,6.121475771998173,0.014330030500703191,0.05585479061839938,0.11970810540937983,0.2363361813569801,0.5788861104050946,0.4211138895949053,0.4211138895949053,2.05879743978029,2,8,904.5147455201088,-344.21343589806986,1248.7281814181788,1248.7281814181788,259.5408630371094,344.1158752441406,612.3773071289064,1081.771240234375,10.0,0.1,2.0,2800,0.0680876,False
20300,804,ok,True,True,20260908,5,analysis_activations,positive,False,5.853855510627228,6.295556006822024,0.016653800937731948,0.07206369725704777,0.12904960649971758,0.26844682389078056,0.6965870243736721,0.30341297562632796,0.30341297562632796,2.0971922386351434,2,5,209.23313492749455,-36.46218174372305,245.6953166712176,245.6953166712176,290.970947265625,369.1530303955078,710.2077758789059,1256.9244384765625,10.0,0.1,2.0,525,0.07479283,False
20343,2121,ok,True,True,20260908,5,analysis_activations,positive,False,5.529755628311507,6.393632915882417,0.018990579408236032,0.3095481804940968,0.1378063112061129,0.5563705424392065,0.5281094594712783,0.47189054052872176,0.47189054052872176,2.1314431179325264,2,14,3759.251418744751,2476.9914919205307,1282.2599268242202,1282.2599268242202,208.9504852294922,299.38323974609375,1222.16943359375,3107.030517578125,10.0,0.1,2.0,1303,0.34224403,False
20386,703,ok,True,True,20260908,5,analysis_activations,positive,False,6.034067943042188,6.7925218792454505,0.05862925446309924,0.12388520103738672,0.24213478573534047,0.3519732959151684,0.63832719786511,0.36167280213489,0.36167280213489,2.5107043430974914,2,4,927.6610358266246,827.2794478634279,100.3815879631967,100.3815879631967,289.22698974609375,499.142822265625,1324.6539306640623,2261.404296875,10.0,0.1,2.0,482,0.21534176,False
20400,798,ok,True,True,20260908,5,analysis_activations,positive,False,5.925623537407195,6.516628941373741,0.020853504374608443,0.11019180758768424,0.14440742492894346,0.33195151391081834,0.5398739795705003,0.4601260204294996,0.4601260204294996,2.3088499277976804,2,11,757.2811257561012,536.2062043786018,221.07492137749944,221.07492137749944,301.988525390625,447.4136962890625,1035.6188598632812,2114.913818359375,10.0,0.1,2.0,568,0.14891236,False
20410,780,ok,True,True,20260908,5,analysis_activations,positive,False,5.6409212966090445,6.191894465314311,0.02201186111608736,0.10570214009869293,0.14836394816830456,0.3251186554147469,0.5954650614167758,0.40453493858322426,0.40453493858322426,2.180349889899036,2,10,629.4233538773144,414.5176082635143,214.9057456138001,214.9057456138001,224.86129760742188,316.7569580078125,739.4100524902343,1172.9169921875,10.0,0.1,2.0,147,0.12915853,False
20445,6085,ok,True,False,20260908,5,analysis_activations,positive,False,5.640088070916532,5.983474025490487,0.00961063504034105,0.0529340388242694,0.0980338464018476,0.23007398554436656,0.6992134488005454,0.30078655119945463,0.30078655119945463,1.9417904420476622,2,7,-1262.9737722572581,-3583.3580207122577,2320.3842484549996,2320.3842484549996,244.92953491210938,292.4675598144531,489.4366699218751,1147.5013427734375,10.0,0.1,2.0,1024,0.047446985,False
20457,1579,ok,True,True,20260908,5,analysis_activations,positive,False,5.7099066698700245,6.0306331611731485,0.008557231580491409,0.03687921334316226,0.09250530568833017,0.19203961399451486,0.5877717056405357,0.4122282943594643,0.4122282943594643,2.1278825799937677,2,9,-395.4499436451647,-781.2808187038252,385.83087505866047,385.83087505866047,263.2797546386719,327.1684875488281,520.7253051757813,808.970458984375,10.0,0.1,2.0,257,0.045183998,False
20596,776,ok,True,False,20260908,5,analysis_activations,positive,False,5.718618919415376,6.093643555840372,0.008466251006449656,0.07686024179368627,0.09201223291742058,0.277236797329803,0.6810898956837055,0.3189101043162946,0.3189101043162946,1.815652989212792,2,12,42.89732262397244,-357.8408874826042,400.7382101065767,400.7382101065767,267.45965576171875,313.1580810546875,567.6757202148438,1266.291259765625,10.0,0.1,2.0,531,0.06090389,False
20597,2808,ok,True,False,20260908,5,analysis_activations,positive,False,5.814338933147053,6.3001171125513515,0.01563938523418576,0.11469626346750346,0.12505752769899844,0.3386683679759647,0.5741712575064761,0.425828742493524,0.425828742493524,1.9029237733179187,2,13,1924.0162673438838,906.0721254623197,1017.9441418815641,1017.9441418815641,281.2148742675781,373.0519561767578,823.7564514160157,1864.1788330078125,10.0,0.1,2.0,1122,0.11555759,False
20641,658,ok,True,True,20260908,5,analysis_activations,positive,False,5.746868368172094,6.884647905422872,0.043954160123868095,0.5559351978200007,0.2096524746428434,0.7456106207800427,0.6553766457588212,0.3446233542411789,0.3446233542411789,2.0774832830831365,2,11,1440.8134950895426,992.1103717096703,448.7031233798723,448.7031233798723,236.22589111328125,355.1150817871094,3038.3177246093733,3972.29052734375,10.0,0.1,2.0,444,0.51355743,False
20646,1246,ok,True,True,20260908,5,analysis_activations,positive,False,5.919282216285632,6.73837090863018,0.0354384038473513,0.10885807039787763,0.18825090663088798,0.32993646418345096,0.5038891691137208,0.49611083088627905,0.49611083088627905,3.049425786737485,2,10,1769.8710413241797,1461.4436022902676,308.42743903391215,308.42743903391215,279.357666015625,508.74005126953125,1320.6210632324219,2000.5499267578125,10.0,0.1,2.0,939,0.23977058,False
20677,18715,ok,True,True,20260908,5,analysis_activations,positive,False,5.35307072572685,6.145847578687305,0.020979869739492264,0.1929432838626907,0.1448442948116779,0.43925309772691495,0.5006236946954827,0.4993763053045172,0.4993763053045172,2.4240248243000706,2,17,28204.15071315874,19939.443331516035,8264.707381642704,8264.707381642704,172.2862548828125,264.7306823730469,860.4398803710938,1550.1011962890625,10.0,0.1,2.0,4742,0.2639904,False
20716,23038,ok,True,False,20260908,5,analysis_activations,positive,False,5.615652625403612,5.887653978266624,0.00627699347493904,0.03081639217920645,0.07922747929184065,0.17554598309048958,0.6321659960863816,0.3678340039136185,0.3678340039136185,1.9972748094375132,2,8,-13536.526421981265,-20608.557355941193,7072.030933959928,7072.030933959928,244.2852325439453,288.61659240722656,437.137384033203,871.2660522460938,10.0,0.1,2.0,1552,0.032507587,False
20729,4982,ok,True,False,20260908,5,analysis_activations,positive,False,5.708474966784872,6.032505456334234,0.008440332993021308,0.05124422605036564,0.09187128492092242,0.22637187557284064,0.6197434905115979,0.3802565094884021,0.3802565094884021,1.875728080169361,2,10,-823.5813286477504,-2525.9492973469373,1702.3679686991868,1702.3679686991868,264.46197509765625,319.84690856933594,532.6640777587891,1050.400390625,10.0,0.1,2.0,893,0.049469072,False
20747,8867,ok,True,True,20260908,5,analysis_activations,positive,False,5.8559598345890755,6.378676622700642,0.020473987063344044,0.1025216144264966,0.14308734068164117,0.3201899661552445,0.5741870835373184,0.42581291646268155,0.42581291646268155,2.1078352159273623,2,11,6543.389217698994,4021.4829216480007,2521.906296050993,2521.906296050993,283.962890625,398.52655029296875,878.5287841796861,1860.656494140625,10.0,0.1,2.0,1012,0.122227654,False
20761,3461,ok,True,True,20260908,5,analysis_activations,positive,False,5.58437871287203,6.154413170223942,0.014643381969906099,0.12831409034371027,0.12100984245054655,0.35820956204952187,0.5405139190552009,0.4594860809447992,0.4594860809447992,2.1321250671529643,2,14,3215.8245078232126,1764.946492345721,1450.8780154774915,1450.8780154774915,222.49423217773438,303.5673522949219,777.6968994140625,1355.351318359375,10.0,0.1,2.0,1069,0.14761652,False
20844,10488,ok,True,False,20260908,5,analysis_activations,positive,False,5.821442545178742,6.37240583701508,0.024439559933895984,0.14968481803246547,0.15633157049648028,0.38689122248051255,0.6924629273719105,0.3075370726280896,0.3075370726280896,1.8672732410656596,2,7,8189.046175130291,3968.7479647962223,4220.298210334069,4220.298210334069,271.3173522949219,359.2286834716797,831.1531280517577,2746.629638671875,10.0,0.1,2.0,1980,0.1276144,False
20886,1144,ok,True,True,20260908,5,analysis_activations,positive,False,6.002010467702244,6.7117837996320615,0.06867484835296246,0.06720821691660582,0.26205886428999586,0.2592454761738492,0.4195139869206307,0.5804860130793692,0.4195139869206307,2.72302737857777,2,4,1363.767390966054,1273.0762357112424,90.69115525481175,90.69115525481175,262.34808349609375,631.5377807617188,1172.2763977050781,1592.5660400390625,10.0,0.1,2.0,926,0.19067007,False
20902,3408,ok,True,False,20260908,5,analysis_activations,positive,False,5.631543050685763,6.016228978197811,0.00972282782155233,0.07097607420137284,0.0986044006196089,0.2664133521454449,0.594931340944701,0.405068659055299,0.405068659055299,1.9150824847803725,2,12,634.5136983514633,-665.2413407983562,1299.7550391498194,1299.7550391498194,241.61962890625,301.77406311035156,563.6770263671874,1201.8953857421875,10.0,0.1,2.0,1186,0.070216425,False
20962,634,ok,True,True,20260908,5,analysis_activations,positive,False,5.752701320656486,6.491276960449704,0.02972405532608031,0.1660339949575278,0.1724066568496713,0.4074726922844374,0.5038674075782241,0.49613259242177576,0.49613259242177576,2.360750888180753,2,14,890.5054874216659,723.357472948205,167.14801447346088,167.14801447346088,246.91204833984375,404.3149871826172,1198.0935974121094,1668.80419921875,10.0,0.1,2.0,136,0.23408562,False
20978,2000,ok,True,True,20260908,5,analysis_activations,positive,False,5.677583771520688,6.571580936279589,0.019845046310889392,0.28033798482087213,0.1408724469542905,0.5294695315321479,0.5725934064794178,0.42740659352058225,0.42740659352058225,2.307586927369076,2,15,3453.997603333769,2109.9611533788675,1344.0364499549014,1344.0364499549014,242.32406616210938,340.0279235839844,1428.823065185547,2923.30712890625,10.0,0.1,2.0,1181,0.32693982,False
20983,2745,ok,True,True,20260908,5,analysis_activations,positive,False,5.784701251449073,6.266634516580757,0.014141257510124197,0.08252373801778586,0.11891701943003868,0.2872694519397875,0.5820088142938001,0.4179911857061998,0.4179911857061998,2.192134941095805,2,13,1463.893650994553,521.0840410576072,942.8096099369457,942.8096099369457,272.43292236328125,360.8663635253906,765.2637084960936,1359.53759765625,10.0,0.1,2.0,1710,0.099262446,False
20992,6987,ok,True,True,20260908,5,analysis_activations,positive,False,5.549881316393825,6.161400661750191,0.023864984581067793,0.1569259521570261,0.15448295886947463,0.3961388041545868,0.588690221908928,0.411309778091072,0.411309778091072,2.0339340682971567,2,14,7429.882196190487,4841.664618473239,2588.217577717248,2588.217577717248,206.5647735595703,291.59832763671875,772.5597961425781,1933.4830322265625,10.0,0.1,2.0,1160,0.16916505,False
21005,579,ok,True,True,20260908,5,analysis_activations,positive,False,6.04762403787357,7.423664601504743,0.11207964024487627,0.04720172614304606,0.3347829748432203,0.21725958239637225,0.408504409378332,0.591495590621668,0.408504409378332,4.876000572872799,2,4,1289.5948807590737,863.7801366365283,425.81474412254545,425.81474412254545,287.55419921875,1288.9439697265625,2149.7521240234373,2628.64794921875,10.0,0.1,2.0,318,0.5321432,False
21039,13228,ok,True,False,20260908,5,analysis_activations,positive,False,5.515953423131142,6.039196771994401,0.0172900725701085,0.1356722494207858,0.1314917205382472,0.3683371409738445,0.6827517817869526,0.3172482182130474,0.3172482182130474,1.8920233009146017,2,10,8850.182803899243,2298.0238335156523,6552.158970383591,6552.158970383591,206.3727569580078,263.5577697753906,602.7469604492187,1694.733154296875,10.0,0.1,2.0,3104,0.11415631,False
21042,4767,ok,True,True,20260908,5,analysis_activations,positive,False,5.499906469621041,6.2499386395995415,0.014811440884029838,0.24230056130225588,0.12170226326584825,0.4922403491204839,0.5662009180276507,0.4337990819723493,0.4337990819723493,2.0918652909084945,2,15,6968.308377482811,3764.6214950195194,3203.6868824632916,3203.6868824632916,206.9503631591797,275.95977783203125,1019.4752319335936,2115.47607421875,10.0,0.1,2.0,2172,0.25171947,False
21049,1088,ok,True,True,20260908,5,analysis_activations,positive,False,5.863348100905699,6.277117743896699,0.016100677767205793,0.059566891594270976,0.12688844615332712,0.2440632942379312,0.6312379473232488,0.3687620526767512,0.3687620526767512,2.1272509717236074,2,6,238.68168010016265,-6.039921841258057,244.72160194142072,244.72160194142072,291.6370849609375,382.59063720703125,681.4384277343743,1121.076171875,10.0,0.1,2.0,865,0.072047316,False
21084,1231,ok,True,True,20260908,5,analysis_activations,positive,False,5.802510133437524,6.497990539885589,0.02645223808714463,0.14571478100919344,0.1626414402516918,0.38172605492577194,0.5012476284643641,0.49875237153563584,0.49875237153563584,2.3704178945182166,2,13,1567.9325243998624,1238.8981320149348,329.0343923849275,329.0343923849275,261.17156982421875,418.47430419921875,1085.7626342773438,2152.2734375,10.0,0.1,2.0,407,0.20702463,False
21087,789,ok,True,True,20260908,5,analysis_activations,positive,False,5.813265866565295,6.38092597912138,0.014083354847374382,0.09973875513094425,0.11867331143679434,0.31581443147985533,0.5562212082167554,0.4437787917832447,0.4437787917832447,2.3795238427272496,2,11,652.5558193796552,341.4414735658042,311.114345813851,311.114345813851,281.783935546875,382.021484375,921.3751464843748,1336.7159423828125,10.0,0.1,2.0,366,0.13180247,False
21151,619,ok,True,True,20260908,5,analysis_activations,positive,False,5.62757753680674,6.652211978446871,0.021151114991184872,0.28198834974676656,0.14543422909062664,0.5310257524327484,0.3260720853910404,0.6739279146089596,0.3260720853910404,2.631859542714173,2,25,1243.6849831033362,1067.2967917170315,176.3881913863047,176.3881913863047,225.52017211914062,517.0086669921875,1815.1446166992193,2402.555908203125,10.0,0.1,2.0,316,0.42833668,False
21157,2415,ok,True,False,20260908,5,analysis_activations,positive,False,5.919324505691293,6.507741364670021,0.030202282904689137,0.16638194080479266,0.1737880401658559,0.4078994248645034,0.6275657153939797,0.37243428460602035,0.37243428460602035,1.8768336194146014,2,7,2471.035230752343,1712.2711872867287,758.7640434656143,758.7640434656143,290.73431396484375,415.45404052734375,1072.9556152343744,2458.665771484375,10.0,0.1,2.0,1265,0.16191086,False
21161,5714,ok,True,False,20260908,5,analysis_activations,positive,False,5.694094605453989,6.072513405469312,0.009602696729861632,0.07143029906917729,0.097993350436964,0.26726447401249814,0.6483109249747125,0.3516890750252875,0.3516890750252875,1.8799952608487336,2,9,525.5290132331163,-1951.119286317898,2476.648299551014,2476.648299551014,257.40081787109375,313.4726104736328,565.320294189453,1501.7891845703125,10.0,0.1,2.0,2202,0.06400728,False
21177,1109,ok,True,True,20260908,5,analysis_activations,positive,False,5.812238034516241,6.653455480487737,0.027808191833290367,0.26546031124913655,0.1667578838714691,0.5152284068732396,0.512805311059744,0.48719468894025614,0.48719468894025614,2.1968001904134487,2,19,1898.9313715851763,1441.355494842111,457.57587674306524,457.57587674306524,263.6580505371094,418.5596618652344,1683.1171875,2510.5009765625,10.0,0.1,2.0,783,0.32067493,False
21185,5392,ok,True,False,20260908,5,analysis_activations,positive,False,5.697454047091712,6.053316013246812,0.009167934631041185,0.056032214760139455,0.09574933227464924,0.23671124764180398,0.6227377576280685,0.37726224237193146,0.37726224237193146,1.9709348844769838,2,12,-165.55648633702975,-2141.7228443505937,1976.166358013564,1976.166358013564,259.20428466796875,317.0534973144531,553.3446289062499,1019.3408813476562,10.0,0.1,2.0,932,0.056609083,False
21196,2687,ok,True,True,20260908,5,analysis_activations,positive,False,5.787588617248784,6.347241658367206,0.021089881782438896,0.13304637252396717,0.14522355794580608,0.36475522275077454,0.6325041565697146,0.3674958434302854,0.3674958434302854,2.015957932838976,2,12,2261.222227346002,1212.8082737590455,1048.4139535869565,1048.4139535869565,266.1581726074219,357.31268310546875,871.216192626953,1882.8642578125,10.0,0.1,2.0,762,0.1350864,False
21246,2864,ok,True,True,20260908,5,analysis_activations,positive,False,5.706778392262477,6.493987187269417,0.025879804050437133,0.26634712462309695,0.1608720113955101,0.5160882914997171,0.6384050563521799,0.3615949436478201,0.3615949436478201,2.059419490308592,2,12,4239.879902923424,2556.376652641828,1683.5032502815961,1683.5032502815961,242.86477661132812,334.44639587402344,1244.8730224609374,3199.437744140625,10.0,0.1,2.0,1442,0.25597382,False
21313,8219,ok,True,False,20260908,5,analysis_activations,positive,False,5.6571590262444955,5.963080860046924,0.007221182456215308,0.04776784501736605,0.08497754089296364,0.2185585619859493,0.6683920936761912,0.3316079063238087,0.3316079063238087,1.8449621135029368,2,9,-2828.860187733281,-6179.735355843751,3350.87516811047,3350.87516811047,253.80337524414062,297.7796936035156,477.86241455078107,1076.003662109375,10.0,0.1,2.0,3303,0.041413933,False
21350,820,ok,True,True,20260908,5,analysis_activations,positive,False,5.609796249733142,6.735113624816427,0.05453166854054749,0.29861508171326295,0.23352016731012223,0.5464568434133321,0.3967894812133595,0.6032105187866404,0.3967894812133595,2.6780113620716635,2,19,1780.0283519503378,1610.5167801387518,169.511571811586,169.511571811586,193.05734252929688,494.4678497314453,1843.8222717285155,2816.831298828125,10.0,0.1,2.0,365,0.505476,False
21409,1536,ok,True,True,20260908,5,analysis_activations,positive,False,5.629759037083941,6.291288790248805,0.030262657366592956,0.1596458897607153,0.1739616548742652,0.3995571170192258,0.5959376831068449,0.40406231689315514,0.40406231689315514,2.146802656997022,2,13,1805.846207005423,1319.8001003757092,486.0461066297137,486.0461066297137,217.8341064453125,321.08668518066406,919.9031982421875,1532.056884765625,10.0,0.1,2.0,132,0.18804045,False
21441,6582,ok,True,False,20260908,5,analysis_activations,positive,False,5.6391413470506215,6.080058517516983,0.014295061319153746,0.09008389249486395,0.1195619559858141,0.30013978825684534,0.6237831606150955,0.3762168393849045,0.3762168393849045,1.9300365776163384,2,10,2731.583678515194,307.0652393935933,2424.5184391216007,2424.5184391216007,237.12481689453125,303.80352783203125,614.4725860595702,1515.7900390625,10.0,0.1,2.0,2639,0.08844363,False
21458,6228,ok,True,True,20260908,5,analysis_activations,positive,False,5.803125809150978,6.393693518545421,0.026143452271800812,0.14659568806668002,0.16168936969325104,0.38287816347590264,0.5931513299808807,0.4068486700191193,0.4068486700191193,2.0095060503092785,2,12,6251.71424144674,4266.112972712823,1985.601268733917,1985.601268733917,262.1739501953125,377.5019836425781,958.000354003906,2227.972412109375,10.0,0.1,2.0,1711,0.15934007,False
21508,2255,ok,True,False,20260908,5,analysis_activations,positive,False,5.727206718412672,6.165590397857154,0.01632451088611311,0.10219881125862412,0.12776740932692152,0.31968548803257263,0.6795920052445505,0.32040799475544945,0.32040799475544945,1.800808232008036,2,6,874.1432807637348,23.897480324147296,850.2458004395875,850.2458004395875,254.6484375,323.8435974121094,628.9172607421873,1779.037109375,10.0,0.1,2.0,282,0.08572296,False
21515,41169,ok,True,True,20260908,5,analysis_activations,positive,False,5.344161166159554,5.603817924121068,0.006073660809565509,0.027300937693252675,0.07793369495645326,0.16522995398308588,0.6448088678156355,0.3551911321843645,0.3551911321843645,2.010048808379102,2,7,-28826.76915759485,-40789.15825541514,11962.38909782029,11962.38909782029,186.23641967773438,219.0663299560547,321.5189697265625,584.9981689453125,10.0,0.1,2.0,4695,0.029054498,True
21548,1620,ok,True,True,20260908,5,analysis_activations,positive,False,5.741695860420069,6.3506239468365555,0.02491714935741565,0.12024163628040002,0.15785166884583657,0.3467587580442634,0.7263055354686898,0.2736944645313102,0.2736944645313102,2.260264899332866,2,7,1239.7403150012221,582.3389714671101,657.401343534112,657.401343534112,251.01596069335938,333.2962951660156,801.721856689453,1551.62548828125,10.0,0.1,2.0,848,0.12479131,False
21563,3250,ok,True,False,20260908,5,analysis_activations,positive,False,5.705333176061412,6.124738839228912,0.01498764173964326,0.0883300681393731,0.12242402435650962,0.2972037485284684,0.5941057505646943,0.40589424943530567,0.40589424943530567,1.8452784192634046,2,11,1309.7421669903188,317.425462474009,992.3167045163098,992.3167045163098,251.48187255859375,329.4770812988281,632.1732666015616,2285.10595703125,10.0,0.1,2.0,1749,0.087199986,False
21577,1230,ok,True,True,20260908,5,analysis_activations,positive,False,5.847992722905294,6.912635251756276,0.08482616755982958,0.12789468324860595,0.29124932199033454,0.3576236614775453,0.44549113768800586,0.554508862311994,0.44549113768800586,3.2644782388742666,2,4,2342.5494458806193,2112.6013974174884,229.94804846313082,229.94804846313082,232.43435668945312,645.6433715820312,1598.988348388672,2149.75146484375,10.0,0.1,2.0,676,0.38902155,False
21628,875,ok,True,True,20260908,5,analysis_activations,positive,False,5.850633264956522,6.555058387397479,0.04424771742414575,0.2033160902622085,0.21035141412442596,0.4509058552094977,0.6829807635885048,0.31701923641149515,0.31701923641149515,2.00219446789942,2,5,1097.6324752546702,836.8693305151644,260.76314473950583,260.76314473950583,255.45156860351562,386.2698669433594,1113.1082275390625,2389.698486328125,10.0,0.1,2.0,177,0.20234515,False
21637,2345,ok,True,False,20260908,5,analysis_activations,positive,False,5.65495385000746,6.5007213128766645,0.031067936452241256,0.34184092106750646,0.176260989592823,0.5846716352513661,0.5850168675045164,0.4149831324954835,0.4149831324954835,1.9586851103378664,2,14,4096.624006420893,2880.104500107798,1216.5195063130955,1216.5195063130955,224.1940155029297,331.47650146484375,1375.046801757811,3589.541015625,10.0,0.1,2.0,1325,0.33383518,False
21688,862,ok,True,True,20260908,5,analysis_activations,positive,False,5.869960202016846,6.757445289196036,0.03742555468619827,0.11036905111794151,0.19345685484417002,0.33221837865768583,0.3811808259107812,0.6188191740892187,0.3811808259107812,3.2647262427325554,2,14,1325.8427485788998,1155.2795628787128,170.56318570018698,170.56318570018698,267.2763977050781,621.846435546875,1349.7429382324217,1923.0445556640625,10.0,0.1,2.0,652,0.26866284,False
21700,932,ok,True,True,20260908,5,analysis_activations,positive,False,5.662190037450006,6.0603665240582725,0.009208383348547842,0.06417667387886411,0.09596032174053942,0.2533311545761084,0.46771839926810116,0.5322816007318989,0.46771839926810116,2.078675940666489,2,15,280.2465542757479,46.4563585962465,233.79019567950138,233.79019567950138,248.11227416992188,333.0552520751953,610.8605010986325,1159.85693359375,10.0,0.1,2.0,675,0.07802064,False
21778,955,ok,True,True,20260908,5,analysis_activations,positive,False,6.156491648078247,7.089375030107329,0.11633611232132238,0.09229071265678536,0.3410808002824586,0.30379386540347614,0.4545923539319665,0.5454076460680335,0.4545923539319665,2.888399627301178,2,3,1632.7294072582117,1529.9973399396995,102.73206731851224,102.73206731851224,254.95462036132812,820.7640380859375,1799.6336547851558,2372.4375,10.0,0.1,2.0,580,0.31932843,False
21794,1106,ok,True,True,20260908,5,analysis_activations,positive,False,5.477933696886424,6.102831556615957,0.0224550114757744,0.09593164258521052,0.1498499632157926,0.3097283367488524,0.5254561904687172,0.47454380953128283,0.47454380953128283,2.5684591439752094,2,10,1088.5683829002157,810.3459403603093,278.2224425399064,278.2224425399064,191.226318359375,290.76995849609375,680.0838012695312,1006.2367553710938,10.0,0.1,2.0,323,0.15483332,False
21819,1388,ok,True,True,20260908,5,analysis_activations,positive,False,5.52509227265011,6.6523990565903475,0.02359766063244525,0.4263287588730217,0.1536153007758187,0.6529385567364067,0.4153559290624118,0.5846440709375882,0.4153559290624118,2.376765695723389,2,18,3167.492223458722,2501.7518959199624,665.7403275387596,665.7403275387596,206.19117736816406,385.8866882324219,2156.60380859375,3021.724609375,10.0,0.1,2.0,760,0.5680607,False
21828,3990,ok,True,True,20260908,5,analysis_activations,positive,False,5.728315172777804,6.0741448320909255,0.009134812934216266,0.04650655861752602,0.09557621531644923,0.21565379342252716,0.5903741314375108,0.4096258685624891,0.4096258685624891,2.073377213422719,2,10,-353.3844361676322,-1526.6370560439098,1173.2526198762775,1173.2526198762775,267.02142333984375,331.9169616699219,555.3018188476561,982.5808715820312,10.0,0.1,2.0,584,0.053378392,False
21850,920,ok,True,True,20260908,5,analysis_activations,positive,False,5.779322371944482,6.652178931624808,0.034315506351677336,0.30458938208805997,0.18524445025877923,0.5518961696624284,0.6916701552257812,0.3083298447742187,0.3083298447742187,2.1204056915288922,2,10,1453.788283832515,910.5203368545739,543.267946977941,543.267946977941,252.95352172851562,353.2414245605469,1389.9328430175776,3570.283447265625,10.0,0.1,2.0,510,0.2804328,False
21854,1072,ok,True,False,20260908,5,analysis_activations,positive,False,5.915715686698508,6.61631616558811,0.03512460605804954,0.23865108287831197,0.18741559715789277,0.4885192758513342,0.707286604976486,0.2927133950235141,0.2927133950235141,1.893598877248634,2,9,1310.9244104548907,839.7187365395349,471.20567391535576,471.20567391535576,283.98876953125,401.3135681152344,1163.74981689453,3335.154541015625,10.0,0.1,2.0,705,0.19650184,False
21871,2517,ok,True,False,20260908,5,analysis_activations,positive,False,5.617470065696521,6.506861796481072,0.026434529748208993,0.37282002361195515,0.16258699132528714,0.6105898980592089,0.6031656021043639,0.39683439789563607,0.39683439789563607,1.990596087606768,2,16,4539.29426828119,2907.7647033023272,1631.5295649788627,1631.5295649788627,221.61546325683594,313.5528869628906,1506.267236328125,3586.22900390625,10.0,0.1,2.0,1400,0.35336712,False
21891,6276,ok,True,False,20260908,5,analysis_activations,positive,False,5.508261389563548,5.7436579587690755,0.004206914377844003,0.02576163231486019,0.06486073062989657,0.16050430621905504,0.5928795592345026,0.40712044076549725,0.40712044076549725,1.923013289018315,2,10,-4991.866466862156,-7044.445130196355,2052.5786633341995,2052.5786633341995,223.63011169433594,258.63909912109375,374.57982635498047,651.82275390625,10.0,0.1,2.0,3277,0.026360383,False
21894,2377,ok,True,True,20260908,5,analysis_activations,positive,False,5.860707036354864,6.428887541895893,0.018940778041211945,0.12130629746830413,0.13762549924055478,0.348290536001632,0.5203977923905306,0.4796022076094693,0.4796022076094693,2.145627959117231,2,14,2229.5565751679296,1512.4437179023153,717.1128572656144,717.1128572656144,285.8893127441406,415.3092956542969,978.6879272460936,2112.219970703125,10.0,0.1,2.0,303,0.14866978,False
21916,3299,ok,True,False,20260908,5,analysis_activations,positive,False,5.731196966580688,6.362610933794079,0.02798382308844843,0.2159775492209145,0.16728366055430646,0.464733847724603,0.5986551876743894,0.40134481232561053,0.40134481232561053,1.8078760377239529,2,12,4055.9935874955504,2780.7137479687444,1275.279839526806,1275.279839526806,243.0945587158203,347.4596252441406,956.7289794921872,3040.388916015625,10.0,0.1,2.0,862,0.19928399,False
22002,2321,ok,True,False,20260908,5,analysis_activations,positive,False,5.807555881169806,6.120008669961797,0.008580289202866083,0.04305793671811556,0.09262985049575587,0.20750406434119684,0.6692710769049713,0.33072892309502866,0.33072892309502866,1.9445259645980075,2,7,-778.2437951584661,-1533.4704524132173,755.2266572547512,755.2266572547512,291.5640869140625,348.60223388671875,555.2477416992188,996.4344482421875,10.0,0.1,2.0,1169,0.04160947,False
22020,553,ok,True,True,20260908,5,analysis_activations,positive,False,5.883728129477694,6.949210756406116,0.12674621239887243,0.17931591101015093,0.3560143429679097,0.4234570946508642,0.6619609847038866,0.3380390152961133,0.3380390152961133,2.723683106387178,2,4,1073.2595417653843,1004.2467219633505,69.01281980203373,69.01281980203373,213.1348114013672,475.48406982421875,1670.0689453124996,1975.9808349609375,10.0,0.1,2.0,314,0.39927176,False
22040,2781,ok,True,True,20260908,5,analysis_activations,positive,False,5.64388822069322,6.110212067550375,0.015652732650283368,0.09245119996813024,0.12511088142237417,0.30405788917265447,0.637704361910262,0.362295638089738,0.362295638089738,2.005773440370209,2,10,1324.0302108973306,311.1145824549598,1012.9156284423707,1012.9156284423707,236.04196166992188,306.02825927734375,620.4010009765625,1544.957275390625,10.0,0.1,2.0,1391,0.093750164,False
22130,799,ok,True,False,20260908,5,analysis_activations,positive,False,5.878847045316466,6.437761391504842,0.020489790606178327,0.13576245020899635,0.1431425534429868,0.36845956387234186,0.6831802962026579,0.31681970379734214,0.31681970379734214,1.9996184162537731,2,9,616.9475033618398,275.2367044303932,341.7107989314466,341.7107989314466,293.3468322753906,383.38555908203125,906.4258666992187,2444.46533203125,10.0,0.1,2.0,331,0.12477972,False
22193,1204,ok,True,True,20260908,5,analysis_activations,positive,False,5.8111859930698015,6.682525452356768,0.02706357274642393,0.29503452791133006,0.16451009922319035,0.5431708091487705,0.523129467750999,0.4768705322490011,0.4768705322490011,2.1712423321833003,2,15,2147.0675681876232,1591.2689446691343,555.798623518489,555.798623518489,264.253662109375,412.2498474121094,1681.2980346679688,3125.316162109375,10.0,0.1,2.0,662,0.34453815,False
22224,3413,ok,True,False,20260908,5,analysis_activations,positive,False,5.41576167338921,6.06433089833762,0.030283945420435745,0.18084461357128412,0.17402283017016976,0.42525829042040336,0.5800014405374859,0.4199985594625141,0.4199985594625141,1.9961714659360243,2,12,4139.746826238632,3047.1726059001,1092.574220338532,1092.574220338532,174.53173828125,260.03369140625,702.1382080078108,2135.6787109375,10.0,0.1,2.0,1350,0.19604394,False
22240,805,ok,True,True,20260908,5,analysis_activations,positive,False,5.8918998403533545,6.521670689899225,0.02083478003267813,0.12427399934853788,0.14434257872394457,0.3525251754818908,0.43794382470798565,0.5620561752920143,0.43794382470798565,2.338033382634279,2,17,902.099531317775,727.2872628610185,174.81226845675656,174.81226845675656,292.16754150390625,479.66619873046875,1139.2794189453118,1885.1527099609375,10.0,0.1,2.0,567,0.17681754,False
22268,7128,ok,True,True,20260908,5,analysis_activations,positive,False,5.518577322255739,6.018267553732738,0.014735579440775708,0.1044517939751461,0.12139019499438869,0.32319002765423643,0.6173636773103038,0.38263632268969605,0.38263632268969605,2.046919355607588,2,13,4384.954765884876,1346.1936465978542,3038.7611192870218,3038.7611192870218,209.51690673828125,271.4230041503906,615.0426635742186,1195.776123046875,10.0,0.1,2.0,2585,0.10806165,False
22305,557,ok,True,True,20260908,5,analysis_activations,positive,False,5.650592411924799,6.3449830816918436,0.011678831847058513,0.19709414879750237,0.10806864414370393,0.44395286776582754,0.571315307446507,0.42868469255349306,0.42868469255349306,2.1492242334001994,2,12,722.0819039767309,345.4104874009669,376.67141657576406,376.67141657576406,243.68829345703125,314.0777282714844,1045.5435058593716,1971.1319580078125,10.0,0.1,2.0,123,0.20963177,False
22359,7716,ok,True,False,20260908,5,analysis_activations,positive,False,5.59902291688192,6.091961685917806,0.015674410051997295,0.11077553891600195,0.12519748420793964,0.33282959441131726,0.5921392053169255,0.4078607946830744,0.4078607946830744,1.960417834929014,2,12,5101.1890317759535,2157.8613348997883,2943.327696876165,2943.327696876165,225.62942504882812,298.13636779785156,658.4858245849609,2020.329833984375,10.0,0.1,2.0,1669,0.113160536,False
22361,2106,ok,True,True,20260908,5,analysis_activations,positive,False,5.852922116773228,6.4247679625833705,0.036284743481052775,0.08551202869851171,0.19048554664607176,0.2924243982613484,0.5562126150269827,0.4437873849730172,0.4437873849730172,2.3172670104694038,2,5,1833.8517658299268,1590.077860790888,243.7739050390387,243.7739050390387,258.18499755859375,423.54608154296875,892.7911682128906,1691.349365234375,10.0,0.1,2.0,1438,0.13891459,False
22366,584,ok,True,True,20260908,5,analysis_activations,positive,False,5.835811371072555,6.426992539935078,0.022177772991600994,0.13373532356376783,0.14892203662185458,0.36569840519718955,0.6683989691923656,0.33160103080763437,0.33160103080763437,2.1173579853972146,2,11,507.62943173094385,274.0872240318639,233.54220769907994,233.54220769907994,278.998046875,369.6893615722656,922.0257629394536,2016.9327392578125,10.0,0.1,2.0,316,0.13686645,False
22386,4909,ok,True,True,20260908,5,analysis_activations,positive,False,5.771685847843097,6.449579891184008,0.025352829423094934,0.19376659845378819,0.1592257184725349,0.4401892757141957,0.5504749205869213,0.4495250794130787,0.4495250794130787,2.048030278075337,2,13,6397.226927351142,4563.501173633219,1833.725753717923,1833.725753717923,253.9515380859375,377.1678466796875,1139.7300292968746,3094.444091796875,10.0,0.1,2.0,806,0.21481591,False
22399,2858,ok,True,False,20260908,5,analysis_activations,positive,False,5.652219933876218,6.133915211825942,0.014860910175128672,0.1032473313111598,0.12190533284122017,0.32132122760745174,0.6816829024524275,0.31831709754757265,0.31831709754757265,1.9821991479188374,2,10,1348.9065158913077,33.653082737040236,1315.2534331542674,1315.2534331542674,240.74871826171875,301.1540985107422,635.241619873047,1412.2783203125,10.0,0.1,2.0,816,0.09337614,False
22415,617,ok,True,True,20260908,5,analysis_activations,positive,False,5.859128078477452,7.147946665160252,0.04979143937107345,0.3427657604801633,0.2231399546721148,0.5854620060090691,0.4056864759060947,0.5943135240939054,0.4056864759060947,2.9090776578869857,2,16,1473.2323175841018,1289.7066422150149,183.5256753690869,183.5256753690869,257.1708679199219,683.6539306640625,3075.194091796873,3809.359619140625,10.0,0.1,2.0,323,0.6254109,False
22423,5686,ok,True,True,20260908,5,analysis_activations,positive,False,5.609673760184787,6.258948317397917,0.029093094175715276,0.07218142355505855,0.17056697856184025,0.268666007442435,0.3712095332436135,0.6287904667563865,0.3712095332436135,2.885315379694498,2,14,5537.547484647949,4808.462490377891,729.0849942700579,729.0849942700579,212.35829162597656,415.6511535644531,767.4416656494141,1246.0374755859375,10.0,0.1,2.0,2276,0.15460964,False
22470,819,ok,True,True,20260908,5,analysis_activations,positive,False,5.819361067675251,6.257784436920766,0.01312961554910778,0.07091360183535857,0.11458453451102282,0.26629607927147286,0.5536532051382225,0.4463467948617776,0.4463467948617776,2.138736878667244,2,12,332.2935093642311,109.73234446543889,222.56116489879224,222.56116489879224,284.4417419433594,377.6844482421875,733.2692687988281,1311.622314453125,10.0,0.1,2.0,543,0.08652638,False
22535,579,ok,True,True,20260908,5,analysis_activations,positive,False,5.641038728066928,6.121843130794391,0.012358461215774181,0.08408672020016135,0.1111686161458088,0.2899771028894546,0.47500761122912627,0.5249923887708738,0.47500761122912627,2.1894910109025547,2,13,365.4079823828542,217.76725068055867,147.6407317022955,147.6407317022955,240.04974365234375,333.373291015625,647.451440429688,1147.1036376953125,10.0,0.1,2.0,108,0.107849345,False
22540,507,ok,True,False,20260908,5,analysis_activations,positive,False,5.601786378140115,5.861749460489348,0.0074841809376635,0.027824671250758947,0.08651116076936836,0.1668072877627322,0.6787477551315828,0.32125224486841714,0.32125224486841714,1.9565226304459051,2,5,-348.079246722489,-450.4005253681553,102.32127864566627,102.32127864566627,237.41000366210938,282.4732666015625,406.9025390625,700.0775146484375,10.0,0.1,2.0,114,0.028810406,False
22561,1667,ok,True,False,20260908,5,analysis_activations,positive,False,5.795075708250232,6.224215837703399,0.014116200414921336,0.09144866753304298,0.11881161733989373,0.30240480739076053,0.7140835898650009,0.28591641013499913,0.28591641013499913,1.8679034374321257,2,7,401.29590739767156,-313.5876479750791,714.8835553727506,714.8835553727506,279.896240234375,342.36456298828125,661.9505859374997,1401.1632080078125,10.0,0.1,2.0,624,0.07387016,False
22613,1479,ok,True,True,20260908,5,analysis_activations,positive,False,5.786757699449089,6.552142387667147,0.04508225619038623,0.20676497909398195,0.21232582553798354,0.45471417296361233,0.553246067265093,0.44675393273490704,0.44675393273490704,2.1568809454718347,2,12,2231.4293407058685,1870.436981877603,360.9923588282654,360.9923588282654,241.3868865966797,404.11444091796875,1251.6621337890624,2522.567626953125,10.0,0.1,2.0,835,0.26228344,False
22621,7583,ok,True,False,20260908,5,analysis_activations,positive,False,5.695392682936682,6.252087053621387,0.018556791072924263,0.15014625773300758,0.1362233132504281,0.38748710653776286,0.6320191261702864,0.36798087382971356,0.36798087382971356,1.9167715820799434,2,12,6577.038791647988,3079.4046531549166,3497.634138493071,3497.634138493071,245.5582275390625,323.8536682128906,797.2001159667967,2374.77490234375,10.0,0.1,2.0,2114,0.13907222,False
22628,566,ok,True,True,20260908,5,analysis_activations,positive,False,5.74256644031938,6.402068443219564,0.0343541069062136,0.1585619226564646,0.18534860912942833,0.39819834587359176,0.6447489408722465,0.35525105912775345,0.35525105912775345,2.1234740553341864,2,7,642.3358912019257,485.92658138206355,156.4093098198622,156.4093098198622,231.26409912109375,352.3551025390625,875.9598693847656,2998.638671875,10.0,0.1,2.0,168,0.1784161,False
22645,510,ok,True,False,20260908,5,analysis_activations,positive,False,5.4570908953125254,5.827988274075119,0.007938929583732648,0.06723412008879769,0.08910067106219037,0.259295430134813,0.6466044789797112,0.3533955210202888,0.3533955210202888,1.9131000242269878,2,11,27.71976706487452,-205.214893540194,232.93466060506853,232.93466060506853,205.72781372070312,245.89940643310547,449.8837249755857,835.1905517578125,10.0,0.1,2.0,341,0.060445588,False
22659,1933,ok,True,True,20260908,5,analysis_activations,positive,False,5.794228901107951,6.41146974659347,0.02474187400058962,0.11772618025047048,0.1572954989838858,0.3431124892079425,0.47562641302316905,0.5243735869768309,0.47562641302316905,2.312655313708685,2,14,2058.6509444164235,1652.9881913896365,405.66275302678696,405.66275302678696,259.2200927734375,420.2918701171875,972.0206787109374,1940.7489013671875,10.0,0.1,2.0,902,0.16860667,False
22748,1591,ok,True,True,20260908,5,analysis_activations,positive,False,5.617034714308965,5.975233238329478,0.010381409147391503,0.047699642316524245,0.10188920034719824,0.2184024778168147,0.5994619822046939,0.4005380177953061,0.4005380177953061,2.101946001094301,2,9,-52.26568885480114,-469.4346541862502,417.16896533144904,417.16896533144904,235.16116333007812,298.635498046875,497.1274719238281,964.2161254882812,10.0,0.1,2.0,998,0.056170296,False
22796,4040,ok,True,True,20260908,5,analysis_activations,positive,False,5.69728354982073,6.208411326995274,0.01696835572746521,0.10405519394559054,0.1302626413345945,0.32257587316101394,0.5792363701170566,0.4207636298829433,0.4207636298829433,2.077827728905915,2,12,2823.2424832777574,1441.1303868356265,1382.112096442131,1382.112096442131,246.44065856933594,333.72613525390625,750.0046447753903,1564.3382568359375,10.0,0.1,2.0,447,0.11731191,False
22802,2282,ok,True,False,20260908,5,analysis_activations,positive,False,5.717321166220257,6.266692304067639,0.01667105437560644,0.16648023563861328,0.12911643727893998,0.40801989613082995,0.6471513711211663,0.3528486288788336,0.3528486288788336,1.8154146933016126,2,12,1979.375517189103,777.9325101088283,1201.4430070802746,1201.4430070802746,253.01783752441406,325.1334686279297,798.992266845703,2620.79833984375,10.0,0.1,2.0,597,0.13850774,False
22811,563,ok,True,False,20260908,5,analysis_activations,positive,False,5.931450671408681,6.635776160898853,0.03360263514458956,0.25220348988065505,0.18331021560346702,0.5021986557933574,0.8144459673343953,0.18555403266560475,0.18555403266560475,1.8631706647517217,2,5,539.0474033657866,245.7640493885816,293.283353977205,293.283353977205,298.24371337890625,381.85888671875,914.0087951660149,2777.529052734375,10.0,0.1,2.0,145,0.14939813,False
22821,1149,ok,True,True,20260908,5,analysis_activations,positive,False,5.843508005314858,6.369647636578831,0.02304794081405122,0.08152792155021481,0.15181548278766308,0.2855309467469591,0.614001341150947,0.3859986588490531,0.3859986588490531,2.300913470426962,2,6,751.4130555080291,489.0015616376089,262.41149387042014,262.41149387042014,273.22564697265625,389.3544921875,839.8786376953117,1385.379638671875,10.0,0.1,2.0,580,0.111325085,False
22822,1695,ok,True,True,20260908,5,analysis_activations,positive,False,5.621477329086612,6.108022878702517,0.011709425192656433,0.08849659779773748,0.10821009746163449,0.29748377736901466,0.5455254047651676,0.45447459523483225,0.45447459523483225,2.173659878729527,2,16,1009.6818926824628,359.9188656174989,649.7630270649639,649.7630270649639,236.26622009277344,311.98541259765625,660.7549865722656,1389.824951171875,10.0,0.1,2.0,965,0.10535935,False
22882,806,ok,True,True,20260908,5,analysis_activations,positive,False,5.644586745016945,6.138643011728265,0.02606301447212954,0.07412379052057591,0.1614404362981268,0.27225684659999994,0.504336941780812,0.49566305821918805,0.49566305821918805,2.207425965179741,2,6,528.2337383647541,450.3361605351661,77.89757782958804,77.89757782958804,219.787353515625,343.06768798828125,665.8508911132812,1021.220947265625,10.0,0.1,2.0,541,0.11103999,False
22890,1575,ok,True,False,20260908,5,analysis_activations,positive,False,5.667184896846159,6.361236476616292,0.022556129858124736,0.24899942384480975,0.15018698298496025,0.4989984206836829,0.5647353759397552,0.43526462406024474,0.43526462406024474,1.8835510713293244,2,19,2233.5591426626265,1480.1526006544145,753.406542008212,753.406542008212,235.4981231689453,330.21710205078125,1040.262158203125,3754.010498046875,10.0,0.1,2.0,973,0.23967828,False
22916,3413,ok,True,False,20260908,5,analysis_activations,positive,False,5.730809031866856,6.0656899391736365,0.008404600969316332,0.05134105031581571,0.09167661080840812,0.22658563572260204,0.6524024127122469,0.34759758728775303,0.34759758728775303,1.9375469528288265,2,9,-608.2147200935422,-1897.5868130718407,1289.3720929782985,1289.3720929782985,270.1661376953125,324.5066833496094,539.5151977539062,1132.98193359375,10.0,0.1,2.0,1627,0.048774075,False
22927,1719,ok,True,True,20260908,5,analysis_activations,positive,False,5.874675931769523,6.238817390991093,0.013747077887298873,0.04264167578936971,0.11724793340310469,0.2064986096548103,0.626164013323402,0.37383598667659806,0.37383598667659806,2.168647061836218,2,5,-74.36536491767771,-393.62320341237603,319.2578384946983,319.2578384946983,297.8328857421875,387.3057861328125,651.8842285156248,954.9976806640625,10.0,0.1,2.0,1078,0.05561941,False
22938,1700,ok,True,False,20260908,5,analysis_activations,positive,False,5.74199592475128,6.110284020169825,0.01043804364067685,0.05741749235387944,0.10216674429909592,0.23961947407061773,0.5630532096442583,0.43694679035574174,0.43694679035574174,1.9994476418737266,2,11,175.04293661856454,-291.94659281901875,466.9895294375833,466.9895294375833,267.12359619140625,342.61451721191406,607.9758605957031,1048.7259521484375,10.0,0.1,2.0,188,0.0643721,False
22950,526,ok,True,True,20260908,5,analysis_activations,positive,False,5.815565211998387,6.357417899439989,0.023982263751245684,0.0802033641998524,0.15486207977179464,0.2832019848091683,0.5806616326013455,0.4193383673986546,0.4193383673986546,2.3740634544808583,2,9,385.804571620346,287.20946091890187,98.59511070144413,98.59511070144413,267.2744140625,393.8663635253906,825.8289794921875,1404.51806640625,10.0,0.1,2.0,382,0.11927451,False
22973,2531,ok,True,True,20260908,5,analysis_activations,positive,False,5.8377596378844485,6.787467133463196,0.06126097892713908,0.07774755646615014,0.24750955320378865,0.27883248818269035,0.5401068145790769,0.45989318542092306,0.45989318542092306,3.6023352658154852,2,3,4090.267697911315,3403.9410865073405,686.3266114039743,686.3266114039743,234.02578735351562,493.906005859375,1255.7924194335938,1646.704833984375,10.0,0.1,2.0,1054,0.29299316,False
22978,1156,ok,True,True,20260908,5,analysis_activations,positive,False,5.750058521154014,6.598857064315062,0.046960561705138626,0.2818714851339416,0.21670385715334795,0.530915704357991,0.6336838068571923,0.36631619314280767,0.36631619314280767,2.0933052151987432,2,12,1903.8632293680782,1467.1945200094283,436.66870935864995,436.66870935864995,234.21888732910156,364.9502868652344,1424.5079956054688,2636.812255859375,10.0,0.1,2.0,753,0.30050993,False
22990,3822,ok,True,True,20260908,5,analysis_activations,positive,False,5.710988678807997,6.231942645474945,0.021456118630314217,0.11203537357132959,0.14647907232882865,0.3347168558219463,0.6450224558660221,0.3549775441339778,0.3549775441339778,2.0164504432870656,2,9,2621.3709711025135,1342.64042394361,1278.7305471589036,1278.7305471589036,244.904296875,330.074951171875,726.260885620117,1890.47216796875,10.0,0.1,2.0,1573,0.115779415,False
23012,5982,ok,True,True,20260908,5,analysis_activations,positive,False,5.590988920375376,5.992003353537392,0.01233989646864562,0.06670524648655256,0.11108508661672646,0.25827358844169984,0.5434623484323856,0.4565376515676145,0.4565376515676145,2.017146342411262,2,13,1660.5374625060172,54.56336083624259,1605.9741016697747,1605.9741016697747,227.35122680664062,299.90489196777344,554.350616455078,1026.4974365234375,10.0,0.1,2.0,618,0.07707109,False
23079,703,ok,True,True,20260908,5,analysis_activations,positive,False,5.765113201574954,6.048747925756545,0.004118589759146174,0.03474546182521309,0.06417623983333842,0.18640134609281417,0.5839168697875076,0.41608313021249255,0.41608313021249255,2.034699879926144,2,16,-320.90521486242005,-616.2645816959849,295.3593668335649,295.3593668335649,290.9131164550781,336.6295471191406,526.7099243164062,762.2531127929688,10.0,0.1,2.0,482,0.036458418,False
23081,2173,ok,True,True,20260908,5,analysis_activations,positive,False,5.524949343193236,6.313696020524313,0.016811332168921524,0.22680201123783278,0.12965852138953893,0.4762373475881882,0.4881066239723567,0.5118933760276432,0.4881066239723567,2.25996651532659,2,19,3413.944176008556,2317.9569453898002,1095.9872306187558,1095.9872306187558,209.59085083007812,312.76434326171875,1080.8084228515625,1801.131103515625,10.0,0.1,2.0,1214,0.27987415,False
23163,2972,ok,True,False,20260908,5,analysis_activations,positive,False,5.769537560858975,6.140171981958101,0.00851180112333043,0.06996397597307126,0.09225942295142774,0.2645070433335779,0.6201667767734498,0.37983322322655017,0.37983322322655017,1.8710824939142157,2,12,290.30878322354465,-1020.4501125959803,1310.758895819525,1310.758895819525,281.74847412109375,340.65814208984375,617.7951019287108,1504.3951416015625,10.0,0.1,2.0,1063,0.06423289,False
23172,1089,ok,True,True,20260908,5,analysis_activations,positive,False,5.832478955032265,6.44730729885621,0.014593474170855093,0.1383897482726844,0.12080345264459577,0.37200772609273103,0.42547377497298694,0.574526225027013,0.42547377497298694,2.2230384578902207,2,20,1225.58854775896,895.7648625061885,329.8236852527715,329.8236852527715,286.88250732421875,436.79241943359375,1079.9391845703124,1837.36083984375,10.0,0.1,2.0,621,0.17828436,False
23234,1085,ok,True,True,20260908,5,analysis_activations,positive,False,5.640842054675588,6.010564532443878,0.011124018876177729,0.05684308777164773,0.10547046447312977,0.23841788475625678,0.6073827390652037,0.3926172609347963,0.3926172609347963,2.0055867948839254,2,9,70.32101510677285,-238.10834909945368,308.4293642062265,308.4293642062265,240.48641967773438,304.9264221191406,528.7369628906248,886.33203125,10.0,0.1,2.0,222,0.061727367,False
23235,9084,ok,True,False,20260908,5,analysis_activations,positive,False,5.694970127542414,6.160508510043844,0.016275054606239864,0.09706075106657706,0.12757372224027902,0.3115457447415661,0.6600284364890598,0.33997156351094004,0.33997156351094004,1.9556310454073313,2,9,4159.865415281431,662.8592443777997,3497.006170903631,3497.006170903631,247.34213256835938,318.1478576660156,661.5438079833986,1513.3193359375,10.0,0.1,2.0,972,0.0923807,False
23251,1566,ok,True,False,20260908,5,analysis_activations,positive,False,5.721352392937751,6.4138161288146165,0.03849185837368787,0.23987967675522856,0.19619342082161642,0.489775128763424,0.6658107416839488,0.3341892583160511,0.3341892583160511,1.856092517944385,2,9,2033.2821841557388,1445.150448635663,588.1317355200758,588.1317355200758,234.69430541992188,337.8121337890625,970.5828552246094,2787.31689453125,10.0,0.1,2.0,965,0.21262157,False
23286,1626,ok,True,True,20260908,5,analysis_activations,positive,False,5.7195321589776675,6.095019241449584,0.010315185770208284,0.05066341277430658,0.10156370301543895,0.22508534553432522,0.5727594840677522,0.4272405159322477,0.4272405159322477,2.1504100416185112,2,12,109.2972719124921,-331.46783380507406,440.76510571756614,440.76510571756614,260.9750061035156,333.6569519042969,585.1555633544922,1066.1671142578125,10.0,0.1,2.0,1024,0.062091947,False
23341,2557,ok,True,True,20260908,5,analysis_activations,positive,False,5.857156044153111,6.370327568243484,0.01411053698544992,0.08885667761678866,0.11878778129694115,0.29808837215964773,0.5121199389662047,0.48788006103379533,0.48788006103379533,2.2616638939671505,2,15,1772.1812459855157,980.7680978003833,791.4131481851324,791.4131481851324,293.8289794921875,409.28466796875,874.6076904296875,1586.934326171875,10.0,0.1,2.0,763,0.11642016,False
23457,791,ok,True,False,20260908,5,analysis_activations,positive,False,5.794389608039096,6.3400947436304875,0.01801823424043845,0.16832240007953142,0.13423201645076502,0.41027112996106785,0.6803976179861702,0.31960238201382984,0.31960238201382984,1.7878013215832624,2,12,649.2187754708339,237.59087406187967,411.6279014089542,411.6279014089542,275.0207214355469,343.05279541015625,846.3790283203125,2835.828125,10.0,0.1,2.0,364,0.13097769,False
23492,1175,ok,True,False,20260908,5,analysis_activations,positive,False,5.615527055135104,5.958345673957337,0.009684291976769408,0.05417327406392731,0.09840880030144361,0.23275152859632803,0.6613318006902802,0.3386681993097199,0.3386681993097199,1.9185504245929832,2,8,-146.40406559800232,-545.7359355015941,399.3318699035918,399.3318699035918,239.47073364257812,289.3470153808594,484.7752563476562,844.1497192382812,10.0,0.1,2.0,562,0.051116027,False
23541,1039,ok,True,True,20260908,5,analysis_activations,positive,False,5.788621267840593,6.839048106292094,0.08194294727598857,0.12830736788138805,0.28625678555448875,0.3582001785055223,0.4543787893784258,0.5456212106215742,0.4543787893784258,3.2397573182978787,2,5,1959.2897399655205,1780.20637009393,179.08336987159055,179.08336987159055,211.03111267089844,582.8180541992188,1562.048828125,1946.7501220703125,10.0,0.1,2.0,677,0.38115886,False
23585,891,ok,True,True,20260908,5,analysis_activations,positive,False,5.9486758385347045,6.5620514211961725,0.03547159615738572,0.1221128545289801,0.18833904575893368,0.34944649737689476,0.6495753884964462,0.3504246115035538,0.3504246115035538,2.1851678404007746,2,5,860.4998241473639,663.7317286005222,196.76809554684178,196.76809554684178,292.781005859375,436.935302734375,1008.8470458984375,1992.7738037109375,10.0,0.1,2.0,563,0.15164217,False
23586,6703,ok,True,True,20260908,5,analysis_activations,positive,False,5.583241315450207,5.974905615401926,0.010704801262225462,0.06510307751954622,0.10346400950197833,0.2551530472472281,0.5919067016318068,0.4080932983681933,0.4080932983681933,2.0117398235498096,2,11,1210.8532746365006,-1073.5779585028579,2284.4312331393585,2284.4312331393585,228.4935302734375,288.843505859375,531.8892211914061,1143.846923828125,10.0,0.1,2.0,3465,0.06996816,False
23587,719,ok,True,True,20260908,5,analysis_activations,positive,False,5.7945834624199986,6.428066840677396,0.008415223646101793,0.10348544759836399,0.09173452810202816,0.3216915410736875,0.36685375157225664,0.6331462484277433,0.36685375157225664,2.678143700059384,2,22,744.0896776050358,495.32695565868335,248.76272194635249,248.76272194635249,289.74285888671875,454.0627136230469,974.1769897460938,1520.2451171875,10.0,0.1,2.0,592,0.16204396,False
23614,2321,ok,True,True,20260908,5,analysis_activations,positive,False,5.706487898270747,6.328815435326374,0.01553993841905938,0.11190271130746787,0.12465928934122551,0.33451862624892487,0.563821230868701,0.436178769131299,0.436178769131299,2.465338851519195,2,15,2242.1615195593768,1212.9838530117963,1029.1776665475804,1029.1776665475804,252.64463806152344,344.5050354003906,869.94287109375,1171.094482421875,10.0,0.1,2.0,1474,0.15288138,False
23619,568,ok,True,True,20260908,5,analysis_activations,positive,False,5.8329999269181005,6.564391561844151,0.03220660419824599,0.16350856418543647,0.1794619853847772,0.40436192227438583,0.6451132811064786,0.3548867188935214,0.3548867188935214,2.3380443439676486,2,15,714.038144802636,506.4538247311832,207.5843200714528,207.5843200714528,262.7695007324219,384.3641357421875,1145.3733459472642,1903.2259521484375,10.0,0.1,2.0,267,0.201627,False
23631,4180,ok,True,False,20260908,5,analysis_activations,positive,False,5.7882406271355205,6.2887389059771746,0.01624877807453267,0.14493213259822418,0.12747069496371577,0.3806995305989018,0.6255180410470422,0.3744819589529579,0.3744819589529579,1.7630343890372713,2,10,3123.4375862529346,1236.2737062199615,1887.163880032973,1887.163880032973,271.8299255371094,353.0618133544922,773.9156829833984,4086.987548828125,10.0,0.1,2.0,1544,0.1231449,False
23751,1723,ok,True,True,20260908,5,analysis_activations,positive,False,5.759175947754473,6.1557075591102155,0.012505646447327403,0.05983944382837566,0.11182864770409863,0.24462102082277323,0.5478930461734466,0.45210695382655347,0.45210695382655347,2.0849146510371406,2,11,391.49798322938983,-15.389350556773863,406.8873337861637,406.8873337861637,268.3946838378906,356.0553283691406,642.3687866210936,1087.5926513671875,10.0,0.1,2.0,262,0.07289567,False
23798,1177,ok,True,False,20260908,5,analysis_activations,positive,False,5.7808974146623635,6.433813715909152,0.023161667697720018,0.21508630651608804,0.1521895781508051,0.46377398214657106,0.6785933867651155,0.32140661323488445,0.32140661323488445,1.8917245554976507,2,10,1321.692038078215,683.4697326018733,638.2223054763418,638.2223054763418,263.68475341796875,351.191650390625,1061.4423828125,2794.599853515625,10.0,0.1,2.0,620,0.17797586,False
23824,873,ok,True,True,20260908,5,analysis_activations,positive,False,5.730704335417884,6.126095464741238,0.009294994742412788,0.0654348768043021,0.09641055306558918,0.255802417510668,0.4150344482546754,0.5849655517453245,0.4150344482546754,2.0454779469181372,2,23,287.01825514993004,112.70332326917769,174.31493188075234,174.31493188075234,264.85467529296875,367.63543701171875,665.2934204101563,1235.34033203125,10.0,0.1,2.0,585,0.08018065,False
23826,12491,ok,True,False,20260908,5,analysis_activations,positive,False,5.510597295747795,5.987600336144563,0.016574985835354137,0.11560845001936486,0.1287438768848994,0.34001242627198913,0.654544393179842,0.3454556068201581,0.3454556068201581,1.8554430414874767,2,9,6981.207136053938,1781.9576399274376,5199.2494961265,5199.2494961265,205.9582977294922,264.4608154296875,555.4512329101562,2047.9580078125,10.0,0.1,2.0,1882,0.10224242,False
23834,1094,ok,True,False,20260908,5,analysis_activations,positive,False,6.0840613626737925,6.695558989261552,0.07794667307854106,0.1060521498907647,0.27918931404790737,0.32565649063202273,0.5016861547406026,0.4983138452593974,0.4983138452593974,2.016054420764754,2,5,1275.1711002866773,1266.093988309084,9.077111977593404,9.077111977593404,262.42449951171875,590.7184753417969,1268.9687255859374,1761.40478515625,10.0,0.1,2.0,765,0.18560179,False
23842,2123,ok,True,False,20260908,5,analysis_activations,positive,False,5.6838221109199365,6.079675449096951,0.009610004546247783,0.07845475476115044,0.0980306306531167,0.2800977592933411,0.5372437588376983,0.46275624116230163,0.46275624116230163,1.8864627464350465,2,15,689.2595550006314,-55.751829698980565,745.011384699612,745.011384699612,255.46047973632812,326.5845947265625,606.6997436523436,1303.796630859375,10.0,0.1,2.0,482,0.080462985,False
23843,6722,ok,True,True,20260908,5,analysis_activations,positive,False,5.7783661738219045,6.211078869580954,0.01540886059701795,0.07592979142830039,0.12413243168897461,0.27555360899160874,0.6435680360501331,0.35643196394986687,0.35643196394986687,2.0248242637076372,2,8,2110.0178234435434,-44.33575315845422,2154.3535766019977,2154.3535766019977,270.62310791015625,348.7397155761719,665.9846435546874,1341.138671875,10.0,0.1,2.0,1298,0.07994182,False
23845,21072,ok,True,False,20260908,5,analysis_activations,positive,False,5.323825534189219,5.5508814101688175,0.004349696708476619,0.02403640518747106,0.06595223050418098,0.15503678656199973,0.6190429807038085,0.3809570192961915,0.3809570192961915,1.905876980581644,2,9,-18766.9142645246,-25508.6054577487,6741.691193224102,6741.691193224102,185.83740234375,213.70889282226562,303.7617111206055,543.1641845703125,10.0,0.1,2.0,3733,0.024007628,False
23865,569,ok,True,True,20260908,5,analysis_activations,positive,False,5.788246918055619,6.07854881197022,0.004216519894702924,0.03615199403506836,0.06493473565591011,0.19013677717650618,0.5732270467763416,0.4267729532236584,0.4267729532236584,2.0433534051798707,2,9,-226.4160088335624,-451.3605585670767,224.9445497335143,224.9445497335143,296.0264892578125,347.47137451171875,533.8569213867188,955.0112915039062,10.0,0.1,2.0,379,0.038529344,False
23876,1466,ok,True,False,20260908,5,analysis_activations,positive,False,5.874478109062295,6.637067694088959,0.03235963370667551,0.261781088868553,0.17988783646115572,0.5116454718538541,0.7056332633611495,0.29436673663885043,0.29436673663885043,1.9885123381718555,2,9,1959.7734372681325,1167.6478820069544,792.1255552611781,792.1255552611781,278.95440673828125,379.91441345214844,1211.9216918945312,3388.17919921875,10.0,0.1,2.0,845,0.22083867,False
23911,2166,ok,True,True,20260908,5,analysis_activations,positive,False,5.84538377870265,6.2877516580769255,0.013177856148238994,0.06404986877012708,0.11479484373541782,0.2530807554321883,0.525535214187889,0.47446478581211093,0.47446478581211093,2.251189022675111,2,13,850.8540653381268,309.22300358854864,541.6310617495782,541.6310617495782,291.4464111328125,397.76568603515625,757.8306274414062,1231.00732421875,10.0,0.1,2.0,1033,0.08614841,False
23930,4979,ok,True,True,20260908,5,analysis_activations,positive,False,5.695021276431848,6.148528157066654,0.014844923784662184,0.0790565604053018,0.12183974632549997,0.2811699848940171,0.5654815209910464,0.4345184790089535,0.4345184790089535,2.0929682975238446,2,12,2335.9002002376046,887.9735748461468,1447.926625391458,1447.926625391458,248.2676239013672,333.05999755859375,659.6238647460932,1271.896484375,10.0,0.1,2.0,368,0.09329879,False
23938,7171,ok,True,False,20260908,5,analysis_activations,positive,False,5.605012346710103,6.0794964182240525,0.012675405213336393,0.10574145724531826,0.11258510209320056,0.32517911563524227,0.6070723380828961,0.3929276619171038,0.3929276619171038,1.949978668769083,2,13,4064.4951472374896,823.540395328042,3240.9547519094476,3240.9547519094476,231.48411560058594,294.7451171875,636.2130737304688,1797.5924072265625,10.0,0.1,2.0,2437,0.102959864,False
23990,798,ok,True,False,20260908,5,analysis_activations,positive,False,5.899562088749555,6.366545741539904,0.015711202086597507,0.09840076880086786,0.12534433408254841,0.3136889682485947,0.6439781901685827,0.3560218098314173,0.3560218098314173,1.9550194056552732,2,10,400.8316677374319,107.59630499543032,293.2353627420016,293.2353627420016,304.7245178222656,392.388427734375,842.3104553222656,1520.8076171875,10.0,0.1,2.0,136,0.09526661,False
23993,1154,ok,True,True,20260908,5,analysis_activations,positive,False,5.702033785461909,6.21035373082308,0.014779577697626396,0.10372064247881722,0.12157128648503476,0.32205689323288395,0.7437799031424119,0.2562200968575879,0.2562200968575879,2.0882984685649904,2,11,468.5794330328639,-147.62223506748052,616.2016681003445,616.2016681003445,254.41709899902344,311.001953125,655.6365203857421,1359.0673828125,10.0,0.1,2.0,564,0.08688392,False
23994,941,ok,True,True,20260908,5,analysis_activations,positive,False,5.760285891595227,6.634933177465788,0.030543864938484315,0.13259205644361885,0.1747680317978214,0.36413192175861053,0.4622994923085875,0.5377005076914125,0.4622994923085875,3.0624792201732913,2,12,1471.2987994735718,1202.3917466753035,268.9070527982683,268.9070527982683,247.45632934570312,465.2396545410156,1230.78955078125,1782.76708984375,10.0,0.1,2.0,657,0.27587202,False
24009,888,ok,True,True,20260908,5,analysis_activations,positive,False,5.870931482265008,6.416799766863084,0.030922207234946156,0.07193247139708728,0.17584711324029792,0.2682022956596145,0.5686351998789588,0.4313648001210411,0.4313648001210411,2.407081717036527,2,5,663.3174370498722,558.8720907105175,104.44534633935473,104.44534633935473,270.5567932128906,426.2384338378906,845.958184814453,1297.9193115234375,10.0,0.1,2.0,478,0.12183822,False
24046,2862,ok,True,True,20260908,5,analysis_activations,positive,False,5.837828656840129,6.489159060513994,0.03893084277053503,0.11534080741369858,0.19730900326780587,0.33961862053441444,0.6106525199093785,0.38934748009062153,0.38934748009062153,2.345164365698472,2,5,3058.8851352488846,2491.8767599086086,567.008375340276,567.008375340276,255.76385498046875,406.09429931640625,967.9438720703125,2987.837890625,10.0,0.1,2.0,251,0.16960245,False
24056,2491,ok,True,False,20260908,5,analysis_activations,positive,False,5.727746241371018,6.09485693875654,0.011172445955375278,0.06600634968905125,0.10569979165246864,0.2569170093416379,0.6384347637709874,0.36156523622901265,0.36156523622901265,1.8688009189312529,2,10,162.5726433491087,-691.1198472088082,853.6924905579169,853.6924905579169,263.56494140625,326.5825500488281,581.9481811523438,1356.69189453125,10.0,0.1,2.0,752,0.062132306,False
24093,567,ok,True,False,20260908,5,analysis_activations,positive,False,5.766546996191219,6.27854509361992,0.022607828213464874,0.10968238268390536,0.15035899778019562,0.3311833067711979,0.5896634689110237,0.41033653108897633,0.41033653108897633,1.990762679858827,2,10,427.8451328308018,292.41892160323664,135.42621122756515,135.42621122756515,259.9342346191406,363.8271179199219,753.2471679687497,1823.2904052734375,10.0,0.1,2.0,227,0.12197989,False
24115,9595,ok,True,False,20260908,5,analysis_activations,positive,False,5.28740545971628,5.765249332652272,0.016832836780079907,0.11350473893813505,0.12974142276112094,0.33690464368740164,0.6659994534176592,0.3340005465823408,0.3340005465823408,1.8718291235647722,2,9,5146.021509724835,1150.3609713162914,3995.6605384085433,3995.6605384085433,163.7501678466797,210.4549102783203,438.53441162109374,1307.9656982421875,10.0,0.1,2.0,3687,0.09992227,False
24351,2468,ok,True,True,20260908,5,analysis_activations,positive,False,5.734480028465264,6.180501465643147,0.013649665505249858,0.06818147798641389,0.11683178294132919,0.26111583250813014,0.5469776496140951,0.4530223503859049,0.4530223503859049,2.205014352303747,2,12,1011.3255796780189,344.63801220904077,666.6875674689782,666.6875674689782,260.86163330078125,350.83387756347656,682.233676147461,1047.9161376953125,10.0,0.1,2.0,1307,0.087683134,False
24383,1029,ok,True,False,20260908,5,analysis_activations,positive,False,5.730431329686483,6.324934845972263,0.014725830288598123,0.16633464599029418,0.12135003209145898,0.40784144712166537,0.6593638337093055,0.34063616629069443,0.34063616629069443,1.9758664921133442,2,10,952.3411516292188,316.75043825939235,635.5907133698264,635.5907133698264,258.11724853515625,329.7349853515625,845.7269165039057,1815.780517578125,10.0,0.1,2.0,203,0.14589247,False
24396,5326,ok,True,False,20260908,5,analysis_activations,positive,False,5.726169278586371,6.2096589823538375,0.01668101208080945,0.12542031588072589,0.12915499247342108,0.35414730816529705,0.6554633864990388,0.3445366135009612,0.3445366135009612,1.8138574767089393,2,10,3225.2636139933907,910.6755320593063,2314.5880819340846,2314.5880819340846,256.1739501953125,327.0163269042969,699.0107421875,2220.3125,10.0,0.1,2.0,1381,0.10695574,False
24468,1565,ok,True,False,20260908,5,analysis_activations,positive,False,5.891242588071183,6.69521074173551,0.06332087429530031,0.30417424936160525,0.2516363930263274,0.5515199446634774,0.6698388089484868,0.33016119105151326,0.33016119105151326,1.8755474394431464,2,6,2495.812946056001,2040.0394037798042,455.7735422761966,455.7735422761966,250.9234161376953,412.0296630859375,1352.0564208984367,3695.52490234375,10.0,0.1,2.0,927,0.28596961,False
24469,2477,ok,True,True,20260908,5,analysis_activations,positive,False,5.775411871220402,6.145059591549532,0.00784266612063653,0.05185499202832219,0.08855882858663235,0.22771691203843905,0.4356510342045797,0.5643489657954204,0.4356510342045797,2.1395595697941046,2,18,322.57961485623116,-247.6449466136546,570.2245614698858,570.2245614698858,282.5299072265625,376.72265625,650.9963378906249,1081.41357421875,10.0,0.1,2.0,1674,0.06630097,False
24525,3680,ok,True,True,20260908,5,analysis_activations,positive,False,5.504751835703142,5.9695626917187985,0.016525159433832384,0.08252947269995214,0.12855022144606512,0.2872794331307971,0.6507637233840112,0.34923627661598877,0.34923627661598877,2.08859322976265,2,9,1544.0637116000987,304.3819105064158,1239.681801093683,1239.681801093683,203.53848266601562,265.6715393066406,529.7374053955073,1005.1680908203125,10.0,0.1,2.0,857,0.088700846,False
24561,978,ok,True,True,20260908,5,analysis_activations,positive,False,5.802449967917495,6.425812210960359,0.018740200016625724,0.16883001486685514,0.13689485021952333,0.41088929758130127,0.606384863096655,0.39361513690334504,0.39361513690334504,2.0355114676355317,2,14,1059.480814744203,591.6759756334145,467.8048391107884,467.8048391107884,272.6595764160156,368.5740661621094,1043.6156616210935,1801.28955078125,10.0,0.1,2.0,552,0.17073843,False
24578,2032,ok,True,True,20260908,5,analysis_activations,positive,False,5.759037413150281,6.77839126721542,0.08386045841197401,0.36404935777960734,0.28958670275406984,0.6033650286349113,0.6751697487910249,0.32483025120897524,0.32483025120897524,2.1539949309801947,2,9,3933.870642712632,3274.2998928216603,659.5707498909719,659.5707498909719,216.8039093017578,367.5432434082031,1841.2781616210918,2995.4609375,10.0,0.1,2.0,1220,0.40295887,False
24664,500,ok,True,True,20260908,5,analysis_activations,positive,False,6.0322608842320875,7.054550563951671,0.09717930767072121,0.12907518325493164,0.31173595825749906,0.35927034842153566,0.5679163406025779,0.43208365939742205,0.43208365939742205,3.039417573667293,2,3,930.7272538108018,862.1087396868563,68.61851412394549,68.61851412394549,266.41143798828125,610.6177368164062,1809.7719482421874,2214.22900390625,10.0,0.1,2.0,396,0.36814463,False
24695,1991,ok,True,False,20260908,5,analysis_activations,positive,False,5.8136282430523325,6.164672017834404,0.009427221535936942,0.05295210771893877,0.09709388001278424,0.23011324976832334,0.5831614546217975,0.41683854537820253,0.41683854537820253,1.9877232766310604,2,11,-19.973909522451493,-612.2431310521512,592.2692215296997,592.2692215296997,289.7346496582031,362.5116882324219,619.9669494628906,1082.0350341796875,10.0,0.1,2.0,551,0.05755369,False
24753,1400,ok,True,False,20260908,5,analysis_activations,positive,False,5.81430859329331,6.296824349810501,0.017906895384332912,0.11088570329143127,0.13381664838252716,0.33299504995034274,0.7119576899497415,0.2880423100502586,0.2880423100502586,1.9014330769000682,2,7,653.7417669627725,78.03533236904585,575.7064345937267,575.7064345937267,276.0211181640625,352.022216796875,731.2184997558594,2068.168212890625,10.0,0.1,2.0,654,0.09249948,False
24760,3492,ok,True,True,20260908,5,analysis_activations,positive,False,5.685636652048001,6.237334982568374,0.020315660225698497,0.11822646172527235,0.1425330145113703,0.343840750530347,0.5011350792864631,0.498864920713537,0.498864920713537,2.0961663745908163,2,17,3189.102591418302,2283.5192726292435,905.5833187890585,905.5833187890585,240.01339721679688,354.96417236328125,826.7180847167967,1369.265625,10.0,0.1,2.0,1220,0.14529282,False
24769,744,ok,True,True,20260908,5,analysis_activations,positive,False,5.70025950939668,6.085545803186276,0.005679606604139782,0.06455415382511996,0.07536316476993109,0.25407509485410007,0.5037989493914841,0.4962010506085159,0.4962010506085159,2.056011770132351,2,21,167.08935520316135,-145.88285495615065,312.972210159312,312.972210159312,268.6297912597656,331.79608154296875,627.555844116211,958.6547241210938,10.0,0.1,2.0,424,0.072098374,False
24800,3121,ok,True,True,20260908,5,analysis_activations,positive,False,5.878414499912427,6.40567674933434,0.034508449311099365,0.06702908416704856,0.18576449959854915,0.25889975698530227,0.521334334159525,0.478665665840475,0.478665665840475,2.3400674260294614,2,5,2241.3947037907546,1999.9077936441092,241.4869101466454,241.4869101466454,262.670654296875,444.3116455078125,856.3924560546875,1389.2105712890625,10.0,0.1,2.0,1982,0.11948698,False
24910,3599,ok,True,False,20260908,5,analysis_activations,positive,False,5.719964810874704,6.113736176616279,0.013004131252361937,0.082285905426437,0.11403565781088798,0.28685519940631543,0.7305324776152708,0.2694675223847291,0.2694675223847291,1.8039952209905747,2,5,233.79042373283266,-1269.4986386347503,1503.289062367583,1503.289062367583,258.4410095214844,314.8934631347656,554.7124084472656,1486.0556640625,10.0,0.1,2.0,1287,0.06221308,False
24938,722,ok,True,True,20260908,5,analysis_activations,positive,False,5.924029619784612,6.846419446111391,0.025992139848014618,0.18476046671057628,0.16122077982696467,0.42983772136769977,0.46535030745909367,0.5346496925409063,0.46535030745909367,2.841469669852573,2,15,1245.1834686911855,978.8335674115159,266.34990127966955,266.34990127966955,298.4541320800781,525.2945556640625,1710.369519042968,2376.353515625,10.0,0.1,2.0,441,0.3230029,False
25043,1128,ok,True,False,20260908,5,analysis_activations,positive,False,5.823085675946872,6.285186067029691,0.022300904325710167,0.09540581911163352,0.1493348731064187,0.3088783241207345,0.6370289462787138,0.3629710537212862,0.3629710537212862,1.904805772919214,2,6,597.4859052972657,329.9077996374033,267.57810565986244,267.57810565986244,273.5188293457031,369.7878112792969,694.8953491210937,1591.1109619140625,10.0,0.1,2.0,302,0.09829652,False
25044,1532,ok,True,False,20260908,5,analysis_activations,positive,False,5.735317131229237,6.210715756021258,0.014739673734325713,0.10736601114166971,0.12140705800869121,0.3276675314120545,0.6619257929486313,0.33807420705136865,0.33807420705136865,1.92399959811821,2,10,782.1922025488977,104.67115929524005,677.5210432536577,677.5210432536577,261.5359802246094,329.6353302001953,696.6790740966799,1775.740966796875,10.0,0.1,2.0,660,0.09669144,False
25052,1040,ok,True,True,20260908,5,analysis_activations,positive,False,5.901899667508494,6.660740423473959,0.039794984844153315,0.1723806438772591,0.19948680368423702,0.41518748039561487,0.5918301831612266,0.40816981683877346,0.40816981683877346,2.3297960089744296,2,12,1450.3690917400925,1162.4668592714424,287.90223246865,287.90223246865,273.3211364746094,433.77593994140625,1338.6933593749995,2098.169921875,10.0,0.1,2.0,704,0.23323943,False
25087,4892,ok,True,False,20260908,5,analysis_activations,positive,False,5.59666582656369,6.018850718466422,0.011380629562504095,0.08518653178276081,0.10668003357003641,0.29186731879873223,0.5932330205975724,0.4067669794024276,0.4067669794024276,1.9213343756484516,2,14,1806.6447225406914,-120.89447970325932,1927.5392022439507,1927.5392022439507,231.0146484375,292.56129455566406,580.4102416992187,1260.5660400390625,10.0,0.1,2.0,1181,0.08442935,False
25098,11325,ok,True,True,20260908,5,analysis_activations,positive,False,5.806316904892653,6.354683024594806,0.028218968465050308,0.06935894444735213,0.1679850245261473,0.2633608635453494,0.5516451441538733,0.4483548558461268,0.4483548558461268,2.4826177143129176,2,6,8243.14337353392,6532.078831633677,1711.064541900243,1711.064541900243,257.45159912109375,401.3961181640625,799.6183105468749,1651.105224609375,10.0,0.1,2.0,555,0.12104825,False
25196,2183,ok,True,True,20260908,5,analysis_activations,positive,False,5.7186366462027225,6.336581599890975,0.01598732301951476,0.15884818611728765,0.1264409863118552,0.3985576321152157,0.550797740067716,0.449202259932284,0.449202259932284,2.0900177118802845,2,17,2401.04508446126,1382.6363769374498,1018.4087075238103,1018.4087075238103,256.5075988769531,347.12017822265625,950.9711425781251,2282.39990234375,10.0,0.1,2.0,489,0.17471842,False
25200,1422,ok,True,True,20260908,5,analysis_activations,positive,False,5.826970377698336,6.22718175919925,0.014425908139489407,0.043811031308802956,0.12010790206930352,0.20931084852153017,0.6003160194587588,0.3996839805412411,0.3996839805412411,2.345336494719456,2,6,154.35652641074535,-117.93035689611709,272.2868833068624,272.2868833068624,283.21063232421875,377.19598388671875,636.0907867431641,1026.5806884765625,10.0,0.1,2.0,907,0.06464565,False
25217,996,ok,True,True,20260908,5,analysis_activations,positive,False,6.026985872830802,6.506111328977894,0.01726648151670172,0.04440459195019217,0.1314019844473504,0.2107239709909439,0.4889270348608443,0.5110729651391557,0.4889270348608443,2.7284970563479676,2,7,425.2477133213618,289.2720390569888,135.97567426437303,135.97567426437303,338.29962158203125,505.928466796875,891.6555328369141,1318.46044921875,10.0,0.1,2.0,609,0.08858615,False
25249,28048,ok,True,True,20260908,5,analysis_activations,positive,False,5.390897823475645,6.154430380633922,0.03327391214308954,0.2025792475806099,0.1824113816160865,0.45008804425424354,0.6053889744202573,0.3946110255797427,0.3946110255797427,2.2234210274645476,2,15,39513.79319906886,28303.280464963216,11210.512734105643,11210.512734105643,169.66893005371094,254.1082305908203,854.3445800781246,1620.321533203125,10.0,0.1,2.0,5389,0.23936224,True
25253,1256,ok,True,False,20260908,5,analysis_activations,positive,False,5.621898877127953,6.136641509381956,0.01639470682186646,0.11803788154589649,0.12804181669230744,0.34356641504357854,0.5188334024237595,0.48116659757624053,0.48116659757624053,1.9854221221131065,2,14,1030.0308255015875,649.157657456151,380.8731680454365,380.8731680454365,228.2407989501953,319.0686950683594,708.0849304199219,2015.65673828125,10.0,0.1,2.0,741,0.13155195,False
25262,835,ok,True,False,20260908,5,analysis_activations,positive,False,5.76459876885742,6.283583004334598,0.01624316753505806,0.14761146573659642,0.12744868588988298,0.3842023760163339,0.7568939629428252,0.24310603705717482,0.24310603705717482,1.8131753270003987,2,8,441.3317615958322,-41.034254675101145,482.3660162709333,482.3660162709333,267.7605895996094,326.3976135253906,667.4385009765625,2217.970703125,10.0,0.1,2.0,454,0.09785658,False
25298,5539,ok,True,True,20260908,5,analysis_activations,positive,False,5.598062138592729,6.300136598719888,0.03219936774243261,0.15383204246871918,0.17944182272378034,0.3922142813166282,0.47571922939262706,0.5242807706073729,0.47571922939262706,2.30199848452005,2,16,7321.83811851411,6109.178315301106,1212.6598032130041,1212.6598032130041,208.6623077392578,355.6046447753906,938.366967773437,1703.984619140625,10.0,0.1,2.0,1060,0.21894409,False
25299,1114,ok,True,False,20260908,5,analysis_activations,positive,False,5.873982816344767,6.399669681212813,0.01958789869144363,0.13418255000900578,0.13995677436781553,0.36630936380197243,0.7150637858317173,0.2849362141682827,0.2849362141682827,1.8958574635560064,2,9,701.6787527604355,197.55889986974177,504.1198528906937,504.1198528906937,294.7218017578125,373.78436279296875,802.4636199951171,2335.487548828125,10.0,0.1,2.0,573,0.10864156,False
25320,650,ok,True,True,20260908,5,analysis_activations,positive,False,5.774052932641262,7.1706031053744725,0.051769750912848314,0.28715411507599076,0.2275296704011332,0.5358676283150445,0.49795182542490013,0.5020481745751,0.49795182542490013,3.392504753778531,2,12,1585.0448966785439,1281.5864546908217,303.45844198772215,303.45844198772215,238.2661895751953,517.0706176757812,2543.854296875,3136.04736328125,10.0,0.1,2.0,434,0.65853626,False
25360,2904,ok,True,False,20260908,5,analysis_activations,positive,False,5.780127715386775,6.255084539104196,0.012901590653867666,0.1047503653978307,0.11358516916335365,0.3236516111466629,0.6602968282275586,0.33970317177244136,0.33970317177244136,1.9582563945983291,2,12,1412.3411166064084,-35.51220675127872,1447.853323357687,1447.853323357687,276.56805419921875,342.6298522949219,725.4155792236324,1566.591552734375,10.0,0.1,2.0,805,0.09473424,False
25406,675,ok,True,True,20260908,5,analysis_activations,positive,False,5.67141443104546,6.2326006357537915,0.013629298675980832,0.09484242605915383,0.11674458735196605,0.3079649753773208,0.4853147645236507,0.5146852354763493,0.4853147645236507,2.4097040718308964,2,14,572.3671169121116,361.88425229465486,210.4828646174567,210.4828646174567,247.2847900390625,352.0281066894531,790.310327148437,1287.2037353515625,10.0,0.1,2.0,408,0.13429113,False
25470,1013,ok,True,True,20260908,5,analysis_activations,positive,False,5.646113106608889,6.58351052707842,0.016539519056085045,0.3481930315717676,0.12860606150599996,0.590078835048138,0.5297088686137603,0.4702911313862396,0.4702911313862396,2.195085748158932,2,16,1938.4304377388428,1226.3577015492694,712.0727361895733,712.0727361895733,234.6748504638672,332.01361083984375,1597.198657226562,3054.35498046875,10.0,0.1,2.0,612,0.39180192,False
25473,7020,ok,True,False,20260908,5,analysis_activations,positive,False,5.713288041549421,6.229423346550243,0.019699231813122643,0.12006575475982575,0.14035395189706146,0.34650505733657877,0.6447439138329741,0.35525608616702586,0.35525608616702586,1.9524475288158867,2,10,4839.833102359354,2175.621995150191,2664.2111072091625,2664.2111072091625,248.6527557373047,328.627685546875,735.0368438720701,1786.6767578125,10.0,0.1,2.0,1480,0.11638843,False
25483,986,ok,True,True,20260908,5,analysis_activations,positive,False,5.8660433847133975,6.31569940693189,0.017690555609666224,0.07025554821836252,0.13300584802807064,0.2650576318809978,0.6618187938339722,0.33818120616602776,0.33818120616602776,2.1443077242459196,2,7,330.3909036344988,67.17233380161123,263.21856983288757,263.21856983288757,289.800048828125,380.3824768066406,737.7106018066406,1239.361083984375,10.0,0.1,2.0,392,0.08080126,False
25501,2970,ok,True,True,20260908,5,analysis_activations,positive,False,5.614447607581699,6.160980762530193,0.015343291965661346,0.11638931153595958,0.12386804255198895,0.3411587776035663,0.5533996178634225,0.44660038213657755,0.44660038213657755,2.1295354468693146,2,14,2481.5114277153707,1326.7043408012064,1154.8070869141643,1154.8070869141643,230.09768676757812,312.0123596191406,744.0679260253905,1270.2535400390625,10.0,0.1,2.0,1913,0.13433744,False
25506,2547,ok,True,True,20260908,5,analysis_activations,positive,False,5.999663256474253,6.895454580427527,0.05957791855918035,0.20843144142532932,0.24408588357211555,0.45654292396808577,0.7002968632801426,0.29970313671985743,0.29970313671985743,2.4470726823548756,2,6,3933.354170573676,3112.185258398074,821.1689121756021,821.1689121756021,289.3673095703125,456.0680236816406,1619.4133300781248,3267.647705078125,10.0,0.1,2.0,1269,0.27271336,False
25526,942,ok,True,True,20260908,5,analysis_activations,positive,False,5.784637042284918,6.678054238207191,0.06502563521796353,0.1449076197119049,0.25500124552237685,0.380667334705652,0.5779619848557638,0.4220380151442363,0.4220380151442363,2.757583586169252,2,4,1531.990696586701,1381.772593135037,150.2181034516641,150.2181034516641,214.91355895996094,419.9252471923828,1295.1247375488276,1990.7073974609375,10.0,0.1,2.0,368,0.29374662,False
25532,22742,ok,True,True,20260908,5,analysis_activations,positive,False,5.441042209975015,6.045176713565542,0.023025125275949555,0.1394636136089163,0.15174032185266234,0.37344827434186423,0.6106189665856329,0.38938103341436703,0.38938103341436703,2.119517486130312,2,12,22181.235396335367,13526.904928580032,8654.330467755335,8654.330467755335,185.40078735351562,258.64549255371094,673.8258728027344,1371.6539306640625,10.0,0.1,2.0,2107,0.15514772,False
25565,1075,ok,True,False,20260908,5,analysis_activations,positive,False,6.151513590259515,6.876184441684463,0.22272410313894872,0.041448284042956626,0.4719365456700177,0.20358851648105455,0.10309547204895284,0.8969045279510471,0.10309547204895284,1.9939399756869587,2,4,679.0252165034021,261.7304338107196,417.29478269268253,417.29478269268253,236.0811767578125,951.99951171875,1329.4404785156248,1741.904296875,10.0,0.1,2.0,898,0.10879585,False
25579,793,ok,True,True,20260908,5,analysis_activations,positive,False,5.7768410310242855,6.505290674006469,0.042124061376445886,0.037793453803284055,0.2052414708981737,0.19440538522192244,0.291153583546368,0.708846416453632,0.291153583546368,3.644127356850922,2,3,751.7665393497643,526.4156819623256,225.35085738743874,225.35085738743874,243.05078125,603.823486328125,879.0605224609375,1211.0997314453125,10.0,0.1,2.0,515,0.14875588,False
25601,1827,ok,True,True,20260908,5,analysis_activations,positive,False,5.845136067995633,6.565075581028877,0.05028394796468856,0.08068741567401894,0.2242408258205641,0.2840553039005238,0.5159513850640814,0.4840486149359186,0.4840486149359186,2.813343965194828,2,4,2207.9260608304735,1990.1620461557984,217.76401467467508,217.76401467467508,244.2034912109375,471.95477294921875,1017.3477172851558,2222.40283203125,10.0,0.1,2.0,1168,0.19455282,False
25607,740,ok,True,True,20260908,5,analysis_activations,positive,False,5.796928936386715,6.876542139956684,0.08928303256543357,0.08913810662056576,0.2988026649235806,0.2985600552997098,0.41507174246436723,0.5849282575356327,0.41507174246436723,3.6145982264440333,2,3,1381.8457030770746,1202.3076594736908,179.5380436033838,179.5380436033838,210.43360900878906,695.46142578125,1446.941174316405,1846.1837158203125,10.0,0.1,2.0,411,0.37268493,False
25629,906,ok,True,False,20260908,5,analysis_activations,positive,False,5.459748869997214,5.883934570867944,0.011777179933879566,0.07990554288521386,0.10852271621130558,0.2826756849911464,0.6501790010141993,0.34982099898580055,0.34982099898580055,1.9811952180127512,2,12,256.2977906892744,-114.80097366710399,371.0987643563784,371.0987643563784,200.25975036621094,249.08001708984375,475.01060485839844,943.3759155273438,10.0,0.1,2.0,293,0.07661866,False
25661,4525,ok,True,True,20260908,5,analysis_activations,positive,False,5.97166915972733,6.790918049240335,0.052536226469093006,0.19926374536674454,0.2292078237519239,0.44638967883088937,0.5960333861158427,0.40396661388415733,0.40396661388415733,2.3088888188380654,2,9,6990.296939447701,5853.6908002138325,1136.6061392338688,1136.6061392338688,278.0327453613281,481.9258728027344,1554.5662841796877,2990.38232421875,10.0,0.1,2.0,322,0.27347106,False
25739,821,ok,True,True,20260908,5,analysis_activations,positive,False,5.710394689053737,6.753265889719103,0.025336369527190195,0.266767905135378,0.15917402277755688,0.5164957939183803,0.5961453987247338,0.40385460127526607,0.40385460127526607,2.7288314768400586,2,14,1558.9814930501552,994.0407768596218,564.9407161905334,564.9407161905334,246.37423706054688,351.430419921875,1626.3199462890625,2311.728515625,10.0,0.1,2.0,169,0.38514975,False
25744,807,ok,True,False,20260908,5,analysis_activations,positive,False,5.737975627040382,6.203536468527553,0.011926182561540535,0.13523468462524355,0.1092070627823152,0.36774268806496146,0.6447691775891116,0.3552308224108885,0.3552308224108885,1.716308183090996,2,14,487.5971181554262,53.382525208525394,434.2145929469008,434.2145929469008,267.6114501953125,329.4637451171875,657.8939270019526,2306.03466796875,10.0,0.1,2.0,498,0.105503,False
25820,5115,ok,True,True,20260908,5,analysis_activations,positive,False,5.617587660202338,5.819331490947661,0.0027586346045664263,0.017549381424137016,0.0525227056097306,0.13247407831020006,0.5223484336028161,0.4776515663971839,0.4776515663971839,2.0020803912957588,2,14,-5482.992264827341,-6959.249443337059,1476.257178509718,1476.257178509718,253.82730102539062,291.3770751953125,399.5561401367188,613.0650634765625,10.0,0.1,2.0,2566,0.019981181,False
25848,2733,ok,True,True,20260908,5,analysis_activations,positive,False,5.8299901807337315,6.328552794673344,0.017876259887883328,0.10367914482738351,0.13370213120172517,0.3219924608238266,0.6824925695208899,0.3175074304791102,0.3175074304791102,2.022309256263991,2,8,1450.7981896421343,364.791102436148,1086.0070872059864,1086.0070872059864,281.15185546875,363.96832275390625,775.9284545898439,1917.371826171875,10.0,0.1,2.0,1140,0.09901762,False
25854,3069,ok,True,False,20260908,5,analysis_activations,positive,False,5.695063025473451,6.167183707500895,0.015130778347740874,0.11268561232881417,0.12300722884343372,0.3356867771134487,0.6890899221419201,0.3109100778580799,0.3109100778580799,1.8675607970646577,2,9,1443.2474508770665,3.84469218616173,1439.4027586909049,1439.4027586909049,250.8052215576172,312.3522033691406,648.3320678710935,1653.6796875,10.0,0.1,2.0,711,0.093245804,False
25884,741,ok,True,False,20260908,5,analysis_activations,positive,False,5.809502150176292,6.5593343687997985,0.024320326040844765,0.2861624674286767,0.15594975485984183,0.534941555152221,0.5409948004034706,0.4590051995965294,0.4590051995965294,1.9030943784592462,2,13,1183.6481072666968,854.5105974230835,329.1375098436133,329.1375098436133,266.2137451171875,392.50048828125,1281.2313232421875,3993.697021484375,10.0,0.1,2.0,502,0.2845072,False
25909,1094,ok,True,True,20260908,5,analysis_activations,positive,False,5.866418754989228,6.148206257398042,0.005939566691654025,0.025647167140135443,0.07706858433664152,0.16014732948174765,0.6723363112937716,0.3276636887062285,0.3276636887062285,2.2422517166751486,2,9,-721.6045643304485,-1067.2474084195044,345.64284408905587,345.64284408905587,313.1709289550781,367.3774719238281,543.7129821777341,777.2303466796875,10.0,0.1,2.0,635,0.029916141,False
25986,3401,ok,True,True,20260908,5,analysis_activations,positive,False,5.686951810579718,6.510490346239042,0.04261442485045314,0.23487184195826236,0.20643261576227034,0.48463578278771613,0.5829926808136915,0.41700731918630857,0.41700731918630857,2.21094620904998,2,16,5430.42186781994,4281.814840371691,1148.607027448249,1148.607027448249,220.7381591796875,355.0013427734375,1307.5262451171875,2055.91845703125,10.0,0.1,2.0,1367,0.28775346,False
26048,642,ok,True,True,20260908,5,analysis_activations,positive,False,5.780208230667899,7.185279137855351,0.056064910752636775,0.6101504600866227,0.23678030060086666,0.7811212838520166,0.8028163697840573,0.19718363021594268,0.19718363021594268,2.4344783414216518,2,9,1360.7487634281954,783.9916465044749,576.7571169237204,576.7571169237204,241.14508056640625,335.63739013671875,2883.5421264648335,4636.9091796875,10.0,0.1,2.0,403,0.4785903,False
26063,2490,ok,True,True,20260908,5,analysis_activations,positive,False,5.793474642068199,6.645645143212925,0.042117053675329585,0.18194119733640463,0.2052243983432028,0.42654565680171286,0.7561440100071383,0.24385598999286168,0.24385598999286168,2.5460153844362448,2,6,3197.31853117011,2076.6871620651377,1120.6313691049722,1120.6313691049722,244.11746215820312,350.9629669189453,1123.4069885253905,2265.2236328125,10.0,0.1,2.0,277,0.2102006,False
26125,566,ok,True,True,20260908,5,analysis_activations,positive,False,5.753487064354478,6.586139205240546,0.07512454311869567,0.12417261886877264,0.2740885680189812,0.3523813543148568,0.5087978545848518,0.49120214541514823,0.49120214541514823,2.6377160605896273,2,4,883.0283814294645,844.8656423792158,38.16273905024866,38.16273905024866,214.06813049316406,441.31732177734375,1190.2224426269531,1822.8919677734375,10.0,0.1,2.0,297,0.27297202,False
26191,1471,ok,True,False,20260908,5,analysis_activations,positive,False,5.853795924535292,6.339984613612943,0.015783618963947203,0.11196032754158207,0.1256328737391102,0.33460473329225643,0.6469175023140603,0.3530824976859398,0.3530824976859398,1.9237546575146862,2,11,855.9227009914432,241.3257052980394,614.5969956934039,614.5969956934039,292.7353515625,374.35333251953125,802.9638061523438,1769.3662109375,10.0,0.1,2.0,697,0.10380439,False
26202,1663,ok,True,True,20260908,5,analysis_activations,positive,False,5.760655335299052,6.383116835333839,0.018783328542695626,0.13495846561003985,0.13705228397475042,0.36736693592379793,0.47888285346059434,0.5211171465394056,0.47888285346059434,2.2450784455728665,2,16,1845.2817436397286,1344.5592212714923,500.72252236823624,500.72252236823624,258.0156555175781,395.8544616699219,990.0547241210936,1611.913818359375,10.0,0.1,2.0,1277,0.17612064,False
26207,744,ok,True,True,20260908,5,analysis_activations,positive,False,5.699751042179677,6.552979912001179,0.027414007553107952,0.11980064721061641,0.16557175952772848,0.3461223009437797,0.3737129114362141,0.6262870885637859,0.3737129114362141,3.144886796791553,2,14,1109.8666445556803,942.3048600844885,167.5617844711918,167.5617844711918,237.78131103515625,518.8651428222656,1117.3541076660156,1728.88720703125,10.0,0.1,2.0,459,0.2560069,False
26262,798,ok,True,False,20260908,5,analysis_activations,positive,False,5.418198202396375,5.760310627887474,0.0058688031566520235,0.06782568210817305,0.07660811416979289,0.26043364242772676,0.6155720598634086,0.3844279401365915,0.3844279401365915,1.7822406744451686,2,15,-2.704033304857864,-422.7098558200722,420.00582251521433,420.00582251521433,202.86436462402344,236.70404052734375,422.81072387695303,1057.8753662109375,10.0,0.1,2.0,508,0.057454787,False
26300,1479,ok,True,True,20260908,5,analysis_activations,positive,False,5.749065346923737,6.170944193507044,0.011222137994182386,0.06295887375306419,0.10593459300050379,0.25091606914078696,0.49513367761120813,0.5048663223887919,0.49513367761120813,2.190566146219953,2,16,509.76189750164906,143.57711725777637,366.1847802438727,366.1847802438727,267.0430908203125,361.74072265625,665.524877929687,1076.492431640625,10.0,0.1,2.0,843,0.081888095,False
26346,2158,ok,True,False,20260908,5,analysis_activations,positive,False,5.685807460289715,6.019215487048501,0.006261022600671435,0.05443257695237339,0.07912662384224058,0.2333079016072396,0.5715317540955933,0.4284682459044068,0.4284682459044068,1.9139015826630674,2,13,-154.36788990878108,-1040.841298059675,886.4734081508939,886.4734081508939,262.7951965332031,315.17115783691406,544.9635406494141,1024.228515625,10.0,0.1,2.0,370,0.054146666,False
26406,884,ok,True,False,20260908,5,analysis_activations,positive,False,5.70430127304625,6.348642394012832,0.04874774853982853,0.17134776569602422,0.22078892304603628,0.41394174191065125,0.6230107484954444,0.37698925150455564,0.37698925150455564,1.9423399843404099,2,5,1065.6169556837424,902.6123358644996,163.00461981924275,163.00461981924275,216.09796142578125,351.9145202636719,919.6648620605469,1807.82080078125,10.0,0.1,2.0,455,0.19269511,False
26417,1338,ok,True,True,20260908,5,analysis_activations,positive,False,5.675087680420296,5.967032452910882,0.00735183227543713,0.028553267607906187,0.0857428263788705,0.16897712155172423,0.6840127538019282,0.3159872461980719,0.3159872461980719,2.178901668702803,2,6,-774.3471317102225,-1155.3906376371217,381.04350592689923,381.04350592689923,257.72607421875,304.3249206542969,474.0736297607419,659.1404418945312,10.0,0.1,2.0,871,0.032496464,False
26456,539,ok,True,True,20260908,5,analysis_activations,positive,False,5.946399216054661,6.5314808393408565,0.01917105974160064,0.07040802457665961,0.1384595960618138,0.2653451046781523,0.5767546387016631,0.4232453612983369,0.4232453612983369,2.7645735341495534,2,9,418.8663221842327,271.85420359554695,147.01211858868572,147.01211858868572,310.859130859375,443.060302734375,971.7376831054685,1346.8583984375,10.0,0.1,2.0,393,0.12465055,False
26461,502,ok,True,False,20260908,5,analysis_activations,positive,False,5.631520636649938,6.072258937686467,0.02723690422208051,0.10984736060994414,0.1650360694578022,0.33143228661363716,0.6448547665592291,0.3551452334407708,0.3551452334407708,1.6834568432373018,2,5,286.45313723252065,199.65596043094033,86.79717680158032,86.79717680158032,217.22409057617188,303.7788391113281,583.4137329101561,1628.3612060546875,10.0,0.1,2.0,248,0.1012629,False
26471,516,ok,True,True,20260908,5,analysis_activations,positive,False,5.925330317426304,6.683398100672587,0.02504991761721362,0.19179036707016756,0.1582716576561123,0.4379387709145738,0.5425214746810169,0.45747852531898314,0.45747852531898314,2.3022530320198165,2,11,748.8823729475704,553.6573993062815,195.2249736412889,195.2249736412889,299.97149658203125,453.2524719238281,1480.737060546875,2426.76416015625,10.0,0.1,2.0,386,0.24443047,False
26485,3485,ok,True,False,20260908,5,analysis_activations,positive,False,5.7420791339979695,6.195212026837232,0.012916464450928518,0.10499192890100005,0.11365062450742855,0.3240245807049213,0.6836282524371446,0.31637174756285535,0.31637174756285535,1.8662431458995563,2,10,1374.5494000232825,-359.71955136572586,1734.2689513890084,1734.2689513890084,264.5555419921875,327.17236328125,659.690869140625,1976.5107421875,10.0,0.1,2.0,1037,0.08647918,False
26512,692,ok,True,False,20260908,5,analysis_activations,positive,False,5.65141331867089,6.063340910847511,0.01302008755675337,0.07919305049150803,0.11410559827087087,0.2814125983169695,0.6026360114145144,0.3973639885854856,0.3973639885854856,1.9184013898853083,2,11,228.6311290469958,11.458472197044411,217.17265684995138,217.17265684995138,244.31494140625,310.2074890136719,583.501904296875,1459.3544921875,10.0,0.1,2.0,216,0.080063134,False
26518,600,ok,True,True,20260908,5,analysis_activations,positive,False,5.772509299864451,6.251038458172431,0.01585563119747161,0.08385148617596302,0.12591914547626032,0.2895712108894167,0.5998404410917084,0.4001595589082917,0.4001595589082917,2.143188268843132,2,13,322.02348380699954,140.51338386810338,181.51009993889616,181.51009993889616,266.5506591796875,354.2071838378906,724.7943084716794,1327.112060546875,10.0,0.1,2.0,464,0.09819256,False
26573,2702,ok,True,False,20260908,5,analysis_activations,positive,False,5.595560706023487,5.871673014430626,0.004019495993098859,0.0382641544176612,0.06339949521170385,0.1956122552849417,0.524014253293168,0.47598574670683214,0.47598574670683214,1.8989543643790814,2,15,-1059.0220666155442,-2088.898349984454,1029.8762833689098,1029.8762833689098,244.31788635253906,287.13153076171875,449.67931823730447,822.1619262695312,10.0,0.1,2.0,1227,0.039348554,False
26576,1071,ok,True,True,20260908,5,analysis_activations,positive,False,5.660193912759152,6.9350758017904015,0.0261176393632754,0.48720114494591166,0.16160952745205154,0.6979979548293187,0.40808667425064626,0.5919133257493537,0.40808667425064626,2.5164677607228243,2,29,2658.449644782202,2128.262498462681,530.1871463195212,530.1871463195212,231.5089111328125,487.53851318359375,2915.07470703125,3849.537841796875,10.0,0.1,2.0,581,0.6922843,False
26623,3050,ok,True,True,20260908,5,analysis_activations,positive,False,5.157207207715401,5.834498309006091,0.03210961207369711,0.1051648526688641,0.17919155134575152,0.3242913083461598,0.5211631764754632,0.4788368235245367,0.4788368235245367,2.585207980561627,2,9,3467.8476039156208,2862.3601166183057,605.487487297315,605.487487297315,132.48544311523438,218.651123046875,524.7171630859375,947.5521240234375,10.0,0.1,2.0,1306,0.18162481,False
26631,2429,ok,True,False,20260908,5,analysis_activations,positive,False,5.676449776650547,6.068237133471205,0.009887453019910895,0.06963420185900535,0.09943567277346141,0.2638829321100653,0.6278820001807419,0.372117999819258,0.372117999819258,1.964819728348893,2,10,378.4460920094587,-615.3437262299162,993.7898182393749,993.7898182393749,253.93707275390625,310.96893310546875,581.5575561523435,1142.674072265625,10.0,0.1,2.0,727,0.06801131,False
26644,904,ok,True,False,20260908,5,analysis_activations,positive,False,5.800930419754023,6.236278974329929,0.017938277697311097,0.09122195330511491,0.1339338556800001,0.30202972255245825,0.6354356372069473,0.3645643627930526,0.3645643627930526,1.8634591711031494,2,8,387.68565261196255,134.73048624421767,252.95516636774488,252.95516636774488,275.2061767578125,358.2970886230469,692.0794158935545,1803.1986083984375,10.0,0.1,2.0,155,0.08865758,False
26745,604,ok,True,True,20260908,5,analysis_activations,positive,False,5.640570413574279,6.357154578666964,0.03536559569307421,0.17412421122413554,0.18805742658314298,0.41728193253978246,0.539892663005437,0.4601073369945629,0.4601073369945629,2.21411796933889,2,12,830.6435340159366,686.7976181050105,143.845915910926,143.845915910926,218.1288299560547,351.7519836425781,922.9383605957033,2589.81005859375,10.0,0.1,2.0,324,0.22714038,False
26786,4435,ok,True,True,20260908,5,analysis_activations,positive,False,5.922573835031754,6.638092924761285,0.08068444483259309,0.06605587559676347,0.2840500745160844,0.2570133762992959,0.35205107745650865,0.6479489225434915,0.35205107745650865,2.6415661535070885,2,4,5190.277677021668,4743.221136896886,447.05654012478226,447.05654012478226,232.79794311523438,635.1719970703125,1102.8422241210938,1536.2435302734375,10.0,0.1,2.0,1732,0.18803243,False
26827,557,ok,True,True,20260908,5,analysis_activations,positive,False,5.914341168890706,6.657898579543864,0.021690370379217245,0.19578094443307742,0.14727650993697958,0.442471405215159,0.5807571504078721,0.4192428495921279,0.4192428495921279,2.2549063733233665,2,11,773.0093292329885,511.13456931313544,261.8747599198531,261.8747599198531,296.564453125,425.8131103515625,1364.5666015624993,2688.12353515625,10.0,0.1,2.0,335,0.22970152,False
26839,3340,ok,True,False,20260908,5,analysis_activations,positive,False,5.756244047447283,6.186517952815492,0.01470149263741404,0.07817451854376446,0.12124971190651976,0.2795970646193634,0.7241796403337789,0.275820359666221,0.275820359666221,1.9966789006600847,2,7,573.8032425331216,-736.401636459888,1310.2048789930095,1310.2048789930095,266.6838073730469,329.8451232910156,615.718585205078,1493.2860107421875,10.0,0.1,2.0,1751,0.06920811,False
26856,1117,ok,True,False,20260908,5,analysis_activations,positive,False,5.90437941165308,6.388615811377607,0.020220038548351766,0.10561421569096167,0.14219718192830605,0.32498340833181266,0.6771554284479445,0.32284457155205554,0.32284457155205554,1.9305141535076633,2,7,601.298229160026,231.8706303541744,369.42759880585163,369.42759880585163,302.0074157714844,392.548828125,804.1368896484382,1697.868408203125,10.0,0.1,2.0,630,0.099139094,False
26893,3823,ok,True,True,20260908,5,analysis_activations,positive,False,5.661511816353652,6.272777953622415,0.016731840967166765,0.1615769064581398,0.12935161756687377,0.4019663001523135,0.5902623660191092,0.4097376339808909,0.4097376339808909,2.0471940506332227,2,14,4010.7558047478115,2094.451352455792,1916.3044522920195,1916.3044522920195,239.79673767089844,321.2283935546875,868.5084716796869,2057.2333984375,10.0,0.1,2.0,645,0.16648994,False
26917,1724,ok,True,True,20260908,5,analysis_activations,positive,False,5.793208985052318,6.652535951160065,0.030708380637884062,0.20499780904625817,0.17523806846083434,0.45276683739675344,0.47645668820604703,0.5235433117939531,0.47645668820604703,2.50315616308888,2,19,2866.778914056707,2307.2982187191956,559.4806953375114,559.4806953375114,259.2997131347656,447.6407775878906,1482.1952087402337,2158.904296875,10.0,0.1,2.0,421,0.30633417,False
26973,2395,ok,True,False,20260908,5,analysis_activations,positive,False,5.55280924697561,5.8483194058631245,0.0074693589644823834,0.04264208242249546,0.08642545322115693,0.20649959424293177,0.6521290067957214,0.3478709932042786,0.3478709932042786,1.8668910163365544,2,7,-926.1780850208219,-1730.9389971398675,804.7609121190457,804.7609121190457,226.47010803222656,270.01513671875,427.3486541748045,819.3033447265625,10.0,0.1,2.0,1086,0.03953091,False
26976,755,ok,True,False,20260908,5,analysis_activations,positive,False,5.778872780066396,6.271885958976936,0.014816263977465709,0.11859943032395495,0.12172207678751504,0.3443826800580351,0.5997264791988124,0.40027352080118767,0.40027352080118767,1.9088423695004242,2,12,520.9804041123173,221.56192892739585,299.4184751849214,299.4184751849214,270.5387878417969,352.1952209472656,771.2713439941406,1584.7374267578125,10.0,0.1,2.0,451,0.11485745,False
27004,2720,ok,True,False,20260908,5,analysis_activations,positive,False,5.796819653393856,6.272833504751937,0.01575643939781078,0.10101865344804305,0.12552465653333125,0.31783431760595493,0.6793533541784098,0.32064664582159025,0.32064664582159025,1.9699693876262079,2,8,1258.3714637295254,110.77280255709243,1147.598661172433,1147.598661172433,275.5078125,348.37164306640625,718.7953521728512,1686.7098388671875,10.0,0.1,2.0,1036,0.092486866,False
27090,1393,ok,True,False,20260908,5,analysis_activations,positive,False,5.649307276099538,6.000532262104977,0.008420761331899408,0.05369654885901037,0.09176470635216684,0.2317251580191723,0.6401392045029609,0.3598607954970391,0.3598607954970391,1.992939343738484,2,10,-120.83678809559876,-657.6643521122654,536.8275640166667,536.8275640166667,248.47390747070312,300.211181640625,533.1718872070311,911.7941284179688,10.0,0.1,2.0,458,0.053167935,False
27175,1336,ok,True,True,20260908,5,analysis_activations,positive,False,5.694981747701442,6.046040632878458,0.010499156698270125,0.037406141784240746,0.10246539268587285,0.19340667461140204,0.6489514508298035,0.3510485491701965,0.3510485491701965,2.2683140976882084,2,7,-250.47910736946773,-583.0233726388477,332.54426526938,332.54426526938,255.08372497558594,318.77452087402344,509.77283477783203,867.3468627929688,10.0,0.1,2.0,848,0.048055943,False
27184,1322,ok,True,True,20260908,5,analysis_activations,positive,False,5.670218016778284,6.3948123333438485,0.016327034234957127,0.20503194169887004,0.12777728372037467,0.45280452923846737,0.46266128840774906,0.5373387115922509,0.46266128840774906,2.1780174383374327,2,17,1924.0887640148117,1371.4932232943902,552.5955407204215,552.5955407204215,242.20672607421875,366.36328125,1159.0929077148437,2875.021240234375,10.0,0.1,2.0,864,0.24843946,False
27203,1310,ok,True,True,20260908,5,analysis_activations,positive,False,5.877301205492627,6.304551010783223,0.011907164856666689,0.06314111197707102,0.10911995627137452,0.25127895251507043,0.5356830212025353,0.46431697879746453,0.46431697879746453,2.2055987594466853,2,13,441.1295503213053,90.20441436859726,350.92513595270805,350.92513595270805,302.55584716796875,403.85089111328125,752.1540954589842,1152.75244140625,10.0,0.1,2.0,877,0.08116012,False
27232,4553,ok,True,False,20260908,5,analysis_activations,positive,False,5.773329201061763,6.263994679392507,0.01370113603814494,0.11973833947264272,0.11705185192103942,0.34603228096904876,0.6314700477674643,0.3685299522325357,0.3685299522325357,1.8995832794041283,2,12,2838.242421712347,638.3522763772752,2199.890145335072,2199.890145335072,272.4993896484375,346.02764892578125,767.3860473632812,2171.69921875,10.0,0.1,2.0,1757,0.10882897,False
27279,2711,ok,True,True,20260908,5,analysis_activations,positive,False,5.681943844023025,6.0399708561878125,0.008482121857145739,0.04964152812883093,0.09209843569326104,0.22280378840771745,0.5266237533473711,0.47337624665262884,0.47337624665262884,2.1001695268076768,2,14,78.52057281174507,-680.2857596182407,758.8063324299858,758.8063324299858,256.32586669921875,325.2430725097656,560.3823852539062,977.1722412109375,10.0,0.1,2.0,1123,0.05994202,False
27285,926,ok,True,True,20260908,5,analysis_activations,positive,False,5.934282871397118,6.6218912043304154,0.049765140028166496,0.07533409800653539,0.22308101673644598,0.27447057767005806,0.5886049720678843,0.41139502793211574,0.41139502793211574,2.749342190992522,2,4,1026.3415851938385,922.217781897873,104.12380329596544,104.12380329596544,264.2823486328125,474.71173095703125,1061.4417114257812,1520.1436767578125,10.0,0.1,2.0,728,0.17496137,False
27310,7837,ok,True,True,20260908,5,analysis_activations,positive,False,5.436467262190156,6.3005324961080165,0.022274831047389344,0.29040979872138667,0.1492475495523774,0.5388968349520961,0.5822893792454726,0.4177106207545274,0.4177106207545274,2.185285894112408,2,14,13226.90267393577,8248.84247370641,4978.06020022936,4978.06020022936,187.3130645751953,263.63677978515625,1138.4114013671874,2243.739990234375,10.0,0.1,2.0,3197,0.31591296,False
27323,530,ok,True,True,20260908,5,analysis_activations,positive,False,5.87188995597922,6.705390927896853,0.04448220356620095,0.14092089778435887,0.21090804528561957,0.37539432305824616,0.567589503285252,0.432410496714748,0.432410496714748,2.7375534733803457,2,9,795.879989574071,678.4246315800998,117.45535799397123,117.45535799397123,257.27947998046875,445.99725341796875,1308.0846191406242,1964.361083984375,10.0,0.1,2.0,272,0.25717458,False
27364,1137,ok,True,True,20260908,5,analysis_activations,positive,False,5.942537117840759,6.674582934975955,0.043331114374957264,0.2223144844117936,0.2081612701127596,0.4715023694657256,0.6628325095546608,0.33716749044533934,0.33716749044533934,2.0086392685264576,2,9,1536.8234626467363,1161.756100929115,375.0673617176212,375.0673617176212,282.6359558105469,425.0792541503906,1257.528466796875,3410.295654296875,10.0,0.1,2.0,781,0.22363794,False
27366,751,ok,True,True,20260908,5,analysis_activations,positive,False,5.798738487732137,6.865531948903712,0.06105052856699869,0.11366475472907393,0.24708405162413596,0.3371420393974533,0.44308025366303766,0.5569197463369623,0.44308025366303766,3.609357452444823,2,5,1400.1889926719189,1208.2965108016872,191.89248187023168,191.89248187023168,233.31674194335938,619.9956665039062,1536.1131591796875,2000.7669677734375,10.0,0.1,2.0,393,0.37167123,False
27374,1928,ok,True,False,20260908,5,analysis_activations,positive,False,5.751905629393488,6.118931513842682,0.00963836097259809,0.06838881904443282,0.0981751545585648,0.26151256001277035,0.5879412042734277,0.4120587957265722,0.4120587957265722,1.8581840847556514,2,12,260.0640446273184,-421.1493269461606,681.213371573479,681.213371573479,272.97381591796875,339.6800231933594,608.4899841308593,1335.396728515625,10.0,0.1,2.0,521,0.06651566,False
27417,3129,ok,True,False,20260908,5,analysis_activations,positive,False,5.756334321639596,6.075520646787871,0.007007931887929795,0.047525289359742956,0.08371339132976155,0.2180029572270591,0.6235353005155563,0.3764646994844438,0.3764646994844438,1.9329859551388833,2,11,-726.8194544056496,-1943.7542918991412,1216.9348374934916,1216.9348374934916,279.9446716308594,333.52630615234375,545.09375,1077.1414794921875,10.0,0.1,2.0,1101,0.04619021,False
27497,3717,ok,True,False,20260908,5,analysis_activations,positive,False,5.95229997980477,6.51757565699762,0.02019410122371535,0.14744620259190797,0.14210595069776408,0.38398724274630264,0.5564274186498022,0.4435725813501979,0.4435725813501979,1.9524776767263397,2,14,3647.214584215005,2341.36861923518,1305.8459649798247,1305.8459649798247,313.121826171875,440.6007080078125,1102.8664794921872,2516.326171875,10.0,0.1,2.0,1241,0.15554704,False
27513,1355,ok,True,False,20260908,5,analysis_activations,positive,False,5.679470560565017,6.116460752459474,0.011204702771506035,0.08539952397661416,0.10585226861766371,0.292231969463668,0.611173514353258,0.388826485646742,0.388826485646742,1.988330722384009,2,13,526.4082412560339,-40.98776059755875,567.3960018535927,567.3960018535927,252.07992553710938,315.5142517089844,640.741632080078,1351.3890380859375,10.0,0.1,2.0,436,0.08549568,False
27532,508,ok,True,False,20260908,5,analysis_activations,positive,False,5.464404861887139,5.728898573264298,0.004621356830141476,0.032266895433946015,0.0679805621493488,0.17962988457922588,0.5345287574623048,0.4654712425376951,0.4654712425376951,1.9475396529937385,2,14,-250.45558616677852,-395.98304712627913,145.52746095950062,145.52746095950062,212.81991577148438,251.65354919433594,382.40713806152337,570.5726318359375,10.0,0.1,2.0,349,0.034963243,False
27551,2032,ok,True,False,20260908,5,analysis_activations,positive,False,5.6970156193898625,6.052776853752157,0.009104389447048387,0.06541713582235875,0.0954169243218853,0.2557677380405096,0.6555017554488348,0.3444982445511652,0.3444982445511652,1.8430314809656638,2,9,-36.283711329278034,-888.8459178345598,852.5622065052818,852.5622065052818,260.8756103515625,311.65943908691406,549.5572845458981,1153.659423828125,10.0,0.1,2.0,965,0.05711215,False
27576,656,ok,True,True,20260908,5,analysis_activations,positive,False,5.811268144485341,6.812458911005676,0.06253207094678098,0.13409066138529335,0.2500641336673074,0.3661839174312457,0.46960427276152206,0.5303957272384779,0.46960427276152206,3.1931180154026793,2,4,1186.2269585696113,1062.4585294417402,123.76842912787106,123.76842912787106,231.73245239257812,567.0128173828125,1459.6755981445312,2026.856201171875,10.0,0.1,2.0,171,0.35068962,False
27628,1311,ok,True,False,20260908,5,analysis_activations,positive,False,5.7892622950347805,6.163739116017861,0.01477286576533778,0.06070043725783272,0.12154367842606123,0.24637458728089778,0.6671236233341845,0.33287637666581554,0.33287637666581554,1.927716926210994,2,6,72.42680031390994,-252.52943679859115,324.95623711250107,324.95623711250107,273.7507019042969,348.0540771484375,599.0855712890625,1268.2138671875,10.0,0.1,2.0,684,0.061248224,False
27642,593,ok,True,False,20260908,5,analysis_activations,positive,False,5.645594480603988,5.969415722305263,0.006739194707094969,0.05600113882312253,0.08209259836973715,0.23664559751477002,0.6149368389760621,0.3850631610239379,0.3850631610239379,1.8282977300214174,2,10,-74.50346668699427,-311.9683320316517,237.46486534465743,237.46486534465743,251.07949829101562,298.4755554199219,502.1933532714843,1018.58740234375,10.0,0.1,2.0,208,0.050622437,False
27646,998,ok,True,True,20260908,5,analysis_activations,positive,False,5.947753327541143,6.8058869295424165,0.05345113437962074,0.09964737425066773,0.23119501374298873,0.31566972336710997,0.5623219226240147,0.43767807737598524,0.43767807737598524,3.1015902713325345,2,4,1481.8914657094817,1277.5788406549682,204.31262505451355,204.31262505451355,272.7313537597656,511.3056945800781,1358.6194396972655,1786.2376708984375,10.0,0.1,2.0,762,0.2551627,False
27761,1178,ok,True,True,20260908,5,analysis_activations,positive,False,5.881350907919592,6.5967631310225965,0.02769263399151383,0.13447874761405923,0.16641103927177978,0.36671344073275963,0.6168992369061501,0.3831007630938499,0.3831007630938499,2.5123737404524817,2,14,1398.0958322792628,961.996399620197,436.09943265906577,436.09943265906577,280.87652587890625,410.52003479003906,1136.0312866210932,1942.1756591796875,10.0,0.1,2.0,460,0.18972215,False
27775,4822,ok,True,True,20260908,5,analysis_activations,positive,False,5.364576564896091,6.004260758526059,0.024704451442183292,0.10668965275678531,0.15717649774118042,0.3266338205954572,0.5266172789513731,0.47338272104862683,0.47338272104862683,2.4957017194414486,2,13,5028.135098817744,3759.4618580287465,1268.6732407889972,1268.6732407889972,170.39382934570312,262.7395782470703,625.1509094238281,1119.171142578125,10.0,0.1,2.0,925,0.16555722,False
27809,619,ok,True,True,20260908,5,analysis_activations,positive,False,5.90550177049624,7.345660395769078,0.08169654507013327,0.052360296794927805,0.28582607486045297,0.2288237242834051,0.6853585820838938,0.31464141791610617,0.31464141791610617,5.562638478629398,2,3,1364.3874282784136,905.1567617469515,459.23066653146213,459.23066653146213,255.47708129882812,430.3891296386719,1910.1966796875,2412.31884765625,10.0,0.1,2.0,366,0.52056015,False
27816,542,ok,True,True,20260908,5,analysis_activations,positive,False,5.847205344250169,6.654087002121911,0.049441918968799015,0.1160197456379298,0.22235538889084522,0.3406167136796575,0.6591525318041512,0.34084746819584877,0.34084746819584877,2.805279553820854,2,4,726.1245965930217,609.1598360735417,116.96476051948002,116.96476051948002,238.863037109375,403.398681640625,1144.5448852539062,1695.097412109375,10.0,0.1,2.0,447,0.2188109,False
27866,1084,ok,True,True,20260908,5,analysis_activations,positive,False,5.652105961773621,6.665314911932714,0.014509805938837703,0.4694494500276802,0.12045665585113055,0.685163812549729,0.42625521354247703,0.573744786457523,0.42625521354247703,2.0597267776383585,2,23,2395.037236943709,1748.3746636638127,646.6625732798964,646.6625732798964,240.42593383789062,395.44354248046875,2507.04055175781,4049.87109375,10.0,0.1,2.0,652,0.5270795,False
27869,1087,ok,True,True,20260908,5,analysis_activations,positive,False,5.84430788920324,6.863502644648638,0.06873173913816932,0.36735604305180763,0.2621673876327285,0.6060990373295503,0.8067487098385796,0.19325129016142048,0.19325129016142048,2.1826556219772777,2,5,1747.1264767189848,1233.789750333286,513.3367263856987,513.3367263856987,244.6493682861328,355.2708740234375,1515.169958496097,2973.620849609375,10.0,0.1,2.0,702,0.2886537,False
27930,2015,ok,True,True,20260908,5,analysis_activations,positive,False,5.8612203764141215,6.464847382021355,0.027064215449157825,0.08216104954627826,0.16451205259541876,0.28663748803371525,0.6399191224710654,0.3600808775289346,0.3600808775289346,2.5829863178320593,2,6,1635.7895048430603,1117.0388037130429,518.7507011300174,518.7507011300174,273.3760070800781,398.7856140136719,917.3011718749999,1331.5418701171875,10.0,0.1,2.0,815,0.13092571,False
27931,1508,ok,True,True,20260908,5,analysis_activations,positive,False,5.801524742000248,6.125529595652642,0.007953148771059815,0.042848456415559316,0.08918042818387796,0.2069986869899404,0.5502065105838874,0.44979348941611275,0.44979348941611275,2.0329551446022744,2,11,-234.6701292877988,-629.0366067079063,394.36647742010757,394.36647742010757,290.89910888671875,363.59046936035156,596.1037292480469,912.4007568359375,10.0,0.1,2.0,606,0.049660925,False
27961,552,ok,True,True,20260908,5,analysis_activations,positive,False,5.6778044945968045,6.136516621139726,0.011529307819658285,0.08310038577513457,0.10737461440982354,0.2882713752267723,0.6780009785675899,0.32199902143241016,0.32199902143241016,2.1088296650903375,2,10,188.4505160103046,-74.94065047423115,263.39116648453574,263.39116648453574,251.99560546875,306.4679412841797,628.6130737304684,1047.47412109375,10.0,0.1,2.0,104,0.08065738,False
27964,952,ok,True,True,20260908,5,analysis_activations,positive,False,5.767843393180957,6.539719478706721,0.017324030147282853,0.2510595234285627,0.1316207815934963,0.5010584032112052,0.40547345711132204,0.5945265428886779,0.40547345711132204,2.107097510887828,2,20,1568.9070458443985,1233.3189611395846,335.5880847048138,335.5880847048138,264.4793701171875,441.48291015625,1446.560736083984,3080.475341796875,10.0,0.1,2.0,583,0.30022466,False
27977,2084,ok,True,True,20260908,5,analysis_activations,positive,False,5.718262089777881,6.698944191762143,0.006391528011409843,0.24003092795407985,0.07994703253661041,0.48992951325071227,0.2087814917836569,0.791218508216343,0.2087814917836569,2.7938501340696833,2,33,3742.3136489764483,3126.0621555646667,616.2514934117817,616.2514934117817,273.4667053222656,683.6695556640625,1745.0233703613271,2784.64892578125,10.0,0.1,2.0,1149,0.3502897,False
27995,764,ok,True,True,20260908,5,analysis_activations,positive,False,5.754981481653495,6.510339684062102,0.033836822912278776,0.06329644579429618,0.1839478809670793,0.25158784905932197,0.5597340244894944,0.4402659755105055,0.4402659755105055,3.427551157439281,2,4,902.1366432783915,702.9736957307408,199.16294754765067,199.16294754765067,238.84381103515625,400.9482421875,912.5075317382814,1370.88330078125,10.0,0.1,2.0,298,0.1876572,False
28056,4337,ok,True,True,20260908,5,analysis_activations,positive,False,5.6430805523995415,6.225697403378002,0.024319581122011096,0.10420386247396891,0.1559473665119456,0.3228062305377158,0.6283505954997778,0.3716494045002221,0.3716494045002221,2.2983007707920353,2,9,3584.129307720921,2231.3604155671874,1352.7688921537338,1352.7688921537338,224.856201171875,316.3026123046875,747.1548828125,1330.308349609375,10.0,0.1,2.0,322,0.13330674,False
28061,523,ok,True,True,20260908,5,analysis_activations,positive,False,5.749957562714899,6.204057927996482,0.02316274893119749,0.06654984568464876,0.15219313036795548,0.2579725676979023,0.606385869841041,0.3936141301589591,0.3936141301589591,2.14407582687202,2,5,234.21104860169484,164.95789437436906,69.25315422732578,69.25315422732578,250.2828369140625,356.7092590332031,666.0223510742185,1134.577392578125,10.0,0.1,2.0,199,0.08962874,False
28121,730,ok,True,True,20260908,5,analysis_activations,positive,False,5.702724292153586,6.939238873919346,0.020709703172856954,0.3008320175729094,0.1439086626053378,0.5484815562741462,0.402303179602614,0.5976968203973859,0.402303179602614,3.0838665354050923,2,17,1656.0541686769113,1271.1767576045618,384.87741107234956,384.87741107234956,247.26380920410156,555.0983581542969,2185.6076049804688,3027.753662109375,10.0,0.1,2.0,393,0.55654854,False
28142,5040,ok,True,True,20260908,5,analysis_activations,positive,False,5.756098808700842,6.669827690466192,0.07574799733475152,0.12459258554248957,0.27522354066240684,0.3529767492944678,0.5028473086533453,0.49715269134665463,0.49715269134665463,2.8870073127344673,2,4,8396.801413385312,7715.456176683993,681.3452367013188,681.3452367013188,207.9970245361328,479.6258239746094,1264.9270629882812,2420.321044921875,10.0,0.1,2.0,529,0.30881026,False
28242,4884,ok,True,True,20260908,5,analysis_activations,positive,False,5.56494632875775,6.03985551753044,0.01581229689551385,0.08581724705897475,0.12574695581012627,0.292945809082456,0.585180628668066,0.414819371331934,0.414819371331934,2.106762512932753,2,12,2611.7263016408424,1069.150937004654,1542.5753646361884,1542.5753646361884,216.4412078857422,289.3077087402344,604.7172180175781,1180.836181640625,10.0,0.1,2.0,1324,0.099619985,False
28252,755,ok,True,True,20260908,5,analysis_activations,positive,False,5.691793049285053,6.7254117420333435,0.030495303530540935,0.4929625769210917,0.17462904549513214,0.7021129374403321,0.6530026713944391,0.3469973286055608,0.3469973286055608,2.0203866096198912,2,15,1523.9909800515409,933.9767781366099,590.0142019149309,590.0142019149309,235.88381958007812,325.794921875,2158.204785156249,3664.199462890625,10.0,0.1,2.0,492,0.43362543,False
28281,574,ok,True,True,20260908,5,analysis_activations,positive,False,5.92455518234687,6.5479920399150435,0.020961326204792304,0.10609231786057137,0.14478026869982077,0.32571815709378465,0.6075948407955922,0.3924051592044079,0.3924051592044079,2.4735113593486946,2,11,541.2401520952166,339.6514931969178,201.58865889829877,201.58865889829877,305.0082092285156,426.1271667480469,1047.7750610351563,1703.9691162109375,10.0,0.1,2.0,461,0.14729169,False
28299,958,ok,True,True,20260908,5,analysis_activations,positive,False,5.803348001254176,6.419432965011097,0.02004106265897215,0.13432694927423675,0.14156646021912164,0.36650641095925834,0.575993992134401,0.42400600786559905,0.42400600786559905,2.2175680295579605,2,13,983.938132786984,626.2598215394123,357.67831124757174,357.67831124757174,271.29364013671875,379.9461364746094,997.2439147949217,1693.2196044921875,10.0,0.1,2.0,608,0.1613646,False
28322,4540,ok,True,True,20260908,5,analysis_activations,positive,False,5.883198736912873,6.330216098681971,0.014306281591451636,0.06517877286593585,0.11960886920062257,0.2553013373759249,0.5179348960046443,0.48206510399535585,0.48206510399535585,2.2423151481944217,2,13,1903.748354665651,856.5110534622431,1047.237301203408,1047.237301203408,299.8586120605469,416.3483581542969,790.1917724609376,1286.1103515625,10.0,0.1,2.0,1956,0.08874047,False
28352,2978,ok,True,True,20260908,5,analysis_activations,positive,False,5.861824299076812,6.592614031442901,0.024362655972749777,0.1857915634012272,0.1560854124277787,0.4310354549236376,0.578083297636569,0.4219167023634311,0.4219167023634311,2.254438423406492,2,12,3994.8302187919226,2688.0086615459522,1306.8215572459703,1306.8215572459703,280.7059020996094,410.28892517089844,1276.9141357421877,2683.747314453125,10.0,0.1,2.0,362,0.22280335,False
28354,2289,ok,True,True,20260908,5,analysis_activations,positive,False,5.906304199861345,7.013321809385022,0.08697577650750996,0.14040158267600117,0.294916558550906,0.3747019918228367,0.5631520459695791,0.43684795403042076,0.43684795403042076,3.283189257335115,2,3,4480.52185079039,3956.2019331050383,524.3199176853518,524.3199176853518,237.3389892578125,533.1608276367188,1797.9308593749997,2263.327880859375,10.0,0.1,2.0,344,0.41197765,False
28410,2074,ok,True,True,20260908,5,analysis_activations,positive,False,5.668690540782494,5.967302885278596,0.006064083523413071,0.03727473386395328,0.07787222562257401,0.19306665653072588,0.5312768651206335,0.4687231348793665,0.4687231348793665,2.0285430415442907,2,14,-629.8813176698284,-1219.3332056982865,589.4518880284581,589.4518880284581,258.03387451171875,314.8932189941406,500.8935791015624,747.1048583984375,10.0,0.1,2.0,523,0.042917997,False
28421,2153,ok,True,True,20260908,5,analysis_activations,positive,False,5.849936978763156,6.454732262571788,0.03332768643739372,0.0838478025914175,0.18255872051861483,0.2895648504073267,0.5794627102715839,0.42053728972841614,0.42053728972841614,2.498647583859514,2,5,1948.5239129250967,1596.1423096926405,352.3816032324562,352.3816032324562,264.0440673828125,417.3017578125,918.756103515625,1422.1956787109375,10.0,0.1,2.0,1051,0.14377363,False
28471,2805,ok,True,True,20260908,5,analysis_activations,positive,False,5.798757152549619,6.5910070797649905,0.021807183404350308,0.21884331459731557,0.14767255467537055,0.46780692021101566,0.35929781939796296,0.6407021806020371,0.35929781939796296,2.2839354393602345,2,28,4528.3162026688,3819.5323478500213,708.7838548187783,708.7838548187783,265.5268859863281,500.8724060058594,1491.759008789061,2589.8828125,10.0,0.1,2.0,240,0.2926412,False
28479,3546,ok,True,True,20260908,5,analysis_activations,positive,False,5.745198559344788,6.336034435253779,0.013454321252270283,0.1305733357437457,0.11599276379270511,0.3613493264747365,0.5071634778433706,0.4928365221566293,0.4928365221566293,2.201703881269249,2,19,3546.106770882484,2043.5029683148698,1502.6038025676141,1502.6038025676141,266.3468933105469,367.8548278808594,951.6102600097656,1449.4481201171875,10.0,0.1,2.0,395,0.15847264,False
28566,2976,ok,True,True,20260908,5,analysis_activations,positive,False,5.772513234260819,6.2946865319971606,0.017660565002774773,0.1109266066855046,0.13289305851990454,0.33305646170807823,0.5900005655333698,0.4099994344666303,0.4099994344666303,2.0593531836094328,2,12,2197.2962277863558,1135.4057235598086,1061.8905042265471,1061.8905042265471,266.3650817871094,358.91326904296875,810.2487182617188,1682.69189453125,10.0,0.1,2.0,736,0.12189716,False
28571,4260,ok,True,True,20260908,5,analysis_activations,positive,False,5.761681721962829,6.171191646259249,0.01471244535903063,0.06895087343283121,0.12129486946705796,0.2625849832584324,0.6418571760707289,0.35814282392927116,0.35814282392927116,2.002220413193023,2,8,938.0544083575602,-321.8365822347697,1259.89099059233,1259.89099059233,266.78314208984375,342.49493408203125,628.1928192138672,1345.512451171875,10.0,0.1,2.0,2076,0.07270365,False
28680,961,ok,True,False,20260908,5,analysis_activations,positive,False,5.600344114030447,6.282660341276091,0.016756203290407466,0.25106436521505554,0.12944575423862872,0.5010632347469285,0.695093476761257,0.304906523238743,0.304906523238743,1.8645701791509977,2,13,1128.9916859178263,387.9233372566728,741.0683486611535,741.0683486611535,227.51882934570312,284.24871826171875,870.7344970703125,2504.47216796875,10.0,0.1,2.0,583,0.18706112,False
28720,3525,ok,True,True,20260908,5,analysis_activations,positive,False,5.781692795350751,6.33325799993803,0.026381142059029878,0.10642617807313318,0.1624227264240749,0.32623025315432225,0.5454217947054966,0.45457820529450355,0.45457820529450355,2.1404291265140194,2,11,3043.5678482699923,2306.5970712569215,736.9707770130708,736.9707770130708,255.12322998046875,385.62139892578125,857.2554687499999,1856.8365478515625,10.0,0.1,2.0,1717,0.13823445,False
28721,572,ok,True,False,20260908,5,analysis_activations,positive,False,5.7795600305107575,6.43908477805981,0.04396896426366031,0.18263544285018524,0.20968777805027242,0.4273586817302127,0.6256285806369417,0.3743714193630583,0.3743714193630583,1.9593495351094365,2,5,708.919968088699,584.022108610575,124.89785947812402,124.89785947812402,238.45315551757812,373.2246398925781,1013.2594360351546,2066.394775390625,10.0,0.1,2.0,411,0.19810523,False
28729,526,ok,True,True,20260908,5,analysis_activations,positive,False,5.971988478611689,6.706067987049953,0.04651992156209368,0.07875340136338563,0.21568477359816962,0.28063036429329175,0.4015434033021475,0.5984565966978526,0.4015434033021475,2.9331130366509925,2,5,646.1911931132422,597.6348592606258,48.556333852616376,48.556333852616376,284.9806213378906,617.0270080566406,1233.3504943847656,1543.2464599609375,10.0,0.1,2.0,449,0.19567567,False
28789,4983,ok,True,False,20260908,5,analysis_activations,positive,False,5.721842284844651,6.051945148921628,0.006218900488749252,0.06001968656760551,0.0788600056349811,0.24498915602043594,0.594262200800643,0.405737799199357,0.405737799199357,1.8138808689543513,2,13,-356.56494879590264,-2640.1770789288453,2283.6121301329426,2283.6121301329426,272.6044006347656,323.49261474609375,558.9370300292967,1265.156982421875,10.0,0.1,2.0,1558,0.05433153,False
28884,1396,ok,True,False,20260908,5,analysis_activations,positive,False,5.843108070030205,6.264496590556975,0.05509087063461352,0.06377122959349249,0.23471444487848106,0.2525296608192639,0.41387632295897875,0.5861236770410212,0.41387632295897875,1.728526325878617,2,6,806.434228849882,828.4018698430727,-21.9676409931908,-21.9676409931908,229.28659057617188,446.72430419921875,759.0325622558594,1138.0999755859375,10.0,0.1,2.0,852,0.103326604,False
28938,1072,ok,True,False,20260908,5,analysis_activations,positive,False,5.830175571416833,6.085807911508976,0.005153851925615061,0.0316014284525458,0.0717903330930778,0.17776790613759785,0.5981173041160628,0.4018826958839371,0.4018826958839371,1.885692715878318,2,9,-650.9241236167692,-988.3460068026144,337.4218831858452,337.4218831858452,306.09539794921875,359.35760498046875,538.4957916259764,812.9122314453125,10.0,0.1,2.0,802,0.03151888,False
28962,3046,ok,True,True,20260908,5,analysis_activations,positive,False,5.6477812777330545,6.277164814837139,0.021560262151059176,0.16927470841990463,0.14683413142406357,0.4114300771940533,0.570337723010631,0.429662276989369,0.429662276989369,2.037517725074356,2,14,3472.2334720824583,2247.5586106952173,1224.674861387241,1224.674861387241,230.95301818847656,325.3899230957031,930.3064575195312,1994.283203125,10.0,0.1,2.0,360,0.18215746,False
28986,2236,ok,True,False,20260908,5,analysis_activations,positive,False,5.667121549798663,6.146430544209712,0.018483411372802162,0.11545709321104669,0.13595371040468945,0.33978977796727006,0.7430307562388713,0.25696924376112884,0.25696924376112884,1.8521434122482323,2,8,907.7933615950631,-65.47067324447403,973.2640348395371,973.2640348395371,240.49154663085938,297.8540344238281,605.3221282958984,1580.39111328125,10.0,0.1,2.0,575,0.08730559,False
29043,1551,ok,True,True,20260908,5,analysis_activations,positive,False,5.727003661845959,6.248261710007791,0.025768766642414016,0.10044129893590242,0.16052652940375312,0.31692475279773025,0.620791195984383,0.37920880401561696,0.37920880401561696,2.0750127764058304,2,6,1102.2662874702792,745.7676190410117,356.49866842926747,356.49866842926747,240.75875854492188,343.7109069824219,739.3758544921875,1450.533935546875,10.0,0.1,2.0,501,0.1181233,False
29101,2674,ok,True,True,20260908,5,analysis_activations,positive,False,5.674449274805011,6.11871124378813,0.01349315493374397,0.07031586055325872,0.11616004017623259,0.2651713795892361,0.5829983598591201,0.41700164014087987,0.41700164014087987,2.1702450054593676,2,13,1017.9164035711874,187.04479904186115,830.8716045293263,830.8716045293263,247.14508056640625,323.38206481933594,630.0136413574219,994.4016723632812,10.0,0.1,2.0,631,0.08520167,False
29161,7159,ok,True,True,20260908,5,analysis_activations,positive,False,5.558398739284164,6.318711697381322,0.01770601297658475,0.21109480588046445,0.1330639431874193,0.45945054780733957,0.512862503973603,0.48713749602639705,0.48713749602639705,2.247908362230636,2,14,10588.788664106081,6968.2769874917785,3620.511676614303,3620.511676614303,216.37744140625,313.3977355957031,1044.795727539062,2246.760009765625,10.0,0.1,2.0,1640,0.25637096,False
29204,2273,ok,True,True,20260908,5,analysis_activations,positive,False,5.6579935015694645,6.251723399693049,0.031967401967785004,0.07933251427717208,0.17879430071393496,0.2816602816819796,0.5413700407300519,0.45862995926994804,0.45862995926994804,2.5168451607779865,2,5,2016.61802840928,1679.4066137197203,337.21141468955966,337.21141468955966,219.512451171875,354.486328125,758.8201904296875,1130.8245849609375,10.0,0.1,2.0,589,0.14127706,False
29244,3407,ok,True,False,20260908,5,analysis_activations,positive,False,5.821646955171833,6.312510693253907,0.014105515436763935,0.11109939214511232,0.11876664277802894,0.3333157544208079,0.6094034928648453,0.39059650713515465,0.39059650713515465,1.9618476209592572,2,12,2144.314258689827,678.7257718408048,1465.5884868490223,1465.5884868490223,284.2427673339844,367.6622619628906,806.6633605957026,1786.0880126953125,10.0,0.1,2.0,1041,0.10937522,False
29251,5702,ok,True,False,20260908,5,analysis_activations,positive,False,5.627537609596002,5.975860770226115,0.010343199913326377,0.05057786605594842,0.10170152365292458,0.2248952335109582,0.6592803788522215,0.3407196211477785,0.3407196211477785,1.995784306743987,2,7,-735.874492827281,-2556.046907744205,1820.172414916924,1820.172414916924,238.89120483398438,293.8284912109375,492.79351501464834,1035.24365234375,10.0,0.1,2.0,2733,0.051314037,False
29318,839,ok,True,True,20260908,5,analysis_activations,positive,False,5.861075733265146,6.49565336707352,0.04257219656677427,0.0893182633568217,0.20633030937497834,0.2988616123840961,0.4363389531468735,0.5636610468531265,0.4363389531468735,2.471115628841952,2,6,897.6442845875708,845.1017389909181,52.54254559665276,52.54254559665276,266.40753173828125,500.42657470703125,1016.5473022460935,1343.2369384765625,10.0,0.1,2.0,462,0.16816081,False
29345,1008,ok,True,True,20260908,5,analysis_activations,positive,False,5.702011756484932,5.969273694720962,0.0058539022827138005,0.027754747638875997,0.07651079847128639,0.16659756192356476,0.5986398506474357,0.40136014935256414,0.40136014935256414,2.0617052556508866,2,9,-601.2966094441688,-866.7179668226294,265.4213573784606,265.4213573784606,268.133056640625,318.3921203613281,474.1443298339843,669.6182861328125,10.0,0.1,2.0,433,0.031836875,False
29380,908,ok,True,True,20260908,5,analysis_activations,positive,False,5.85061162787516,6.4428427404773885,0.03232182871656899,0.12266860385617084,0.17978272641321522,0.3502407798303488,0.6068348880428125,0.39316511195718756,0.39316511195718756,2.127422615923873,2,9,877.0040887271413,678.8710048964995,198.1330838306418,198.1330838306418,269.8191223144531,398.7027893066406,938.2938964843748,1822.088134765625,10.0,0.1,2.0,194,0.15169016,False
29407,1422,ok,True,True,20260908,5,analysis_activations,positive,False,5.725552137713172,6.230034942011986,0.021769465773562282,0.1048951507790967,0.14754479243118776,0.323875208651568,0.5971095919747558,0.4028904080252441,0.4028904080252441,2.0046276162555414,2,9,992.6874481569507,623.4866742470648,369.2007739098859,369.2007739098859,246.873046875,343.42164611816406,730.5649505615235,1554.6209716796875,10.0,0.1,2.0,636,0.11656701,False
29419,7537,ok,True,True,20260908,5,analysis_activations,positive,False,5.630659144949437,6.227821260844453,0.023646286092455476,0.15305578341048073,0.1537734895632387,0.39122344435179335,0.5723938330712215,0.4276061669287785,0.4276061669287785,2.0090300283274214,2,13,7884.181537720362,5290.812841544886,2593.3686961754756,2593.3686961754756,224.08688354492188,320.1443786621094,828.5754150390625,2223.67333984375,10.0,0.1,2.0,2607,0.16628613,False
29525,1279,ok,True,False,20260908,5,analysis_activations,positive,False,5.899304764541104,6.520318835916949,0.02202895217886729,0.17683248105780364,0.14842153542820966,0.42051454321795295,0.6284087113839003,0.3715912886160997,0.3715912886160997,1.9694327522985016,2,12,1374.660744985191,793.6661944912167,580.9945504939743,580.9945504939743,297.7366943359375,400.8790283203125,1071.5352783203123,2780.549072265625,10.0,0.1,2.0,715,0.1697402,False
29546,758,ok,True,True,20260908,5,analysis_activations,positive,False,5.997367459320394,6.852543081229462,0.07512552316324086,0.03891937507176211,0.274090355837707,0.19727994087530062,0.40314456396859044,0.5968554360314096,0.40314456396859044,3.5812313610067648,2,3,1048.6602121171275,803.3462196175785,245.31399249954893,245.31399249954893,260.95794677734375,766.991943359375,1208.5761962890624,1541.176513671875,10.0,0.1,2.0,431,0.22978868,False
29576,1451,ok,True,False,20260908,5,analysis_activations,positive,False,5.71491827090297,6.129088233868486,0.011085995978552544,0.08353812103791905,0.10529005640872524,0.2890296196550088,0.6215496331683236,0.37845036683167654,0.37845036683167654,1.904112819917927,2,12,446.55849950614436,-149.79555032035807,596.3540498265024,596.3540498265024,261.5019836425781,324.6614685058594,636.3347778320312,1533.00830078125,10.0,0.1,2.0,612,0.07890865,False
29585,1184,ok,True,True,20260908,5,analysis_activations,positive,False,5.830815547077317,6.445122283924594,0.02626333808581889,0.13697497604859105,0.16205967445919078,0.3701013051160331,0.5504818691422797,0.44951813085772035,0.44951813085772035,2.1502513324597174,2,17,1272.0915227604223,947.6405227947563,324.450999965666,324.450999965666,271.9385986328125,405.5985107421875,1029.9915405273437,1945.715087890625,10.0,0.1,2.0,186,0.1695542,False
29592,805,ok,True,True,20260908,5,analysis_activations,positive,False,5.94756057909113,6.553366683981599,0.02979947387267044,0.09432614147288697,0.17262524112270036,0.30712561188036236,0.5989325006065872,0.40106749939341274,0.40106749939341274,2.431744465480744,2,6,736.9132677277581,571.2885773479879,165.6246903797702,165.6246903797702,297.4586181640625,448.4155578613281,1028.6214355468746,1519.2706298828125,10.0,0.1,2.0,512,0.14401534,False
29612,1405,ok,True,False,20260908,5,analysis_activations,positive,False,5.954930863598947,6.487953053918999,0.015849886862794618,0.14481022718324496,0.1258963337940967,0.3805393897919701,0.5808577924964385,0.4191422075035614,0.4191422075035614,1.880642524223261,2,14,1229.9826677849198,628.9141811002295,601.0684866846904,601.0684866846904,324.2861633300781,427.7677001953125,1055.986328125,2445.98046875,10.0,0.1,2.0,685,0.13917136,False
29623,634,ok,True,True,20260908,5,analysis_activations,positive,False,5.836590766987563,6.581135078624061,0.05133993202839671,0.1311359512415038,0.22658316801650716,0.3621269822058331,0.6499501972712819,0.350049802728718,0.350049802728718,2.4649198971509776,2,4,808.60563229798,694.7282813461316,113.87735095184848,113.87735095184848,244.47073364257812,402.6880798339844,1121.9342224121094,1634.2042236328125,10.0,0.1,2.0,110,0.2057183,False
29646,4833,ok,True,False,20260908,5,analysis_activations,positive,False,5.546474903232414,5.972974604348669,0.015261810254176496,0.10547598703784751,0.12353869941915568,0.32477066837669855,0.7447456569563156,0.2552543430436845,0.2552543430436845,1.7358496442572386,2,5,1074.279238710975,-1097.2114800652687,2171.4907187762437,2171.4907187762437,214.73358154296875,264.1402282714844,483.7285461425777,1435.8238525390625,10.0,0.1,2.0,630,0.072882764,False
29658,1906,ok,True,True,20260908,5,analysis_activations,positive,False,5.816289113434314,6.8281513459436525,0.10030558160044198,0.038640314355143014,0.3167105643966459,0.19657139760184597,0.3387134339442802,0.6612865660557198,0.3387134339442802,3.8389594283276978,2,5,3057.192112355389,2051.45910518127,1005.7330071741189,1005.7330071741189,209.65969848632812,822.5812683105469,1205.0125427246094,1555.7685546875,10.0,0.1,2.0,951,0.2890099,False
29674,3340,ok,True,True,20260908,5,analysis_activations,positive,False,5.775079594130002,6.33896793124453,0.030248301333739847,0.07918047485485552,0.1739203879185527,0.2813902536600291,0.5522920603364626,0.4477079396635373,0.4477079396635373,2.4106953983564496,2,6,2700.3196912695007,2211.5442501841385,488.7754410853622,488.7754410853622,244.64178466796875,389.44097900390625,804.599719238281,1488.273193359375,10.0,0.1,2.0,1113,0.13081664,False
29698,2282,ok,True,False,20260908,5,analysis_activations,positive,False,5.776445642581634,6.240673100191738,0.015095367287733504,0.10480332459259942,0.12286320558952343,0.32373341593446825,0.6442909741741515,0.35570902582584846,0.35570902582584846,1.8960011631823066,2,9,1153.198489489736,234.6950691440694,918.5034203456665,918.5034203456665,270.33349609375,348.4577331542969,719.6082519531244,1906.1314697265625,10.0,0.1,2.0,1052,0.09643657,False
29738,1480,ok,True,False,20260908,5,analysis_activations,positive,False,5.905777569637472,6.467400301887196,0.0254959517901453,0.1577831485844879,0.15967451828687412,0.39721927015753894,0.6335997849054387,0.3664002150945614,0.3664002150945614,1.8552532608587886,2,8,1378.9330656660811,873.2097615831478,505.7233040829333,505.7233040829333,293.99615478515625,407.7629699707031,927.9250823974606,2840.47998046875,10.0,0.1,2.0,338,0.1472898,False
29794,1035,ok,True,False,20260908,5,analysis_activations,positive,False,5.899626523256061,6.160119886522244,0.006189522530550362,0.033790894695962664,0.07867351861045978,0.18382299827813348,0.6325618243641916,0.3674381756358083,0.3674381756358083,1.84241728691297,2,7,-608.1060773358322,-915.451822135725,307.3457447998928,307.3457447998928,325.9886169433594,383.1934509277344,568.1244506835938,996.5084228515625,10.0,0.1,2.0,694,0.03213316,False
29795,7299,ok,True,False,20260908,5,analysis_activations,positive,False,5.684056978262788,6.127034448503524,0.01394055901029665,0.09176728768365658,0.11807014444937658,0.3029311599747649,0.6029484602199395,0.3970515397800605,0.3970515397800605,1.9268283313059817,2,11,3301.8573620538723,650.7751942149775,2651.0821678388947,2651.0821678388947,248.14471435546875,320.58856201171875,651.5669738769528,1797.989013671875,10.0,0.1,2.0,790,0.09183113,False
29910,695,ok,True,True,20260908,5,analysis_activations,positive,False,5.784669364841566,6.543823999182068,0.02526696576683823,0.174611012334125,0.15895586106475668,0.4178648254329682,0.6591414945025542,0.3408585054974458,0.3408585054974458,2.4013904081019506,2,10,886.2291470968169,535.2038165432757,351.02533055354115,351.02533055354115,258.4820251464844,360.07330322265625,1143.0044799804684,1986.294189453125,10.0,0.1,2.0,524,0.20595051,False
29920,1072,ok,True,True,20260908,5,analysis_activations,positive,False,5.619793285271949,6.099758648562813,0.015339891959175846,0.09021345675054279,0.1238543174829842,0.30035555055724006,0.5379317936215581,0.462068206378442,0.462068206378442,2.089242671628894,2,15,662.2776638461102,362.45025055826295,299.8274132878472,299.8274132878472,229.1109161376953,314.90460205078125,651.6232757568358,1331.401123046875,10.0,0.1,2.0,206,0.10729584,False
29997,1581,ok,True,True,20260908,5,analysis_activations,positive,False,6.084424134432581,6.991233012372328,0.11655046545055299,0.11450916834483493,0.34139488199232426,0.33839203351266256,0.527907931405084,0.472092068594916,0.472092068594916,2.667894924608854,2,4,2702.5412349613935,2577.5875698252303,124.95366513616318,124.95366513616318,240.89120483398438,667.1055908203125,1633.1319580078125,2124.87890625,10.0,0.1,2.0,836,0.32072398,False
30036,597,ok,True,True,20260908,5,analysis_activations,positive,False,5.940831845055923,6.679155642424633,0.028946771645790244,0.24299489004489316,0.1701375080509593,0.49294511869466073,0.6807036196371851,0.31929638036281494,0.31929638036281494,2.00227622696458,2,10,791.4738308514034,481.8099041117846,309.6639267396188,309.6639267396188,301.26666259765625,405.6185302734375,1393.473144531247,2779.9111328125,10.0,0.1,2.0,401,0.21613279,False
30049,682,ok,True,True,20260908,5,analysis_activations,positive,False,5.754855927701199,6.258645299007879,0.023350542265662466,0.06332783958882336,0.15280884223650956,0.2516502326421006,0.688074512330834,0.311925487669166,0.311925487669166,2.4199623040483136,2,4,308.4789514994712,167.71228103477546,140.76667046469572,140.76667046469572,252.646240234375,345.1790466308594,674.7922485351559,1202.4942626953125,10.0,0.1,2.0,372,0.09042555,False
30098,1050,ok,True,True,20260908,5,analysis_activations,positive,False,5.871064900554769,6.200711669829918,0.010198806222534424,0.041724184771968695,0.10098913913156417,0.204264986652066,0.6892098226281653,0.31079017737183473,0.31079017737183473,2.0458979665939476,2,5,-303.57759957001406,-595.421357544343,291.8437579743289,291.8437579743289,306.1412353515625,371.14564514160156,598.6844299316406,901.221923828125,10.0,0.1,2.0,609,0.043313272,False
30212,533,ok,True,True,20260908,5,analysis_activations,positive,False,5.78388950035073,6.375844501858625,0.02621484898661472,0.13410253816562334,0.16191000273798625,0.36620013403277635,0.6824628686997952,0.3175371313002047,0.3175371313002047,2.0908042734544945,2,8,463.3565804805687,283.4549550357339,179.9016254448348,179.9016254448348,256.6341247558594,352.6298522949219,843.73017578125,2011.0787353515625,10.0,0.1,2.0,229,0.13666518,False
30219,606,ok,True,True,20260908,5,analysis_activations,positive,False,5.821882279221543,6.761007334169561,0.0992107599316151,0.11735007111724642,0.31497739590582546,0.3425639664606399,0.546358152585257,0.453641847414743,0.453641847414743,2.8539638672597993,2,3,1053.3870170154462,988.3376322304389,65.0493847850073,65.0493847850073,216.4865264892578,500.92112731933594,1288.2218627929688,1613.098876953125,10.0,0.1,2.0,389,0.32657093,False
30221,603,ok,True,True,20260908,5,analysis_activations,positive,False,6.056274701965335,6.6252684217508335,0.027614727169336536,0.0489522063645459,0.16617679491835355,0.22125145505633606,0.46194411016323694,0.5380558898367631,0.46194411016323694,2.9080498280685307,2,5,443.33025662529644,376.13591850783064,67.1943381174658,67.1943381174658,333.66339111328125,575.4525146484375,1015.9290161132812,1333.7322998046875,10.0,0.1,2.0,121,0.11976275,False
30223,3417,ok,True,True,20260908,5,analysis_activations,positive,False,5.745820271083372,6.201671539543244,0.017233704121076308,0.07999494502657964,0.1312772033563951,0.28283377631849355,0.5767108576938693,0.42328914230613074,0.42328914230613074,2.0674786787023103,2,11,1653.009797477535,779.5762913425409,873.433506134994,873.433506134994,258.83148193359375,351.42926025390625,698.3673583984374,1315.8936767578125,10.0,0.1,2.0,258,0.094553724,False
30237,962,ok,True,True,20260908,5,analysis_activations,positive,False,5.712900776757885,6.129501223176065,0.017715177315258606,0.06665607496678799,0.13309837457782348,0.2581783781938139,0.6293144496042355,0.37068555039576445,0.37068555039576445,2.028324708908316,2,6,269.0075393387739,66.21409984153568,202.79343949723818,202.79343949723818,248.29376220703125,329.3328094482422,596.9170410156248,1068.98779296875,10.0,0.1,2.0,487,0.076422006,False
30425,2454,ok,True,True,20260908,5,analysis_activations,positive,False,5.357183658075918,6.103615368745191,0.03227205757320885,0.20336974055398,0.1796442528254351,0.4509653429632703,0.507590177799255,0.4924098222007449,0.4924098222007449,2.1745976534638256,2,15,3633.8779051308256,2921.329467466336,712.5484376644895,712.5484376644895,162.75411987304688,266.1815490722656,843.2463623046873,1572.573974609375,10.0,0.1,2.0,244,0.25588387,False
30467,2253,ok,True,True,20260908,5,analysis_activations,positive,False,5.561239243737431,6.525514783326837,0.018889927709534134,0.2105875694804223,0.1374406334005127,0.4588982125487332,0.2507427933259548,0.7492572066740452,0.2507427933259548,2.8467288051208284,2,15,3960.03613912681,3502.196344388085,457.83979473872523,457.83979473872523,212.42953491210938,569.2537231445312,1413.5394287109377,3109.964599609375,10.0,0.1,2.0,1294,0.3373572,False
30541,724,ok,True,True,20260908,5,analysis_activations,positive,False,5.708115741998652,6.201889198960742,0.02069735321479021,0.09799939085822872,0.14386574719088005,0.3130485439324526,0.6491091155081178,0.35089088449188227,0.35089088449188227,2.0268580551706292,2,8,424.5998742522848,222.5798647925309,202.02000945975388,202.02000945975388,244.07351684570312,332.1393127441406,666.7972778320313,1421.6915283203125,10.0,0.1,2.0,288,0.10349623,False
30561,7232,ok,True,True,20260908,5,analysis_activations,positive,False,5.066060260758225,5.629820292239765,0.016198658651012943,0.11725549987115415,0.12727395118802962,0.3424259042057919,0.6479705297564232,0.3520294702435768,0.3520294702435768,2.1824445835599806,2,13,5460.426168626727,1890.4217144988327,3570.004454127895,3570.004454127895,131.884033203125,170.62855529785156,417.6564453124999,848.0228271484375,10.0,0.1,2.0,3298,0.12428731,False
30582,1244,ok,True,True,20260908,5,analysis_activations,positive,False,5.732810224792534,6.649654380656212,0.029818893526728157,0.17378290056076637,0.17268147997607664,0.4168727630353971,0.4088784194786748,0.5911215805213251,0.4088784194786748,2.8735563539691227,2,16,2119.6648014321945,1782.9299900617941,336.7348113704004,336.7348113704004,239.73385620117188,493.330322265625,1436.515179443359,1971.115234375,10.0,0.1,2.0,403,0.31834522,False
30658,583,ok,True,True,20260908,5,analysis_activations,positive,False,5.6374843619466555,6.473427847838339,0.0307593602789683,0.20733841613484924,0.17538346637858512,0.45534428308132874,0.40752484095639147,0.5924751590436086,0.40752484095639147,2.4227814839886417,2,22,973.219209936934,845.2572281162886,127.9619818206454,127.9619818206454,213.2286376953125,415.06024169921875,1278.7667480468747,2002.3941650390625,10.0,0.1,2.0,322,0.30462423,False
30734,8544,ok,True,True,20260908,5,analysis_activations,positive,False,5.4908280453736475,5.838775405600317,0.012210825614432411,0.04467002438485782,0.11050260455949629,0.21135284333279697,0.5784468760741578,0.4215531239258421,0.4215531239258421,2.06321983830883,2,7,-452.06692828284736,-2128.8680449615817,1676.8011166787344,1676.8011166787344,204.97686767578125,266.7558288574219,439.7657196044922,788.3564453125,10.0,0.1,2.0,3452,0.05542113,False
30746,4109,ok,True,True,20260908,5,analysis_activations,positive,False,5.676677588007451,6.05815771041951,0.010508685202246551,0.04742914634179277,0.1025118783470801,0.2177823370748711,0.5635335609838394,0.43646643901616045,0.43646643901616045,2.2413299413741985,2,12,279.4234073959543,-810.4944720213175,1089.9178794172717,1089.9178794172717,251.61900329589844,323.6556396484375,562.0474243164061,900.7212524414062,10.0,0.1,2.0,572,0.062432032,False
30781,11173,ok,True,False,20260908,5,analysis_activations,positive,False,5.652880822417236,6.373205540882129,0.029405952564706416,0.24283394300537064,0.17148163914747963,0.4927818411887462,0.670073514113996,0.32992648588600404,0.32992648588600404,1.9523938512545367,2,11,14527.53758793386,8736.70377567765,5790.833812256211,5790.833812256211,225.68885803222656,309.72332763671875,998.8686767578122,3290.18310546875,10.0,0.1,2.0,2214,0.2145477,False
30783,845,ok,True,True,20260908,5,analysis_activations,positive,False,5.892055763527834,6.440884702399616,0.016589409533763488,0.12492940936279898,0.12879988173039403,0.35345354625862646,0.49751283674149394,0.5024871632585062,0.49751283674149394,2.0632169790049155,2,16,787.482950277994,536.3529738987486,251.12997637924536,251.12997637924536,300.4437561035156,431.4757385253906,1051.8488769531243,1648.2767333984375,10.0,0.1,2.0,518,0.14650267,False
30945,527,ok,True,True,20260908,5,analysis_activations,positive,False,5.917791811674276,6.466517952923398,0.01170431308350188,0.12829104042634462,0.1081864736623848,0.3581773868160086,0.5156188432553869,0.4843811567446132,0.4843811567446132,2.0740242859410567,2,15,484.5165932688872,263.79475639433684,220.72183687455038,220.72183687455038,315.4346923828125,425.92547607421875,1078.3070922851562,1683.90478515625,10.0,0.1,2.0,346,0.14364989,False
30950,12496,ok,True,True,20260908,5,analysis_activations,positive,False,5.86276456822402,6.4483200887121725,0.04026625299280058,0.05790700454680651,0.20066452848672728,0.24063874282169634,0.4490465149485384,0.5509534850514617,0.4490465149485384,2.6429349660384327,2,4,10440.670821301084,9477.200637398684,963.4701839024001,963.4701839024001,254.34228515625,489.11419677734375,871.0662841796875,1439.4599609375,10.0,0.1,2.0,1143,0.13482364,False
30954,1055,ok,True,True,20260908,5,analysis_activations,positive,False,5.729805246175332,6.425712752546468,0.03117562864253168,0.1824175996217585,0.1765662160282416,0.4271037340292853,0.5080555801499718,0.4919444198500281,0.4919444198500281,2.129476143165656,2,16,1441.744894054417,1167.9295817139566,273.8153123404604,273.8153123404604,240.6222686767578,390.05511474609375,1098.1763061523432,2005.9931640625,10.0,0.1,2.0,936,0.22683248,False
30958,618,ok,True,True,20260908,5,analysis_activations,positive,False,5.566705659003796,6.525408178820246,0.010521445577582342,0.10830127296478537,0.10257409798571149,0.3290915875023021,0.21505030198940595,0.7849496980105941,0.21505030198940595,3.933228021116954,2,19,890.9082841763799,690.5818844231766,200.3263997532033,200.3263997532033,229.3528594970703,623.7626342773438,1093.3050109863282,1383.1641845703125,10.0,0.1,2.0,351,0.24281482,False
30970,1054,ok,True,True,20260908,5,analysis_activations,positive,False,5.762781690932448,6.703692315244925,0.046738774125211005,0.05917071076301489,0.21619152186247037,0.24325030475420764,0.443565357110894,0.5564346428891059,0.443565357110894,4.088800700535316,2,3,1633.4194741373199,1224.8008141800963,408.6186599572236,408.6186599572236,244.74151611328125,567.5018920898438,1118.017004394531,1307.147705078125,10.0,0.1,2.0,810,0.27242234,False
31000,994,ok,True,True,20260908,5,analysis_activations,positive,False,5.847959027369227,6.223214746394993,0.007361755097146414,0.0546793296999642,0.08580067072666982,0.23383611718458763,0.4901825596082396,0.5098174403917605,0.4901825596082396,2.130603451074762,2,15,142.9714660118977,-153.5410622922571,296.5125283041548,296.5125283041548,305.30181884765625,390.28045654296875,690.4373504638669,1126.8734130859375,10.0,0.1,2.0,489,0.0667419,False
31025,1693,ok,True,False,20260908,5,analysis_activations,positive,False,5.771504716727631,6.565841035764353,0.04643421785951493,0.289782802329608,0.21548600385991415,0.5383147799657817,0.6788781587322513,0.3211218412677487,0.3211218412677487,1.93735661728364,2,10,2552.617637142349,1865.0607753549912,687.5568617873578,687.5568617873578,242.7619171142578,353.62200927734375,1122.8396972656246,3678.8134765625,10.0,0.1,2.0,968,0.26228616,False
31033,981,ok,True,True,20260908,5,analysis_activations,positive,False,5.7636180399282955,6.689469007217725,0.018674972032455866,0.35139107393141333,0.13665640135923332,0.5927824845011982,0.38041141630810776,0.6195885836918922,0.38041141630810776,2.152367682474264,2,21,1962.6143830443673,1589.6229275936096,372.9914554507577,372.9914554507577,263.10546875,483.3141784667969,2367.7099609375,3488.969482421875,10.0,0.1,2.0,572,0.42729744,False
31048,2661,ok,True,True,20260908,5,analysis_activations,positive,False,5.676489960373091,6.145445739337178,0.013807442604797278,0.08810723150656921,0.11750507480444101,0.29682862312548164,0.5608948935795836,0.4391051064204164,0.4391051064204164,2.077440193125327,2,14,1456.0036112425882,567.3026895229483,888.70092171964,888.70092171964,246.07041931152344,326.32818603515625,680.7646484375,1082.7171630859375,10.0,0.1,2.0,277,0.100634046,False
31065,612,ok,True,False,20260908,5,analysis_activations,positive,False,5.828785159196647,6.041751009234889,0.009327654770405943,0.04873203873234447,0.09657978448104937,0.22075334364929666,0.8157535106624256,0.18424648933757437,0.18424648933757437,1.2499354817489376,2,11,-548.3650866670099,-706.1898173117582,157.82473064474834,157.82473064474834,285.3696594238281,344.40635681152344,455.1165756225581,881.550048828125,10.0,0.1,2.0,584,0.023441782,False
31094,2285,ok,True,True,20260908,5,analysis_activations,positive,False,5.782326338966206,6.188756883570466,0.013235801066178682,0.059580592639039656,0.1150469515727326,0.24409136125442796,0.5734739266407384,0.4265260733592616,0.4265260733592616,2.130035069502646,2,11,532.1934041222523,-44.701809480609384,576.8952136028618,576.8952136028618,273.60467529296875,362.4761657714844,661.3505859374998,1190.99169921875,10.0,0.1,2.0,942,0.0734389,False
31152,1279,ok,True,True,20260908,5,analysis_activations,positive,False,5.920525050851462,6.297179437846813,0.014781902867349024,0.0410438426028674,0.12158084909782882,0.20259279997785556,0.6060833812596207,0.39391661874037937,0.39391661874037937,2.254450802503455,2,5,24.02807172245371,-183.29548760994055,207.32355933239427,207.32355933239427,311.453125,412.72552490234375,684.2197753906249,986.2198486328125,10.0,0.1,2.0,802,0.059042677,False
31227,6999,ok,True,False,20260908,5,analysis_activations,positive,False,5.650729366264632,6.006239753055395,0.008283394285535754,0.06666268069535664,0.09101315446426277,0.25819117083153065,0.6063945569119543,0.3936054430880457,0.3936054430880457,1.8365080868684953,2,12,353.4607791754674,-2561.168716123332,2914.6294952987996,2914.6294952987996,249.89193725585938,302.8648681640625,539.5317626953124,1435.41943359375,10.0,0.1,2.0,2079,0.061435767,False
31233,894,ok,True,False,20260908,5,analysis_activations,positive,False,5.76424916366091,6.115571516412482,0.005586622662965122,0.06206905955360249,0.07474371320027606,0.24913662828577113,0.54944075228388,0.45055924771612005,0.45055924771612005,1.9101551401991541,2,18,58.83889680234822,-347.19124241150416,406.0301392138524,406.0301392138524,283.9945373535156,340.8417510986328,618.8174499511719,1032.5615234375,10.0,0.1,2.0,338,0.061658427,False
31243,588,ok,True,True,20260908,5,analysis_activations,positive,False,5.782867128662953,6.580215346383175,0.026172933588488826,0.2332533237799626,0.16178051053352757,0.4829630666831187,0.6369167883594529,0.3630832116405471,0.3630832116405471,2.213890111555609,2,12,862.4667129532336,541.9824693219853,320.4842436312483,320.4842436312483,263.40411376953125,359.43370056152344,1330.072668457031,2460.138916015625,10.0,0.1,2.0,293,0.24880527,False
31246,2399,ok,True,False,20260908,5,analysis_activations,positive,False,5.470630686229532,5.830074111620943,0.01591308773390095,0.0764779675775076,0.12614708769488478,0.27654650165479877,0.6791788118197128,0.32082118818028715,0.32082118818028715,1.6723631069602842,2,5,210.0654782911589,-439.07920558710634,649.1446838782653,649.1446838782653,197.0830078125,250.4622344970703,431.1156036376951,1226.7735595703125,10.0,0.1,2.0,1658,0.063521124,False
31273,4385,ok,True,False,20260908,5,analysis_activations,positive,False,5.587937391168145,6.050706926945055,0.016130210627894322,0.1299880149882303,0.1270047661621182,0.3605385069423657,0.6346296562150527,0.3653703437849472,0.3653703437849472,1.7120938391229938,2,11,2676.532726452024,844.0892227241551,1832.4435037278686,1832.4435037278686,223.82281494140625,286.7137451171875,587.8418090820313,2530.417236328125,10.0,0.1,2.0,1159,0.10741114,False
31280,5806,ok,True,False,20260908,5,analysis_activations,positive,False,5.493776299290661,5.716623449250892,0.004348144135709612,0.023122818319013316,0.065940459019555,0.1520618897653627,0.6085154200279219,0.3914845799720781,0.3914845799720781,1.901451026793216,2,8,-5276.028468408957,-6997.756099554017,1721.7276311450596,1721.7276311450596,220.1885528564453,254.2613525390625,355.71763610839844,596.0684814453125,10.0,0.1,2.0,2607,0.023531627,False
31298,763,ok,True,True,20260908,5,analysis_activations,positive,False,5.797551391863729,6.198393110532951,0.01767538346830962,0.05114125271843275,0.13294880017626942,0.22614431834214352,0.587798142678021,0.412201857321979,0.412201857321979,2.1609324605985663,2,5,153.8964884898086,51.15051634739981,102.74597214240879,102.74597214240879,269.0731201171875,369.13372802734375,630.4664794921874,984.4351196289062,10.0,0.1,2.0,607,0.070491426,False
31308,607,ok,True,True,20260908,5,analysis_activations,positive,False,5.840298854827663,6.211126580771058,0.012677085980105031,0.05008830027672377,0.11259256627373333,0.22380415607562737,0.616711650139497,0.383288349860503,0.383288349860503,2.0932788854986386,2,6,22.797886800189936,-109.8363028942503,132.63418969444024,132.63418969444024,291.0996398925781,372.49993896484375,634.005609130859,971.1280517578125,10.0,0.1,2.0,461,0.05961877,False
31314,10908,ok,True,True,20260908,5,analysis_activations,positive,False,5.87559734387621,6.608542159315685,0.04169953720470521,0.17584019546209428,0.2042046454043228,0.4193330364544323,0.5785252369431261,0.42147476305687387,0.42147476305687387,2.222373141442194,2,11,14906.111235149756,12073.562062982293,2832.5491721674625,2832.5491721674625,265.9846496582031,432.71437072753906,1273.829992675781,2839.9794921875,10.0,0.1,2.0,867,0.22924662,False
31320,721,ok,True,False,20260908,5,analysis_activations,positive,False,5.664880959417667,6.124696302829583,0.007967599994382377,0.12999075674163915,0.08926141380452349,0.36054230922547653,0.5311724184773924,0.46882758152260756,0.46882758152260756,1.7507512716437519,2,25,517.3818565181065,148.09496605036344,369.28689046774304,369.28689046774304,253.2635040283203,313.990234375,702.5668334960938,2325.4267578125,10.0,0.1,2.0,428,0.11799015,False
31386,2666,ok,True,False,20260908,5,analysis_activations,positive,False,5.862917050016509,6.305746099221282,0.016046658808927593,0.0979422737682934,0.126675407277528,0.3129573034269905,0.6822529751442176,0.3177470248557824,0.3177470248557824,1.8548968209855174,2,7,996.3375312734036,-26.553620060211927,1022.8911513336154,1022.8911513336154,294.7142333984375,371.46795654296875,742.8015899658203,1766.4439697265625,10.0,0.1,2.0,1268,0.08461006,False
31493,521,ok,True,True,20260908,5,analysis_activations,positive,False,5.92691821130629,6.666056821978813,0.03960220147839109,0.10387472563958067,0.1990030187670305,0.32229602175574656,0.6871372628467183,0.31286273715328167,0.31286273715328167,2.7596236217978785,2,5,589.3456637358995,457.87231126459335,131.47335247130616,131.47335247130616,277.20281982421875,416.8323974609375,1099.5052490234375,1813.5517578125,10.0,0.1,2.0,310,0.17749937,False
31516,1509,ok,True,True,20260908,5,analysis_activations,positive,False,5.672528416616322,6.236765286436162,0.016924796336483812,0.0909947925470023,0.1300953355677436,0.3016534311871859,0.4425828200853987,0.5574171799146014,0.4425828200853987,2.428993307704317,2,16,1294.7196492151334,962.770773891616,331.9488753235173,331.9488753235173,240.0134735107422,370.31365966796875,797.6804565429687,1319.16455078125,10.0,0.1,2.0,715,0.13684374,False
31610,2101,ok,True,True,20260908,5,analysis_activations,positive,False,5.7636739754263715,6.415249113469286,0.020211055677100888,0.15746428427728207,0.14216559245155239,0.39681769652736265,0.48510145854727454,0.5148985414527255,0.48510145854727454,2.1860793658321294,2,18,2563.695590123851,1881.0485936816965,682.6469964421547,682.6469964421547,259.063720703125,394.71929931640625,1069.7271728515625,2055.251220703125,10.0,0.1,2.0,417,0.19701855,False
31697,1914,ok,True,False,20260908,5,analysis_activations,positive,False,5.730302228267129,6.109340593823128,0.00891340573178302,0.08402138981454804,0.0944108348219791,0.28986443351081903,0.6703427958014635,0.32965720419853656,0.32965720419853656,1.7583648541799124,2,11,227.50072271339124,-760.914754779496,988.4154774928872,988.4154774928872,269.5115051269531,318.8272247314453,578.4213470458984,1452.9412841796875,10.0,0.1,2.0,903,0.065455236,False
31745,518,ok,True,True,20260908,5,analysis_activations,positive,False,5.5604061815548125,6.397770202869021,0.008405320313543203,0.1465501747164532,0.0916805339946447,0.3828187230484596,0.45004747617991336,0.5499525238200865,0.45004747617991336,3.008332279573273,2,15,780.5803542630583,442.31007221814207,338.27028204491626,338.27028204491626,229.47808837890625,346.3034973144531,965.7101074218746,1412.993896484375,10.0,0.1,2.0,340,0.25842124,False
31749,2004,ok,True,True,20260908,5,analysis_activations,positive,False,5.7287306260580895,6.169154113715427,0.0060487618253827384,0.08947761558451538,0.07777378623535527,0.29912809226904014,0.514227805338214,0.485772194661786,0.485772194661786,2.0152262671283254,2,15,985.753450694043,-59.8969498339667,1045.6504005280096,1045.6504005280096,275.23333740234375,340.4510803222656,718.5794158935545,1386.71337890625,10.0,0.1,2.0,811,0.0950766,False
31827,863,ok,True,True,20260908,5,analysis_activations,positive,False,6.016230134843793,6.7513851938756275,0.06349709225562188,0.08606618477719641,0.2519862937852412,0.2933703883782349,0.5050252393108737,0.4949747606891262,0.4949747606891262,2.6883230881102143,2,4,1114.8109214938656,1051.687141471321,63.12378002254468,63.12378002254468,271.3822021484375,584.4987182617188,1255.2450683593747,1863.23681640625,10.0,0.1,2.0,671,0.2100103,False
31898,2572,ok,True,True,20260908,5,analysis_activations,positive,False,5.805022437465614,6.159349787041703,0.010263805220824897,0.04554263707475506,0.10131043984123698,0.21340720951916095,0.6188254529178235,0.38117454708217646,0.38117454708217646,2.1211799094618167,2,9,-224.7319522437504,-941.3461520061744,716.614199762424,716.614199762424,285.42144775390625,356.3904571533203,608.1977142333983,932.2684326171875,10.0,0.1,2.0,1357,0.053345248,False
31969,5631,ok,True,False,20260908,5,analysis_activations,positive,False,5.406543041497227,6.0779911960702,0.015743048792124507,0.2170571284432069,0.1254713066486697,0.46589390256066554,0.5785256379254821,0.42147436207451794,0.42147436207451794,1.9680486459657887,2,15,7223.314235141063,3850.519302027696,3372.7949331133673,3372.7949331133673,187.16336059570312,249.2518310546875,776.93310546875,1957.236083984375,10.0,0.1,2.0,2697,0.21055877,False
32060,777,ok,True,False,20260908,5,analysis_activations,positive,False,5.764676924231326,6.150588859977062,0.014746635483847904,0.06067723564145585,0.1214357257311369,0.2463274967222617,0.6210072977262724,0.37899270227372756,0.37899270227372756,1.9872330408325536,2,7,120.42716781204903,-52.21557322086885,172.64274103291788,172.64274103291788,266.3866271972656,347.3748474121094,612.85859375,1098.74365234375,10.0,0.1,2.0,311,0.06729092,False
32062,1081,ok,True,True,20260908,5,analysis_activations,positive,False,5.943487302439666,6.551274326818027,0.02688939172154122,0.1301224278980633,0.16397985157189654,0.3607248645409175,0.5247105902140108,0.47528940978598916,0.47528940978598916,2.1692032607341356,2,11,1153.9504738937687,913.4195160147739,240.53095787899485,240.53095787899485,297.4739990234375,464.52105712890625,1056.8089599609375,2717.406982421875,10.0,0.1,2.0,369,0.16823545,False
32065,2469,ok,True,False,20260908,5,analysis_activations,positive,False,5.950799318311672,6.455280037368765,0.020277360861965573,0.1089832437149019,0.14239859852528597,0.33012610274696835,0.6340018996458475,0.36599810035415253,0.36599810035415253,1.9843874823715912,2,10,1612.606057102956,800.2408229648125,812.3652341381434,812.3652341381434,311.5968017578125,420.24462890625,911.1202636718749,2274.376953125,10.0,0.1,2.0,841,0.11184312,False
32072,974,ok,True,False,20260908,5,analysis_activations,positive,False,5.7404235602694165,6.1065606975636335,0.009912862212725155,0.06366144889613329,0.09956335778149085,0.25231220520643327,0.4892802883061855,0.5107197116938146,0.4892802883061855,1.9089549402040449,2,18,199.6432186877472,-28.530410679132338,228.17362936687954,228.17362936687954,268.64666748046875,353.441162109375,612.29182434082,1374.7581787109375,10.0,0.1,2.0,148,0.07093398,False
32076,3112,ok,True,True,20260908,5,analysis_activations,positive,False,5.81312218992024,6.658972852512483,0.031158924607026694,0.24999586454937747,0.1765189072225032,0.4999958645322754,0.5786391698862849,0.421360830113715,0.421360830113715,2.2559836554254904,2,16,5077.980181475618,3627.9084968444367,1450.0716846311816,1450.0716846311816,265.00347900390625,398.3467559814453,1468.6544616699214,3066.587890625,10.0,0.1,2.0,392,0.29790384,False
32079,731,ok,True,True,20260908,5,analysis_activations,positive,False,5.9014276706639075,6.396519485118372,0.028703142104596437,0.05297633094316166,0.1694200168356633,0.23016587701734081,0.5755194111691377,0.42448058883086226,0.42448058883086226,2.449876998733504,2,4,396.30321342798385,335.1990013808332,61.10421204715067,61.10421204715067,281.05853271484375,432.3349609375,800.6417236328125,1214.18505859375,10.0,0.1,2.0,598,0.0990221,False
32166,656,ok,True,True,20260908,5,analysis_activations,positive,False,5.804332029964794,6.646725700216434,0.040946450946971344,0.16349607425542734,0.20235229414803121,0.40434647798073786,0.5788087657167004,0.4211912342832997,0.4211912342832997,2.6347807055273407,2,10,1004.8239431009042,820.0143578149177,184.8095852859865,184.8095852859865,241.17161560058594,402.8908386230469,1299.8143005371094,2157.631103515625,10.0,0.1,2.0,182,0.26596692,False
32173,816,ok,True,True,20260908,5,analysis_activations,positive,False,5.641722072806879,6.3081076579887085,0.030078388404570885,0.09939417631650461,0.17343122096257896,0.3152684194722088,0.6859739063367117,0.31402609366328815,0.31402609366328815,2.6190978041193334,2,5,767.3689533639568,514.3669154927189,253.00203787123792,253.00203787123792,221.2276611328125,311.7927551269531,770.0486297607422,1409.4334716796875,10.0,0.1,2.0,307,0.14768414,False
32187,3610,ok,True,False,20260908,5,analysis_activations,positive,False,5.676929276121506,6.110736757190031,0.011115445630840902,0.08547859021219333,0.10542981376650962,0.2923672180874479,0.6364392564466408,0.3635607435533592,0.3635607435533592,1.9739533236941382,2,10,1218.8795390502278,-413.0858780430842,1631.965417093312,1631.965417093312,251.33270263671875,312.0159149169922,621.1437103271485,1487.4561767578125,10.0,0.1,2.0,1075,0.08171651,False
32228,765,ok,True,False,20260908,5,analysis_activations,positive,False,5.830186530166166,6.384791212185185,0.027769715032600492,0.1312306020051364,0.1666424766756678,0.3622576458891329,0.726758237927907,0.2732417620720931,0.2732417620720931,1.9669781439968925,2,4,543.6653845619371,291.00476537668544,252.66061918525168,252.66061918525168,269.9818115234375,357.5789794921875,830.1994628906248,1661.1585693359375,10.0,0.1,2.0,313,0.1172726,False
32259,3593,ok,True,True,20260908,5,analysis_activations,positive,False,5.881970274037233,6.439126204607599,0.02044404901205067,0.12326869156585968,0.14298268780537968,0.35109641349045373,0.6391210571979248,0.3608789428020752,0.3608789428020752,2.0784717199997136,2,11,2858.722729694239,1451.5461046075177,1407.1766250867215,1407.1766250867215,292.185791015625,392.1575927734375,942.8196899414062,1741.17724609375,10.0,0.1,2.0,842,0.1291839,False
32325,2797,ok,True,True,20260908,5,analysis_activations,positive,False,5.856464359198212,6.498191979564932,0.02850895758999888,0.13752677736925856,0.16884595816897388,0.37084602919440646,0.655625804338275,0.344374195661725,0.344374195661725,2.227229372370284,2,10,2810.6860763750487,1816.8885363623497,993.7975400126991,993.7975400126991,273.9427490234375,387.2581787109375,1032.3370605468745,1775.6708984375,10.0,0.1,2.0,1673,0.15908737,False
32388,839,ok,True,False,20260908,5,analysis_activations,positive,False,5.785769185832308,6.120115945439421,0.006628412123609839,0.053201989696494985,0.08141506079104675,0.2306555650672556,0.6218785486485636,0.3781214513514363,0.3781214513514363,1.9330859154310724,2,13,-110.22445023849079,-473.3554811855185,363.13103094702774,363.13103094702774,291.2672424316406,342.94586181640625,581.9853698730467,1040.9747314453125,10.0,0.1,2.0,569,0.050584592,False
32410,750,ok,True,True,20260908,5,analysis_activations,positive,False,5.76614657570944,6.076855331350808,0.005336162590592804,0.04242285183612338,0.0730490423660215,0.2059680845085553,0.5517472840376677,0.44825271596233224,0.44825271596233224,2.010670062016326,2,12,-170.36874749374138,-439.2681526806489,268.89940518690753,268.89940518690753,288.0276794433594,342.12953186035156,564.0682464599608,926.66943359375,10.0,0.1,2.0,478,0.045897108,False
32428,1043,ok,True,True,20260908,5,analysis_activations,positive,False,5.631642531769822,6.0529221195683585,0.014584156081525006,0.07093249243342735,0.12076487933801369,0.26633154607261106,0.619594743344474,0.38040525665552616,0.38040525665552616,2.037323893697112,2,9,311.04365877460486,12.598959852466606,298.4446989221383,298.4446989221383,235.24581909179688,304.4670715332031,589.4743103027344,1063.452392578125,10.0,0.1,2.0,299,0.07792386,False
32462,8502,ok,True,True,20260908,5,analysis_activations,positive,False,5.308093075132877,5.718721856978441,0.017012063027041068,0.06557708433834475,0.1304302994976285,0.2560802302762647,0.6356499089393294,0.3643500910606706,0.3643500910606706,2.0207048939165446,2,6,1981.1936481233768,-48.477163162523,2029.6708112858998,2029.6708112858998,165.99472045898438,219.64112091064453,396.74710540771486,827.6878662109375,10.0,0.1,2.0,2809,0.07376562,False
32478,1743,ok,True,False,20260908,5,analysis_activations,positive,False,5.722014088567002,6.228435447379354,0.014670540487726489,0.1262524508813042,0.12112200662029378,0.35532020894019556,0.5819044403435124,0.41809555965648754,0.41809555965648754,1.9078142368437283,2,13,1318.892350293324,592.4268360458834,726.4655142474405,726.4655142474405,256.81378173828125,335.6700439453125,774.0772338867182,1995.137939453125,10.0,0.1,2.0,758,0.12378761,False
32561,688,ok,True,True,20260908,5,analysis_activations,positive,False,5.9414646547042125,6.648079397865947,0.02960233095237314,0.12339513127472705,0.17205327940022863,0.3512764314250631,0.6773517046906735,0.3226482953093265,0.3226482953093265,2.5547921835301906,2,9,742.2989161805597,489.4550337041209,252.84388247643875,252.84388247643875,297.9923095703125,422.7059326171875,1143.5225219726562,1842.671142578125,10.0,0.1,2.0,537,0.1692308,False
32567,1102,ok,True,False,20260908,5,analysis_activations,positive,False,5.7270826331047004,5.913471947668787,0.0028127017554979233,0.015399031925579836,0.053034910723955435,0.12409283591561535,0.6279973884430539,0.37200261155694614,0.37200261155694614,1.9532613819193707,2,10,-1442.8028936203013,-1790.4743601129794,347.67146649267806,347.67146649267806,283.8251647949219,316.65118408203125,417.9935333251953,634.4966430664062,10.0,0.1,2.0,474,0.015624126,False
32686,2504,ok,True,True,20260908,5,analysis_activations,positive,False,5.807964045769538,6.542958242088298,0.023832205848185236,0.17778961062251578,0.15437683067152672,0.42165105315001383,0.6394312469895743,0.36056875301042557,0.36056875301042557,2.3148888659673172,2,10,3139.9615790123266,1851.0417684653185,1288.9198105470082,1288.9198105470082,266.48516845703125,369.25299072265625,1113.0809692382809,2211.5712890625,10.0,0.1,2.0,493,0.20397753,False
32741,1324,ok,True,True,20260908,5,analysis_activations,positive,False,5.7450326462316195,6.269403921838769,0.026096989816415766,0.05053856399670881,0.16154562766109073,0.22480783793433184,0.6013761566549186,0.39862384334508155,0.39862384334508155,2.678790445714694,2,4,746.1307765672432,550.6556595038951,195.47511706334808,195.47511706334808,244.25169372558594,366.02903747558594,700.2297393798827,931.9771728515625,10.0,0.1,2.0,437,0.1018313,False
32768,1726,ok,True,False,20260908,5,analysis_activations,positive,False,5.62680211947985,6.058696081313714,0.015117540627916568,0.09796398300738994,0.12295340836234094,0.31299198553220164,0.6568522772569727,0.3431477227430274,0.3431477227430274,1.8163364754209403,2,7,670.232686869751,24.07349983124189,646.1591870385091,646.1591870385091,232.42286682128906,295.0642395019531,578.9838714599609,1674.5299072265625,10.0,0.1,2.0,379,0.08563862,False
32788,795,ok,True,True,20260908,5,analysis_activations,positive,False,5.579888089650412,6.536933958225321,0.003877638089249546,0.17894306866837706,0.06227068402747433,0.4230166293047793,0.12212798824052196,0.877872011759478,0.12212798824052196,3.16544709099149,2,30,1185.4794311530716,1051.0330468553855,134.4463842976861,134.4463842976861,241.9938507080078,634.2718505859375,1406.6388916015617,2279.614013671875,10.0,0.1,2.0,491,0.25608397,False
32794,1126,ok,True,True,20260908,5,analysis_activations,positive,False,5.7505281811740705,6.6621906185641695,0.031080122025526655,0.33211287681520457,0.17629555305091124,0.5762923535977243,0.6679724264811348,0.33202757351886536,0.33202757351886536,2.1393425298667177,2,16,1910.0612144271931,1166.6574594388383,743.4037549883549,743.4037549883549,249.7163543701172,343.5932922363281,1552.3305053710938,2914.74072265625,10.0,0.1,2.0,692,0.31564248,False
33137,532,ok,True,True,20260908,5,analysis_activations,positive,False,5.872736376122142,7.156696623080904,0.06576146368394431,0.10883213524314539,0.25643998066593343,0.3298971585860439,0.6804133732565294,0.3195866267434707,0.3195866267434707,4.345626702127773,2,3,1083.1246065890414,791.9369158621655,291.18769072687587,291.18769072687587,258.9512023925781,409.4257507324219,1790.3992614746094,2290.329833984375,10.0,0.1,2.0,391,0.43883,False
33162,538,ok,True,True,20260908,5,analysis_activations,positive,False,5.57044775011642,5.957634049271735,0.008004778739187686,0.06432171452080225,0.08946942907601281,0.25361725990319006,0.48967343159018667,0.5103265684098133,0.48967343159018667,2.0360398528027304,2,14,140.06478503992867,-14.091514193580593,154.15629923350926,154.15629923350926,228.49502563476562,296.3385772705078,535.1227752685546,1215.8397216796875,10.0,0.1,2.0,250,0.074344285,False
33253,1086,ok,True,True,20260908,5,analysis_activations,positive,False,5.984348391902861,6.530778776387909,0.024983768022636438,0.10057383502741207,0.15806254465443872,0.31713378096224953,0.7127144926864629,0.28728550731353697,0.28728550731353697,2.180862727650978,2,5,677.2266083048727,341.63214669273566,335.594461612137,335.594461612137,313.60919189453125,424.82476806640625,939.8266906738281,1636.0155029296875,10.0,0.1,2.0,673,0.10793449,False
33269,554,ok,True,True,20260908,5,analysis_activations,positive,False,5.633104041701669,6.439883822601325,0.00819520603413128,0.14093917085522678,0.09052737726307594,0.37541866077118063,0.3143789666051021,0.6856210333948979,0.3143789666051021,2.9544804559776803,2,16,793.0473671523946,593.3126718535301,199.7346952988645,199.7346952988645,244.143798828125,473.0450744628906,1010.6104125976565,1635.6072998046875,10.0,0.1,2.0,291,0.2399361,False
33312,998,ok,True,True,20260908,5,analysis_activations,positive,False,5.742643231045091,6.138136184069523,0.011273783128663036,0.06683970758859796,0.10617807273002762,0.2585337648907739,0.6745625501458639,0.3254374498541361,0.3254374498541361,2.0012010608829587,2,7,97.84589357734991,-284.44647292320644,382.29236650055634,382.29236650055634,267.47528076171875,329.81163024902344,604.6136230468747,1146.283447265625,10.0,0.1,2.0,410,0.06375728,False
33317,2325,ok,True,True,20260908,5,analysis_activations,positive,False,5.667853902287293,5.988220100289309,0.007452902648144657,0.039076120103748516,0.08633019545990069,0.19767680719737588,0.5717813450340449,0.42821865496595524,0.42821865496595524,2.1003889240271683,2,13,-539.1465066573633,-1217.241787148703,678.0952804913397,678.0952804913397,255.1961669921875,312.5322570800781,513.9614868164062,743.4075927734375,10.0,0.1,2.0,357,0.04614308,False
33407,703,ok,True,True,20260908,5,analysis_activations,positive,False,5.809676930969158,6.977081093238495,0.044827286600359395,0.2192193798348567,0.21172455360765174,0.4682086926092431,0.8126314809912353,0.18736851900876464,0.18736851900876464,3.2128902511741,2,7,1125.7081030877864,624.659924044869,501.04817904291747,501.04817904291747,247.850341796875,347.65924072265625,1511.0930908203122,2435.402587890625,10.0,0.1,2.0,250,0.28541502,False
33413,3848,ok,True,False,20260908,5,analysis_activations,positive,False,5.702052668293727,5.887235865422649,0.0023883951792388713,0.01635966483138177,0.048871210126605946,0.12790490542345032,0.6038924138060737,0.3961075861939262,0.3961075861939262,1.9126627863800418,2,12,-4945.613622191666,-6377.314087179868,1431.700464988202,1431.700464988202,278.47735595703125,309.7620544433594,416.5062744140625,655.65771484375,10.0,0.1,2.0,616,0.016128784,False
33424,1072,ok,True,True,20260908,5,analysis_activations,positive,False,5.921685275217342,6.723161635655796,0.053368219286025656,0.24018598766335486,0.23101562563174305,0.4900877346591678,0.6897106869073121,0.3102893130926878,0.3102893130926878,2.0919994251249276,2,7,1564.92373543033,1221.1933900309898,343.7303453993402,343.7303453993402,273.15789794921875,417.2049865722656,1412.8775024414056,2945.472412109375,10.0,0.1,2.0,400,0.24903919,False
33457,3176,ok,True,True,20260908,5,analysis_activations,positive,False,5.809168703475607,6.499204400057684,0.07272162066050507,0.12108756069918186,0.2696694655694357,0.34797637951329663,0.48148935727054176,0.5185106427294582,0.48148935727054176,2.2166615203120736,2,5,4171.958589481487,4060.425715090732,111.5328743907553,111.5328743907553,215.87071228027344,466.161376953125,1055.6454467773438,1853.0228271484375,10.0,0.1,2.0,167,0.21674165,False
33490,1570,ok,True,False,20260908,5,analysis_activations,positive,False,5.545034981037368,5.907522967983014,0.008025993289517386,0.07361838333571294,0.08958790816576412,0.27132707814686124,0.7463988264692926,0.25360117353070755,0.25360117353070755,1.7940951720143439,2,9,-247.9038917756023,-1159.1520561221123,911.2481643465101,911.2481643465101,225.49798583984375,261.2004699707031,440.1543823242188,849.151123046875,10.0,0.1,2.0,524,0.04956297,False
33647,10808,ok,True,True,20260908,5,analysis_activations,positive,False,5.498958266038418,6.119468099055676,0.030806548153222663,0.14102894475392047,0.1755179425392819,0.375538206783172,0.5752870185142507,0.42471298148574943,0.42471298148574943,2.1169335670544167,2,11,11646.215419579725,8809.73494857193,2836.480471007795,2836.480471007795,188.58819580078125,287.1365203857422,714.295538330078,1617.5341796875,10.0,0.1,2.0,2850,0.17171109,False
33658,526,ok,True,True,20260908,5,analysis_activations,positive,False,5.995933990407949,6.9530010753298015,0.08299764319883572,0.1332490079854048,0.288093115500589,0.36503288616973234,0.5518974085257063,0.44810259147429365,0.44810259147429365,2.910601058164526,2,4,925.3417534134392,856.851399549504,68.49035386393518,68.49035386393518,270.76971435546875,580.20703125,1651.4402465820312,2419.77392578125,10.0,0.1,2.0,330,0.3326741,False
33732,655,ok,True,True,20260908,5,analysis_activations,positive,False,5.807161675509083,6.3917635543366496,0.014680977318598326,0.1022204409921652,0.12116508291829922,0.31971931595098413,0.47966944796993066,0.5203305520300694,0.47966944796993066,2.418050209306258,2,18,609.3404774434788,407.2334743614723,202.10700308200649,202.10700308200649,283.0515441894531,408.256103515625,922.913391113281,1489.35888671875,10.0,0.1,2.0,301,0.14575052,False
33818,1909,ok,True,False,20260908,5,analysis_activations,positive,False,5.8436266581290965,6.380698547187977,0.021132839704918492,0.14450026264845375,0.14537138544059658,0.38013190164527594,0.6750119465254575,0.3249880534745425,0.3249880534745425,1.8662673195855186,2,9,1455.3331667424352,653.833369568203,801.4997971742322,801.4997971742322,281.46270751953125,369.1859130859375,836.4285888671874,2493.132568359375,10.0,0.1,2.0,808,0.12456687,False
33819,4054,ok,True,True,20260908,5,analysis_activations,positive,False,5.537177413464763,6.584813395697349,0.013089689628759947,0.41329969878711464,0.1144101814908094,0.6428838921509191,0.4955548011894069,0.504445198810593,0.4955548011894069,2.268935813829743,2,18,8623.95334203503,5318.493274164854,3305.460067870177,3305.460067870177,218.62530517578125,313.90550231933594,1836.4098327636718,2838.185546875,10.0,0.1,2.0,1871,0.4894565,False
33860,1901,ok,True,False,20260908,5,analysis_activations,positive,False,5.795252743996966,6.499681666553873,0.02659997481284634,0.25372241541409846,0.16309498708680883,0.5037086612458619,0.5756938076828727,0.42430619231712724,0.42430619231712724,1.8815825773076682,2,15,2729.7830945649443,1892.9659885809308,836.8171059840136,836.8171059840136,261.3797607421875,375.8544921875,1220.53955078125,3189.92822265625,10.0,0.1,2.0,900,0.24430874,False
33878,504,ok,True,True,20260908,5,analysis_activations,positive,False,5.571477558160813,6.214553049049507,0.02140606546103466,0.13250482989359927,0.14630811823352338,0.36401212877265404,0.5542988002685926,0.4457011997314074,0.4457011997314074,2.3181539451518822,2,12,558.7451712804481,393.6015937971206,165.14357748332748,165.14357748332748,213.08502197265625,309.0662841796875,824.9514587402339,1249.873291015625,10.0,0.1,2.0,269,0.1734332,False
33932,788,ok,True,False,20260908,5,analysis_activations,positive,False,5.7161763530937355,6.135945234057499,0.010981453187771762,0.08260464526884548,0.10479242905750283,0.28741023862911613,0.6509641875198443,0.34903581248015564,0.34903581248015564,1.9405264482503912,2,10,219.05068089411677,-119.67461852789445,338.72529942201123,338.72529942201123,260.58941650390625,323.6675109863281,606.4573272705077,1325.0970458984375,10.0,0.1,2.0,462,0.07611176,False
33968,10731,ok,True,True,20260908,5,analysis_activations,positive,False,5.782559381171709,6.384736447705345,0.038498248318167956,0.06761239609085128,0.1962097049540821,0.2600238375435054,0.5252511925357006,0.47474880746429926,0.47474880746429926,2.6143259486216337,2,4,9581.62468024538,8440.181815400107,1141.442864845274,1141.442864845274,237.79739379882812,416.0399169921875,834.2785034179688,1374.009521484375,10.0,0.1,2.0,2414,0.1427551,False
34111,6848,ok,True,True,20260908,5,analysis_activations,positive,False,5.32357356774168,5.903011819927869,0.01994239176560542,0.13505738911725856,0.14121753349214616,0.3675015498161315,0.608606987447108,0.391393012552892,0.391393012552892,2.0814051169943384,2,14,6226.556237390607,3427.2639282320392,2799.2923091585676,2799.2923091585676,167.4222412109375,227.8509521484375,589.5512725830075,1048.1085205078125,10.0,0.1,2.0,2777,0.14499488,False
34220,2882,ok,True,False,20260908,5,analysis_activations,positive,False,5.729677679100559,6.220136180758084,0.016770227351832052,0.12005084979416457,0.12949991255530657,0.34648354909600626,0.6508094475912367,0.3491905524087634,0.3491905524087634,1.8751705007820163,2,12,1767.0799875208636,545.2874904198636,1221.792497101,1221.792497101,258.06671142578125,329.3436279296875,734.9858276367186,1766.4168701171875,10.0,0.1,2.0,1129,0.10753776,False
34280,873,ok,True,True,20260908,5,analysis_activations,positive,False,5.754407683816443,6.247317893579815,0.01765196636019245,0.09058764894397027,0.1328607028439653,0.3009778213489663,0.5934438462756665,0.40655615372433346,0.40655615372433346,2.118798670199884,2,10,531.0804233638512,278.2174950493307,252.8629283145205,252.8629283145205,257.7011413574219,351.6551208496094,752.335302734375,1165.664794921875,10.0,0.1,2.0,115,0.10604375,False
34294,1939,ok,True,True,20260908,5,analysis_activations,positive,False,5.427194723359647,5.922500289892518,0.01553124653927758,0.09937012407386447,0.12462442192153823,0.31523027150618715,0.5054978974243542,0.49450210257564575,0.49450210257564575,2.0664533333652666,2,15,1379.1437823389429,841.6600038861391,537.4837784528038,537.4837784528038,189.1363983154297,265.8377685546875,578.0168334960937,1016.0738525390625,10.0,0.1,2.0,905,0.11837441,False
34306,3028,ok,True,True,20260908,5,analysis_activations,positive,False,5.652455330033037,6.052866450764277,0.00949318891069435,0.06034345332984951,0.09743299703229061,0.24564904504159896,0.46140900434451165,0.5385909956554884,0.46140900434451165,2.1427892230890806,2,19,834.5773311556688,83.11545526032614,751.4618758953427,751.4618758953427,247.1171875,332.66090393066406,594.3320465087891,1089.496826171875,10.0,0.1,2.0,251,0.07674861,False
34309,871,ok,True,True,20260908,5,analysis_activations,positive,False,5.723082484602876,6.905920052498357,0.06785725115617526,0.09611025161026085,0.2604942439981645,0.31001653441431287,0.4771394046173341,0.5228605953826658,0.4771394046173341,4.131057274719809,2,4,1753.615767309033,1412.0467639701533,341.5690033388796,341.5690033388796,221.06390380859375,574.902099609375,1431.4484252929688,2496.077880859375,10.0,0.1,2.0,564,0.4321698,False
34329,3628,ok,True,True,20260908,5,analysis_activations,positive,False,5.66155656390792,6.118667034333586,0.014598706867127663,0.07717057517670205,0.12082510859555502,0.2777959236142641,0.5846309492653093,0.41536905073469066,0.41536905073469066,2.1339660216622,2,11,1629.3674439189479,514.1766423426806,1115.1908015762674,1115.1908015762674,240.55755615234375,320.45025634765625,642.6993682861323,1110.44970703125,10.0,0.1,2.0,1593,0.09135423,False
34336,9764,ok,True,False,20260908,5,analysis_activations,positive,False,5.699641041740235,6.115890998169465,0.012235178638338718,0.08475380175365414,0.11061274175400734,0.2911250620500649,0.6548330171727226,0.3451669828272775,0.3451669828272775,1.8902010583391007,2,10,2620.1329612066634,-1509.9902653431816,4130.123226549845,4130.123226549845,255.9190673828125,316.3648223876953,611.6282806396486,2122.4326171875,10.0,0.1,2.0,2860,0.076435424,False
34444,8720,ok,True,True,20260908,5,analysis_activations,positive,False,5.934872166025288,6.516827307505723,0.025178816709388558,0.09644424466204814,0.15867834354249025,0.3105547369821432,0.554303191585153,0.4456968084148471,0.4456968084148471,2.359915984373701,2,11,7657.833073741982,5604.82839108423,2053.004682657752,2053.004682657752,299.7982177734375,449.2445373535156,1016.2388183593749,1821.9393310546875,10.0,0.1,2.0,858,0.14062636,False
34451,502,ok,True,True,20260908,5,analysis_activations,positive,False,5.712200730732498,6.505186185486921,0.04546267621728802,0.17377410797941317,0.21321978383181994,0.4168622170207,0.6214771427753584,0.37852285722464163,0.37852285722464163,2.3950992108271816,2,9,724.7170640177526,596.0864829566864,128.6305810610662,128.6305810610662,225.70091247558594,359.701416015625,1141.8845703125,1987.8330078125,10.0,0.1,2.0,346,0.24244069,False
34462,1049,ok,True,True,20260908,5,analysis_activations,positive,False,5.9329253991899105,6.5111982215586295,0.031241720794195595,0.07774572855694215,0.17675327661516094,0.2788292103724826,0.5583624184315843,0.44163758156841565,0.44163758156841565,2.4771912382083,2,5,884.3159567625623,734.7112833216752,149.60467344088715,149.60467344088715,287.6269226074219,457.6558532714844,981.673645019531,1450.99072265625,10.0,0.1,2.0,814,0.13436772,False
34467,547,ok,True,True,20260908,5,analysis_activations,positive,False,5.8833527616513255,6.637750535036053,0.05341727722972213,0.19479057050001858,0.23112178008513634,0.4413508473992302,0.6330747946326539,0.3669252053673462,0.3669252053673462,2.141448534171594,2,5,778.5448254230096,665.6306512759861,112.91417414702346,112.91417414702346,258.438232421875,426.44622802734375,1255.578723144531,2348.039306640625,10.0,0.1,2.0,176,0.23792502,False
34491,910,ok,True,True,20260908,5,analysis_activations,positive,False,5.626892106006379,6.127256443488453,0.011017644055150115,0.05216962973182847,0.10496496584646763,0.22840671997957607,0.3550508899434254,0.6449491100565745,0.3550508899434254,2.8150527503732117,2,17,452.996809852497,300.9875743101957,152.00923554230127,152.00923554230127,237.87303161621094,381.3585205078125,627.3044769287109,892.6121826171875,10.0,0.1,2.0,659,0.094992936,False
34492,46299,ok,True,True,20260908,5,analysis_activations,positive,False,5.3132376743681835,5.684775984777364,0.012454879074238652,0.05564304111911104,0.1116014295349242,0.23588777229672384,0.6278465620876221,0.3721534379123778,0.3721534379123778,2.013500192880271,2,8,1752.5975176960137,-11151.135151251596,12903.73266894761,12903.73266894761,171.70602416992188,218.239501953125,381.53949584960935,778.2442016601562,10.0,0.1,2.0,5749,0.060781572,True
34505,533,ok,True,True,20260908,5,analysis_activations,positive,False,5.806358876632622,6.486676490717153,0.024123195833066588,0.1714076087150695,0.15531643774265036,0.4140140199498919,0.44901775834344154,0.5509822416565585,0.44901775834344154,2.1758007374343906,2,22,717.5780915703043,589.8620448231471,127.71604674715718,127.71604674715718,267.1180725097656,435.3917541503906,1156.2344726562499,2354.555419921875,10.0,0.1,2.0,366,0.2201913,False
34511,613,ok,True,True,20260908,5,analysis_activations,positive,False,5.750837637321234,6.201030733394025,0.020923185499844954,0.06258602448863314,0.1446484894488876,0.2501719898162725,0.544018829394261,0.45598117060573906,0.45598117060573906,2.2031630579072767,2,9,277.7141558961225,204.50582832524378,73.20832757087874,73.20832757087874,250.051025390625,367.95977783203125,680.9286743164063,1064.2935791015625,10.0,0.1,2.0,483,0.090342745,False
34520,530,ok,True,False,20260908,5,analysis_activations,positive,False,5.862786120779389,6.201000725199107,0.01030140126545176,0.05559394944031275,0.10149581895552033,0.23578369205759916,0.6622272077704541,0.337772792229546,0.337772792229546,1.8632879178876247,2,9,-58.6945865913973,-215.83103895711056,157.13645236571327,157.13645236571327,303.6167907714844,372.1668701171875,608.97131652832,1372.26904296875,10.0,0.1,2.0,314,0.051282518,False
34527,4290,ok,True,True,20260908,5,analysis_activations,positive,False,5.803824807435584,6.216160739153075,0.012616396949201998,0.057740251858639374,0.1123227356736026,0.24029201372213638,0.5956483198080541,0.4043516801919458,0.4043516801919458,2.1984348852595033,2,11,892.5769299775994,-342.369352826199,1234.9462828037986,1234.9462828037986,281.5033264160156,364.7411804199219,670.0245361328123,1205.8262939453125,10.0,0.1,2.0,980,0.071827814,False
34529,2590,ok,True,False,20260908,5,analysis_activations,positive,False,5.846491843564463,6.321807648389109,0.012702655971709713,0.10929438208166185,0.1127060600487379,0.33059700857942115,0.5761523486650373,0.4238476513349626,0.4238476513349626,1.9245208026761003,2,15,1620.8764025915693,542.6403978309555,1078.236004760614,1078.236004760614,295.3149719238281,380.2087707519531,834.905221557617,2152.317138671875,10.0,0.1,2.0,1387,0.10885509,False
34582,3768,ok,True,True,20260908,5,analysis_activations,positive,False,5.745209061195816,6.303710056990256,0.01971085967254067,0.13206676523273644,0.14039536912783365,0.36340991350365837,0.6336689794114206,0.3663310205885794,0.3663310205885794,2.027379605512693,2,12,3115.839534734229,1551.0384870160156,1564.8010477182133,1564.8010477182133,256.8766174316406,342.9223327636719,830.9116241455072,2007.0433349609375,10.0,0.1,2.0,664,0.13331234,False
34597,579,ok,True,True,20260908,5,analysis_activations,positive,False,5.808445015555212,6.465293729249293,0.03100087785271089,0.15621732462076632,0.1760706615331211,0.39524337391127295,0.6546612058793324,0.34533879412066754,0.34533879412066754,2.146872811483868,2,12,635.935539557198,443.0466268741438,192.88891268305423,192.88891268305423,260.903564453125,369.8433532714844,962.319256591797,2026.7442626953125,10.0,0.1,2.0,206,0.17208125,False
34604,1397,ok,True,True,20260908,5,analysis_activations,positive,False,5.730963720715683,6.099677972523135,0.014410558834617542,0.03595980609226816,0.12004398708230889,0.18963070978158617,0.6060532197723661,0.39394678022763385,0.39394678022763385,2.3233646313067458,2,5,-63.84530652824482,-262.8201504623293,198.9748439340845,198.9748439340845,256.3577880859375,340.0767822265625,549.3887329101562,868.86279296875,10.0,0.1,2.0,206,0.05539701,False
34622,640,ok,True,True,20260908,5,analysis_activations,positive,False,5.684333294517248,6.267230301210872,0.006722597273728869,0.12788288829337646,0.08199144634490155,0.3576071703606857,0.32032919978093694,0.6796708002190632,0.32032919978093694,2.24685705477628,2,17,668.3763218650888,484.84039685645484,183.53592500863397,183.53592500863397,261.4897155761719,416.2793884277344,951.4249389648437,1653.059814453125,10.0,0.1,2.0,492,0.16329986,False
34623,572,ok,True,True,20260908,5,analysis_activations,positive,False,5.699928079170533,6.807769972967548,0.04672741690710569,0.045131461109714624,0.2161652536998157,0.21244166519238786,0.37626520502952915,0.6237347949704709,0.37626520502952915,5.169305673654078,2,2,1008.3045715483238,624.2858888070629,384.01868274126093,384.01868274126093,230.556640625,769.1448974609375,1213.163244628906,1482.0015869140625,10.0,0.1,2.0,370,0.33435336,False
34628,1052,ok,True,True,20260908,5,analysis_activations,positive,False,5.876714948927057,6.230395444070051,0.009554776101300427,0.04693910470533336,0.09774853503403735,0.21665434384136717,0.6553948092794862,0.34460519072051377,0.34460519072051377,2.104385996140207,2,8,-137.76021611814213,-475.7266638973345,337.9664477791924,337.9664477791924,308.6219482421875,377.54295349121094,630.6676025390622,899.196044921875,10.0,0.1,2.0,506,0.050736748,False
34696,2851,ok,True,True,20260908,5,analysis_activations,positive,False,5.7476053371492695,6.29993156323314,0.02208700560074176,0.09905119116240362,0.14861697615259759,0.31472399203493145,0.5930841759797597,0.4069158240202402,0.4069158240202402,2.244244196798464,2,11,2224.0655857490656,1412.0454574750574,812.0201282740081,812.0201282740081,251.64816284179688,357.52789306640625,824.8926696777344,1248.02197265625,10.0,0.1,2.0,1425,0.12707122,False
34727,2099,ok,True,True,20260908,5,analysis_activations,positive,False,5.799975004506725,6.424476090979133,0.020957516254836724,0.09669940111358181,0.14476711040438958,0.31096527316339007,0.5462536798901956,0.4537463201098043,0.4537463201098043,2.5747760650306364,2,12,2017.6132383766453,1378.8240411049019,638.7891972717434,638.7891972717434,267.9012451171875,394.1792907714844,937.1291809082031,1307.3946533203125,10.0,0.1,2.0,1411,0.15206245,False
34762,3616,ok,True,False,20260908,5,analysis_activations,positive,False,5.675584581078563,6.24718628791644,0.01474953282686515,0.15053277587753047,0.12144765467832283,0.3879855356550428,0.5391905351549902,0.4608094648450099,0.4608094648450099,1.9883614270315944,2,15,3617.4533965022583,2018.749585285573,1598.7038112166854,1598.7038112166854,245.18231201171875,332.88885498046875,872.53662109375,2022.135009765625,10.0,0.1,2.0,542,0.15854274,False
34812,4201,ok,True,False,20260908,5,analysis_activations,positive,False,5.761561337134135,6.25343432827337,0.0174667315365308,0.12793687554690705,0.13216176276264932,0.3576826464156558,0.6753862463212275,0.32461375367877243,0.32461375367877243,1.8242333187767308,2,10,2524.814255849146,655.5157940659843,1869.2984617831617,1869.2984617831617,264.422607421875,336.88214111328125,729.138671875,1915.386962890625,10.0,0.1,2.0,1391,0.10639387,False
34814,506,ok,True,True,20260908,5,analysis_activations,positive,False,5.858897488366727,6.62456590860737,0.03112088686655507,0.2314614296334652,0.17641113022299662,0.4811043853816604,0.665757801276578,0.3342421987234219,0.3342421987234219,2.1131143304673614,2,11,701.5331401411387,463.8360583310701,237.6970818100686,237.6970818100686,274.3091735839844,388.7694549560547,1269.3201293945312,2440.64794921875,10.0,0.1,2.0,339,0.22898899,False
34857,1439,ok,True,True,20260908,5,analysis_activations,positive,False,5.876294999341732,6.402250875795732,0.026998708042968524,0.05525531628816673,0.16431283590446769,0.23506449389086123,0.5846038935824682,0.4153961064175317,0.4153961064175317,2.593496892695734,2,4,867.4922238547157,672.3788021521218,195.11342170259388,195.11342170259388,274.1376953125,416.7402038574219,801.9675048828122,1066.0428466796875,10.0,0.1,2.0,584,0.10598634,False
34906,1881,ok,True,False,20260908,5,analysis_activations,positive,False,5.880690839393991,6.39295582990728,0.016471443327315455,0.11637941914116512,0.12834112095238787,0.3411442790684978,0.6504824025449623,0.3495175974550378,0.3495175974550378,1.9875931202820698,2,11,1219.1371771603601,399.03435177028075,820.1028253900794,820.1028253900794,299.2212219238281,385.6781921386719,863.8858032226562,2256.94580078125,10.0,0.1,2.0,734,0.11111025,False
34917,3579,ok,True,False,20260908,5,analysis_activations,positive,False,5.796854870678088,6.253627189534661,0.014955444857501542,0.09469930567030432,0.12229245625753676,0.3077325229323419,0.6689815841372497,0.3310184158627503,0.3310184158627503,1.950747456484914,2,9,1456.461525820259,-4.505536282972486,1460.9670621032317,1460.9670621032317,276.312255859375,350.39044189453125,697.8137268066405,2281.425537109375,10.0,0.1,2.0,907,0.08757816,False
34998,2309,ok,True,False,20260908,5,analysis_activations,positive,False,5.744955609570951,6.229633417012128,0.020201979773171518,0.11263018088767389,0.14213366868258737,0.33560420272647645,0.6382224468847911,0.3617775531152088,0.3617775531152088,1.880686962589968,2,9,1426.6028787843875,681.0323046607313,745.5705741236562,745.5705741236562,254.696044921875,341.0673522949219,726.9570190429685,2902.758544921875,10.0,0.1,2.0,1147,0.10792615,False
35065,1021,ok,True,True,20260908,5,analysis_activations,positive,False,5.948760765731607,6.640572124062546,0.05452108311181905,0.08096197857585055,0.23349750129673563,0.2845381847412585,0.616000399215525,0.383999600784475,0.383999600784475,2.6580318752700274,2,4,1148.4467780643927,1034.6765635434754,113.7702145209173,113.7702145209173,268.82550048828125,473.5146484375,1084.854248046875,1404.917236328125,10.0,0.1,2.0,664,0.17805842,False
35077,1839,ok,True,True,20260908,5,analysis_activations,positive,False,5.757424089380115,6.507178455199652,0.04299885390826409,0.07306234749226635,0.2073616500422971,0.2703004763078792,0.5062049373353484,0.4937950626646515,0.4937950626646515,3.1123646232504867,2,4,2258.9389136395544,1928.3999357805187,330.53897785903564,330.53897785903564,236.38739013671875,442.1327819824219,946.1968505859375,1367.3450927734375,10.0,0.1,2.0,155,0.19846192,False
35123,2479,ok,True,True,20260908,5,analysis_activations,positive,False,5.828003636549654,6.4128879159799,0.015693531544154884,0.1151550749431738,0.12527382625335143,0.3393450676570588,0.4776443421967954,0.5223556578032046,0.4776443421967954,2.286653684912351,2,16,2396.8306853411277,1611.5629718682692,785.2677134728585,785.2677134728585,284.42755126953125,414.193115234375,962.8154357910155,1832.906005859375,10.0,0.1,2.0,1510,0.15305997,False
35202,1799,ok,True,True,20260908,5,analysis_activations,positive,False,5.727526378559646,6.556607308687934,0.047451210173779415,0.13908424607234315,0.21783298688164612,0.3729400033146661,0.5548097499068733,0.4451902500931268,0.4451902500931268,2.7147586583689343,2,9,2683.215067041843,2290.9033129028057,392.3117541390375,392.3117541390375,223.0854949951172,396.0760498046875,1129.0280761718745,1965.52294921875,10.0,0.1,2.0,912,0.25816697,False
35203,607,ok,True,True,20260908,5,analysis_activations,positive,False,6.025519781061393,6.948201312782138,0.06786665755161032,0.08050276982902371,0.2605122982732491,0.2837301003225137,0.6236110023124686,0.3763889976875314,0.3763889976875314,3.387619432532912,2,3,946.1236333395248,819.6822404735228,126.44139286600193,126.44139286600193,274.47454833984375,530.0103149414062,1435.7324462890622,1962.15966796875,10.0,0.1,2.0,487,0.27289897,False
35212,886,ok,True,True,20260908,5,analysis_activations,positive,False,5.708937596768923,6.232020438133185,0.02599415510928956,0.0735511153354494,0.16122702971055927,0.27120308872770865,0.5790560896463923,0.4209439103536076,0.4209439103536076,2.344634529474705,2,6,593.8173706580767,457.333080433283,136.4842902247937,136.4842902247937,236.92037963867188,353.1567077636719,691.359130859375,1340.38330078125,10.0,0.1,2.0,624,0.11283318,False
35270,1144,ok,True,True,20260908,5,analysis_activations,positive,False,5.836124479842536,6.369803809213561,0.022215445676641337,0.09727944526121131,0.14904846754207618,0.3118965297357624,0.6125159688655031,0.3874840311344969,0.3874840311344969,2.183336680818333,2,10,824.4826600494445,514.7073745660865,309.77528548335795,309.77528548335795,273.56536865234375,382.61659240722656,832.0120788574217,1696.502685546875,10.0,0.1,2.0,692,0.11900227,False
35283,1785,ok,True,False,20260908,5,analysis_activations,positive,False,5.702398584874098,6.133771116956971,0.013764908255927041,0.08986501568356911,0.11732394579081902,0.2997749417205666,0.6756993140964171,0.32430068590358285,0.32430068590358285,1.895068425879029,2,8,554.6562727941323,-169.57344839379573,724.229721187928,724.229721187928,253.37570190429688,316.91241455078125,621.4219848632812,1413.355712890625,10.0,0.1,2.0,411,0.07926375,False
35286,3120,ok,True,False,20260908,5,analysis_activations,positive,False,5.6516986378390515,6.171040144799256,0.018013799902886752,0.11720547929001911,0.13421549799813265,0.34235285786746267,0.6227761239428969,0.37722387605710317,0.37722387605710317,1.9973249326870792,2,11,2223.5171908236475,1018.575413820144,1204.9417770035034,1204.9417770035034,234.6500701904297,312.3118591308594,713.6571929931639,1760.07373046875,10.0,0.1,2.0,653,0.11883165,False
35401,1079,ok,True,True,20260908,5,analysis_activations,positive,False,5.825976913650875,6.531284686807235,0.029321499529059596,0.11880847620625981,0.1712352169650262,0.34468605455727364,0.6078110108130792,0.3921889891869208,0.3921889891869208,2.5916251879317462,2,9,1243.5986342006202,901.8619419258879,341.73669227473226,341.73669227473226,265.87109375,399.177490234375,1040.3909667968746,1629.448486328125,10.0,0.1,2.0,255,0.18316875,False
35408,1721,ok,True,True,20260908,5,analysis_activations,positive,False,5.643376133830779,6.167331194459298,0.015764499321830508,0.09292866066698137,0.12555675737223587,0.3048420257559337,0.47517899176487355,0.5248210082351266,0.47517899176487355,2.2475425874461057,2,16,1316.364224348121,886.3806129806911,429.98361136742994,429.98361136742994,234.15528869628906,342.37493896484375,725.8108520507812,1314.829345703125,10.0,0.1,2.0,769,0.124796554,False
35524,774,ok,True,True,20260908,5,analysis_activations,positive,False,5.780752713264822,6.886764431306396,0.08159487653382588,0.14772427568618954,0.285648169141386,0.38434915856053276,0.5550732052798021,0.44492679472019797,0.44492679472019797,3.2662886542887,2,4,1525.5942135031987,1349.1970781017144,176.39713540148432,176.39713540148432,220.25448608398438,472.49383544921875,1582.3619567871092,2132.502685546875,10.0,0.1,2.0,441,0.41365603,False
35573,790,ok,True,True,20260908,5,analysis_activations,positive,False,5.793460267556943,6.321316653156065,0.02688820226179307,0.08270250571584654,0.1639762246845349,0.2875804334718316,0.6001381034755645,0.39986189652443554,0.39986189652443554,2.2549863183349004,2,5,553.9482188621103,417.6929710810996,136.25524778101067,136.25524778101067,256.10650634765625,375.07611083984375,798.8165618896481,1205.172607421875,10.0,0.1,2.0,574,0.116216496,False
35577,1389,ok,True,True,20260908,5,analysis_activations,positive,False,5.6914727147580475,5.999858747071227,0.009337393803861603,0.037047995566052226,0.09663019095428511,0.19247855871772374,0.5908052788090731,0.40919472119092687,0.40919472119092687,2.0249723334083956,2,7,-392.90922759677693,-682.286322684333,289.37709508755603,289.37709508755603,256.43646240234375,320.10791015625,507.20212402343736,794.984619140625,10.0,0.1,2.0,691,0.043698177,False
35584,1025,ok,True,True,20260908,5,analysis_activations,positive,False,5.836611574050199,6.332654471407623,0.014030580922245203,0.08826053257973535,0.11845075315186984,0.2970867425176279,0.42327894182878456,0.5767210581712154,0.42327894182878456,2.1933870764479884,2,16,722.6429993724001,517.0190602518192,205.62393912058099,205.62393912058099,287.71539306640625,427.97149658203125,848.2260864257812,1571.236572265625,10.0,0.1,2.0,473,0.11702,False
35675,2243,ok,True,False,20260908,5,analysis_activations,positive,False,5.795054575299208,6.178766345126847,0.010912263391037291,0.07197352312714006,0.10446177957050747,0.26827881602381515,0.6509800031725965,0.34901999682740337,0.34901999682740337,1.8848642927599832,2,9,273.0289710195312,-612.7460122862757,885.7749833058069,885.7749833058069,284.5965576171875,348.02044677734375,633.466717529297,1708.73828125,10.0,0.1,2.0,952,0.06570463,False
35904,949,ok,True,True,20260908,5,analysis_activations,positive,False,5.902254800408264,6.883214815188776,0.07018451045902403,0.20851936063128146,0.2649235936246978,0.4566392018117602,0.6545542597851745,0.34544574021482555,0.34544574021482555,2.6278150929280253,2,6,1670.5779580796598,1416.9117597141621,253.66619836549762,253.66619836549762,259.6087646484375,441.4170837402344,1695.3073730468723,2522.99853515625,10.0,0.1,2.0,658,0.33590868,False
35939,2206,ok,True,True,20260908,5,analysis_activations,positive,False,5.609878001240655,6.501503258305998,0.018320901194946466,0.3784741075403737,0.1353547235782574,0.6152024931194392,0.5560401772306341,0.4439598227693659,0.4439598227693659,2.0017703848403023,2,18,4108.899820598418,2520.9358075816326,1587.9640130167854,1587.9640130167854,228.6586456298828,315.7743225097656,1608.3362426757812,3236.77490234375,10.0,0.1,2.0,1273,0.3746354,False
35998,1955,ok,True,True,20260908,5,analysis_activations,positive,False,5.914558355127516,6.727829465114609,0.03693462088217819,0.22814964698115806,0.19218382055255898,0.4776501303058108,0.549634480152633,0.45036551984736684,0.45036551984736684,2.2338724177427145,2,13,3121.2873487892525,2468.018140995893,653.2692077933593,653.2692077933593,283.3671569824219,460.1192626953125,1589.6791015625,3168.813232421875,10.0,0.1,2.0,362,0.28692013,False
36197,647,ok,True,True,20260908,5,analysis_activations,positive,False,5.961321325992344,6.490572395409572,0.021647802056973805,0.06787370477486808,0.14713192059160313,0.26052582362381677,0.6809958861756219,0.31900411382437804,0.31900411382437804,2.5015722478107976,2,7,341.19409631898105,171.28670702123958,169.90738929774147,169.90738929774147,316.0350646972656,426.8970031738281,869.3012084960938,1406.9173583984375,10.0,0.1,2.0,411,0.0973941,False
36293,1663,ok,True,True,20260908,5,analysis_activations,positive,False,5.804432025705238,6.273140678362625,0.013065739080699608,0.08644000447156915,0.11430546391445864,0.2940068102469212,0.5976011329597519,0.4023988670402481,0.4023988670402481,2.101328225650256,2,13,827.0527933535194,193.44094894658514,633.6118444069343,633.6118444069343,281.7384338378906,362.6552734375,757.2078796386716,1199.9720458984375,10.0,0.1,2.0,954,0.09547704,False
36357,697,ok,True,True,20260908,5,analysis_activations,positive,False,5.649340195379871,6.209843411866254,0.018284087664495848,0.10482718790755453,0.13521866610973446,0.3237702702651288,0.7335551270060301,0.2664448729939698,0.2664448729939698,2.2591454424420814,2,9,405.07367587073014,76.42789507102627,328.64578079970386,328.64578079970386,234.49415588378906,299.9964904785156,689.7986572265623,1416.9322509765625,10.0,0.1,2.0,505,0.10289367,False
36499,3472,ok,True,True,20260908,5,analysis_activations,positive,False,5.524900238731286,6.484398918490395,0.04231566381187831,0.1936312521879701,0.20570771451717193,0.44003551241686173,0.4683741148390408,0.5316258851609593,0.4683741148390408,2.793522841399783,2,16,6244.18130712058,5293.66613103907,950.5151760815097,950.5151760815097,187.6202392578125,372.2101287841797,1187.6943542480467,1967.2919921875,10.0,0.1,2.0,1311,0.35209846,False
36577,1503,ok,True,True,20260908,5,analysis_activations,positive,False,5.892376727817664,6.57876212109239,0.03762303445824182,0.08742168500192753,0.19396658077679726,0.29567158301386953,0.668263051627316,0.331736948372684,0.331736948372684,2.7450505882863427,2,4,1512.2347623515507,1162.0503836654198,350.1843786861309,350.1843786861309,271.1212158203125,411.2119140625,997.8910034179685,1620.7774658203125,10.0,0.1,2.0,722,0.15869026,False
36578,2379,ok,True,False,20260908,5,analysis_activations,positive,False,5.580121974057084,6.0358272830658395,0.011595763202090404,0.09379258142874207,0.10768362550587904,0.30625574513589465,0.6142088151814848,0.38579118481851526,0.38579118481851526,1.9851932714066807,2,14,1103.88932979527,34.17119234452715,1069.718137450743,1069.718137450743,227.38546752929688,286.25244140625,615.1952758789063,1141.8111572265625,10.0,0.1,2.0,1165,0.09255239,False
36586,1445,ok,True,False,20260908,5,analysis_activations,positive,False,5.962042514359911,6.225334204621131,0.007390944204737826,0.028215326909569835,0.08597060081642925,0.16797418524752497,0.6319194189826383,0.3680805810173618,0.3680805810173618,1.9732808591114577,2,6,-895.98075583454,-1205.4224075109055,309.4416516763655,309.4416516763655,339.5267333984375,409.9140625,601.203515625,994.4945068359375,10.0,0.1,2.0,997,0.03120091,False
36622,1075,ok,True,True,20260908,5,analysis_activations,positive,False,5.764587434663398,6.295385402051069,0.010760419664258464,0.12581413607355812,0.10373244267951306,0.35470288421939583,0.4950746303825065,0.5049253696174935,0.4950746303825065,2.0312311624949455,2,15,945.5850315404354,500.1056535401973,445.47937800023806,445.47937800023806,274.1829833984375,368.2635498046875,889.2283569335938,1781.3740234375,10.0,0.1,2.0,475,0.13941243,False
36643,2519,ok,True,True,20260908,5,analysis_activations,positive,False,5.830152878769708,6.199042098554832,0.011527119214747304,0.05123753888707537,0.10736442248131968,0.2263571047859452,0.5734912973381845,0.42650870266181556,0.42650870266181556,2.082348325222952,2,11,149.62451740909265,-463.4261078087395,613.0506252178321,613.0506252178321,290.8802490234375,375.8320617675781,648.052001953125,1108.149169921875,10.0,0.1,2.0,1556,0.061772406,False
36649,1304,ok,True,True,20260908,5,analysis_activations,positive,False,5.8511634512252435,6.527153963952568,0.02885788695990118,0.1876643783134378,0.16987609296160888,0.43320246803710366,0.5511868789448257,0.44881312105517446,0.44881312105517446,2.0544913524902317,2,16,1699.4200580832894,1280.052034068938,419.3680240143515,419.3680240143515,274.13983154296875,410.47869873046875,1201.9835876464829,2315.27001953125,10.0,0.1,2.0,240,0.21333855,False
36696,2012,ok,True,False,20260908,5,analysis_activations,positive,False,5.838042339641758,6.363886381258507,0.01803018710489803,0.14850511322277293,0.13427653221951344,0.3853636117003952,0.631978898412597,0.3680211015874031,0.3680211015874031,1.82229550031031,2,12,1625.6358443463012,742.0777458878202,883.5580984584809,883.5580984584809,284.89544677734375,372.4327392578125,860.019805908203,3221.6474609375,10.0,0.1,2.0,812,0.13042288,False
36755,580,ok,True,True,20260908,5,analysis_activations,positive,False,5.833925035780465,6.211969982502797,0.00806898607374172,0.05913717838353213,0.08982753516456811,0.2431813693183179,0.4997889545760777,0.5002110454239223,0.4997889545760777,2.0623096784504544,2,17,110.84906644840433,-54.52762339546269,165.376689843867,165.376689843867,297.26531982421875,384.2518005371094,698.2520660400389,1083.253173828125,10.0,0.1,2.0,399,0.06946208,False
36774,1916,ok,True,True,20260908,5,analysis_activations,positive,False,5.70420842590228,6.149336406860762,0.016006964388254257,0.07267262560364408,0.12651863257344453,0.2695786074666239,0.553219927530655,0.446780072469345,0.446780072469345,2.113917600375695,2,12,845.1681750560499,391.21097547924575,453.95719957680416,453.95719957680416,248.85977172851562,342.9548645019531,658.1244659423828,1118.0587158203125,10.0,0.1,2.0,882,0.0903438,False
36834,1500,ok,True,True,20260908,5,analysis_activations,positive,False,6.403809933647274,7.616102377812188,0.10286446223384135,0.009968276951094904,0.3207249011751993,0.09984125876157063,0.5441054344440683,0.4558945655559317,0.4558945655559317,5.103931422392972,2,2,2988.179110161223,1333.1058487501816,1655.0732614110414,1655.0732614110414,273.2668762207031,820.9699096679688,2302.8156616210936,2718.118896484375,10.0,0.1,2.0,755,0.42535025,False
36904,1949,ok,True,True,20260908,5,analysis_activations,positive,False,5.710947575801048,6.256797926901991,0.017562359717631915,0.12524317608035895,0.13252305353270394,0.3538971264087333,0.6580667195561672,0.34193328044383275,0.34193328044383275,2.0427540034421408,2,11,1436.783639639749,539.9923374645293,896.7913021752197,896.7913021752197,251.4945526123047,324.03173828125,747.9810668945312,1628.3369140625,10.0,0.1,2.0,651,0.12148709,False
36911,1901,ok,True,False,20260908,5,analysis_activations,positive,False,5.742564128882119,6.182048831567917,0.01088384700808799,0.10157240873130234,0.10432567760665631,0.3187042653170841,0.6617881930636288,0.33821180693637115,0.33821180693637115,1.8533905789778675,2,12,718.9450752196589,-282.88858983562733,1001.8336650552862,1001.8336650552862,271.41302490234375,327.87200927734375,686.4912719726562,1634.503173828125,10.0,0.1,2.0,782,0.084830396,False
36929,911,ok,True,True,20260908,5,analysis_activations,positive,False,5.8084230052487635,6.322137103190881,0.027311470434660298,0.06369067520142499,0.16526182388761265,0.25237011550780925,0.6385041147150404,0.3614958852849595,0.3614958852849595,2.408300445712555,2,4,513.7156723721661,380.6553761754244,133.06029619674166,133.06029619674166,254.514404296875,376.9942626953125,736.363037109375,1144.2073974609375,10.0,0.1,2.0,647,0.1014858,False
37051,532,ok,True,True,20260908,5,analysis_activations,positive,False,5.918742406087296,6.4004191163628645,0.017765939544641188,0.04855194465399799,0.13328893256621566,0.22034505815651503,0.6545864652158101,0.34541353478418985,0.34541353478418985,2.6451805147706366,2,5,184.28867183436773,67.7633929694698,116.52527886489793,116.52527886489793,304.9997863769531,407.7201232910156,751.6059906005858,1098.080810546875,10.0,0.1,2.0,339,0.081009805,False
37135,589,ok,True,True,20260908,5,analysis_activations,positive,False,5.695233141297729,6.576565413681666,0.04106880591179367,0.08249885613889747,0.2026544001787123,0.2872261411134047,0.3586737044274444,0.6413262955725556,0.3586737044274444,3.545702195279746,2,9,858.9820061487096,735.7391571113202,123.24284903738942,123.24284903738942,222.7073974609375,571.5722045898438,1092.1480468750003,1402.44189453125,10.0,0.1,2.0,218,0.24672937,False
37156,2394,ok,True,True,20260908,5,analysis_activations,positive,False,5.691532138209588,6.182053514480344,0.015513441992355393,0.07683628135890985,0.12455296862120707,0.2771935810203942,0.5195081274439356,0.4804918725560643,0.4804918725560643,2.282733101799963,2,14,1414.7386551208776,805.4677721629877,609.27088295789,609.27088295789,246.325439453125,345.69696044921875,691.8124786376952,1224.740966796875,10.0,0.1,2.0,1563,0.10508248,False
37175,1449,ok,True,True,20260908,5,analysis_activations,positive,False,5.570747234683732,6.089001500204273,0.011592113278301076,0.1208122380718106,0.10766667673101588,0.3475805490412411,0.6372768980678236,0.36272310193217644,0.36272310193217644,2.014219304970568,2,13,971.0426169155037,142.20237549096007,828.8402414245436,828.8402414245436,225.4701385498047,282.06585693359375,650.5433715820312,1471.900146484375,10.0,0.1,2.0,553,0.11337115,False
37204,734,ok,True,True,20260908,5,analysis_activations,positive,False,5.906804615397133,6.293996647129151,0.01651663551449856,0.03720178685519168,0.12851706312586886,0.192877647370533,0.6702119997068816,0.3297880002931184,0.3297880002931184,2.3625433395240556,2,4,-13.30746349284285,-120.74849213187791,107.44102863903507,107.44102863903507,301.49835205078125,399.3086853027344,658.078567504883,912.9735717773438,10.0,0.1,2.0,558,0.056550395,False
37242,3231,ok,True,True,20260908,5,analysis_activations,positive,False,5.874539557368975,6.6813658493444805,0.05070299317714378,0.11426253514296938,0.22517325146904946,0.33802741773851624,0.6086979298430827,0.3913020701569172,0.3913020701569172,2.8093020674107962,2,4,4445.569852667433,3745.8357881737443,699.734064493689,699.734064493689,253.5987091064453,437.3079528808594,1209.7991333007812,1695.4461669921875,10.0,0.1,2.0,1221,0.23069508,False
37253,1022,ok,True,True,20260908,5,analysis_activations,positive,False,5.892269349964666,6.648676015631673,0.050197987439809584,0.1259817727865178,0.22404907373120198,0.3549391113790051,0.6072846608943161,0.39271533910568385,0.39271533910568385,2.5485451846239484,2,4,1349.9196232992974,1163.5877762171206,186.33184708217686,186.33184708217686,262.09185791015625,444.21075439453125,1231.030932617187,1739.6856689453125,10.0,0.1,2.0,825,0.21662265,False
37258,2310,ok,True,True,20260908,5,analysis_activations,positive,False,5.970761475242012,6.605708487911169,0.032314195869323784,0.16329117180565145,0.17976149718258297,0.4040930237032699,0.638165309265477,0.361834690734523,0.361834690734523,2.0303088044875133,2,9,2515.4827476428436,1782.8035242039787,732.6792234388649,732.6792234388649,303.4210510253906,441.5083312988281,1128.9549194335912,2659.913330078125,10.0,0.1,2.0,245,0.1728734,False
37454,2085,ok,True,False,20260908,5,analysis_activations,positive,False,5.5425865585259535,6.004465934685823,0.01156455549198232,0.10222155138695278,0.10753862325686674,0.3197210524612866,0.5932438628945444,0.40675613710545566,0.40675613710545566,1.9364172782777302,2,14,1129.6413432156755,200.0739147893846,929.5674284262909,929.5674284262909,219.15489196777344,277.60894775390625,604.005859375,1368.0850830078125,10.0,0.1,2.0,546,0.09996521,False
37460,626,ok,True,True,20260908,5,analysis_activations,positive,False,5.8497830610695205,7.43829464448121,0.089562786151735,0.07462766390164198,0.2992704231155077,0.27318064335095554,0.7138423572384011,0.28615764276159894,0.28615764276159894,5.544104877903986,2,3,1470.3847367215644,993.4949591280281,476.88977759353634,476.88977759353634,224.31031799316406,395.75262451171875,2170.0081787109375,2477.58935546875,10.0,0.1,2.0,271,0.6017012,False
37486,517,ok,True,True,20260908,5,analysis_activations,positive,False,5.639419949785148,5.955704541318568,0.0077753985511896965,0.02136552244630829,0.08817822039023977,0.1461694990287245,0.6477773866662285,0.35222261333377136,0.35222261333377136,2.6202419532585313,2,5,-247.8522702477158,-356.45980570660197,108.60753545888616,108.60753545888616,245.20672607421875,299.37762451171875,447.6578735351562,590.7286987304688,10.0,0.1,2.0,430,0.035454173,False
37551,629,ok,True,True,20260908,5,analysis_activations,positive,False,5.875465849005382,6.752424767472124,0.03415769608495362,0.2697111802268877,0.18481800801045775,0.5193372509524882,0.5882615789579363,0.4117384210420637,0.4117384210420637,2.2498374262200014,2,11,1076.109607149333,800.8257944537235,275.2838126956095,275.2838126956095,273.9936828613281,417.35516357421875,1723.3517089843758,2671.461669921875,10.0,0.1,2.0,390,0.31792167,False
37582,542,ok,True,True,20260908,5,analysis_activations,positive,False,5.957377668188399,6.503164964135587,0.02987846934703725,0.0712306935927179,0.17285389595562273,0.2668907896363565,0.6389604160745584,0.3610395839254416,0.3610395839254416,2.4274101463104434,2,4,371.47814488877697,292.170517308511,79.30762758026594,79.30762758026594,301.3197937011719,439.34375,902.6686462402344,1567.9244384765625,10.0,0.1,2.0,336,0.113735974,False
37593,2521,ok,True,False,20260908,5,analysis_activations,positive,False,5.81360616733551,6.342375490893773,0.016647995212395975,0.13130626367512696,0.12902711037761008,0.3623620615836141,0.6090711920906362,0.39092880790936385,0.39092880790936385,1.9440951377378068,2,13,1988.321470282597,908.9393597994539,1079.3821104831432,1079.3821104831432,278.53765869140625,366.3905029296875,851.6983032226562,1876.6632080078125,10.0,0.1,2.0,715,0.128094,False
37697,1805,ok,True,False,20260908,5,analysis_activations,positive,False,5.7049716202334,6.044459038095846,0.006267861842306354,0.05403982505691955,0.07916982911631396,0.23246467485818045,0.5984437747165452,0.4015562252834549,0.4015562252834549,1.9550251341726288,2,11,-159.79144318470424,-953.3564209375681,793.5649777528639,793.5649777528639,267.43560791015625,319.4794921875,546.852099609375,1194.8565673828125,10.0,0.1,2.0,1299,0.053175565,False
37706,1165,ok,True,True,20260908,5,analysis_activations,positive,False,5.871775898830674,6.509028337959615,0.018383078197825538,0.11284102695485561,0.13558421072464721,0.3359181849124212,0.5583672365302812,0.44163276346971875,0.44163276346971875,2.4878242359267126,2,14,1187.0149122534344,740.4912352523105,446.52367700112393,446.52367700112393,295.8190612792969,416.3413391113281,1026.02822265625,1432.712646484375,10.0,0.1,2.0,877,0.16037464,False
37745,2155,ok,True,False,20260908,5,analysis_activations,positive,False,5.731508913071782,6.299678417176542,0.028693182320183284,0.137104866504942,0.16939062052009635,0.3702767431326764,0.7132391544230466,0.2867608455769534,0.2867608455769534,1.9733458646096516,2,6,1663.6267512667116,935.2176969783312,728.4090542883804,728.4090542883804,242.68296813964844,330.5262451171875,768.9391296386718,2207.807373046875,10.0,0.1,2.0,602,0.12586397,False
37772,2753,ok,True,False,20260908,5,analysis_activations,positive,False,5.703037846307603,6.032394369444621,0.008500797838865608,0.054502550871963346,0.09219977136015907,0.23345781390213383,0.6836635086961309,0.316336491303869,0.316336491303869,1.855664461543204,2,8,-617.833326487256,-1730.6139965247148,1112.7806700374588,1112.7806700374588,263.7589111328125,311.7359924316406,516.4841918945312,1234.457763671875,10.0,0.1,2.0,1372,0.046528567,False
37816,2472,ok,True,False,20260908,5,analysis_activations,positive,False,5.725966506815408,6.004062137919125,0.0065459766772240115,0.034362961427263035,0.08090721029193883,0.18537249371808925,0.6507047887260251,0.349295211273975,0.349295211273975,1.9444646884355767,2,9,-1339.6737913643599,-2144.3959000399364,804.7221086755765,804.7221086755765,272.486572265625,320.6205749511719,488.9293670654297,823.0654296875,10.0,0.1,2.0,850,0.033852845,False
37849,704,ok,True,False,20260908,5,analysis_activations,positive,False,5.809985080161656,6.221285894818851,0.011767880713665715,0.07687478349422547,0.10847986317130805,0.27726302222659527,0.6666165061455057,0.3333834938544943,0.3333834938544943,1.9536788153140232,2,9,149.52228098048914,-130.9568411209972,280.4791221014864,280.4791221014864,287.7732849121094,352.76104736328125,705.6785278320316,1103.425537109375,10.0,0.1,2.0,312,0.07116932,False
37909,1334,ok,True,False,20260908,5,analysis_activations,positive,False,5.88856613574718,6.442936698689715,0.024793855176527223,0.15348191525074315,0.1574606464375376,0.39176768020185526,0.6662922883666359,0.3337077116333642,0.3337077116333642,1.856816548609771,2,8,1139.344252339205,646.7971500241403,492.54710231506476,492.54710231506476,286.2265625,390.35987854003906,908.5950958251952,2357.32373046875,10.0,0.1,2.0,267,0.13617212,False
37975,1039,ok,True,True,20260908,5,analysis_activations,positive,False,5.761404863826549,6.386773359405345,0.028767919177346748,0.11150308105786116,0.16961108211831782,0.33392077062959286,0.4477013671359907,0.5522986328640093,0.4477013671359907,2.361386356987916,2,13,1128.4681208721115,977.8224717833976,150.64564908871387,150.64564908871387,245.17477416992188,421.0731506347656,982.0405883789061,1481.8486328125,10.0,0.1,2.0,713,0.17132805,False
37976,1364,ok,True,False,20260908,5,analysis_activations,positive,False,5.695490635920367,6.057423273212895,0.012257292780608404,0.05570022579607955,0.11071265862857961,0.23600895278798123,0.6785816149505599,0.3214183850494401,0.3214183850494401,1.963468729284417,2,5,-76.07216633155224,-475.5541342843259,399.4819679527737,399.4819679527737,254.4355010986328,313.33447265625,534.4797698974609,1026.17041015625,10.0,0.1,2.0,878,0.054831043,False
38024,1161,ok,True,False,20260908,5,analysis_activations,positive,False,5.788105649951815,6.207810846250546,0.015243853687163765,0.07528751183019743,0.12346600215105276,0.2743856990263841,0.6769452470757545,0.3230547529242455,0.3230547529242455,1.9726943852815317,2,7,272.79977863460465,-99.17785037659552,371.9776290112002,371.9776290112002,275.0625305175781,347.8751220703125,652.658935546875,1350.2830810546875,10.0,0.1,2.0,597,0.073226176,False
38047,686,ok,True,True,20260908,5,analysis_activations,positive,False,5.848777366921541,6.220187465408387,0.011355600814525734,0.05254034409871432,0.10656266144633275,0.22921680588192986,0.650640482436646,0.349359517563354,0.349359517563354,2.0779354733762267,2,8,-4.152131214035306,-202.88598388484797,198.73385267081267,198.73385267081267,294.2441101074219,368.3626251220703,644.9040832519531,944.7125244140625,10.0,0.1,2.0,457,0.0571823,False
38070,913,ok,True,True,20260908,5,analysis_activations,positive,False,5.744802793113789,6.2397429185598705,0.014331700971564254,0.09904624229686936,0.11971508247319655,0.3147161297055957,0.5370274141649006,0.46297258583509937,0.46297258583509937,2.078755324801651,2,16,625.6348479185419,335.5082063429979,290.12664157554406,290.12664157554406,261.12677001953125,354.56146240234375,786.253784179687,1248.6251220703125,10.0,0.1,2.0,185,0.114582375,False
38147,556,ok,True,True,20260908,5,analysis_activations,positive,False,5.882006781527642,6.277552253924331,0.014527866297903732,0.06197083765798609,0.12053159875279068,0.24893942568019653,0.6229877754837161,0.37701222451628386,0.37701222451628386,2.022480657758877,2,6,105.2478547376545,-19.47297523836962,124.72082997602413,124.72082997602413,297.21282958984375,389.6466979980469,696.8565826416016,1144.6348876953125,10.0,0.1,2.0,317,0.06928557,False
38286,1474,ok,True,False,20260908,5,analysis_activations,positive,False,5.8236947566836355,6.273640458611702,0.017014902998985917,0.0847751842303138,0.13044118597661522,0.2911617836020273,0.6114026726519144,0.3885973273480857,0.3885973273480857,1.9944463672576092,2,11,671.7983435356819,248.64454765986508,423.15379587581674,423.15379587581674,281.8742370605469,372.43675231933594,746.9719635009765,1408.745361328125,10.0,0.1,2.0,571,0.09150785,False
38321,553,ok,True,True,20260908,5,analysis_activations,positive,False,5.704266694731254,6.906063853081272,0.060009280469305586,0.06309580847556485,0.24496791722449204,0.2511887905053983,0.4109311108138601,0.58906888918614,0.4109311108138601,4.844044983381727,2,2,1090.871778028768,771.4060588987272,319.4657191300407,319.4657191300407,220.23089599609375,763.6146850585938,1369.920849609375,1742.9105224609375,10.0,0.1,2.0,448,0.41219252,False
38388,7124,ok,True,True,20260908,5,analysis_activations,positive,False,5.840819678591515,6.357131390270666,0.01830312349859086,0.11434732373964078,0.13528903687509516,0.33815281122539964,0.5884148354836256,0.4115851645163745,0.4115851645163745,2.0048072073688985,2,12,5270.690636292217,2798.1423492507956,2472.5482870414216,2472.5482870414216,283.4495849609375,385.2194061279297,884.6853363037101,1821.6107177734375,10.0,0.1,2.0,1778,0.122410245,False
38394,1378,ok,True,False,20260908,5,analysis_activations,positive,False,5.784416876873391,6.287599218317775,0.02199707071909772,0.11911776825712371,0.14831409480928548,0.3451344205626609,0.6422838965162411,0.3577161034837589,0.3577161034837589,1.894323065200819,2,9,943.6024317531708,510.5994913417193,433.0029404114515,433.0029404114515,262.44464111328125,355.0384521484375,738.1500549316405,1734.5404052734375,10.0,0.1,2.0,265,0.114993595,False
38395,1386,ok,True,True,20260908,5,analysis_activations,positive,False,5.841958213706389,6.790247070776017,0.08033199523457815,0.1683466320923956,0.28342899504916247,0.410300660604386,0.573811893175396,0.426188106824604,0.426188106824604,2.689282430069893,2,4,2443.3555032226354,2228.073634099777,215.28186912285855,215.28186912285855,231.93020629882812,469.8560028076172,1528.2998962402344,2154.443603515625,10.0,0.1,2.0,854,0.33799914,False
38518,2396,ok,True,True,20260908,5,analysis_activations,positive,False,5.981986002639423,6.597293685641195,0.035621794439457954,0.0670941394588132,0.1887373689534162,0.2590253645086002,0.5755786794633501,0.4244213205366498,0.4244213205366498,2.7151162323140827,2,4,2129.2790673680356,1782.9874847610586,346.29158260697704,346.29158260697704,296.399658203125,484.4101257324219,1026.4603881835938,1491.914794921875,10.0,0.1,2.0,768,0.14152567,False
38552,1006,ok,True,True,20260908,5,analysis_activations,positive,False,5.9342641861314425,6.401855581810754,0.016585675847328292,0.07213864780852658,0.12878538677710408,0.2685863879807139,0.5850330332555403,0.4149669667444597,0.4149669667444597,2.2200367313511333,2,10,476.2573893773482,224.34429187997586,251.91309749737235,251.91309749737235,312.7413330078125,426.1500701904297,838.1313018798828,1541.92919921875,10.0,0.1,2.0,590,0.092809044,False
38619,8119,ok,True,True,20260908,5,analysis_activations,positive,False,5.844398207163238,6.656636196826667,0.03371176119915529,0.2236172892666694,0.18360762837952918,0.47288189779972484,0.45606319704056475,0.5439368029594353,0.45606319704056475,2.264403864362005,2,18,13301.68852270681,11094.05840995544,2207.6301127513707,2207.6301127513707,264.7549133300781,475.1451110839844,1510.708581542968,3500.5615234375,10.0,0.1,2.0,1169,0.30070347,False
38771,1439,ok,True,True,20260908,5,analysis_activations,positive,False,5.886068138690166,6.363619046712776,0.016003549727469483,0.09397220746622498,0.12650513715841535,0.30654886635938644,0.6073693429581615,0.39263065704183847,0.39263065704183847,2.036508338268737,2,11,799.1484489539962,312.65820850653125,486.49024044746494,486.49024044746494,299.51409912109375,395.215087890625,836.1808044433589,1600.89404296875,10.0,0.1,2.0,317,0.1010699,False
39170,514,ok,True,True,20260908,5,analysis_activations,positive,False,5.91583999865655,6.585728200628957,0.02645890668013037,0.13719595848629082,0.16266193986341848,0.37039972797815446,0.7452891338293783,0.25471086617062166,0.25471086617062166,2.3418165268207978,2,7,460.02591000466555,235.93962141448094,224.0862885901846,224.0862885901846,291.14739990234375,391.511962890625,962.0242492675779,1683.677490234375,10.0,0.1,2.0,293,0.14012411,False
39240,640,ok,True,True,20260908,5,analysis_activations,positive,False,5.868688414078128,6.785722815283883,0.07732850883761862,0.14422344961453473,0.2780800403438165,0.37976762581154117,0.5321141290368361,0.467885870963164,0.467885870963164,2.755261533522036,2,4,1095.908615655615,1024.7543601316986,71.15425552391639,71.15425552391639,231.21649169921875,505.7179870605469,1378.8571655273433,2299.5087890625,10.0,0.1,2.0,385,0.31849498,False
39275,839,ok,True,True,20260908,5,analysis_activations,positive,False,5.713045340620958,6.1202385712210505,0.006741246755719743,0.06831009139731276,0.08210509579630088,0.26136199302368496,0.3984740690629931,0.6015259309370068,0.3984740690629931,2.1020174995006187,2,21,311.46410920551864,94.19542412634198,217.26868507917666,217.26868507917666,265.05511474609375,364.5961608886719,673.0423095703121,1099.33642578125,10.0,0.1,2.0,434,0.08361772,False
39319,1469,ok,True,False,20260908,5,analysis_activations,positive,False,5.6571130869746975,6.136925997847269,0.0123830528083862,0.11395105464941709,0.11127916610213343,0.33756637073235995,0.566289252625399,0.433710747374601,0.433710747374601,1.9090909525335942,2,17,980.162633957696,362.3107385460587,617.8518954116373,617.8518954116373,244.70602416992188,316.4515686035156,723.0425903320308,1673.5191650390625,10.0,0.1,2.0,230,0.11305352,False
39332,1483,ok,True,True,20260908,5,analysis_activations,positive,False,5.877211206282365,6.6358946902608515,0.0309360340581354,0.2254780976419508,0.17588642374593724,0.47484534076049517,0.6381736953517828,0.3618263046482172,0.3618263046482172,2.11887164564281,2,12,2070.712146351187,1390.324268847545,680.3878775036421,680.3878775036421,278.85357666015625,400.096435546875,1326.9942382812494,2858.572021484375,10.0,0.1,2.0,253,0.23439375,False
39363,968,ok,True,True,20260908,5,analysis_activations,positive,False,5.703411977671267,6.098470246778114,0.01109360783904247,0.039011553483516696,0.10532619730647484,0.19751342608419484,0.7460157873152178,0.25398421268478233,0.25398421268478233,2.495944488159699,2,5,-183.52098844195757,-515.0841056236046,331.56311718164704,331.56311718164704,258.04931640625,311.0947723388672,521.7416870117187,768.7811279296875,10.0,0.1,2.0,138,0.047804464,False
39376,1675,ok,True,False,20260908,5,analysis_activations,positive,False,5.77018076939767,6.329090743484858,0.027187355054518105,0.13004334250920527,0.16488588494628068,0.36061522778330546,0.6099738373101573,0.39002616268984264,0.39002616268984264,1.9933712359470834,2,8,1494.3226519584123,1043.4563096711713,450.86634228724097,450.86634228724097,252.68850708007812,359.2596130371094,825.4359375,1698.6820068359375,10.0,0.1,2.0,177,0.14170471,False
39434,593,ok,True,False,20260908,5,analysis_activations,positive,False,5.828304511320282,6.389701380056211,0.024036544788795425,0.1673751909275931,0.1550372367813469,0.40911513162873003,0.6605808484437026,0.33941915155629737,0.33941915155629737,1.8146827171832822,2,9,543.7577444238347,318.3960562354406,225.36168818839406,225.36168818839406,271.8149719238281,370.2988586425781,837.3102661132812,2596.6318359375,10.0,0.1,2.0,273,0.14359428,False
39465,1395,ok,True,False,20260908,5,analysis_activations,positive,False,5.77785569092275,6.163314991479491,0.008982475830491084,0.06988897494891709,0.09477592431884314,0.26436523021932573,0.646316733052257,0.35368326694774294,0.35368326694774294,1.941036097889693,2,10,149.21668879912937,-479.6650742045315,628.8817630036608,628.8817630036608,282.2427978515625,342.56878662109375,625.0483093261719,1221.9808349609375,10.0,0.1,2.0,803,0.064533204,False
39511,1692,ok,True,True,20260908,5,analysis_activations,positive,False,5.719869023380267,6.152466352596824,0.016302230254186235,0.06281148583185626,0.12768018739877474,0.2506221974044922,0.6006629791641758,0.3993370208358242,0.3993370208358242,2.17506850305179,2,9,538.000550651726,146.74098507447593,391.2595655772501,391.2595655772501,252.04713439941406,337.3265075683594,628.7766967773437,1045.26953125,10.0,0.1,2.0,1115,0.07981012,False
39540,3752,ok,True,True,20260908,5,analysis_activations,positive,False,5.776680248022674,6.128960635858222,0.009762361291791382,0.04631996568579877,0.09880466229784596,0.21522073711842632,0.6783448857891696,0.3216551142108304,0.3216551142108304,2.103732183948095,2,8,-682.4920249289171,-1960.7713195847361,1278.279294655819,1278.279294655819,279.6317138671875,339.6015319824219,571.0259979248046,971.0475463867188,10.0,0.1,2.0,1682,0.048611276,False
39546,862,ok,True,True,20260908,5,analysis_activations,positive,False,5.915638938612541,6.541176637514067,0.03338633812588272,0.10619818586330526,0.1827192877774066,0.32588063131046197,0.6759269621643109,0.32407303783568897,0.32407303783568897,2.3678263600530083,2,4,781.4167424680205,571.3641494755389,210.05259299248166,210.05259299248166,283.18157958984375,411.36065673828125,990.4634521484375,1637.7352294921875,10.0,0.1,2.0,283,0.14286095,False
39561,1196,ok,True,True,20260908,5,analysis_activations,positive,False,5.588214247858524,6.407828627001417,0.02333540773054343,0.20185144122991636,0.15275931307302815,0.4492788012247143,0.37722785304564344,0.6227721469543567,0.37722785304564344,2.442603948810389,2,21,1937.329554991765,1635.0390317128547,302.2905232789103,302.2905232789103,210.89370727539062,406.88963317871094,1182.375732421875,2012.1104736328125,10.0,0.1,2.0,719,0.29257005,False
39598,836,ok,True,True,20260908,5,analysis_activations,positive,False,6.062787626835486,7.161926011870491,0.09902390681901646,0.06376024706398935,0.31468064258707823,0.25250791485414736,0.4187562334731877,0.5812437665268123,0.4187562334731877,3.8526655498056908,2,3,1560.5328631845236,1262.8132944995843,297.7195686849393,297.7195686849393,273.7952575683594,957.9017333984375,1774.11767578125,2329.701904296875,10.0,0.1,2.0,613,0.37302473,False
39612,2971,ok,True,False,20260908,5,analysis_activations,positive,False,5.439710147313583,5.978441664303726,0.012473194399380095,0.16516547518044186,0.11168345624746798,0.4064055550560817,0.7078635630570614,0.29213643694293845,0.29213643694293845,1.8076678140430316,2,11,2075.265269173364,-70.82336243891494,2146.0886316122787,2146.0886316122787,197.91690063476562,237.47314453125,565.309814453125,2215.317626953125,10.0,0.1,2.0,1568,0.11713646,False
39614,6448,ok,True,True,20260908,5,analysis_activations,positive,False,5.773419637419555,6.352818139043486,0.017845435152565425,0.10615211574554026,0.13358680755435928,0.32580993807055714,0.44534760782634647,0.5546523921736536,0.44534760782634647,2.3269433578426204,2,17,6072.655508279133,4500.980332720043,1571.6751755590894,1571.6751755590894,263.9019775390625,410.2638244628906,931.4061737060545,1598.3125,10.0,0.1,2.0,2288,0.14976996,False
39738,1451,ok,True,False,20260908,5,analysis_activations,positive,False,5.880929024803925,6.512751192794017,0.023739483859743078,0.20771242578788476,0.15407622743221316,0.455754786906166,0.6354421597242639,0.364557840275736,0.364557840275736,1.8572889421252887,2,14,1670.3806883480563,982.6279039687932,687.7527843792631,687.7527843792631,291.41558837890625,393.0794677734375,1081.520263671875,3525.27685546875,10.0,0.1,2.0,657,0.18341044,False
39819,1874,ok,True,True,20260908,5,analysis_activations,positive,False,5.909251755620659,6.408366872004276,0.02508141004365798,0.07194471671044995,0.15837111492837946,0.2682251231902969,0.6138128530343782,0.3861871469656219,0.3861871469656219,2.2660598376385988,2,5,1059.5490795288304,725.5189053546753,334.03017417415504,334.03017417415504,289.34326171875,418.1920166015625,850.1692871093745,1302.260986328125,10.0,0.1,2.0,989,0.102285065,False
39865,669,ok,True,True,20260908,5,analysis_activations,positive,False,5.803340713793482,6.2664103908382724,0.012938192576638741,0.08476636452370405,0.11374617609677584,0.29114663749338415,0.5399203034452104,0.46007969655478964,0.46007969655478964,2.0950960153588065,2,14,366.0890589023743,165.5211245723962,200.5679343299781,200.5679343299781,278.581787109375,375.57073974609375,783.160791015625,1300.80859375,10.0,0.1,2.0,135,0.09939901,False
39902,2193,ok,True,False,20260908,5,analysis_activations,positive,False,5.803068125101549,6.220488397053196,0.011961622218280017,0.08213797949847404,0.10936920141557228,0.2865972426567884,0.6049166601834053,0.3950833398165946,0.3950833398165946,1.9243968701593908,2,11,736.0354154897962,-73.96815355569515,810.0035690454913,810.0035690454913,283.7203369140625,359.1316223144531,701.4882446289063,1761.892578125,10.0,0.1,2.0,769,0.081365235,False
40072,5358,ok,True,False,20260908,5,analysis_activations,positive,False,5.707071943798918,5.941106921756799,0.004175079310899136,0.024520011594515143,0.06461485363984922,0.1565886700707147,0.6627853387992693,0.3372146612007307,0.3372146612007307,1.953853357873308,2,9,-4925.259503677969,-6953.125228982508,2027.8657253045385,2027.8657253045385,273.92840576171875,311.35462951660156,442.33400115966793,682.6180419921875,10.0,0.1,2.0,1171,0.023280436,False
40100,722,ok,True,True,20260908,5,analysis_activations,positive,False,5.605451731214136,6.052633557573483,0.0137378934757605,0.05016864059817917,0.11720876023472179,0.22398357216139575,0.5218179935543853,0.4781820064456147,0.4781820064456147,2.50164978357152,2,11,247.99547560528197,107.70664213488187,140.2888334704001,140.2888334704001,230.06671142578125,318.4963073730469,563.0104064941405,856.8829345703125,10.0,0.1,2.0,195,0.081167445,False
40209,4417,ok,True,False,20260908,5,analysis_activations,positive,False,5.787502235478658,6.116352242028766,0.009491833199163184,0.050510209629942536,0.09742603963603973,0.2247447655228983,0.6536617205591914,0.34633827944080864,0.34633827944080864,1.8985840776321412,2,7,-844.3113039396011,-2296.2278258395786,1451.9165218999774,1451.9165218999774,283.9360046386719,344.2672119140625,571.5383178710937,1160.4302978515625,10.0,0.1,2.0,841,0.048190117,False
40246,979,ok,True,True,20260908,5,analysis_activations,positive,False,5.9617758663628,6.531755527739308,0.030235819747730444,0.08929560453662051,0.17388450117169857,0.29882370143049314,0.6441979104191015,0.3558020895808986,0.3558020895808986,2.3314886716340117,2,5,761.8454500911766,571.1238877739225,190.7215623172541,190.7215623172541,298.1839294433594,438.98443603515625,945.4601867675773,1604.3900146484375,10.0,0.1,2.0,457,0.1258409,False
40329,964,ok,True,False,20260908,5,analysis_activations,positive,False,5.756748345092724,6.415333580896344,0.02943609187387296,0.21174922719194186,0.17156949575572272,0.460162174881793,0.5619444373957595,0.43805556260424044,0.43805556260424044,1.896494352989753,2,12,1272.4501313554902,958.5142635329736,313.93586782251657,313.93586782251657,246.13790893554688,369.939208984375,1082.7569763183592,2993.89794921875,10.0,0.1,2.0,321,0.21629162,False
40403,525,ok,True,False,20260908,5,analysis_activations,positive,False,5.800438347863331,6.291575347138829,0.01031291871776574,0.11399250233434531,0.10155254166078631,0.33762775705552606,0.505995173907039,0.4940048260929612,0.4940048260929612,1.970028984302023,2,18,397.1996842725469,192.37355071222802,204.82613356031888,204.82613356031888,287.2015380859375,377.5647277832031,876.3305175781244,1422.533447265625,10.0,0.1,2.0,247,0.122057766,False
40474,13769,ok,True,False,20260908,5,analysis_activations,positive,False,5.627508904229806,6.168624087053962,0.02280777321513344,0.14054620509982763,0.1510224261993345,0.3748949254122115,0.6459658423469444,0.3540341576530556,0.3540341576530556,1.893389043620507,2,9,11155.039376758627,6017.782710327432,5137.256666431194,5137.256666431194,223.66146850585938,303.4747009277344,704.0308349609373,2706.2197265625,10.0,0.1,2.0,3254,0.13146275,False
40601,5975,ok,True,True,20260908,5,analysis_activations,positive,False,5.840362776367471,6.520938011357934,0.024638730177485937,0.1835808670248575,0.15696729015143868,0.42846337886085145,0.5664525323251751,0.4335474676748249,0.4335474676748249,2.1092610774363316,2,14,7571.428890146565,5194.175200682384,2377.2536894641817,2377.2536894641817,276.7327575683594,401.20294189453125,1204.9420166015627,2720.2490234375,10.0,0.1,2.0,862,0.20733248,False
40621,605,ok,True,True,20260908,5,analysis_activations,positive,False,5.932579408732339,6.422192386856301,0.02036422912519828,0.06630084424457482,0.14270329051986952,0.2574895031735756,0.6102231845131174,0.38977681548688264,0.38977681548688264,2.3520462883181024,2,8,307.4487273923319,183.58670444770402,123.86202294462785,123.86202294462785,307.5811767578125,429.32843017578125,848.2912963867183,1386.9359130859375,10.0,0.1,2.0,146,0.09544375,False
40622,575,ok,True,True,20260908,5,analysis_activations,positive,False,5.668031153689607,6.1427089587111325,0.021518027306086467,0.06961481526309153,0.14669024270920838,0.2638461962263082,0.6483293447751953,0.3516706552248047,0.3516706552248047,2.2237013764862312,2,5,258.6633920367804,148.4616787856887,110.20171325109172,110.20171325109172,230.56521606445312,317.02978515625,625.5599914550779,981.1839599609375,10.0,0.1,2.0,358,0.08996016,False
40646,2486,ok,True,True,20260908,5,analysis_activations,positive,False,5.813572769945738,6.2526626385001,0.016166027449704374,0.06399253469975805,0.12714569379143115,0.2529674577880682,0.6443232994350419,0.35567670056495815,0.35567670056495815,2.1932768518977337,2,8,708.2127540295612,33.41776769380308,674.7949863357582,674.7949863357582,278.49664306640625,365.9017028808594,682.8779296875,1177.1763916015625,10.0,0.1,2.0,1541,0.077391036,False
40655,568,ok,True,True,20260908,5,analysis_activations,positive,False,5.948315215920875,6.846667539637414,0.05504078883946903,0.09429865214818507,0.2346077339719836,0.3070808560431358,0.6006406305422819,0.3993593694577181,0.3993593694577181,3.2875656392715125,2,3,868.7838421016074,731.0941926590532,137.68964944255424,137.68964944255424,277.9236755371094,487.43482971191406,1343.495782470703,1837.8511962890625,10.0,0.1,2.0,473,0.26476902,False
40677,693,ok,True,True,20260908,5,analysis_activations,positive,False,5.642177834541709,6.438932557542458,0.00681195810821927,0.2585693077934447,0.08253458734505958,0.5084971069666422,0.4503427157342838,0.5496572842657163,0.4503427157342838,2.1872806638747186,2,14,1150.7400859879085,649.7132624653416,501.02682352256693,501.02682352256693,253.92630004882812,347.4395751953125,1387.67509765625,2546.26806640625,10.0,0.1,2.0,451,0.3027674,False
40760,943,ok,True,True,20260908,5,analysis_activations,positive,False,5.826745940529782,6.223815530950692,0.013471288362007925,0.05290587518106304,0.11606587940479289,0.2300127717781407,0.6640924553542406,0.3359075446457594,0.3359075446457594,2.1795773229683695,2,7,65.97665856704712,-187.90849308894357,253.88515165599068,253.88515165599068,286.00164794921875,362.96240234375,644.6638305664062,934.0392456054688,10.0,0.1,2.0,622,0.06195314,False
40785,1166,ok,True,False,20260908,5,analysis_activations,positive,False,5.470463586248675,5.905495794546099,0.010368505032147162,0.1113694390020282,0.10182585640271906,0.33372060020626265,0.6371920421524283,0.36280795784757175,0.36280795784757175,1.7632887156062003,2,13,525.2616467254372,-85.54038978031426,610.8020365057515,610.8020365057515,206.0872802734375,252.58895874023438,523.4049682617188,1631.4139404296875,10.0,0.1,2.0,690,0.090840474,False
40797,3334,ok,True,True,20260908,5,analysis_activations,positive,False,5.67232337583196,6.096490288605834,0.012315447666329119,0.07214983471317613,0.11097498666965055,0.26860721269760446,0.5412239800265785,0.4587760199734216,0.4587760199734216,2.064014134068329,2,14,1236.958708591659,272.8651134663518,964.0935951253072,964.0935951253072,245.93862915039062,325.3485565185547,630.0619812011719,1078.147705078125,10.0,0.1,2.0,402,0.084463686,False
40825,693,ok,True,False,20260908,5,analysis_activations,positive,False,5.777997671936673,6.400221588389567,0.02172020977248551,0.1735620672221553,0.14737777910012592,0.41660780984296886,0.6075095605709229,0.3924904394290772,0.3924904394290772,1.991270604996195,2,16,766.4121551297702,471.90049849125717,294.51165663851305,294.51165663851305,260.2225341796875,354.68603515625,1008.575109863281,1965.8536376953125,10.0,0.1,2.0,374,0.17388232,False
40988,2764,ok,True,True,20260908,5,analysis_activations,positive,False,5.700800326696462,6.0982001315793015,0.011909895751908579,0.06494587394783867,0.10913246882531605,0.25484480365084683,0.5619880875305767,0.4380119124694234,0.4380119124694234,2.0272364636637628,2,13,663.6680333675297,-115.95831786284015,779.6263512303699,779.6263512303699,254.96884155273438,331.1327819824219,607.7355895996093,1127.5225830078125,10.0,0.1,2.0,350,0.07404093,False
41015,528,ok,True,True,20260908,5,analysis_activations,positive,False,5.756140934934461,6.1654959135183836,0.011461786499279836,0.05824306066552037,0.1070597333234108,0.24133599123529081,0.6351033104807995,0.3648966895192006,0.3648966895192006,2.1927220547983817,2,10,86.59137080227612,-83.87140698304094,170.46277778531706,170.46277778531706,269.2811279296875,338.19329833984375,616.7162384033202,1000.32177734375,10.0,0.1,2.0,293,0.06749318,False
41049,619,ok,True,True,20260908,5,analysis_activations,positive,False,5.8312928967506,6.751283647129965,0.04459747582906332,0.03954813263904573,0.2111811445869714,0.19886712307228094,0.2371835142364887,0.7628164857635112,0.2371835142364887,4.4852094775926625,2,2,754.018660891774,438.61605794778944,315.4026029439845,315.4026029439845,257.0572509765625,795.3118286132812,1122.153662109375,1413.99169921875,10.0,0.1,2.0,526,0.19419254,False
41050,1118,ok,True,True,20260908,5,analysis_activations,positive,False,5.872877757838982,6.2248173736646555,0.008137754104785205,0.034201538154340766,0.0902095011890943,0.18493657873536204,0.4755384275463126,0.5244615724536875,0.4755384275463126,2.418863473407973,2,14,-103.69893280311294,-315.04418792104553,211.3452551179326,211.3452551179326,309.40582275390625,409.3255920410156,653.396270751953,848.7193603515625,10.0,0.1,2.0,860,0.052744728,False
41102,893,ok,True,True,20260908,5,analysis_activations,positive,False,5.868710343726444,6.433670038626981,0.022336981727499053,0.1020891544758324,0.14945561791882916,0.31951393471307693,0.6135992308454191,0.3864007691545809,0.3864007691545809,2.2650440678814014,2,11,717.8103627594173,448.64022342953274,269.1701393298846,269.1701393298846,285.84246826171875,398.40325927734375,935.506787109375,1330.0728759765625,10.0,0.1,2.0,708,0.12897256,False
41133,754,ok,True,False,20260908,5,analysis_activations,positive,False,5.746689879808415,6.355192475921476,0.016985677325562734,0.19795784915650308,0.1303291115812685,0.4449245432166033,0.6382875907944358,0.3617124092055643,0.3617124092055643,1.8561593114149633,2,12,807.7282831509551,379.78991802033727,427.93836513061785,427.93836513061785,262.6583251953125,339.1907043457031,946.2730224609376,2252.35205078125,10.0,0.1,2.0,416,0.1681556,False
41177,2632,ok,True,True,20260908,5,analysis_activations,positive,False,5.645748439688641,6.174852646404056,0.02382225160394667,0.08599521785656106,0.1543445872194638,0.29324941237206437,0.622302713272569,0.37769728672743097,0.37769728672743097,2.2579821080235924,2,7,1748.7405568410354,1114.3430343242974,634.397522516738,634.397522516738,225.0726318359375,318.2887878417969,666.0518920898437,1328.042236328125,10.0,0.1,2.0,1413,0.11314701,False
41188,2584,ok,True,False,20260908,5,analysis_activations,positive,False,5.56580022389053,6.00964821234485,0.016123138731593368,0.08243408017695827,0.12697692204331215,0.2871133577125214,0.6619128690866685,0.33808713091333153,0.33808713091333153,1.9994246120266574,2,9,905.7862372474948,38.35264486072721,867.4335923867676,867.4335923867676,216.69488525390625,280.1397247314453,547.5082580566403,1164.517333984375,10.0,0.1,2.0,389,0.0826587,False
41209,1389,ok,True,True,20260908,5,analysis_activations,positive,False,5.946287564508671,6.930279859497568,0.04337307648511371,0.24992424566103724,0.2082620380316915,0.49992423992144774,0.5436921887608707,0.4563078112391293,0.4563078112391293,2.569523812016326,2,16,2604.372770636215,2095.7138327742227,508.6589378619924,508.6589378619924,289.4220886230469,497.1777648925781,2015.0866455078117,3206.6611328125,10.0,0.1,2.0,136,0.37810725,False
41269,1087,ok,True,False,20260908,5,analysis_activations,positive,False,5.738354323884191,6.207507000421855,0.009009307361808968,0.10377906718690534,0.09491737123313608,0.3221475860330251,0.5511668852580663,0.4488331147419336,0.4488331147419336,1.9755909464038783,2,16,659.1207677446304,136.8169672250558,522.3038005195746,522.3038005195746,269.2049560546875,341.5458984375,756.7411926269532,1432.506103515625,10.0,0.1,2.0,381,0.1060916,False
41410,1497,ok,True,True,20260908,5,analysis_activations,positive,False,5.5939299426317834,6.276946380330312,0.02815114218636785,0.1293811927893884,0.16778302115043658,0.35969597271777787,0.5364320109165058,0.46356798908349406,0.46356798908349406,2.433667813554214,2,12,1785.3405549387526,1384.2173565320995,401.12319840665305,401.12319840665305,211.21463012695312,334.6721496582031,880.7507568359376,1318.2916259765625,10.0,0.1,2.0,455,0.19121353,False
41568,912,ok,True,True,20260908,5,analysis_activations,positive,False,5.7931206824156405,6.213330559601176,0.012727779510666533,0.06777843634695481,0.11281746101852555,0.26034292067762244,0.6979438294673859,0.3020561705326141,0.3020561705326141,2.0944333643343893,2,9,130.856373394582,-217.24461449639614,348.1009878909781,348.1009878909781,281.6040954589844,342.64527893066406,640.0880920410153,1105.1402587890625,10.0,0.1,2.0,427,0.06665369,False
41609,3886,ok,True,False,20260908,5,analysis_activations,positive,False,5.73101779019963,6.163656626205941,0.018067867249429916,0.09367777484986119,0.13441676699515548,0.3060682519469492,0.669934133083809,0.3300658669161909,0.3300658669161909,1.8303123142679665,2,5,1438.1510080045593,208.57208936817545,1229.5789186363838,1229.5789186363838,254.51283264160156,328.51751708984375,622.5541687011719,1830.323974609375,10.0,0.1,2.0,469,0.084433734,False
41777,9425,ok,True,True,20260908,5,analysis_activations,positive,False,5.744490951537627,6.446124138295288,0.03299342504951082,0.14719878908658637,0.18164092338873092,0.38366494378114135,0.47494727069683523,0.5250527293031647,0.47494727069683523,2.337529549363558,2,16,12309.454572566536,10340.808744282649,1968.6458282838867,1968.6458282838867,239.13426208496094,414.3211669921875,1080.0068603515624,2371.068603515625,10.0,0.1,2.0,1267,0.21574345,False
41779,1577,ok,True,True,20260908,5,analysis_activations,positive,False,5.860176344965384,6.297016221880893,0.018061568526181203,0.06493700402243455,0.13439333512559767,0.2548274004545715,0.6178835219099403,0.3821164780900598,0.3821164780900598,2.144381057883264,2,6,527.1171225953284,186.56786742078077,340.5492551745476,340.5492551745476,287.2689208984375,386.20458984375,730.541271972656,1215.2694091796875,10.0,0.1,2.0,1075,0.08107923,False
41782,1093,ok,True,True,20260908,5,analysis_activations,positive,False,5.919274201095984,6.946474453535436,0.04813227279767319,0.03467975605821203,0.21939068530289335,0.18622501458776164,0.4179740790901324,0.5820259209098677,0.4179740790901324,5.048047152589273,2,2,1788.8193303369208,1049.158268972491,739.6610613644298,739.6610613644298,267.45257568359375,856.7966918945312,1330.06611328125,1682.22412109375,10.0,0.1,2.0,613,0.29725957,False
41783,529,ok,True,True,20260908,5,analysis_activations,positive,False,6.166815086950805,6.821684105937645,0.055482948178486195,0.055982436347671596,0.23554818653194126,0.23660607842503031,0.5197053708299296,0.48029462917007026,0.48029462917007026,2.773955140656137,2,4,553.4190101426752,518.9830546277625,34.435955514912735,34.435955514912735,321.4543151855469,644.345703125,1252.1621582031246,1539.2513427734375,10.0,0.1,2.0,441,0.16307704,False
41839,946,ok,True,True,20260908,5,analysis_activations,positive,False,5.701308691171209,6.510392597622237,0.03877582935641014,0.2309476117056074,0.1969157925520707,0.48057009031524983,0.6359519454678295,0.36404805453217043,0.36404805453217043,2.2031761149917553,2,9,1425.0574417642456,1063.1637414835275,361.8937002807181,361.8937002807181,223.16659545898438,342.8602294921875,1308.1944580078125,2136.21630859375,10.0,0.1,2.0,581,0.26056498,False
41986,3004,ok,True,True,20260908,5,analysis_activations,positive,False,5.734487658978271,6.228401869377843,0.018531252481917875,0.10198345556541526,0.136129543016635,0.31934848608599237,0.5342754268325659,0.46572457316743415,0.46572457316743415,2.0120857844874065,2,14,2123.711599822226,1341.3953373990007,782.3162624232255,782.3162624232255,253.92193603515625,356.69915771484375,764.6326232910155,1603.931884765625,10.0,0.1,2.0,896,0.11813653,False
42064,1594,ok,True,True,20260908,5,analysis_activations,positive,False,5.751164486601085,6.54255731854786,0.03147684462940954,0.23455391790844574,0.1774171486339738,0.48430766864509356,0.4917665073170153,0.5082334926829846,0.4917665073170153,2.1699072981613274,2,13,2571.8419231184907,2073.4201098250696,498.4218132934211,498.4218132934211,244.77239990234375,405.157958984375,1452.3974365234367,3104.802734375,10.0,0.1,2.0,944,0.2914026,False
42100,1822,ok,True,False,20260908,5,analysis_activations,positive,False,5.7857276270718385,6.179909997366776,0.009507212791805981,0.07097937239917648,0.0975049372688685,0.2664195420744816,0.5875612890682889,0.41243871093171114,0.41243871093171114,1.9649452027500427,2,12,404.72753794983487,-298.7708384803056,703.4983764301405,703.4983764301405,282.5291748046875,349.7107849121094,659.6449981689449,1490.2779541015625,10.0,0.1,2.0,661,0.07255317,False
42182,3165,ok,True,False,20260908,5,analysis_activations,positive,False,5.640624512081974,6.075835381474876,0.01139812765705837,0.08470805814380443,0.10676201411109838,0.29104648794274157,0.5709487962099079,0.42905120379009215,0.42905120379009215,1.985359052207141,2,13,1350.3508882982978,157.56329694657285,1192.787591351725,1192.787591351725,241.0602569580078,309.46527099609375,624.4400512695312,1311.0604248046875,10.0,0.1,2.0,1329,0.0892777,False
42374,1490,ok,True,True,20260908,5,analysis_activations,positive,False,5.595922827842073,5.960373826679654,0.012657379628628375,0.04909181220936805,0.11250502045965938,0.2215667218003824,0.6707364602181184,0.32926353978188155,0.32926353978188155,2.0741420854558688,2,5,-106.27570760386584,-494.5264055762126,388.25069797234676,388.25069797234676,228.09596252441406,285.2406921386719,492.31299896240233,769.968994140625,10.0,0.1,2.0,397,0.054023337,False
42430,1117,ok,True,True,20260908,5,analysis_activations,positive,False,5.890934173752645,6.779413036482612,0.09042402975149677,0.11674947118195714,0.30070588579456964,0.34168621743049155,0.5563067392834458,0.4436932607165541,0.4436932607165541,2.7605460456412243,2,4,1827.6912725035565,1721.1327904016161,106.5584821019404,106.5584821019404,220.73870849609375,515.5409545898438,1355.4060546875003,1946.58251953125,10.0,0.1,2.0,228,0.29721543,False
42433,4294,ok,True,True,20260908,5,analysis_activations,positive,False,5.516054835743757,5.858533075352335,0.010458240467858407,0.04303221228746034,0.10226553900438998,0.20744206971455992,0.606806651076915,0.39319334892308505,0.39319334892308505,2.0941599199278316,2,8,-555.076447218209,-1615.1187980922662,1060.0423508740573,1060.0423508740573,212.97445678710938,268.54656982421875,445.4490631103516,770.32568359375,10.0,0.1,2.0,2102,0.05126177,False
42450,960,ok,True,False,20260908,5,analysis_activations,positive,False,5.810141683316696,6.26918567880491,0.01681823675851608,0.10463747233222208,0.12968514471024073,0.32347715890341017,0.6453981741250605,0.35460182587493944,0.35460182587493944,1.8627747477231662,2,10,490.2599192836634,151.5662513278271,338.6936679558363,338.6936679558363,277.57940673828125,358.28558349609375,722.4941864013671,1794.2930908203125,10.0,0.1,2.0,669,0.09628405,False
42558,2820,ok,True,False,20260908,5,analysis_activations,positive,False,5.743460214775519,6.237309618280383,0.01143988586812867,0.11518891367565684,0.10695740211938896,0.33939492287843204,0.5555350438172458,0.44446495618275417,0.44446495618275417,1.962651933657139,2,13,1986.6926671647336,719.9632906833148,1266.729376481419,1266.729376481419,267.6674499511719,346.0437469482422,773.1001647949213,2315.450439453125,10.0,0.1,2.0,771,0.11781318,False
42579,535,ok,True,True,20260908,5,analysis_activations,positive,False,5.949576183013697,6.779046960556231,0.055675281314046414,0.07539716975024165,0.2359561003959135,0.2745854507257106,0.49773662124224294,0.5022633787577571,0.49773662124224294,3.2401146496002378,2,3,761.9035606138056,678.1192143081888,83.78434630561674,83.78434630561674,270.1208190917969,564.2913818359375,1277.1504638671872,1591.6279296875,10.0,0.1,2.0,375,0.23802671,False
42675,1452,ok,True,True,20260908,5,analysis_activations,positive,False,5.924361397770768,6.826882267683573,0.04181268631902341,0.10079599844966504,0.20448150605622847,0.3174838554157755,0.5771165999122824,0.4228834000877176,0.4228834000877176,3.3798642998639843,2,7,2209.8581460230453,1726.932022842086,482.92612318095917,482.92612318095917,280.7973937988281,477.8793640136719,1363.5827697753907,1713.218994140625,10.0,0.1,2.0,998,0.26572907,False
42739,2158,ok,True,True,20260908,5,analysis_activations,positive,False,5.9164732732076395,6.511973582137055,0.03058250817886799,0.10838621288659504,0.17487855265545857,0.3292206143099108,0.5769238013237257,0.42307619867627433,0.42307619867627433,2.259115621109802,2,9,2046.301250355666,1599.0833829350177,447.2178674206484,447.2178674206484,286.6439208984375,437.6043243408203,1006.0118591308594,1676.1915283203125,10.0,0.1,2.0,395,0.1501247,False
42834,1200,ok,True,True,20260908,5,analysis_activations,positive,False,5.752388826335572,6.288675480209307,0.01887418483903252,0.1160254050979636,0.13738334993379844,0.34062502124471655,0.5926119722483576,0.4073880277516424,0.4073880277516424,2.0649363633953977,2,13,951.6887442032485,539.6508728313839,412.0378713718645,412.0378713718645,257.5948486328125,351.3677062988281,838.1685974121093,1598.099609375,10.0,0.1,2.0,129,0.127992,False
42864,1180,ok,True,True,20260908,5,analysis_activations,positive,False,5.905032067016106,6.35281233092655,0.01590446487102124,0.0807840279691125,0.12611290525168803,0.284225311978213,0.6979382830289195,0.3020617169710806,0.3020617169710806,2.0365381521793875,2,6,349.15397569714696,-69.42584542609671,418.5798211232437,418.5798211232437,307.8472900390625,387.7200622558594,748.0146392822263,1452.208984375,10.0,0.1,2.0,512,0.077838145,False
42881,1897,ok,True,True,20260908,5,analysis_activations,positive,False,5.819217762317877,6.420916952160877,0.023103365544437576,0.1130001016209429,0.15199791296079554,0.33615487743143474,0.6567621841670934,0.3432378158329066,0.3432378158329066,2.3065338373405324,2,11,1607.861884513444,900.9794063213972,706.8824781920468,706.8824781920468,269.268310546875,367.850341796875,884.0316650390621,1482.1494140625,10.0,0.1,2.0,1034,0.13564356,False
43038,1289,ok,True,False,20260908,5,analysis_activations,positive,False,5.672723085194776,5.940520475520227,0.004308433514779962,0.035973460203572845,0.06563865869120089,0.18966670821093734,0.6061206635854042,0.3938793364145958,0.3938793364145958,1.886976096474507,2,13,-690.0349850289551,-1237.5601164730022,547.525131444047,547.525131444047,263.682861328125,303.63714599609375,461.27001953124994,833.4112548828125,10.0,0.1,2.0,832,0.033927187,False
43184,1847,ok,True,True,20260908,5,analysis_activations,positive,False,5.771044930866512,6.077476389765557,0.006469258668812626,0.0399172259659411,0.08043170188932114,0.1997929577486181,0.47755604197621754,0.5224439580237825,0.47755604197621754,2.0121141542695704,2,15,-376.2889819567669,-810.510040685268,434.2210587285011,434.2210587285011,284.8765869140625,358.5650634765625,572.0963012695312,1051.1539306640625,10.0,0.1,2.0,1168,0.04739635,False
43199,3516,ok,True,False,20260908,5,analysis_activations,positive,False,5.817237478399702,6.3233266403103245,0.01890817973264209,0.11654760744134797,0.1375070170305577,0.34139069618451523,0.5798198582743372,0.4201801417256628,0.4201801417256628,1.944658080024998,2,12,2607.1617929487406,1470.996360139498,1136.1654328092427,1136.1654328092427,275.7049560546875,376.77349853515625,831.6316680908203,2554.41552734375,10.0,0.1,2.0,1514,0.12236786,False
43212,795,ok,True,False,20260908,5,analysis_activations,positive,False,5.803241494058869,6.339136395174867,0.014922320102028291,0.1404538394807362,0.12215694864406319,0.3747717164898336,0.4612432145713643,0.5387567854286356,0.4612432145713643,1.9226597351743488,2,26,781.7508887956071,548.629828711993,233.1210600836141,233.1210600836141,279.5111389160156,396.8119201660156,959.0099975585933,2611.4560546875,10.0,0.1,2.0,545,0.15411061,False
43216,2612,ok,True,True,20260908,5,analysis_activations,positive,False,5.8240042121583055,6.4448122187983685,0.020221415657973633,0.15463590616602052,0.14220202409942564,0.39323772220632713,0.5171874649841922,0.48281253501580784,0.48281253501580784,2.0995701810895806,2,16,2968.794692091377,2069.82444587358,898.970246217797,898.970246217797,274.7794189453125,404.5144805908203,1090.8892272949217,1866.587890625,10.0,0.1,2.0,359,0.18142359,False
43227,1324,ok,True,True,20260908,5,analysis_activations,positive,False,5.647782699021004,6.474511644278039,0.027754253444118086,0.18278246889323638,0.16659607871771198,0.427530664272443,0.4930339570074092,0.5069660429925907,0.4930339570074092,2.548086766810369,2,18,2072.937943960522,1619.7867613231274,453.1511826373944,453.1511826373944,224.223876953125,372.441650390625,1181.5921752929682,1748.59228515625,10.0,0.1,2.0,727,0.2773939,False
43244,3158,ok,True,True,20260908,5,analysis_activations,positive,False,5.762051374961526,6.22685650093289,0.012182290777517082,0.08498235516267348,0.11037341517556246,0.29151733252531226,0.5818620326256664,0.4181379673743336,0.4181379673743336,2.108782410728181,2,13,1550.7243287494805,315.025071276512,1235.6992574729684,1235.6992574729684,272.6053466796875,351.282470703125,738.5273132324209,1302.385009765625,10.0,0.1,2.0,1154,0.095215075,False
43261,1412,ok,True,True,20260908,5,analysis_activations,positive,False,5.634766701059818,6.2966608416832415,0.017494065239604808,0.16826714704588652,0.13226513236527912,0.41020378721543577,0.48864215416893947,0.5113578458310606,0.48864215416893947,2.171830941221308,2,16,1777.4486099791216,1238.9928603193327,538.4557496597888,538.4557496597888,230.5170440673828,343.7872619628906,946.5953308105469,1873.001708984375,10.0,0.1,2.0,866,0.20420615,False
43339,1153,ok,True,False,20260908,5,analysis_activations,positive,False,5.770655844620564,6.337063347412111,0.015045621431310257,0.1679780384973436,0.12266059445196838,0.4098512394727428,0.5323060013974823,0.4676939986025176,0.4676939986025176,1.872364410198966,2,19,1218.7028159263807,726.7455718727383,491.9572440536424,491.9572440536424,267.8922119140625,365.9222412109375,1006.7684814453116,2336.536865234375,10.0,0.1,2.0,362,0.16658413,False
43391,1356,ok,True,True,20260908,5,analysis_activations,positive,False,5.675959986417747,6.167215802775255,0.014867176891515383,0.08112592276226563,0.12193103334063639,0.28482612724654605,0.46016233381177846,0.5398376661882216,0.46016233381177846,2.2423463575190583,2,15,876.7160180142259,585.9486380582007,290.76737995602525,290.76737995602525,243.19638061523438,356.397216796875,714.0096588134766,1296.7159423828125,10.0,0.1,2.0,824,0.11066683,False
43429,674,ok,True,True,20260908,5,analysis_activations,positive,False,5.840530887543748,6.39476174899444,0.016144226788710497,0.11257752896286517,0.12705993384505793,0.33552575007421587,0.5573282989462532,0.4426717010537467,0.4426717010537467,2.1846392169562,2,14,574.158610931916,336.7767836713179,237.38182726059807,237.38182726059807,286.3855285644531,388.9455871582031,944.7297058105471,1696.653076171875,10.0,0.1,2.0,121,0.13481507,False
43446,1118,ok,True,True,20260908,5,analysis_activations,positive,False,5.681909331886177,6.263493206525837,0.016569812979180053,0.12034152360559044,0.12872378559994285,0.3469027581406502,0.3392614941898271,0.6607385058101729,0.3392614941898271,2.22283716394328,2,23,1144.616970742137,969.9655341235962,174.65143661854086,174.65143661854086,241.2878875732422,410.109619140625,930.4456207275384,1651.498779296875,10.0,0.1,2.0,777,0.16109978,False
43479,2589,ok,True,True,20260908,5,analysis_activations,positive,False,5.82040446090493,6.289645555514085,0.012737856510062784,0.09590843103305016,0.11286211281941688,0.3096908636576968,0.5725729032583842,0.4274270967416159,0.4274270967416159,2.013277275445578,2,14,1457.253693033245,453.8375826642338,1003.4161103690112,1003.4161103690112,288.030029296875,374.8675231933594,799.0683837890621,1526.5455322265625,10.0,0.1,2.0,818,0.10221278,False
43574,936,ok,True,False,20260908,5,analysis_activations,positive,False,5.808057820487446,6.169679351575599,0.009611726486619222,0.06103815040389971,0.09803941292469688,0.24705900186777188,0.627831997105611,0.3721680028943891,0.3721680028943891,1.9240376836942072,2,11,25.688105269645888,-305.2329077640037,330.9210130336496,330.9210130336496,288.5649719238281,355.3362731933594,630.4888305664062,1146.75390625,10.0,0.1,2.0,522,0.05936913,False
43588,9590,ok,True,False,20260908,5,analysis_activations,positive,False,5.463102841683748,5.717175698221031,0.005286078274422786,0.029737775431780664,0.07270542121755974,0.1724464422125915,0.6420466739511366,0.35795332604886343,0.35795332604886343,1.9199561198466442,2,9,-6761.38642281896,-10076.011335028952,3314.6249122099916,3314.6249122099916,212.00843811035156,245.13906860351562,363.1625015258789,654.5057373046875,10.0,0.1,2.0,3277,0.028876388,False
43623,5538,ok,True,False,20260908,5,analysis_activations,positive,False,5.794092603878226,6.339694571409072,0.027180827326204412,0.14332694404907534,0.1648660890729334,0.37858545144930666,0.6804739073628973,0.3195260926371027,0.3195260926371027,1.8686107226441586,2,6,4392.589105107812,2517.4513959709857,1875.1377091368267,1875.1377091368267,261.1114501953125,353.33154296875,793.2799621582024,2331.792724609375,10.0,0.1,2.0,722,0.12903939,False
43769,1783,ok,True,True,20260908,5,analysis_activations,positive,False,5.845185661496365,6.526410051033688,0.02193564059337327,0.16156821716492256,0.14810685532200482,0.40195549152228605,0.48022249493374136,0.5197775050662586,0.48022249493374136,2.248964431228553,2,17,2295.2213424579613,1738.825431909472,556.3959105484894,556.3959105484894,277.7471618652344,435.0633544921875,1204.8493530273433,1939.5579833984375,10.0,0.1,2.0,1096,0.2104657,False
43890,746,ok,True,True,20260908,5,analysis_activations,positive,False,5.711537303231869,6.182162929856818,0.0160625584719429,0.06771769856947664,0.1267381492366955,0.26022624496671476,0.6071954821386089,0.39280451786139126,0.39280451786139126,2.2994275232824184,2,9,327.12153811950975,130.33758272357704,196.7839553959327,196.7839553959327,246.84548950195312,333.8412780761719,659.4112854003906,1014.875244140625,10.0,0.1,2.0,534,0.089298636,False
43921,585,ok,True,True,20260908,5,analysis_activations,positive,False,5.957522067948964,6.842913674261216,0.07021693809403029,0.10736652301371419,0.26498478842007195,0.3276683124956,0.5164921610647882,0.4835078389352118,0.4835078389352118,2.9713180433769044,2,4,936.399877274815,864.7103420043629,71.6895352704521,71.6895352704521,259.9360656738281,563.49462890625,1423.0276855468749,2090.4892578125,10.0,0.1,2.0,234,0.28443056,False
43945,3986,ok,True,False,20260908,5,analysis_activations,positive,False,5.711572774868346,6.0494573303845725,0.0075603239853144115,0.05711981808813871,0.08695012354973633,0.23899752736825272,0.6290759640305403,0.37092403596945966,0.37092403596945966,1.8788748630273406,2,11,-411.9653412628879,-2091.4052843191894,1679.4399430563014,1679.4399430563014,266.37689208984375,318.6436767578125,544.5023193359375,1208.007568359375,10.0,0.1,2.0,1197,0.05259473,False
43987,1023,ok,True,True,20260908,5,analysis_activations,positive,False,5.790266331381433,6.34094460776887,0.02247230545529276,0.11387761349021287,0.14990765642652398,0.33745757287429906,0.6627464034786178,0.3372535965213822,0.3372535965213822,2.109043319504603,2,9,757.1269263641548,405.58679099563585,351.5401353685189,351.5401353685189,262.86578369140625,354.0994873046875,811.7618530273437,1593.04052734375,10.0,0.1,2.0,786,0.12119633,False
44007,550,ok,True,True,20260908,5,analysis_activations,positive,False,5.958256337384837,6.832965456161638,0.05281302061976742,0.05006959683105713,0.22981083660212245,0.22376236687847473,0.41592387200655456,0.5840761279934455,0.41592387200655456,3.8566271078098087,2,3,781.806016895735,610.6578213813644,171.1481955143705,171.1481955143705,275.12432861328125,707.0504455566406,1237.5161865234375,1574.476806640625,10.0,0.1,2.0,423,0.23751223,False
44013,981,ok,True,True,20260908,5,analysis_activations,positive,False,5.757704423339487,7.005230991115681,0.04509467336671259,0.25634292441928175,0.21235506437735974,0.5063031941626299,0.5526691688301083,0.4473308311698918,0.4473308311698918,3.2134096314137985,2,15,2164.414083198801,1662.843817984355,501.5702652144462,501.5702652144462,241.7655487060547,428.3993225097656,2033.575439453125,2582.11962890625,10.0,0.1,2.0,558,0.5248896,False
44294,558,ok,True,True,20260908,5,analysis_activations,positive,False,5.872871012132468,6.510589007518016,0.03276111433856611,0.13504450041386415,0.18100031585211698,0.3674840138208248,0.6552718777749885,0.3447281222250114,0.3447281222250114,2.201610186675202,2,6,573.2067822941316,416.9635962906432,156.2431860034884,156.2431860034884,281.05218505859375,395.8484802246094,1067.4035034179688,1564.69482421875,10.0,0.1,2.0,381,0.16017328,False
44359,1049,ok,True,True,20260908,5,analysis_activations,positive,False,5.847776914070277,6.3111909063179645,0.028484046741761096,0.07187120981532301,0.168772174074286,0.26808806354502807,0.5690697264129658,0.4309302735870342,0.4309302735870342,2.0687788983378876,2,5,573.7896689927751,469.7457348157708,104.0439341770043,104.0439341770043,265.5921630859375,403.43572998046875,795.2056640624995,1131.7950439453125,10.0,0.1,2.0,707,0.09993876,False
44363,1353,ok,True,True,20260908,5,analysis_activations,positive,False,5.847052418955793,6.401685355658577,0.030349599150670745,0.07691668107226085,0.17421136343726476,0.2773385675888964,0.607461754591553,0.39253824540844706,0.39253824540844706,2.3949091544339174,2,5,1007.4936500547344,794.5231863842656,212.9704636704688,212.9704636704688,268.1103820800781,402.60406494140625,839.4292480468742,1276.4852294921875,10.0,0.1,2.0,713,0.12207012,False
44412,13536,ok,True,False,20260908,5,analysis_activations,positive,False,5.646746644722842,6.086344883425942,0.014398890654855268,0.08839348154519208,0.11999537763953771,0.2973104127762633,0.5613725452856232,0.43862745471437675,0.43862745471437675,1.9390566497213009,2,12,6490.078563546771,2311.177919982311,4178.900643564461,4178.900643564461,238.13296508789062,316.28538513183594,628.8582153320312,1801.6708984375,10.0,0.1,2.0,1108,0.09444488,False
44462,3340,ok,True,True,20260908,5,analysis_activations,positive,False,5.798138485178926,6.248646004215774,0.026930628247668877,0.04308908931302962,0.16410553996641575,0.20757911579209895,0.5335732040447654,0.4664267959552346,0.4664267959552346,2.407724901150539,2,4,1260.3799744328535,1031.9897697354625,228.39020469739103,228.39020469739103,252.5257568359375,398.29974365234375,679.3078979492187,946.7474365234375,10.0,0.1,2.0,1367,0.08500215,False
44503,5300,ok,True,True,20260908,5,analysis_activations,positive,False,5.644852196891863,6.267579487022798,0.030385642541958635,0.07538932855684549,0.17431478004448916,0.274571172115438,0.6030642407168927,0.39693575928310737,0.39693575928310737,2.7078302691185585,2,5,4678.092723077272,3533.4966008354972,1144.596122241775,1144.596122241775,217.46240234375,333.46751403808594,731.5308898925781,1188.5810546875,10.0,0.1,2.0,254,0.14110285,False
44504,8804,ok,True,False,20260908,5,analysis_activations,positive,False,5.621524056693961,6.288784944788469,0.01589101065524309,0.22685635972536486,0.1260595520190481,0.47629440446573046,0.6755989895813883,0.32440101041861175,0.32440101041861175,1.9152849673155656,2,12,9998.570295369496,3399.660240016476,6598.910055353021,6598.910055353021,233.2137908935547,292.7384796142578,898.4426696777347,2597.2978515625,10.0,0.1,2.0,2287,0.1819287,False
44534,601,ok,True,False,20260908,5,analysis_activations,positive,False,5.681941233473988,6.435341359416353,0.03693817315078363,0.27700003870798146,0.19219306218171256,0.5263079314507634,0.6291190459895462,0.37088095401045384,0.37088095401045384,1.9015974930001769,2,12,905.0867064131453,662.5702901068963,242.51641630624897,242.51641630624897,230.2880859375,334.5919189453125,1204.265380859375,2622.65283203125,10.0,0.1,2.0,403,0.2588422,False
44580,1863,ok,True,True,20260908,5,analysis_activations,positive,False,5.806331107333731,6.312977330531168,0.017219216954194504,0.10025472510744876,0.131222013984676,0.3166302656213533,0.5629747672130232,0.43702523278697686,0.43702523278697686,2.0904945327839517,2,13,1299.408083378053,725.0677186633502,574.3403647147029,574.3403647147029,275.2223205566406,378.3773193359375,812.7658813476562,1731.03515625,10.0,0.1,2.0,289,0.11672377,False
44607,610,ok,True,False,20260908,5,analysis_activations,positive,False,5.773126471320762,6.345327981720003,0.02180847338297379,0.1485023702925498,0.14767692231006777,0.38536005279809404,0.6779521729715867,0.32204782702841317,0.32204782702841317,1.960843114551575,2,9,518.3129774242922,263.35865972691755,254.95431769737462,254.95431769737462,258.9830322265625,343.46055603027344,833.0579589843749,1860.1123046875,10.0,0.1,2.0,225,0.1343145,False
44708,948,ok,True,False,20260908,5,analysis_activations,positive,False,5.832675559316006,6.445183622471723,0.01744015785670433,0.17890443595085886,0.13206118982011456,0.4229709634843258,0.5678263814585557,0.43217361854144437,0.43217361854144437,1.954867534510991,2,11,1074.6160491736225,645.3982582633411,429.21779091028145,429.21779091028145,283.41107177734375,386.0232391357422,1088.3250366210937,2610.211181640625,10.0,0.1,2.0,327,0.17947474,False
44838,508,ok,True,False,20260908,5,analysis_activations,positive,False,5.7080759348550885,6.177822885164943,0.012423309887300364,0.10233999006443596,0.11145990259864919,0.3199062207341957,0.5913474079825564,0.4086525920174436,0.4086525920174436,1.9609993660478222,2,12,296.88982074147975,95.41452217634117,201.4752985651386,201.4752985651386,256.5779113769531,327.0658264160156,691.7157196044922,1634.7906494140625,10.0,0.1,2.0,285,0.102693394,False
44897,1013,ok,True,True,20260908,5,analysis_activations,positive,False,5.871300225376362,6.462956496248863,0.019985999426846198,0.07833967229915363,0.141371848070421,0.2798922512309936,0.45074001337323727,0.5492599866267628,0.45074001337323727,2.6684004714361738,2,14,887.4968263682094,695.3157826447003,192.1810437235091,192.1810437235091,286.7467041015625,466.4478759765625,952.5371337890624,1350.9609375,10.0,0.1,2.0,741,0.13883814,False
44904,719,ok,True,True,20260908,5,analysis_activations,positive,False,5.740463080464545,6.602214604553817,0.08867349552247036,0.05063811916616299,0.29778095224925044,0.22502915181407718,0.28291117165159535,0.7170888283484047,0.28291117165159535,3.265151936786061,2,3,938.4819693323032,733.9266317710257,204.5553375612775,204.5553375612775,193.64739990234375,655.8832397460938,1008.3996948242188,1361.819580078125,10.0,0.1,2.0,427,0.21234933,False
44926,715,ok,True,True,20260908,5,analysis_activations,positive,False,5.871498979520507,6.4384284634933096,0.01973993152137527,0.11643258020310349,0.14049886661953992,0.3412221859772654,0.6365047356528013,0.3634952643471987,0.3634952643471987,2.1726977640679297,2,10,579.3291872936185,310.65189354351674,268.67729375010174,268.67729375010174,290.6754455566406,390.2181396484375,925.2117614746094,1879.480224609375,10.0,0.1,2.0,468,0.12943049,False
45067,1799,ok,True,True,20260908,5,analysis_activations,positive,False,5.787876987011001,6.076878998356135,0.007711028643935445,0.030050881925643612,0.08781246291919755,0.17335190199603698,0.6759222574146406,0.3240777425853595,0.3240777425853595,2.1032402456660635,2,7,-1003.1687529767204,-1486.9527536104617,483.78400063374136,483.78400063374136,286.0912170410156,342.5105895996094,513.1958557128904,755.4382934570312,10.0,0.1,2.0,1301,0.03326403,False
45075,1713,ok,True,True,20260908,5,analysis_activations,positive,False,5.9713349860884355,6.57309654585382,0.023889531209485622,0.14790712709632942,0.15456238614063134,0.38458695648231417,0.606365691991134,0.39363430800886606,0.39363430800886606,2.0532039147680483,2,12,1727.7148749406513,1112.350639600028,615.3642353406233,615.3642353406233,312.622802734375,445.4768981933594,1150.5743408203116,2891.366455078125,10.0,0.1,2.0,800,0.15923153,False
45083,699,ok,True,True,20260908,5,analysis_activations,positive,False,5.728267693435935,6.260638098804996,0.012384915679731275,0.08990821678652877,0.111287536048433,0.29984698895691575,0.4552215039765726,0.5447784960234273,0.4552215039765726,2.353995692237112,2,20,542.7043264311992,343.7362279331648,198.9680984980344,198.9680984980344,264.611083984375,378.991943359375,802.6719482421876,1205.6719970703125,10.0,0.1,2.0,289,0.1250821,False
45112,671,ok,True,False,20260908,5,analysis_activations,positive,False,5.885263707609128,6.117225954241252,0.005723393419729046,0.021899213642979195,0.07565311242592103,0.14798382899147863,0.6530117306778228,0.3469882693221771,0.3469882693221771,1.973785578409423,2,5,-598.7505379282362,-745.3205386421366,146.5700007139004,146.5700007139004,320.964599609375,373.938720703125,528.7214965820312,725.0228271484375,10.0,0.1,2.0,527,0.02356221,False
45166,885,ok,True,True,20260908,5,analysis_activations,positive,False,5.57603886603302,6.432134498038537,0.02319338193785894,0.3019050432797807,0.15229373571443752,0.5494588640469645,0.6072790266163739,0.392720973383626,0.392720973383626,2.123390383299353,2,11,1481.2522215229594,912.2314663098227,569.0207552131367,569.0207552131367,216.04373168945312,295.2301940917969,1359.099291992187,2152.411865234375,10.0,0.1,2.0,504,0.30778635,False
45267,7105,ok,True,True,20260908,5,analysis_activations,positive,False,5.5500028145009885,6.2138592279486655,0.03302902992727242,0.10283256338704018,0.1817389059262557,0.32067516802371865,0.47571713190084214,0.5242828680991579,0.47571713190084214,2.5470695351172403,2,11,7979.081649032856,6830.729481440054,1148.3521675928023,1148.3521675928023,195.5590362548828,344.447509765625,777.3744628906247,1397.447265625,10.0,0.1,2.0,1792,0.17956671,False
45273,1050,ok,True,False,20260908,5,analysis_activations,positive,False,5.649391310278776,5.975076661244434,0.009923157919663864,0.04385523957267715,0.09961504866065099,0.20941642622458523,0.6209897658277747,0.37901023417222535,0.37901023417222535,1.9861374218388257,2,8,-200.2298509062962,-462.990179110173,262.76032820387684,262.76032820387684,244.8420867919922,303.314453125,490.57318115234364,840.1422119140625,10.0,0.1,2.0,519,0.047793332,False
45276,2891,ok,True,False,20260908,5,analysis_activations,positive,False,5.923339844708711,6.562491758788511,0.02010426492113803,0.1909423260557759,0.1417895092069157,0.4369694795472287,0.6535096400318617,0.3464903599681382,0.3464903599681382,1.967568771439895,2,10,3127.947814976959,1536.861597159646,1591.086217817313,1591.086217817313,306.99102783203125,403.9754638671875,1090.07177734375,2810.419677734375,10.0,0.1,2.0,1112,0.1718586,False
45291,524,ok,True,True,20260908,5,analysis_activations,positive,False,5.952505283946223,6.435703895814614,0.0220756325965106,0.0577753424904375,0.14857870842254148,0.24036501927368195,0.5977553532801364,0.4022446467198635,0.4022446467198635,2.418246477823893,2,5,252.58149506831535,176.60722736713262,75.97426770118273,75.97426770118273,309.96148681640625,439.9732208251953,831.6964050292969,1116.909912109375,10.0,0.1,2.0,277,0.09275072,False
45313,622,ok,True,True,20260908,5,analysis_activations,positive,False,5.816917600082147,6.974735919162159,0.0788487977130439,0.121286240461547,0.2808002808279292,0.3482617413118286,0.5322119238199571,0.46778807618004287,0.46778807618004287,3.6601075778472185,2,3,1256.6018495948445,1078.4998295439857,178.10202005085875,178.10202005085875,235.66952514648438,522.23681640625,1603.2212951660151,2293.235107421875,10.0,0.1,2.0,302,0.43314096,False
45385,992,ok,True,True,20260908,5,analysis_activations,positive,False,5.79353833879036,6.726326599078018,0.046365080244008865,0.38012868290530666,0.2153255215807194,0.6165457670808443,0.7366541795202611,0.26334582047973887,0.26334582047973887,2.0199551518337246,2,10,1644.6768003969928,1071.6733742421789,573.003426154814,573.003426154814,247.0279998779297,352.00775146484375,1503.1610351562483,3567.376953125,10.0,0.1,2.0,549,0.30335864,False
45393,866,ok,True,False,20260908,5,analysis_activations,positive,False,5.867685379306369,6.309709166829095,0.01307771789522113,0.09707308040530369,0.11435785016876249,0.31156553147821675,0.6920603997177379,0.30793960028226214,0.30793960028226214,1.8835051624636743,2,11,290.11777361963533,-110.3527275233727,400.47050114300805,400.47050114300805,301.6521301269531,366.80641174316406,718.4849853515625,1743.3345947265625,10.0,0.1,2.0,421,0.08067442,False
45405,1178,ok,True,False,20260908,5,analysis_activations,positive,False,5.827520555015831,6.2376317694856835,0.008759750176436263,0.07576352055222389,0.09359353704415847,0.27525174032551347,0.546077736777281,0.45392226322271884,0.45392226322271884,1.9949338335767295,2,14,394.5075782828133,-58.92683429970963,453.43441258252295,453.43441258252295,295.76788330078125,372.1382141113281,709.0208984374996,1400.8226318359375,10.0,0.1,2.0,771,0.08093263,False
45892,1978,ok,True,True,20260908,5,analysis_activations,positive,False,5.362569472962612,5.88754833603494,0.01949498423019104,0.10267878036938419,0.13962443994584559,0.3204352982575175,0.5638985118160782,0.43610148818392186,0.43610148818392186,2.124065171027881,2,12,1492.2217362763492,932.459786806108,559.7619494702412,559.7619494702412,172.64279174804688,243.5986785888672,533.4840911865228,1062.88916015625,10.0,0.1,2.0,177,0.123608105,False
45919,1482,ok,True,True,20260908,5,analysis_activations,positive,False,5.74465391184975,6.527608195120284,0.03279194726953246,0.2306543512589106,0.181085469515178,0.4802648761453523,0.5743716094601968,0.4256283905398031,0.4256283905398031,2.157274210437249,2,14,2262.6261765383288,1690.0129959704004,572.6131805679283,572.6131805679283,241.7386932373047,372.4678039550781,1344.1793029785158,2647.71826171875,10.0,0.1,2.0,844,0.26705077,False
46015,2176,ok,True,True,20260908,5,analysis_activations,positive,False,5.9145273748714535,6.313814105444963,0.014701266656272114,0.05312637330166944,0.12124878001972686,0.23049159052266838,0.6015261614421828,0.3984738385578172,0.3984738385578172,2.168185932558153,2,7,348.1780934836995,-123.19015159943953,471.3682450831391,471.3682450831391,310.8946533203125,409.19061279296875,725.0637969970703,1132.2447509765625,10.0,0.1,2.0,785,0.06825714,False
46103,1453,ok,True,False,20260908,5,analysis_activations,positive,False,5.81119033184982,6.201486944518661,0.011376166251232821,0.07107654244182306,0.10665911236848365,0.26660184253268593,0.6565406518548272,0.34345934814517287,0.34345934814517287,1.922238698566638,2,11,193.64839936230686,-365.4831250931797,559.1315244554866,559.1315244554866,288.49188232421875,350.5827331542969,640.5088623046873,1504.720703125,10.0,0.1,2.0,547,0.066275366,False
46149,3308,ok,True,True,20260908,5,analysis_activations,positive,False,5.177495739731796,5.702708721789748,0.009868752960577433,0.09726470525878557,0.09934159733252447,0.3118728992054064,0.5577601392061668,0.4422398607938332,0.4422398607938332,2.2692789685903088,2,14,2293.847308807586,602.2997201993215,1691.5475886082645,1691.5475886082645,154.42312622070312,197.44142150878906,450.12428894042955,755.978759765625,10.0,0.1,2.0,983,0.11659489,False
46191,1838,ok,True,True,20260908,5,analysis_activations,positive,False,5.6679061324605335,6.1234770117419,0.014619857358947984,0.067058391078078,0.12091260215109087,0.2589563497543128,0.5375508083235976,0.46244919167640236,0.46244919167640236,2.254331323354223,2,12,814.6694014261544,369.81768990377304,444.8517115223814,444.8517115223814,242.55564880371094,333.14453125,637.5534271240232,1035.572265625,10.0,0.1,2.0,613,0.090511724,False
46194,639,ok,True,False,20260908,5,analysis_activations,positive,False,5.666644347660553,5.958088970091385,0.014443727566293953,0.06481142844097171,0.12018206008508073,0.25458088781558547,0.5326111584959166,0.46738884150408344,0.46738884150408344,1.4640546274704065,2,6,19.20629980877666,-70.46273199564791,89.66903180442458,89.66903180442458,245.45501708984375,319.78558349609375,506.90841674804693,1228.468994140625,10.0,0.1,2.0,342,0.059221465,False
46245,1136,ok,True,True,20260908,5,analysis_activations,positive,False,5.977791916116829,6.74902584933019,0.06935331913210527,0.09640876632067069,0.2633501834670051,0.3104976108131441,0.4932783902867253,0.5067216097132748,0.4932783902867253,2.678912486578477,2,4,1576.8865212915173,1496.406864637676,80.47965665384118,80.47965665384118,248.0125732421875,574.5706787109375,1304.0824279785156,1900.6099853515625,10.0,0.1,2.0,962,0.23193957,False
46393,2822,ok,True,True,20260908,5,analysis_activations,positive,False,5.5916553509831335,6.2574082609694495,0.04019215415623358,0.0557508611137689,0.2004798098468611,0.2361162025651118,0.5373210577943488,0.4626789422056513,0.4626789422056513,3.0396346714155906,2,3,2809.8118092425916,2371.7422799684496,438.06952927414204,438.06952927414204,195.5289306640625,350.5376434326172,704.2253692626953,970.3031616210938,10.0,0.1,2.0,910,0.15763497,False
46514,6012,ok,True,True,20260908,5,analysis_activations,positive,False,5.63003430614331,6.263417522398762,0.03311804757563457,0.11809645995025743,0.18198364645108794,0.3436516549505581,0.6094096557209774,0.39059034427902267,0.39059034427902267,2.3034819800077546,2,8,6128.50216269615,4647.983846617298,1480.518316078852,1480.518316078852,214.0364990234375,323.845703125,810.9830261230468,1368.859619140625,10.0,0.1,2.0,556,0.16182697,False
46533,3062,ok,True,False,20260908,5,analysis_activations,positive,False,5.809916201259342,6.3936387535895385,0.02249040608211968,0.14982217100689268,0.14996801686399563,0.3870686902952662,0.6395850811097074,0.3604149188902926,0.3604149188902926,1.9886711880998977,2,10,2833.246367004712,1586.1589451517243,1247.0874218529875,1247.0874218529875,269.9408874511719,365.2690887451172,894.390505981445,2268.332275390625,10.0,0.1,2.0,278,0.14697349,False
46550,1422,ok,True,True,20260908,5,analysis_activations,positive,False,5.828169262319259,6.303311517946116,0.013126691451977453,0.0720965241040465,0.11457177423771289,0.2685079591074471,0.4975610037413206,0.5024389962586793,0.4975610037413206,2.3017581768568713,2,14,764.1846343969937,402.1967970183544,361.9878373786393,361.9878373786393,286.1376037597656,396.918212890625,787.8823303222657,1206.16748046875,10.0,0.1,2.0,393,0.099262945,False
46617,531,ok,True,True,20260908,5,analysis_activations,positive,False,5.610031100759485,6.393166637737289,0.00674738347423212,0.0611468762524415,0.08214245841361287,0.2472789442157207,0.18962718304740586,0.8103728169525942,0.18962718304740586,4.250454787125431,2,9,494.36611970616127,315.15144005714274,179.21467964901854,179.21467964901854,244.13888549804688,557.4189453125,830.8875122070312,1714.73681640625,10.0,0.1,2.0,524,0.14534913,False
46718,538,ok,True,True,20260908,5,analysis_activations,positive,False,5.912619067045603,6.880791332110887,0.04794545207715906,0.10815092549103401,0.21896449958191638,0.3288630801580409,0.7291628715204117,0.27083712847958824,0.27083712847958824,3.4655424489245488,2,3,792.1563643949601,564.8734326600493,227.2829317349108,227.2829317349108,275.3109436035156,403.9540557861328,1344.57998046875,1648.837646484375,10.0,0.1,2.0,251,0.24982814,False
46752,2543,ok,True,True,20260908,5,analysis_activations,positive,False,5.727581718077553,6.464176114188109,0.042242141618883976,0.18206529229742305,0.20552893134272843,0.4266910970449501,0.6927091073590226,0.30729089264097753,0.30729089264097753,2.199487888108721,2,6,3148.5004274234893,2293.8525228090193,854.64790461447,854.64790461447,229.35202026367188,338.5152587890625,982.547937011719,2474.477294921875,10.0,0.1,2.0,320,0.20077997,False
46780,801,ok,True,True,20260908,5,analysis_activations,positive,False,5.861954555900665,6.414696389189384,0.011417386583488806,0.13899190217601023,0.10685217163674685,0.3728161774601663,0.5818245311692112,0.4181754688307889,0.4181754688307889,2.015579829813697,2,13,706.4903589184808,271.18724851097613,435.3031104075046,435.3031104075046,301.91766357421875,387.55999755859375,994.06201171875,1964.381103515625,10.0,0.1,2.0,593,0.13927406,False
46872,2640,ok,True,True,20260908,5,analysis_activations,positive,False,5.712056189607641,6.029844241923096,0.008706903066217839,0.03929583670349829,0.09331078751257992,0.19823177521148896,0.6396707316810184,0.3603292683189816,0.3603292683189816,2.05125451660229,2,7,-798.8330577850973,-1562.95715740947,764.1240996243728,764.1240996243728,264.27764892578125,320.9158477783203,516.2491088867183,847.3615112304688,10.0,0.1,2.0,549,0.043021414,False
46891,703,ok,True,True,20260908,5,analysis_activations,positive,False,5.817967184933958,6.440302648780687,0.04186841016805474,0.12296663985287616,0.2046177171411477,0.35066599471987037,0.7781087176484756,0.22189128235152436,0.22189128235152436,2.167777806548809,2,4,555.9655555914015,406.1623235441299,149.80323204727165,149.80323204727165,233.80520629882812,361.4099426269531,781.0488159179687,1440.987548828125,10.0,0.1,2.0,582,0.12691262,False
46914,3864,ok,True,False,20260908,5,analysis_activations,positive,False,5.809327082023864,6.351525376725551,0.02107695922108514,0.13992576450531174,0.14517905916861817,0.3740665241709177,0.6372769759420817,0.36272302405791834,0.36272302405791834,1.9109817237531108,2,11,3161.7486407682327,1641.2986345395677,1520.450006228665,1520.450006228665,272.6614074707031,362.7991027832031,857.7148406982421,2291.2958984375,10.0,0.1,2.0,1369,0.13217406,False
46923,1614,ok,True,False,20260908,5,analysis_activations,positive,False,5.69515181856269,6.130859244495659,0.012932777365686434,0.090527749764337,0.11372236968022797,0.3008782972637558,0.6500061991108584,0.34999380088914167,0.34999380088914167,1.9156784610902948,2,11,583.3951859844864,-85.47074942213374,668.8659354066201,668.8659354066201,253.00442504882812,315.5840606689453,619.3731689453125,1248.3531494140625,10.0,0.1,2.0,824,0.08332961,False
46952,504,ok,True,False,20260908,5,analysis_activations,positive,False,5.843421982549745,6.200748951201433,0.015966098692668303,0.07465536340073771,0.126357028663499,0.2732313367839379,0.6157203727840509,0.38427962721594916,0.38427962721594916,1.6786697348492776,2,5,93.2328709644222,-11.552485095128567,104.78535605955076,104.78535605955076,291.49737548828125,372.8451232910156,652.4169494628906,1232.02099609375,10.0,0.1,2.0,301,0.06886564,False
47015,1613,ok,True,True,20260908,5,analysis_activations,positive,False,5.7827729156114485,6.2573607778037035,0.019521744507130918,0.09283013779748626,0.13972023656983593,0.3046803863025749,0.5992766629559068,0.4007233370440932,0.4007233370440932,2.0023567131831266,2,8,925.6515453212662,500.15354618978955,425.49799913147666,425.49799913147666,263.8643493652344,359.8677673339844,736.8878540039062,1487.732177734375,10.0,0.1,2.0,380,0.103049636,False
47031,2075,ok,True,False,20260908,5,analysis_activations,positive,False,5.8179520278100565,6.338302653835106,0.016893586396957684,0.12636514103816496,0.12997532995517913,0.35547874906689564,0.6636813456666084,0.33631865433339153,0.33631865433339153,1.9442429584106151,2,12,1400.5618378257698,441.97269326139366,958.589144564376,958.589144564376,279.8741455078125,359.7318115234375,821.6381713867188,1748.863037109375,10.0,0.1,2.0,873,0.114201985,False
47120,1577,ok,True,True,20260908,5,analysis_activations,positive,False,5.832166596246662,6.284487408883821,0.008437797017664742,0.09074721607105264,0.09185748209952602,0.3012427859236676,0.5683748948228317,0.43162510517716823,0.43162510517716823,2.031133839512395,2,16,763.9133515210553,-27.637439993725486,791.5507915147808,791.5507915147808,300.7080383300781,371.83447265625,806.4417968749997,1279.96435546875,10.0,0.1,2.0,860,0.094215415,False
47247,3976,ok,True,False,20260908,5,analysis_activations,positive,False,5.80532244448754,6.295124833449589,0.014691499424656923,0.1147134630649791,0.12120849567854937,0.33869376000301377,0.666448325341947,0.3335516746580531,0.3335516746580531,1.9255749665300288,2,11,2199.507115510404,280.28182040354255,1919.2252951068617,1919.2252951068617,281.063720703125,352.23854064941406,758.6181335449219,1872.4710693359375,10.0,0.1,2.0,1605,0.101408415,False
47288,508,ok,True,False,20260908,5,analysis_activations,positive,False,5.677886556103601,5.8758112055969995,0.0027051489967500984,0.018227455116331434,0.05201104687227607,0.13500909271723677,0.5602218177238276,0.4397781822761723,0.4397781822761723,1.9346537628049152,2,12,-554.4194685831811,-703.7356379504134,149.3161693672323,149.3161693672323,268.0341796875,305.71270751953125,417.7267623901366,581.76708984375,10.0,0.1,2.0,388,0.019219842,False
47309,1652,ok,True,True,20260908,5,analysis_activations,positive,False,5.905524048999721,6.840321750045878,0.06335867880165443,0.20229234710418317,0.25171149914466445,0.44976921538071407,0.5160740589151471,0.48392594108485293,0.48392594108485293,2.564938076896449,2,10,2963.1412891903324,2659.7991772428277,303.3421119475047,303.3421119475047,251.31504821777344,517.4305114746094,1797.100476074217,2713.16552734375,10.0,0.1,2.0,829,0.34903824,False
47329,698,ok,True,True,20260908,5,analysis_activations,positive,False,5.7548601472137815,6.572631419064536,0.014789349477756335,0.16114104318575587,0.12161146935119374,0.4014237700806417,0.3519696415726019,0.648030358427398,0.3519696415726019,2.7572516902861284,2,15,1059.4569549860307,846.3355550469977,213.12139993903304,213.12139993903304,265.6402587890625,521.8810119628906,1304.0879272460936,2195.988525390625,10.0,0.1,2.0,482,0.26253802,False
47337,581,ok,True,True,20260908,5,analysis_activations,positive,False,5.685451569972305,6.315642165273355,0.03465014819904163,0.06321609311310918,0.1861455027634072,0.25142810724560843,0.5596836150327333,0.44031638496726677,0.44031638496726677,2.848855759437578,2,4,540.0034333425144,463.65069509705404,76.35273824546039,76.35273824546039,222.317138671875,366.02532958984375,751.7249755859375,974.866943359375,10.0,0.1,2.0,325,0.14534783,False
47389,5853,ok,True,True,20260908,5,analysis_activations,positive,False,5.726403710990841,6.351738499742532,0.019892056975905546,0.15842285346870902,0.14103920368431447,0.39802368455747583,0.5645810261751218,0.4354189738248782,0.4354189738248782,2.0942752391605994,2,14,6470.489916948192,4047.6708320819157,2422.8190848662766,2422.8190848662766,251.12506103515625,353.29632568359375,978.8261352539062,1972.1602783203125,10.0,0.1,2.0,662,0.17637053,False
47424,2383,ok,True,False,20260908,5,analysis_activations,positive,False,5.749629822175497,6.137147241399582,0.010008554662957957,0.07047301231003729,0.10004276417091822,0.2654675353221883,0.6557142404406938,0.3442857595593062,0.3442857595593062,1.9317815560229803,2,10,254.52674637803747,-770.3607632491779,1024.8875096272154,1024.8875096272154,272.84185791015625,331.57763671875,617.2081542968753,1170.26708984375,10.0,0.1,2.0,581,0.06475299,False
47460,547,ok,True,True,20260908,5,analysis_activations,positive,False,5.755466233682259,6.347185812382925,0.011230886568851073,0.15522979780099924,0.10597587729691636,0.39399212911046744,0.487047073359873,0.512952926640127,0.487047073359873,2.0510445767504217,2,16,603.8709890920344,365.9996160068554,237.87137308517902,237.87137308517902,270.6459655761719,366.0624084472656,1005.4890258789056,2044.0174560546875,10.0,0.1,2.0,131,0.1728851,False
47496,628,ok,True,True,20260908,5,analysis_activations,positive,False,5.817504604948182,6.267591752265324,0.012220391897993474,0.07973148932077603,0.11054588141578806,0.2823676492106984,0.39990375254120103,0.600096247458799,0.39990375254120103,2.099091160866505,2,21,357.4540606987308,250.27176801757668,107.18229268115414,107.18229268115414,283.4336242675781,416.43841552734375,764.2530792236327,1280.5313720703125,10.0,0.1,2.0,347,0.101509154,False
47600,14439,ok,True,True,20260908,5,analysis_activations,positive,False,5.627590961601454,6.147911554533987,0.017501123504775604,0.10093853281811158,0.13229181193398026,0.31770825110171685,0.5180605406068132,0.4819394593931868,0.4819394593931868,2.1381464235766137,2,14,11005.621698430085,6952.079559592391,4053.5421388376935,4053.5421388376935,228.96258544921875,326.42333984375,705.6606750488272,1477.205078125,10.0,0.1,2.0,2748,0.12531537,False
47622,502,ok,True,True,20260908,5,analysis_activations,positive,False,5.786344711047198,7.001743491758678,0.02164404171292571,0.0705446574640407,0.14711914121869293,0.265602442503906,0.2130021925705746,0.7869978074294255,0.2130021925705746,5.661023408285238,2,10,845.4658824149458,505.77332377881487,339.6925586361309,339.6925586361309,275.32281494140625,1047.6835327148438,1560.3281677246093,2116.6201171875,10.0,0.1,2.0,397,0.30836707,False
47838,1038,ok,True,True,20260908,5,analysis_activations,positive,False,5.670161303222146,6.241900413762289,0.016372850736051416,0.1395233823119475,0.12795644077595866,0.37352828850295594,0.6846166172252661,0.3153833827747338,0.3153833827747338,2.04783560117527,2,10,807.698449236911,234.9011481138285,572.7973011230824,572.7973011230824,243.66476440429688,304.5763702392578,784.5923980712887,1616.93896484375,10.0,0.1,2.0,340,0.1259127,False
47857,5328,ok,True,True,20260908,5,analysis_activations,positive,False,5.3533047140594565,6.05150416533597,0.024591326994576723,0.04686137219554023,0.15681622044475094,0.21647487659204295,0.20737559699136393,0.792624403008636,0.20737559699136393,3.6939004010383862,2,15,3944.8117495192873,2781.0987687664974,1163.71298075279,1163.71298075279,171.19281005859375,398.3312072753906,578.096853637695,872.7288818359375,10.0,0.1,2.0,2372,0.122393176,False
47989,598,ok,True,True,20260908,5,analysis_activations,positive,False,5.8535629091533306,6.963305104972525,0.046120625524804316,0.28675789261333107,0.21475713148765121,0.5354977988874754,0.7109569199454233,0.2890430800545767,0.2890430800545767,2.720158513381761,2,13,1113.2505296798856,752.8287001257497,360.4218295541359,360.4218295541359,262.6744079589844,388.8630828857422,1911.006915283203,2576.349609375,10.0,0.1,2.0,207,0.3693673,False
47995,5172,ok,True,True,20260908,5,analysis_activations,positive,False,5.8278595692741195,6.427269706886848,0.026501247789604623,0.06612021030403972,0.1627920384711876,0.2571385041257721,0.6174576400933957,0.3825423599066044,0.3825423599066044,2.7853724441341092,2,5,4002.3409315144872,2759.43451268761,1242.9064188268771,1242.9064188268771,266.45245361328125,392.0732116699219,845.0380126953124,1302.7313232421875,10.0,0.1,2.0,1300,0.12654658,False
48011,1640,ok,True,True,20260908,5,analysis_activations,positive,False,5.634429874102965,6.002266928539607,0.01213038394352424,0.05017177753177429,0.11013802224265805,0.22399057464941308,0.555860138131397,0.44413986186860305,0.44413986186860305,2.084101743866098,2,9,120.01135240462418,-219.29890811290923,339.3102605175334,339.3102605175334,238.66690063476562,311.25035095214844,536.7507995605469,864.187255859375,10.0,0.1,2.0,1175,0.062466986,False
48168,3714,ok,True,False,20260908,5,analysis_activations,positive,False,5.7564026823215295,6.315001232487409,0.019467115215333154,0.14962986773062978,0.13952460433677336,0.38682020077890167,0.6282125014712341,0.37178749852876597,0.37178749852876597,1.9210862895620398,2,12,3273.6922783999794,1654.2679159689549,1619.4243624310245,1619.4243624310245,259.447509765625,345.2564697265625,837.869790649414,1933.3798828125,10.0,0.1,2.0,543,0.14077584,False
48248,859,ok,True,False,20260908,5,analysis_activations,positive,False,5.769078709052873,6.177378978935528,0.010791541789074372,0.07497103370316516,0.10388234589705014,0.27380838866471047,0.6105852050946556,0.38941479490534436,0.38941479490534436,1.9717223418202308,2,11,231.02322268743424,-89.94879373090615,320.9720164183404,320.9720164183404,277.23541259765625,345.26898193359375,672.7939331054687,1116.94140625,10.0,0.1,2.0,399,0.0755095,False
48387,680,ok,True,False,20260908,5,analysis_activations,positive,False,5.676568799445707,6.090189718645868,0.010043198247237506,0.08339508287560302,0.10021575847758428,0.28878206813374513,0.5375218739098239,0.4624781260901762,0.4624781260901762,1.9136172312232447,2,13,278.3901514853448,45.68423463842294,232.70591684692187,232.70591684692187,253.91812133789062,324.0810546875,634.0352966308593,1438.35986328125,10.0,0.1,2.0,275,0.086623035,False
48427,762,ok,True,True,20260908,5,analysis_activations,positive,False,5.710587054535685,6.420366435028507,0.016626437906292552,0.19726086903849205,0.12894354542315234,0.44414059602618183,0.4889117640814508,0.5110882359185491,0.4889117640814508,2.170430433228635,2,15,1071.6784709635242,744.6416635407621,327.0368074227621,327.0368074227621,253.96380615234375,369.6665802001953,1165.7258728027334,2192.3916015625,10.0,0.1,2.0,475,0.23513892,False
48458,2910,ok,True,False,20260908,5,analysis_activations,positive,False,5.901031608892469,6.393917304169568,0.019959599320975695,0.11742389558618396,0.1412784460594598,0.3426717023423206,0.6867975221620576,0.31320247783794236,0.31320247783794236,1.880589174509734,2,8,1652.3659781657689,546.160233117947,1106.205745047822,1106.205745047822,298.9299621582031,389.50437927246094,811.6188201904292,2576.05224609375,10.0,0.1,2.0,948,0.10277715,False
48503,9731,ok,True,True,20260908,5,analysis_activations,positive,False,5.82570297107804,6.376073617106112,0.030729528608127797,0.08092614528337513,0.17529839876087802,0.28447521031431744,0.6163645606088228,0.38363543939117717,0.38363543939117717,2.3293237889952665,2,5,7131.241268409019,5427.869974379977,1703.3712940290416,1703.3712940290416,259.17999267578125,391.29058837890625,818.7406005859375,1394.8447265625,10.0,0.1,2.0,2209,0.12162372,False
48504,2098,ok,True,False,20260908,5,analysis_activations,positive,False,5.679972929091728,6.067021146145664,0.012228077411064683,0.07316144362870572,0.110580637595669,0.27048372155955286,0.5990911534950842,0.4009088465049159,0.4009088465049159,1.8731725300876814,2,12,467.6017955910927,-195.53752292886426,663.139318519957,663.139318519957,248.52056884765625,315.6340637207031,577.251657104492,1391.382080078125,10.0,0.1,2.0,1093,0.072671175,False
48602,1180,ok,True,False,20260908,5,analysis_activations,positive,False,5.8578270064463425,6.3009741606415455,0.014030990840154002,0.09950331060920418,0.11845248346976099,0.3154414535364751,0.6807393870965306,0.3192606129034694,0.3192606129034694,1.8599420639951738,2,9,440.021958495543,-64.09368832683472,504.1156468223777,504.1156468223777,296.4301452636719,370.0534973144531,716.3811035156249,1966.6925048828125,10.0,0.1,2.0,525,0.08406896,False
48692,969,ok,True,True,20260908,5,analysis_activations,positive,False,6.062671180015267,7.153619117039946,0.08024864025571278,0.040197915285089855,0.28328190951014287,0.20049417768376682,0.6354526720614881,0.36454732793851186,0.36454732793851186,4.44551244944299,2,7,1722.136098737567,1280.611874992928,441.5242237446389,441.5242237446389,286.52838134765625,549.371826171875,1571.6204589843744,2063.715576171875,10.0,0.1,2.0,751,0.34170517,False
48870,3544,ok,True,True,20260908,5,analysis_activations,positive,False,5.8802889372039635,6.428900769278498,0.02112682818193993,0.1276921235232464,0.14535070753849094,0.35734034690088723,0.6490053439406047,0.3509946560593953,0.3509946560593953,2.01118048948165,2,11,2763.0348555346427,1383.0974422248241,1379.9374133098186,1379.9374133098186,292.0238037109375,390.05108642578125,931.9823577880856,2485.68994140625,10.0,0.1,2.0,609,0.12712702,False
48894,977,ok,True,True,20260908,5,analysis_activations,positive,False,5.5952185205128355,6.279875177883733,0.014160782434375048,0.21082058013858293,0.1189990858552075,0.45915202290590307,0.6033318237332022,0.3966681762667978,0.3966681762667978,2.0413363162711375,2,14,1234.985724882687,584.9061471610247,650.0795777216623,650.0795777216623,227.5262908935547,295.56585693359375,1005.3216796875,2351.640869140625,10.0,0.1,2.0,451,0.20456159,False
49012,665,ok,True,True,20260908,5,analysis_activations,positive,False,5.720131255446171,6.249590716219945,0.02346401744465211,0.08783290177411308,0.1531796900527355,0.2963661616549924,0.6306351387888797,0.3693648612111204,0.3693648612111204,2.244430384240494,2,6,447.51026235051415,289.52308751137434,157.9871748391398,157.9871748391398,243.0970458984375,337.86962890625,706.079309082031,1309.631591796875,10.0,0.1,2.0,122,0.11270599,False
49022,550,ok,True,False,20260908,5,analysis_activations,positive,False,5.891537549933428,6.492416510273419,0.03430684225715014,0.15521680556852663,0.1852210632113695,0.3939756408314182,0.7072298124381545,0.2927701875618456,0.2927701875618456,1.9519572053256107,2,5,509.3509080042698,349.5056181427549,159.8452898615149,159.8452898615149,277.8614501953125,396.0530700683594,994.8382873535152,1777.0501708984375,10.0,0.1,2.0,173,0.14472643,False
49030,4872,ok,True,True,20260908,5,analysis_activations,positive,False,5.757321264908086,6.352797753105348,0.019158410334017523,0.14883426233949457,0.1384139094672841,0.3857904383723041,0.5517490574263251,0.448250942573675,0.448250942573675,2.0546338864720437,2,15,5064.206417355741,3186.123596153925,1878.082821201816,1878.082821201816,260.52825927734375,366.5619354248047,944.2086364746093,2260.325439453125,10.0,0.1,2.0,1056,0.1650172,False
49093,1267,ok,True,True,20260908,5,analysis_activations,positive,False,5.780059880579902,6.532391827936835,0.04309934568996564,0.07933273973620024,0.20760381906401829,0.2816606819138948,0.5546081047193094,0.44539189528069056,0.44539189528069056,3.0407231363161213,2,4,1564.6848014758675,1324.0343975915935,240.65040388427406,240.65040388427406,240.86151123046875,423.76043701171875,977.7205810546876,1446.0343017578125,10.0,0.1,2.0,369,0.19920672,False
49161,2442,ok,True,True,20260908,5,analysis_activations,positive,False,5.7542684336499335,6.520215083440294,0.02860269126178804,0.26243214734046943,0.16912330194798125,0.5122813166029672,0.7103489471449638,0.2896510528550363,0.2896510528550363,2.0078951416388557,2,11,3215.127193996403,1721.8441247424466,1493.2830692539565,1493.2830692539565,248.69264221191406,335.3529357910156,1201.078741455077,2473.74072265625,10.0,0.1,2.0,722,0.21712941,False
49323,684,ok,True,True,20260908,5,analysis_activations,positive,False,5.78663155693222,6.435765070838257,0.03451523805172469,0.08514490074153336,0.18578277113802746,0.2917959916474751,0.6090624988992491,0.3909375011007509,0.3909375011007509,2.653837205982792,2,5,677.3660231128027,552.2901088197829,125.07591429301988,125.07591429301988,246.49044799804688,382.0211944580078,891.7964508056641,1384.7659912109375,10.0,0.1,2.0,301,0.15486509,False
49370,1630,ok,True,True,20260908,5,analysis_activations,positive,False,5.819783966902042,6.147976789251512,0.008880559078860333,0.04439541516459865,0.09423671831542274,0.21070219544323368,0.5999971640877607,0.40000283591223923,0.40000283591223923,2.010843985086005,2,11,-277.5657656514286,-737.4487098029989,459.8829441515703,459.8829441515703,294.1039123535156,361.6839904785156,610.9798614501952,947.9730834960938,10.0,0.1,2.0,474,0.048966143,False
49430,4324,ok,True,False,20260908,5,analysis_activations,positive,False,5.86244423286677,6.552476554944795,0.038101037367114086,0.2000589245422393,0.19519487023770396,0.4472794702892581,0.63249926775798,0.3675007322420199,0.3675007322420199,1.9996318977376364,2,10,5504.266801571833,4096.998381061568,1407.268420510265,1407.268420510265,268.218017578125,399.63409423828125,1103.5799255371085,3169.789794921875,10.0,0.1,2.0,428,0.20834483,False
49472,532,ok,True,True,20260908,5,analysis_activations,positive,False,5.990807402154639,6.649376522444567,0.04368813519688501,0.08654619068179945,0.2090170691519834,0.29418733943152525,0.5807767853377342,0.41922321466226564,0.41922321466226564,2.5807957081903026,2,4,570.9549235292111,512.355173601614,58.599749927597145,58.599749927597145,291.2229919433594,491.6397705078125,1122.8200988769531,1457.6424560546875,10.0,0.1,2.0,299,0.16756767,False
49502,665,ok,True,True,20260908,5,analysis_activations,positive,False,5.845722614714674,6.60705996444071,0.016492554559600744,0.19376215920735337,0.12842334117908918,0.4401842332562053,0.47717865343069116,0.5228213465693088,0.47717865343069116,2.348114461165078,2,19,988.2780691771759,698.7053428609257,289.57272631625017,289.57272631625017,283.5653991699219,427.86602783203125,1432.9691406249995,2121.23681640625,10.0,0.1,2.0,402,0.2541608,False
49583,1320,ok,True,True,20260908,5,analysis_activations,positive,False,5.696940565647582,6.355673592820931,0.02519881511918313,0.16776098622984292,0.15874134659622594,0.40958635991673714,0.46470785850696267,0.5352921414930374,0.46470785850696267,2.1207575146416677,2,16,1696.8647227108393,1367.8342678970284,329.0304548138108,329.0304548138108,236.14065551757812,382.26988220214844,989.857354736328,2401.777099609375,10.0,0.1,2.0,883,0.20961067,False
49615,6019,ok,True,False,20260908,5,analysis_activations,positive,False,5.7786699222571665,6.357234127036145,0.022543031600156586,0.15488404842916254,0.15014337015052176,0.3935531075079481,0.6327094927448992,0.36729050725510076,0.36729050725510076,1.9424802235934557,2,11,5637.074297623595,3175.599726534199,2461.4745710893962,2461.4745710893962,261.770263671875,355.4013366699219,907.8289184570305,2396.313720703125,10.0,0.1,2.0,1738,0.14896336,False
49630,1370,ok,True,True,20260908,5,analysis_activations,positive,False,5.726649160663167,6.310584360840811,0.01693806423009367,0.1424471879778778,0.13014631854222258,0.3774217640490249,0.5613543405565822,0.4386456594434178,0.4386456594434178,2.0685002921341127,2,14,1356.598422944653,792.1207159120193,564.4777070326338,564.4777070326338,255.63613891601562,349.01898193359375,906.9183624267578,1542.4248046875,10.0,0.1,2.0,278,0.1560666,False
49752,3263,ok,True,False,20260908,5,analysis_activations,positive,False,5.7952019486401944,6.365155292328399,0.021005207237340017,0.156950616550869,0.144931733024,0.39616993393096983,0.721505271203824,0.27849472879617587,0.27849472879617587,1.9107250661848398,2,9,2468.363619623846,800.8237406678375,1667.5398789560084,1667.5398789560084,270.9299011230469,343.9636535644531,825.8630737304685,2239.713134765625,10.0,0.1,2.0,892,0.124175884,False
50016,2449,ok,True,True,20260908,5,analysis_activations,positive,False,5.842488966315488,6.425758783053769,0.02812971873890579,0.05055174712924215,0.16771916628371902,0.22483715691415898,0.5247695738059901,0.47523042619400974,0.47523042619400974,2.9406834651270826,2,5,1845.957773807952,1451.1051445367866,394.85262927116537,394.85262927116537,270.35711669921875,439.91058349609375,820.6539550781248,1181.607666015625,10.0,0.1,2.0,1720,0.12367701,False
50088,2053,ok,True,True,20260908,5,analysis_activations,positive,False,6.077260714021292,6.870431747841725,0.10543998370567365,0.10182478052151604,0.324715234791461,0.319099953809956,0.5739901154292635,0.42600988457073646,0.42600988457073646,2.463877463061313,2,4,3057.9088036753756,2953.6405915710207,104.26821210435492,104.26821210435492,234.135009765625,587.802490234375,1426.5053710937498,1755.8544921875,10.0,0.1,2.0,950,0.25786018,False
50194,1513,ok,True,True,20260908,5,analysis_activations,positive,False,5.78426453492877,6.465196799343669,0.02065606366872145,0.19588867872179797,0.14372217528524067,0.4425931299984196,0.4869532153453441,0.5130467846546559,0.4869532153453441,2.0694030683403954,2,17,2060.8352296272965,1519.5891273240372,541.2461023032592,541.2461023032592,267.3958435058594,401.2538757324219,1236.952465820311,2793.296875,10.0,0.1,2.0,1004,0.22654569,False
50268,979,ok,True,True,20260908,5,analysis_activations,positive,False,5.939682417582132,6.432994464522891,0.0200838836997381,0.07092179667961118,0.14171761958111667,0.26631146554290747,0.6453125814821596,0.3546874185178403,0.3546874185178403,2.312610369680894,2,6,475.3190829405674,232.3839614025846,242.9351215379828,242.9351215379828,308.5574951171875,417.93951416015625,848.647680664062,1423.960205078125,10.0,0.1,2.0,671,0.09391082,False
50321,1305,ok,True,True,20260908,5,analysis_activations,positive,False,5.84925312749035,6.823270656944717,0.06139914563942352,0.056686104830736724,0.2477885099019394,0.23808843909509073,0.4309473478072442,0.5690526521927557,0.4309473478072442,4.008518970436762,2,3,2108.5019785465265,1624.6448393073829,483.85713923914363,483.85713923914363,252.51292419433594,680.4788818359375,1243.51123046875,1481.3800048828125,10.0,0.1,2.0,1019,0.29159343,False
50405,518,ok,True,False,20260908,5,analysis_activations,positive,False,5.620054293267865,6.026278231050645,0.01558952993662025,0.08055725051841334,0.12485803913493215,0.28382609203245096,0.7114742447521688,0.28852575524783125,0.28852575524783125,1.8527342775227018,2,5,91.59037428073897,-72.85699344044858,164.44736772118756,164.44736772118756,233.4697265625,287.79869079589844,526.4320465087891,994.910400390625,10.0,0.1,2.0,322,0.06834003,False
50408,756,ok,True,True,20260908,5,analysis_activations,positive,False,5.606051078611571,5.843095488547259,0.0067056604407764635,0.0188179304127318,0.08188809706408169,0.13717846191269167,0.661466608254199,0.338533391745801,0.338533391745801,2.098330188426157,2,5,-680.5033473795688,-791.2484221622533,110.74507478268447,110.74507478268447,236.6060791015625,285.6542205810547,389.0965881347656,584.8168334960938,10.0,0.1,2.0,309,0.023418609,False
50453,1551,ok,True,True,20260908,5,analysis_activations,positive,False,5.856920930803107,6.550359534603581,0.022381678528333494,0.1092662942732594,0.14960507520914354,0.3305545254163969,0.3974147702788079,0.602585229721192,0.3974147702788079,2.702812539085699,2,20,1839.5477514571705,1525.0673827489677,314.48036870820283,314.48036870820283,280.2729797363281,506.9984436035156,1152.3555297851562,1714.2459716796875,10.0,0.1,2.0,467,0.19001232,False
50518,638,ok,True,True,20260908,5,analysis_activations,positive,False,5.889912862642637,6.393711663402551,0.013896983944031433,0.08490883155917567,0.11788546960516988,0.291391200208887,0.4305274212636026,0.5694725787363975,0.4305274212636026,2.266631258451046,2,16,452.21709080972335,324.57642665215343,127.64066415756992,127.64066415756992,303.1501770019531,451.7724304199219,901.4047302246091,1335.05029296875,10.0,0.1,2.0,198,0.11674653,False
50584,730,ok,True,True,20260908,5,analysis_activations,positive,False,5.593552664991927,6.182550664071671,0.012534740645214626,0.12054052216964804,0.11195865596377363,0.3471894614899019,0.4838609051473569,0.5161390948526431,0.4838609051473569,2.283390295637062,2,15,723.4939608214058,446.3510546048696,277.14290621653623,277.14290621653623,227.75164794921875,320.6161804199219,788.6052307128906,1161.296875,10.0,0.1,2.0,457,0.15513167,False
50690,2072,ok,True,True,20260908,5,analysis_activations,positive,False,5.722837708221199,6.117931726432797,0.013744314752878973,0.06110978909175464,0.1172361495140427,0.24720394230625578,0.5519799009231722,0.4480200990768277,0.4480200990768277,2.0422440743047283,2,11,488.34966246733865,39.83487167997874,448.5147907873599,448.5147907873599,257.4367980957031,342.75953674316406,598.8796417236325,1505.1539306640625,10.0,0.1,2.0,1021,0.07360263,False
50795,3034,ok,True,False,20260908,5,analysis_activations,positive,False,5.727257225765281,6.169226554020603,0.011657795062262048,0.09418105999585909,0.10797126961493991,0.306889328579309,0.6262083706978471,0.37379162930215304,0.37379162930215304,1.921253017248716,2,12,1260.0495937901114,-109.05989942405886,1369.1094932141702,1369.1094932141702,263.53900146484375,328.24468994140625,670.695944213867,1477.2156982421875,10.0,0.1,2.0,448,0.0882552,False
50849,3781,ok,True,True,20260908,5,analysis_activations,positive,False,5.9443791042930405,6.965618193941578,0.04389982311810263,0.2800003918061601,0.20952284629152648,0.5291506324348106,0.5784764890656567,0.4215235109343432,0.4215235109343432,2.53767972313539,2,14,7260.476472387576,5604.952227208672,1655.5242451789036,1655.5242451789036,283.6818542480469,474.1654968261719,2150.54150390625,3249.020751953125,10.0,0.1,2.0,886,0.39783534,False
50959,625,ok,True,True,20260908,5,analysis_activations,positive,False,5.97326737692291,6.533975623217511,0.03708530036340661,0.11211724081598669,0.1925754407067698,0.33483912676983657,0.5839275498333993,0.41607245016660077,0.41607245016660077,2.052881264250662,2,5,578.3092714238197,498.23961730740973,80.06965411640999,80.06965411640999,298.3188781738281,463.4228515625,1041.688256835937,1827.2618408203125,10.0,0.1,2.0,491,0.14491871,False
51003,1846,ok,True,False,20260908,5,analysis_activations,positive,False,5.8287599274323085,6.318495650181685,0.017310795600031636,0.11725659966782852,0.13157049669295787,0.34242751009203176,0.7151630944596772,0.28483690554032287,0.28483690554032287,1.8880211656272052,2,9,901.3937731364593,62.77527960145202,838.6184935350074,838.6184935350074,284.053466796875,353.79026794433594,743.1347351074219,2081.918701171875,10.0,0.1,2.0,688,0.09468633,False
51118,501,ok,True,True,20260908,5,analysis_activations,positive,False,5.786068800778181,6.418915101726787,0.008454852645052496,0.13255955378980358,0.0919502726752482,0.36408728869572415,0.38391056566750487,0.6160894343324952,0.38391056566750487,2.3833153050970743,2,18,574.0917470307623,393.0553907210498,181.03635630971257,181.03635630971257,284.2790832519531,445.9419860839844,1100.8416748046875,1557.996826171875,10.0,0.1,2.0,278,0.17999898,False
51177,542,ok,True,True,20260908,5,analysis_activations,positive,False,5.868128807477674,6.506529310726973,0.04079951076627835,0.11771341435988197,0.20198888772969256,0.34309388563464954,0.6057945170094623,0.3942054829905376,0.3942054829905376,2.267649238042246,2,5,585.3408353824572,504.30586650363017,81.03496887882699,81.03496887882699,258.66693115234375,418.1275634765625,991.1416625976561,1707.20947265625,10.0,0.1,2.0,289,0.16875708,False
51227,3124,ok,True,True,20260908,5,analysis_activations,positive,False,5.8746375473451575,6.476152140200205,0.028160252646609808,0.11035728633113913,0.1678101684839444,0.33220067178008406,0.6140734593167501,0.38592654068324994,0.38592654068324994,2.28564502295552,2,9,2862.6102501603887,2023.5489964846574,839.0612536757312,839.0612536757312,278.7109375,407.1121826171875,980.7017578125,1762.0008544921875,10.0,0.1,2.0,497,0.14567453,False
51305,1244,ok,True,False,20260908,5,analysis_activations,positive,False,5.831463874650028,6.144151683894091,0.00610045338743567,0.052698670661695306,0.07810539922076878,0.22956191030241777,0.5804933022880597,0.4195066977119403,0.4195066977119403,1.8236459203439344,2,14,-195.68729419229135,-689.822370638403,494.1350764461116,494.1350764461116,304.5881042480469,361.41542053222656,612.089987182617,1067.7579345703125,10.0,0.1,2.0,754,0.049497437,False
51464,870,ok,True,True,20260908,5,analysis_activations,positive,False,5.868956680876455,6.242265822209243,0.00722924872108384,0.05784718612358555,0.08502498880378544,0.24051441978306737,0.5314632506781297,0.4685367493218703,0.4685367493218703,2.0695300953790845,2,13,113.07138524210191,-192.99840848530937,306.06979372741125,306.06979372741125,309.80047607421875,387.3029327392578,695.8368530273438,1300.285888671875,10.0,0.1,2.0,578,0.065722145,False
51484,747,ok,True,True,20260908,5,analysis_activations,positive,False,5.720382299918572,6.0767120783337285,0.007904205559804787,0.030521277678793226,0.08890559914766216,0.1747033991621034,0.7191335454258473,0.28086645457415277,0.28086645457415277,2.5707358065084875,2,6,-273.22076882593296,-546.6513058710219,273.43053704508895,273.43053704508895,266.1844787597656,316.9239501953125,517.2201843261718,701.25146484375,10.0,0.1,2.0,250,0.039954793,False
51500,1896,ok,True,True,20260908,5,analysis_activations,positive,False,5.964380688071757,6.591507897906317,0.03537104528291199,0.1209223758875609,0.18807191518914246,0.3477389479013832,0.5631181483994195,0.4368818516005805,0.4368818516005805,2.243366825657723,2,9,2030.5082705983089,1673.1988995184556,357.30937107985324,357.30937107985324,296.9543762207031,472.7663879394531,1141.6296997070312,2016.44482421875,10.0,0.1,2.0,305,0.16959071,False
51564,681,ok,True,True,20260908,5,analysis_activations,positive,False,5.886951735146232,6.64042741505157,0.03762954123546083,0.09209935480424253,0.19398335298540653,0.30347875511185707,0.43690493714319767,0.5630950628568023,0.43690493714319767,2.9584611850126032,2,9,876.2302306050417,779.6503208050817,96.57990979995998,96.57990979995998,273.96142578125,535.8153076171875,1164.8702392578125,1695.3778076171875,10.0,0.1,2.0,394,0.2082772,False
51587,4745,ok,True,True,20260908,5,analysis_activations,positive,False,5.769658045946028,6.433793000749037,0.019751795392071406,0.16140438196573592,0.14054108079871666,0.4017516421444173,0.6105310487885296,0.38946895121147035,0.38946895121147035,2.206707456712703,2,13,5340.668573324884,2968.8351671429227,2371.8334061819614,2371.8334061819614,263.62945556640625,358.4541320800781,1041.966650390625,1886.5185546875,10.0,0.1,2.0,1309,0.17983805,False
51692,1545,ok,True,False,20260908,5,analysis_activations,positive,False,5.807853684791202,6.300735600540173,0.013245553553256769,0.11007068293548414,0.11508932858113635,0.3317690204577337,0.6504285312841722,0.3495714687158278,0.3495714687158278,1.9849416776795807,2,12,877.2630999829324,112.77416502767343,764.488934955259,764.488934955259,283.4806213378906,354.0574035644531,795.6420532226562,1741.7236328125,10.0,0.1,2.0,629,0.10239398,False
51729,4879,ok,True,True,20260908,5,analysis_activations,positive,False,5.898385053272304,6.56827471188189,0.04018211594424134,0.18060351825512108,0.2004547728148206,0.424974726607502,0.6384719893037628,0.36152801069623713,0.36152801069623713,2.016196541089768,2,7,5875.2614282027025,4495.066706006866,1380.1947221958362,1380.1947221958362,272.0361328125,415.4505920410156,1116.5494384765625,2358.486572265625,10.0,0.1,2.0,1697,0.19457088,False
51744,805,ok,True,False,20260908,5,analysis_activations,positive,False,5.859147856827596,6.50103408596332,0.027272071603000356,0.21008609615000323,0.16514257961834178,0.4583514984703369,0.6388106818051639,0.361189318194836,0.361189318194836,1.8632492965705711,2,10,954.0358564559274,620.3577035459111,333.67815291001625,333.67815291001625,277.82672119140625,387.56634521484375,1137.368017578125,2713.97119140625,10.0,0.1,2.0,573,0.18860126,False
51755,802,ok,True,True,20260908,5,analysis_activations,positive,False,5.805208808158799,6.106073282829196,0.006186144808719556,0.038410807831711795,0.07865204897979172,0.19598675422515624,0.5646373431863715,0.43536265681362846,0.43536265681362846,2.014806374573158,2,11,-244.20337561196476,-484.7095258468,240.50615023483522,240.50615023483522,296.833251953125,357.28900146484375,559.8454132080077,911.245361328125,10.0,0.1,2.0,581,0.04251928,False
51804,561,ok,True,True,20260908,5,analysis_activations,positive,False,5.825168534731958,6.699726599143227,0.03441561287386821,0.23481287469585146,0.1855144546224585,0.4845749422905104,0.5145459555539988,0.48545404444600126,0.48545404444600126,2.3836535906083856,2,13,970.2852877953106,787.9987162907231,182.28657150458753,182.28657150458753,260.19317626953125,440.0938720703125,1537.6455078125,2795.8984375,10.0,0.1,2.0,370,0.32332575,False
51828,1567,ok,True,False,20260908,5,analysis_activations,positive,False,5.881008267589786,6.360356918826703,0.02031062596716401,0.10852825086617732,0.1425153534436343,0.3294362622210514,0.6586071075404515,0.34139289245954857,0.34139289245954857,1.8886132944321856,2,7,885.9292054062587,380.6816632423407,505.247542163918,505.247542163918,291.43377685546875,386.78948974609375,809.5447021484375,1920.103271484375,10.0,0.1,2.0,810,0.10215518,False
51873,1520,ok,True,True,20260908,5,analysis_activations,positive,False,5.945957233134587,6.519766008361832,0.026456426524465396,0.07885030047786915,0.16265431603392944,0.2808029566757963,0.6071057168199857,0.3928942831800142,0.3928942831800142,2.5006569985517446,2,7,1174.48354547961,842.0028538699531,332.4806916096569,332.4806916096569,301.2087707519531,439.7530212402344,958.9838043212887,1516.760009765625,10.0,0.1,2.0,264,0.12566017,False
51927,1706,ok,True,False,20260908,5,analysis_activations,positive,False,5.809655495595693,6.2577132804705755,0.014151247953004209,0.10363259599227068,0.1189590179557826,0.3219201702165782,0.5734111010034172,0.4265888989965828,0.4265888989965828,1.8463165535249133,2,14,952.2986433178964,360.97250137679816,591.3261419410983,591.3261419410983,280.7322998046875,368.18597412109375,743.8873443603516,1850.8685302734375,10.0,0.1,2.0,938,0.101488374,False
51932,1788,ok,True,False,20260908,5,analysis_activations,positive,False,5.821773117123249,6.407167232627648,0.018875393369706818,0.16992551109733087,0.1373877482518249,0.41222022160167116,0.6828817116926399,0.31711828830736016,0.31711828830736016,1.905290996055582,2,13,1586.2320644496313,606.7348767539195,979.4971876957118,979.4971876957118,281.359130859375,357.20579528808594,955.8861145019528,1889.194091796875,10.0,0.1,2.0,845,0.14106433,False
52181,3067,ok,True,False,20260908,5,analysis_activations,positive,False,5.687518952464412,6.098705200341165,0.013619948761653169,0.07562510977000836,0.11670453616570853,0.275000199581761,0.6474295780916938,0.3525704219083061,0.3525704219083061,1.9465317401900077,2,9,737.3635908745869,-320.009186449058,1057.3727773236449,1057.3727773236449,250.2632598876953,315.62664794921875,588.0186584472655,1364.8348388671875,10.0,0.1,2.0,1769,0.074097976,False
52351,1511,ok,True,True,20260908,5,analysis_activations,positive,False,5.794375700838936,6.26161778008988,0.012449289938146542,0.07250662940082499,0.11157638611348972,0.26927055056360133,0.49878181728810844,0.5012181827118916,0.49878181728810844,2.267044911145824,2,12,779.4450724236115,379.0105474310371,400.4345249925744,400.4345249925744,277.7142333984375,381.2461242675781,754.8458862304688,1396.6136474609375,10.0,0.1,2.0,457,0.09719282,False
52373,1704,ok,True,False,20260908,5,analysis_activations,positive,False,5.579354892196984,6.023147524167816,0.013430341051000586,0.08917003402135398,0.11588934830691122,0.29861351948857573,0.605465357836517,0.39453464216348305,0.39453464216348305,1.9593887547994953,2,10,754.260000489993,139.26119412877281,614.9988063612202,614.9988063612202,224.265625,288.23814392089844,573.1322875976562,1349.0985107421875,10.0,0.1,2.0,1017,0.090411656,False
52423,675,ok,True,True,20260908,5,analysis_activations,positive,False,5.774885042556686,6.3148077591457,0.022421883066213674,0.06623662733391462,0.14973938381806462,0.25736477485062836,0.59722405569885,0.40277594430115,0.40277594430115,2.5644036301396445,2,6,439.8628987528124,302.8384684178719,137.02443033494046,137.02443033494046,253.32675170898438,371.8993835449219,729.9006469726561,1332.845458984375,10.0,0.1,2.0,293,0.110355504,False
52494,3331,ok,True,True,20260908,5,analysis_activations,positive,False,5.802970049453973,6.3004741678946905,0.016891997336589987,0.10288189948252939,0.12996921688072907,0.32075208414370343,0.5818373936232297,0.41816260637677033,0.41816260637677033,2.0329682139647254,2,12,2208.4104868086083,1097.1226530107115,1111.2878337978968,1111.2878337978968,273.69891357421875,370.1591796875,805.85791015625,1816.8570556640625,10.0,0.1,2.0,689,0.113102496,False
52596,613,ok,True,True,20260908,5,analysis_activations,positive,False,5.990876566899061,6.702868363914509,0.045632447277628115,0.04953460664136745,0.2136175256799594,0.222563713667272,0.4645730708925054,0.5354269291074946,0.4645730708925054,3.2639738854162936,2,3,679.8594034216507,583.4152633654145,96.44414005623617,96.44414005623617,285.53759765625,602.269775390625,1082.7455322265625,1312.014892578125,10.0,0.1,2.0,514,0.17410135,False
52766,728,ok,True,True,20260908,5,analysis_activations,positive,False,5.894761375818656,6.615194702111609,0.02546454356730471,0.11194630588172402,0.15957613721137853,0.3345837800637144,0.4353633018928057,0.5646366981071943,0.4353633018928057,2.748516067581898,2,14,914.3025108393276,764.4037312906037,149.89877954872395,149.89877954872395,284.7957763671875,510.55859375,1219.9319824218749,1676.4085693359375,10.0,0.1,2.0,355,0.2021596,False
52921,1825,ok,True,True,20260908,5,analysis_activations,positive,False,5.857279422706378,6.4683728255700865,0.035869023419128544,0.05299578161499072,0.18939119150353467,0.23020812673533209,0.4617673204145556,0.5382326795854444,0.4617673204145556,2.8990632918180146,2,4,1578.3944095960326,1371.6555161922688,206.73889340376377,206.73889340376377,266.4256286621094,486.9726867675781,883.3679199218749,1317.558349609375,10.0,0.1,2.0,911,0.1379746,False
52958,811,ok,True,True,20260908,5,analysis_activations,positive,False,5.8737730681692595,6.672841509983196,0.056321045170381286,0.08892173435853878,0.23732055361974294,0.29819747543957975,0.488809387384251,0.511190612615749,0.488809387384251,2.9651843630641554,2,4,1131.889837707378,1034.2873720842006,97.60246562317752,97.60246562317752,242.77304077148438,521.778564453125,1206.6293334960938,1550.255859375,10.0,0.1,2.0,423,0.23281984,False
52974,2748,ok,True,True,20260908,5,analysis_activations,positive,False,5.7940430720249685,6.421742102830425,0.025732682894608533,0.17099149286561094,0.16041409817908317,0.41351117622817757,0.5511625324787692,0.44883746752123066,0.44883746752123066,2.0014170201647583,2,18,3227.386951760601,2324.074385131667,903.3125666289338,903.3125666289338,264.3772888183594,383.8586730957031,1095.8013916015627,2500.533447265625,10.0,0.1,2.0,1017,0.18846798,False
53124,835,ok,True,False,20260908,5,analysis_activations,positive,False,5.519303906492929,5.916290318354999,0.008922665185891193,0.08000169300621675,0.09445986018352553,0.28284570529922626,0.6149709990328366,0.38502900096716347,0.38502900096716347,1.8826963040625426,2,14,204.537772871114,-175.41053642051347,379.9483092916274,379.9483092916274,219.25241088867188,263.6949768066406,507.3095336914062,1147.634765625,10.0,0.1,2.0,557,0.073693775,False
53166,602,ok,True,True,20260908,5,analysis_activations,positive,False,5.8111427670681275,6.251681277604377,0.01997628702474671,0.06612608944225683,0.14133749334393444,0.2571499357228324,0.8005825908703218,0.1994174091296783,0.1994174091296783,2.1232019665090283,2,4,29.155712744805506,-118.83186245231651,147.98757519712203,147.98757519712203,267.2607727050781,345.1524353027344,597.592492675781,996.3590087890625,10.0,0.1,2.0,121,0.06026248,False
53210,975,ok,True,False,20260908,5,analysis_activations,positive,False,5.597108368626644,6.1074029060361985,0.008500986984381896,0.12916660743188138,0.09220079709190097,0.3593975618056992,0.5502065488405313,0.4497934511594686,0.4497934511594686,1.9450020138163628,2,17,770.3907482339702,219.9956664395862,550.3950817943839,550.3950817943839,237.96817016601562,296.3216247558594,728.5680297851562,1562.223388671875,10.0,0.1,2.0,165,0.12734826,False
53219,1204,ok,True,True,20260908,5,analysis_activations,positive,False,5.880507522840744,6.491499925904787,0.04060655290439688,0.08293316427349061,0.20151067689925733,0.2879811873603736,0.5850703157394249,0.4149296842605751,0.4149296842605751,2.458371467887037,2,4,1137.142353577308,1000.3627905787837,136.7795629985244,136.7795629985244,261.62335205078125,436.93943786621094,943.9017517089843,1541.986083984375,10.0,0.1,2.0,933,0.14891806,False
53266,6616,ok,True,False,20260908,5,analysis_activations,positive,False,5.3312632734144945,5.778523503883064,0.009889580867666671,0.09476236391052777,0.09944637181751113,0.30783496213154177,0.6254598022364101,0.3745401977635898,0.3745401977635898,1.9552470053349968,2,13,2753.709314797166,-720.3274928857126,3474.0368076828786,3474.0368076828786,179.58241271972656,220.1792449951172,459.2373580932617,975.7607421875,10.0,0.1,2.0,2866,0.08855211,False
53359,664,ok,True,False,20260908,5,analysis_activations,positive,False,5.876719429422883,6.627069091093799,0.02508314285310167,0.26469516908354934,0.15837658555828785,0.5144853438957706,0.6741942689065055,0.3258057310934946,0.3258057310934946,1.9712683532439934,2,12,912.2405874040388,512.6374276502924,399.60315975374647,399.60315975374647,288.79046630859375,387.3703918457031,1376.8961791992194,2763.99365234375,10.0,0.1,2.0,349,0.22716309,False
53388,1067,ok,True,True,20260908,5,analysis_activations,positive,False,5.880695126270176,6.332151211998964,0.00863913379157819,0.08859256871090329,0.09294694073275457,0.297645038108992,0.4536637530816831,0.546336246918317,0.4536637530816831,2.04751251282375,2,19,614.9318762027207,264.1269644428008,350.8049117599199,350.8049117599199,312.49517822265625,419.2229309082031,859.9577941894531,1663.15283203125,10.0,0.1,2.0,589,0.102931716,False
53516,802,ok,True,True,20260908,5,analysis_activations,positive,False,5.96901605361026,6.434840642816986,0.022143923555600537,0.06345964555163082,0.14880834504691104,0.25191197976998003,0.5924983571646583,0.40750164283534185,0.40750164283534185,2.251601199437204,2,6,370.3017023361924,253.55865750935578,116.74304482683664,116.74304482683664,311.1159973144531,445.6204833984375,845.1734741210936,1464.9556884765625,10.0,0.1,2.0,521,0.091484785,False
53687,580,ok,True,True,20260908,5,analysis_activations,positive,False,5.925448483066126,6.438060426761494,0.021976587532178113,0.05010792741536375,0.1482450253201709,0.2238480006954803,0.6089219021846904,0.39107809781530956,0.39107809781530956,2.7001179034459453,2,5,296.8079454822783,201.59239112789103,95.21555435438725,95.21555435438725,299.0218505859375,425.0226287841797,823.8029174804688,1110.1392822265625,10.0,0.1,2.0,487,0.0957174,False
53702,799,ok,True,False,20260908,5,analysis_activations,positive,False,5.791676200172442,6.349698534267484,0.00988709255033933,0.15955089667132005,0.09943386018021894,0.39943822635211074,0.512043397926306,0.48795660207369407,0.48795660207369407,1.9171724731059612,2,22,820.1734127446333,411.3109748774224,408.86243786721093,408.86243786721093,283.92291259765625,369.82501220703125,1076.6964111328116,1903.4610595703125,10.0,0.1,2.0,391,0.1609189,False
53724,690,ok,True,True,20260908,5,analysis_activations,positive,False,5.937643269100195,6.428507984964928,0.019486864518129143,0.09108815664885819,0.13959535994483893,0.301808145431594,0.6691859935599253,0.33081400644007475,0.33081400644007475,2.0876048525706876,2,7,357.93318597416476,147.54130257027788,210.39188340388688,210.39188340388688,307.1910095214844,407.1003112792969,870.2336395263671,1790.9801025390625,10.0,0.1,2.0,481,0.0966528,False
53948,855,ok,True,False,20260908,5,analysis_activations,positive,False,5.823665975714104,6.25513872240731,0.012148403124497333,0.08603413032691355,0.11021979461284317,0.29331575192429327,0.6137321492343781,0.386267850765622,0.386267850765622,1.947382442461681,2,14,330.4224824647047,1.806483853940378,328.6159986107643,328.6159986107643,288.422607421875,363.5195007324219,729.411572265625,1289.56298828125,10.0,0.1,2.0,410,0.084920496,False
54031,2515,ok,True,False,20260908,5,analysis_activations,positive,False,5.761220633573297,6.197876230386618,0.014425899408498014,0.11674835377868735,0.12010786572284937,0.34168458229584686,0.7071738768240143,0.2928261231759856,0.2928261231759856,1.7050209857798746,2,7,919.5536832084748,-277.09881584711763,1196.6524990555924,1196.6524990555924,269.08453369140625,329.42071533203125,634.9581665039059,2421.391845703125,10.0,0.1,2.0,764,0.08390424,False
54240,8352,ok,True,True,20260908,5,analysis_activations,positive,False,5.727374987817322,6.345319170301232,0.038074021440018334,0.08134133350526687,0.19512565551464095,0.28520402084344265,0.5907279340118073,0.4092720659881926,0.4092720659881926,2.5289145720465207,2,4,7768.887012419516,6539.633935489672,1229.2530769298446,1229.2530769298446,226.45013427734375,369.2579650878906,801.036474609375,1328.1522216796875,10.0,0.1,2.0,2559,0.14811936,False
54331,1241,ok,True,False,20260908,5,analysis_activations,positive,False,5.699071507949315,6.0079717052420785,0.0064151996460484525,0.05030778496577574,0.08009494145105828,0.22429396997194495,0.6845531018840495,0.31544689811595045,0.31544689811595045,1.8342293837480785,2,10,-432.0262612579224,-1011.8485054052326,579.8222441473101,579.8222441473101,266.5539245605469,307.5460205078125,494.3450927734375,908.5369262695312,10.0,0.1,2.0,357,0.04089778,False
54447,9085,ok,True,True,20260908,5,analysis_activations,positive,False,5.410646325768042,5.962750013309241,0.016981785818503643,0.11954765929803142,0.13031418118725085,0.34575664751097906,0.5635428726407201,0.43645712735927994,0.43645712735927994,2.113111838324031,2,13,7722.841519654505,4286.972806076738,3435.8687135777664,3435.8687135777664,185.76535034179688,254.34298706054688,603.4049804687495,1260.39013671875,10.0,0.1,2.0,3436,0.13673514,False
54468,652,ok,True,True,20260908,5,analysis_activations,positive,False,5.752409297528197,6.347912824855544,0.035163889750806906,0.07289421040011065,0.1875203715621503,0.2699892783058443,0.5904547001614621,0.4095452998385379,0.4095452998385379,2.5619501336636397,2,4,564.220565978269,487.46826546024795,76.752300518021,76.752300518021,236.28594970703125,375.1162567138672,789.5203826904295,1199.223388671875,10.0,0.1,2.0,299,0.13657923,False
54602,701,ok,True,False,20260908,5,analysis_activations,positive,False,5.436640783377084,5.733445570560786,0.007066519233520118,0.037640796924496935,0.08406259116586948,0.19401236281355097,0.6401154317278631,0.35988456827213683,0.35988456827213683,1.985164954011973,2,12,-283.27573295777273,-504.1197758741282,220.84404291635548,220.84404291635548,203.99391174316406,241.98031616210938,375.8467712402344,788.47021484375,10.0,0.1,2.0,379,0.038417242,False
54632,915,ok,True,False,20260908,5,analysis_activations,positive,False,5.800637510725842,6.227478829435519,0.010779781216236526,0.09274145128783391,0.10382572521411312,0.30453481129065346,0.7206126992043772,0.2793873007956228,0.2793873007956228,1.876146440839969,2,11,181.75122576079474,-315.7816406962318,497.53286645702656,497.53286645702656,285.2899169921875,341.68994140625,659.4904479980466,1632.3685302734375,10.0,0.1,2.0,304,0.070435844,False
54669,1638,ok,True,True,20260908,5,analysis_activations,positive,False,5.762612336954644,6.305616506947271,0.021877074418918608,0.11397578641087278,0.14790900722714154,0.33760300118759723,0.6391096445544752,0.3608903554455249,0.3608903554455249,2.0834532908751138,2,10,1232.3123265979664,683.6105456704546,548.7017809275118,548.7017809275118,258.73284912109375,352.22412109375,778.278985595703,1626.832275390625,10.0,0.1,2.0,391,0.12319641,False
54701,1485,ok,True,False,20260908,5,analysis_activations,positive,False,5.793812136728499,6.205449947692201,0.011872685806882815,0.07562541927968268,0.10896185482490106,0.27500076232563914,0.5789856347970604,0.42101436520293944,0.42101436520293944,1.968026463447402,2,13,478.45853265161736,-6.915210042694291,485.37374269431166,485.37374269431166,280.22314453125,358.91705322265625,703.9740478515623,1546.3740234375,10.0,0.1,2.0,867,0.0800707,False
54719,1790,ok,True,False,20260908,5,analysis_activations,positive,False,5.591568274397973,5.943327960352413,0.008824457948069376,0.06347358190630518,0.09393858604465673,0.25193963941052466,0.6149437312189165,0.3850562687810835,0.3850562687810835,1.8501110681379482,2,11,33.70016904433431,-648.5870196121517,682.287188656486,682.287188656486,234.96377563476562,285.3096466064453,497.3026184082031,1155.29931640625,10.0,0.1,2.0,386,0.05919848,False
54993,2933,ok,True,False,20260908,5,analysis_activations,positive,False,5.775523510724021,6.336060568182872,0.01835343985775191,0.14472546283140184,0.13547486799311492,0.380427999536577,0.6319824171177061,0.3680175828822939,0.3680175828822939,1.96300062068594,2,12,2529.3067298869323,1190.8817591932136,1338.4249706937187,1338.4249706937187,265.9893493652344,350.3446960449219,876.6619628906251,2114.779296875,10.0,0.1,2.0,498,0.13798396,False
55045,706,ok,True,True,20260908,5,analysis_activations,positive,False,5.856360046377104,6.618979650768953,0.019730281847081126,0.12429404471419014,0.1404645216667936,0.352553605447725,0.4607763972498271,0.5392236027501729,0.4607763972498271,2.841875425458442,2,16,949.6568643375814,714.6955414935252,234.9613228440562,234.9613228440562,284.4219055175781,467.0244140625,1222.3999938964844,1634.4456787109375,10.0,0.1,2.0,343,0.22092788,False
55088,511,ok,True,True,20260908,5,analysis_activations,positive,False,5.8787281741412905,7.2515659237233425,0.13829704716736307,0.14200334928749905,0.37188310954836745,0.3768333176452144,0.3763230919397456,0.6236769080602544,0.3763230919397456,3.667096634100322,2,3,1186.8651287770783,1049.5281832530065,137.33694552407178,137.33694552407178,232.26156616210938,969.086181640625,2250.128662109375,2965.381103515625,10.0,0.1,2.0,248,0.5840932,False
55276,2295,ok,True,True,20260908,5,analysis_activations,positive,False,5.927222790405187,6.36406722533686,0.012390620963196574,0.0681609553676512,0.11131316617182611,0.261076531629427,0.5303885932735706,0.4696114067264294,0.4696114067264294,2.1767311061736594,2,12,900.8215696359854,274.57043793864375,626.2511316973416,626.2511316973416,316.1184997558594,426.0684509277344,816.2344482421873,1427.23291015625,10.0,0.1,2.0,593,0.08614962,False
55290,2088,ok,True,True,20260908,5,analysis_activations,positive,False,5.825583348849597,6.235457690204872,0.010367092855781669,0.06097268886065581,0.1018189218946148,0.24692648472907033,0.4830846960245218,0.516915303975478,0.4830846960245218,2.170200411745454,2,18,626.8956803527914,98.92767199016126,527.9680083626301,527.9680083626301,292.70465087890625,393.4919738769531,722.7030487060546,1116.3125,10.0,0.1,2.0,1395,0.07851362,False
55305,586,ok,True,True,20260908,5,analysis_activations,positive,False,5.891750248105641,6.475842692982592,0.02027788453455308,0.10027246295571546,0.14240043726952906,0.31665827473116104,0.5068600949035098,0.49313990509649014,0.49313990509649014,2.3790981172389225,2,12,544.1653699171484,409.5179362013983,134.64743371575008,134.64743371575008,294.7906494140625,440.94085693359375,981.7938842773438,1574.5634765625,10.0,0.1,2.0,358,0.14524826,False
55321,9286,ok,True,True,20260908,5,analysis_activations,positive,False,5.628273294557977,6.472228171089076,0.045045433592738895,0.1301661075783022,0.21223909534470528,0.3607854037766802,0.6455304736874329,0.35446952631256706,0.35446952631256706,2.851365364522243,2,6,13048.573664645295,10130.360041716953,2918.2136229283424,2918.2136229283424,204.80960083007812,326.1603698730469,988.8235778808594,1460.913818359375,10.0,0.1,2.0,716,0.23822235,False
55440,842,ok,True,True,20260908,5,analysis_activations,positive,False,5.622294614971726,6.124548372451392,0.013065629875541579,0.10815915812403964,0.11430498622344337,0.32887559672927946,0.4980557559343213,0.5019442440656787,0.4980557559343213,2.040057816066018,2,16,644.3602369355517,376.653110084005,267.7071268515467,267.7071268515467,232.5236053466797,319.6923828125,728.3522369384758,1280.922607421875,10.0,0.1,2.0,618,0.12400722,False
55461,3524,ok,True,True,20260908,5,analysis_activations,positive,False,5.794843355069819,6.163935895586315,0.007746256794256186,0.0542084177896713,0.08801282176056047,0.23282701258589242,0.5771113154725127,0.4228886845274873,0.4228886845274873,2.097071440716822,2,13,139.99461622301934,-1211.425707746336,1351.4203239693554,1351.4203239693554,289.1543273925781,355.2335205078125,634.6484313964844,1100.9840087890625,10.0,0.1,2.0,1252,0.060658026,False
55513,1191,ok,True,True,20260908,5,analysis_activations,positive,False,5.738210896081066,6.439412760566265,0.02248553382708758,0.16947060967590205,0.149951771670386,0.4116680819251136,0.5924287789725543,0.4075712210274457,0.4075712210274457,2.2633778005330134,2,13,1483.839384474254,950.0570602383656,533.7823242358885,533.7823242358885,251.11016845703125,354.13958740234375,1076.6062622070312,1814.28759765625,10.0,0.1,2.0,237,0.20128109,False
55601,1235,ok,True,True,20260908,5,analysis_activations,positive,False,5.957579436792005,6.82985693740269,0.08701009286685159,0.06671712236199777,0.29497473259052476,0.25829657830098673,0.31645648226001966,0.6835435177399802,0.31645648226001966,3.146257677533259,2,3,1744.7524782026146,1510.987581441494,233.76489676112055,233.76489676112055,245.60626220703125,779.6005859375,1351.5757446289062,1640.981201171875,10.0,0.1,2.0,678,0.23791541,False
55647,635,ok,True,True,20260908,5,analysis_activations,positive,False,5.518398688965321,6.128588010580169,0.010016838870007972,0.16895376616591906,0.10008415893640697,0.4110398595828865,0.493063534518764,0.5069364654812359,0.493063534518764,2.0398054502156,2,17,738.8152945206855,410.9707955085742,327.84449901211127,327.84449901211127,216.0836181640625,288.13470458984375,902.0008789062493,1285.947509765625,10.0,0.1,2.0,311,0.18394123,False
55656,1131,ok,True,True,20260908,5,analysis_activations,positive,False,5.904276031254452,6.536177264606496,0.03026556703567133,0.03614488282283963,0.17397001763427897,0.1901180760023613,0.5023614607648138,0.4976385392351862,0.4976385392351862,3.467735702415903,2,3,942.1240702453815,701.2214161983776,240.90265404700392,240.90265404700392,281.5567626953125,493.72735595703125,869.10888671875,1171.40576171875,10.0,0.1,2.0,898,0.1331308,False
55683,1698,ok,True,True,20260908,5,analysis_activations,positive,False,5.86326623547884,6.299932985192742,0.01358223680963071,0.07772417915011211,0.11654285396209718,0.2787905650306554,0.6163935200731842,0.3836064799268159,0.3836064799268159,2.0436874286501125,2,11,612.9835946887296,32.22203676453241,580.7615579241972,580.7615579241972,299.01788330078125,382.29461669921875,755.8457427978512,1261.9420166015625,10.0,0.1,2.0,776,0.083321884,False
55799,936,ok,True,True,20260908,5,analysis_activations,positive,False,5.94040830627598,6.571140458686079,0.027144985750962882,0.14917818393896967,0.16475735416351794,0.38623591746362695,0.722919533159775,0.2770804668402249,0.2770804668402249,2.1242482832374345,2,8,833.9482326027671,443.45887345836286,390.48935914440426,390.48935914440426,299.67041015625,406.2602233886719,987.8775329589844,1893.8045654296875,10.0,0.1,2.0,309,0.14079386,False
55877,1752,ok,True,False,20260908,5,analysis_activations,positive,False,5.691641401490412,6.131280304020734,0.012752661321710497,0.0902046135507431,0.1129276818220869,0.3003408289772523,0.6390605238407154,0.3609394761592845,0.3609394761592845,1.9376823949428612,2,10,674.0038326401348,-47.0170256421418,721.0208582822765,721.0208582822765,251.3878173828125,316.9908142089844,641.59866027832,1500.8575439453125,10.0,0.1,2.0,833,0.08533876,False
55878,554,ok,True,False,20260908,5,analysis_activations,positive,False,5.8731162386190965,6.245184024670751,0.008853275316188994,0.06082087349493497,0.09409184510991903,0.24661888308670724,0.5507918438870315,0.4492081561129685,0.4492081561129685,1.993431111462563,2,19,82.73846366176771,-89.77295920138475,172.51142286315246,172.51142286315246,308.401123046875,387.3793640136719,713.5160461425781,1226.7001953125,10.0,0.1,2.0,273,0.066568114,False
56153,1226,ok,True,True,20260908,5,analysis_activations,positive,False,5.928032586818113,6.917195883518414,0.0513985880753398,0.258089131734368,0.22671256708735799,0.508024735356821,0.5455103227281481,0.4544896772718519,0.4544896772718519,2.514555817949559,2,15,2332.4945074621305,1949.3254656160805,383.16904184605005,383.16904184605005,276.1273193359375,493.2735900878906,2028.5099182128906,3189.305908203125,10.0,0.1,2.0,223,0.3882383,False
56270,3685,ok,True,True,20260908,5,analysis_activations,positive,False,5.800602849686754,6.546465208746366,0.02304714038783563,0.21164342499421876,0.15181284658366573,0.4600471986592449,0.4866704047170388,0.5133295952829612,0.4866704047170388,2.1773381028672354,2,19,5493.514601797643,4110.645673774854,1382.868928022789,1382.868928022789,265.7675476074219,416.48809814453125,1363.746801757811,2517.347900390625,10.0,0.1,2.0,372,0.25890735,False
56319,3202,ok,True,True,20260908,5,analysis_activations,positive,False,5.677031796967161,6.209731806939746,0.023772474978801444,0.09568846552911221,0.15418325129144683,0.3093355225788209,0.570245449337584,0.42975455066241597,0.42975455066241597,2.1796398425194643,2,11,2424.605029899678,1688.8317210464786,735.7733088531993,735.7733088531993,233.28868103027344,338.3384246826172,730.0016815185545,1538.8997802734375,10.0,0.1,2.0,251,0.12425878,False
56378,1051,ok,True,True,20260908,5,analysis_activations,positive,False,5.648923852053808,6.188810920890258,0.013930955033355149,0.12632855582227118,0.11802946680111348,0.35542728626580034,0.583457255244672,0.416542744755328,0.416542744755328,2.0386926790931366,2,13,865.0098481490472,391.2999752562483,473.70987289279896,473.70987289279896,238.330322265625,314.2315368652344,762.6650390625,1482.8289794921875,10.0,0.1,2.0,641,0.13171299,False
56403,1135,ok,True,True,20260908,5,analysis_activations,positive,False,5.799675092315392,6.479221567158956,0.02175810893259008,0.10479592686971069,0.14750630133180778,0.3237219900929047,0.5359108022672876,0.46408919773271246,0.46408919773271246,2.7014451997147937,2,15,1257.725280146181,889.3184587085564,368.40682143762456,368.40682143762456,267.7107849121094,402.56427001953125,996.2638427734372,1295.57861328125,10.0,0.1,2.0,647,0.17529877,False
56413,1132,ok,True,True,20260908,5,analysis_activations,positive,False,6.138329925714273,7.152799378379746,0.09177111938681032,0.04467194644674958,0.30293748428811235,0.21135739032915216,0.4616168633390054,0.5383831366609946,0.4616168633390054,3.883991201570548,2,5,1944.3988858796238,1495.7135694036983,448.68531647592545,448.68531647592545,300.561767578125,907.1658935546875,1654.7713500976565,2314.43017578125,10.0,0.1,2.0,692,0.32246858,False
56438,3629,ok,True,True,20260908,5,analysis_activations,positive,False,5.809227638109363,6.349370323003348,0.020643611210404856,0.09818699482663863,0.1436788474703387,0.3133480410448398,0.5810224356712479,0.41897756432875216,0.41897756432875216,2.215946855822632,2,12,2744.135345659058,1693.1662015585057,1050.9691441005525,1050.9691441005525,271.4624328613281,380.7610168457031,863.7743408203125,1492.5977783203125,10.0,0.1,2.0,1314,0.12418905,False
56557,1433,ok,True,False,20260908,5,analysis_activations,positive,False,5.736702257852921,6.18001792035678,0.01581726654056784,0.09804631677250086,0.12576671475620185,0.31312348486260316,0.5530559348416486,0.44694406515835133,0.44694406515835133,1.857956961810657,2,12,797.9518563038297,399.9017713552561,398.0500849485736,398.0500849485736,258.73797607421875,348.91461181640625,684.8982055664061,1954.7828369140625,10.0,0.1,2.0,798,0.101217784,False
56719,949,ok,True,True,20260908,5,analysis_activations,positive,False,6.028473180287565,6.703552852973392,0.037339836831874446,0.10886319823516333,0.1932351852843432,0.32994423503853393,0.6498140532120011,0.3501859467879988,0.3501859467879988,2.4968464482373594,2,5,1003.1864873095816,787.6921331192655,215.49435419031613,215.49435419031613,311.85906982421875,478.60748291015625,1189.4915771484364,1788.950439453125,10.0,0.1,2.0,636,0.1662651,False
56845,4542,ok,True,False,20260908,5,analysis_activations,positive,False,5.7013470438058,6.184470406257569,0.016036186505456948,0.12355708200878325,0.12663406534363866,0.35150687334500763,0.6268733113525777,0.3731266886474224,0.3731266886474224,1.828692985225902,2,11,2911.85989583829,1012.3617797882973,1899.4981160499926,1899.4981160499926,251.50283813476562,323.9813537597656,703.7319885253905,2280.12744140625,10.0,0.1,2.0,2187,0.110772975,False
56884,2442,ok,True,False,20260908,5,analysis_activations,positive,False,5.901158993693783,6.35729609714355,0.018867061841877926,0.10170062346591756,0.13735742368681034,0.3189053518928736,0.6482765462397512,0.3517234537602488,0.3517234537602488,1.8577827951509696,2,7,1208.846349286756,422.26046776565045,786.5858815211056,786.5858815211056,303.6920166015625,394.5108642578125,798.5840942382812,2219.812744140625,10.0,0.1,2.0,657,0.09548052,False
56916,1067,ok,True,True,20260908,5,analysis_activations,positive,False,5.5081084129255915,5.903773585967508,0.01172162469501136,0.06502420758732014,0.10826645230638787,0.2549984462449137,0.6608661534071314,0.33913384659286855,0.33913384659286855,2.019832809724995,2,8,123.54810064560445,-256.1832294442425,379.73133008984695,379.73133008984695,210.30918884277344,261.1751403808594,472.8536010742187,815.2073974609375,10.0,0.1,2.0,653,0.06494459,False
57012,1293,ok,True,True,20260908,5,analysis_activations,positive,False,5.705060377217416,6.407525319043902,0.01704571396660315,0.1676873650760479,0.13055923547035325,0.4094964774891817,0.47245688702812083,0.5275431129718792,0.47245688702812083,2.311358535481481,2,14,1723.0223292605642,1227.8857927832291,495.1365364773351,495.1365364773351,249.20199584960938,375.69818115234375,1078.6390625,1961.89990234375,10.0,0.1,2.0,273,0.21967445,False
57079,504,ok,True,True,20260908,5,analysis_activations,positive,False,5.907204134253632,6.37064566929693,0.027600864428036744,0.03623518834796321,0.16613507886065706,0.19035542636857822,0.45858995252867835,0.5414100474713217,0.45858995252867835,2.594041616700781,2,4,203.87255899841196,186.03015383934613,17.842405159065834,17.842405159065834,276.78485107421875,472.9638671875,758.5610900878906,940.3276977539062,10.0,0.1,2.0,343,0.08577106,False
57091,747,ok,True,False,20260908,5,analysis_activations,positive,False,5.670266965854112,6.240685538239463,0.014283587910342392,0.15326184756592262,0.11951396533603256,0.39148671441815575,0.5815150712508391,0.4184849287491609,0.4184849287491609,1.9707990982131807,2,15,724.0276098554951,357.08508840234276,366.9425214531524,366.9425214531524,243.3778839111328,319.54736328125,859.4257141113272,1561.8594970703125,10.0,0.1,2.0,282,0.15182856,False
57182,754,ok,True,True,20260908,5,analysis_activations,positive,False,5.800626520015016,6.556106201054141,0.012521183430139278,0.1671240477527578,0.11189809395221743,0.40880808180949385,0.393537136483412,0.6064628635165881,0.393537136483412,2.520750950441931,2,26,1084.7760246002977,801.2452655655756,283.5307590347221,283.5307590347221,281.70068359375,469.50006103515625,1264.2750427246094,1877.926025390625,10.0,0.1,2.0,465,0.24282154,False
57246,1058,ok,True,True,20260908,5,analysis_activations,positive,False,5.901015509411235,6.538712875125263,0.03288508631229284,0.13060786236098426,0.18134245590123907,0.36139709788677643,0.5800526541582064,0.41994734584179355,0.41994734584179355,2.230386395910401,2,9,1160.0631295461408,922.305242877739,237.75788666840174,237.75788666840174,278.20452880859375,433.7721862792969,1103.511651611328,1831.003173828125,10.0,0.1,2.0,815,0.17314468,False
57377,1242,ok,True,True,20260908,5,analysis_activations,positive,False,5.623541031993639,6.1091880180466,0.014022746908234561,0.09343425929338003,0.11841767988030572,0.3056701805760255,0.5978283256636387,0.40217167433636136,0.40217167433636136,2.095165466717782,2,11,711.7457494208029,247.0755337621714,464.6702156586315,464.6702156586315,231.49114990234375,303.8409423828125,664.7529327392579,1371.485595703125,10.0,0.1,2.0,524,0.10274765,False
57476,881,ok,True,True,20260908,5,analysis_activations,positive,False,5.9415230540115385,6.608980134226454,0.03610063738090399,0.06308974423439523,0.19000167731076478,0.25117671913295475,0.49191285929445944,0.5080871407055405,0.49191285929445944,2.9971160650422535,2,5,905.581129994036,778.5236652104433,127.05746478359276,127.05746478359276,288.833984375,521.64501953125,1046.661376953125,1357.929931640625,10.0,0.1,2.0,726,0.16134106,False
57594,3967,ok,True,True,20260908,5,analysis_activations,positive,False,5.634489184287231,6.0341207393237974,0.009353471292749603,0.06977620079274015,0.09671334599086934,0.26415185176852374,0.5234423271516842,0.4765576728483159,0.4765576728483159,2.009116349306671,2,16,1153.7147923690281,-170.72418464792392,1324.438977016952,1324.438977016952,242.72457885742188,312.4912414550781,594.7808105468749,1130.4422607421875,10.0,0.1,2.0,312,0.07800565,False
57702,638,ok,True,True,20260908,5,analysis_activations,positive,False,5.789338798359041,6.348367104862185,0.006348470424682699,0.11136024726913557,0.07967728926540296,0.3337068283226095,0.28845234627071414,0.7115476537292859,0.28845234627071414,2.3043289846530284,2,26,592.4174462030404,443.72965243013374,148.68779377290667,148.68779377290667,290.8326416015625,458.4908142089844,987.8497314453125,1403.2630615234375,10.0,0.1,2.0,498,0.14543876,False
57742,2746,ok,True,False,20260908,5,analysis_activations,positive,False,5.795022493256493,6.112537309058944,0.006826315883143501,0.050389200737647896,0.082621521912535,0.22447539004899378,0.5997990560394222,0.4002009439605779,0.4002009439605779,1.8772498618029863,2,12,-503.59627477368724,-1559.7647823703512,1056.1685075966639,1056.1685075966639,292.20111083984375,349.02833557128906,578.5912780761719,1200.27490234375,10.0,0.1,2.0,704,0.04847671,False
57788,6259,ok,True,False,20260908,5,analysis_activations,positive,False,5.731012770734485,6.079842944372761,0.009082700945081913,0.060036489055945975,0.09530320532428022,0.24502344593109038,0.6194073324623914,0.38059266753760856,0.38059266753760856,1.8764185684856465,2,10,-132.88187868157905,-2445.2510707725137,2312.3691920909346,2312.3691920909346,268.4974365234375,328.239990234375,575.6334350585935,1189.991455078125,10.0,0.1,2.0,1949,0.057169005,False
57961,913,ok,True,True,20260908,5,analysis_activations,positive,False,5.814325928117441,6.383945203270538,0.02440317894784885,0.13387892987488187,0.1562151687508254,0.3658946977955295,0.5756478472044281,0.42435215279557187,0.42435215279557187,2.0248075929580773,2,10,873.2637896438016,619.5319161563557,253.7318734874459,253.7318734874459,264.79693603515625,383.2645263671875,958.4574462890625,2164.60693359375,10.0,0.1,2.0,269,0.15028283,False
58085,2288,ok,True,True,20260908,5,analysis_activations,positive,False,5.775512522744479,6.261604832126386,0.021260378687855568,0.08251004668665389,0.14580939163118256,0.2872456208311171,0.6459409732368167,0.3540590267631834,0.3540590267631834,2.1340124527094515,2,6,1170.1558719741588,578.1393503122295,592.0165216619293,592.0165216619293,260.3337097167969,353.8949279785156,731.3936828613282,1501.000732421875,10.0,0.1,2.0,359,0.097026646,False
58117,1892,ok,True,False,20260908,5,analysis_activations,positive,False,5.803669147559907,6.293505997073931,0.02340993451851506,0.10495664003733504,0.15300305395159622,0.323970122136803,0.6122397815425277,0.38776021845747227,0.38776021845747227,1.9334835206819527,2,6,1242.1430007400597,778.3515656550996,463.7914350849601,463.7914350849601,266.0165710449219,368.5609588623047,773.9447601318359,1773.359375,10.0,0.1,2.0,1097,0.11205105,False
58169,962,ok,True,False,20260908,5,analysis_activations,positive,False,5.749933713431029,6.239612337865735,0.01775623494050718,0.11318578629494289,0.13325252320503045,0.3364309532354936,0.6245614728982248,0.3754385271017752,0.3754385271017752,1.9137562591330741,2,10,618.7059297311333,280.8664111118128,337.83951861932053,337.83951861932053,258.194091796875,340.8129119873047,713.9314819335934,1609.41552734375,10.0,0.1,2.0,558,0.109923325,False
58249,2942,ok,True,True,20260908,5,analysis_activations,positive,False,5.910498545157585,6.5091516364821675,0.029337037072005155,0.08991468420526094,0.17128057996166746,0.29985777329470875,0.49265511591196876,0.5073448840880314,0.49265511591196876,2.451646777483301,2,10,2776.7462795523475,2329.1363720174763,447.6099075348711,447.6099075348711,284.40679931640625,472.655517578125,1018.2951171874998,1604.4681396484375,10.0,0.1,2.0,1024,0.14969753,False
58284,1215,ok,True,True,20260908,5,analysis_activations,positive,False,5.859139794185898,6.398444758804003,0.02228705344401218,0.10211483958744344,0.1492884906615784,0.3195541262250316,0.5764477773370271,0.4235522226629728,0.4235522226629728,2.16239944650815,2,11,956.041690409099,641.357371506056,314.68431890304305,314.68431890304305,285.35040283203125,407.09295654296875,873.3983276367185,1600.1085205078125,10.0,0.1,2.0,607,0.12721455,False
58292,619,ok,True,True,20260908,5,analysis_activations,positive,False,5.882750443358278,6.365607629534942,0.010778209894973148,0.10458480499922666,0.10381815782883623,0.3233957405397088,0.5582173098333215,0.4417826901666784,0.4417826901666784,2.0104829684101952,2,15,401.6037917925248,134.31270286421693,267.2910889283079,267.2910889283079,311.497802734375,400.6098327636719,868.9721496582032,1714.9635009765625,10.0,0.1,2.0,132,0.109894775,False
58346,738,ok,True,False,20260908,5,analysis_activations,positive,False,5.724527133191663,6.219630876727579,0.009354926187451835,0.1364789303043,0.09672086738368217,0.3694305486885187,0.5353366128564034,0.4646633871435965,0.4646633871435965,1.8335047002239673,2,18,598.4621029825335,229.01894925946988,369.4431537230636,369.4431537230636,267.4722900390625,338.86669921875,790.4213745117186,2178.05126953125,10.0,0.1,2.0,373,0.12957525,False
58360,2721,ok,True,True,20260908,5,analysis_activations,positive,False,5.833712363531434,6.293689855802449,0.016474396823974117,0.078550555364962,0.12835262686822627,0.28026871991887,0.6617291978352926,0.33827080216470734,0.33827080216470734,2.110244364544831,2,7,1024.769985838286,120.21103627136532,904.5589495669207,904.5589495669207,283.649658203125,368.04052734375,737.1676025390625,1353.8773193359375,10.0,0.1,2.0,534,0.08486365,False
58392,585,ok,True,False,20260908,5,analysis_activations,positive,False,5.943170907799404,6.443067956629255,0.01576661338890165,0.11119077337683865,0.12556517586059301,0.33345280532159066,0.7226537230639279,0.27734627693607217,0.27734627693607217,1.984113826078091,2,9,279.122058513556,1.129536872935418,277.99252164062057,277.99252164062057,320.5987548828125,396.9529724121094,852.5783325195299,2210.642578125,10.0,0.1,2.0,339,0.09247482,False
58446,941,ok,True,False,20260908,5,analysis_activations,positive,False,5.880905968460215,6.422183240038408,0.023425717296809947,0.1427132190365045,0.15305462193873776,0.3777740317127482,0.7550720568533574,0.24492794314664257,0.24492794314664257,1.878015084641494,2,6,579.5298575632909,183.57246217095744,395.9573953923334,395.9573953923334,292.21649169921875,371.07427978515625,785.9891357421875,2502.117431640625,10.0,0.1,2.0,227,0.106938444,False
58571,3429,ok,True,False,20260908,5,analysis_activations,positive,False,5.814604270650874,6.1482819113427825,0.0073594002955370075,0.057077168562921436,0.08578694711631256,0.23890828483525103,0.6469980238743348,0.3530019761256652,0.3530019761256652,1.8589850642193826,2,10,-501.89219128216496,-2026.7568858772236,1524.8646945950586,1524.8646945950586,295.6434326171875,350.87628173828125,610.9438476562499,1147.0533447265625,10.0,0.1,2.0,1542,0.05035284,False
58589,719,ok,True,False,20260908,5,analysis_activations,positive,False,5.952160940671811,6.413267492129753,0.01280387058679577,0.130482569386956,0.11315418943545913,0.36122371099770845,0.6458936154659206,0.3541063845340794,0.3541063845340794,1.7227162261804705,2,12,420.0011826925778,63.976368834915505,356.0248138576623,356.0248138576623,329.0680236816406,408.21728515625,889.7455200195316,2198.198486328125,10.0,0.1,2.0,395,0.10324637,False
58595,1238,ok,True,True,20260908,5,analysis_activations,positive,False,5.853578932273946,7.092993964358329,0.10896964433021727,0.24840496898992973,0.33010550484688567,0.49840241671758545,0.7199001955975612,0.28009980440243865,0.28009980440243865,2.9320401141846224,2,3,2560.2015882840537,2200.951336325696,359.2502519583577,359.2502519583577,213.96607971191406,408.1125183105469,2171.8889892578118,3043.715576171875,10.0,0.1,2.0,513,0.45815015,False
58716,2492,ok,True,False,20260908,5,analysis_activations,positive,False,5.748239666303333,6.12357859963776,0.007505116242907124,0.07556532189961429,0.08663207398479575,0.2748914729481697,0.6013795186756064,0.3986204813243936,0.3986204813243936,1.8416850501649558,2,15,403.3603655413481,-800.5137785424761,1203.8741440838241,1203.8741440838241,277.6354064941406,332.69960021972656,624.2670166015624,1527.38623046875,10.0,0.1,2.0,680,0.06843369,False
58718,1252,ok,True,True,20260908,5,analysis_activations,positive,False,5.773628158432472,6.436806930387963,0.02890827408684335,0.11523094315995032,0.17002433380796805,0.3394568354886234,0.5225440669281172,0.47745593307188283,0.47745593307188283,2.4703275077953086,2,13,1419.319445741114,1142.8888120168733,276.4306337242406,276.4306337242406,246.84942626953125,402.88800048828125,980.8261840820313,1745.2506103515625,10.0,0.1,2.0,107,0.17999431,False
58968,637,ok,True,True,20260908,5,analysis_activations,positive,False,5.837655517454124,6.19065379929723,0.011036347380658422,0.03285866455970771,0.10505402124934782,0.18126959083008853,0.7061120518318122,0.2938879481681877,0.2938879481681877,2.382758369126608,2,4,-179.18268296151186,-326.4757047111651,147.29302174965326,147.29302174965326,294.32623291015625,363.0372314453125,576.37861328125,830.6558227539062,10.0,0.1,2.0,322,0.04337513,False
59038,730,ok,True,True,20260908,5,analysis_activations,positive,False,5.853034030592525,6.315792035418062,0.01578207492923532,0.08773617615088077,0.12562672856217869,0.2962029306925925,0.6545514644846054,0.34544853551539456,0.34544853551539456,2.034044615868477,2,9,319.36050105637213,66.8741650124029,252.48633604396923,252.48633604396923,292.0865173339844,375.56231689453125,749.1201232910155,1352.264892578125,10.0,0.1,2.0,462,0.08918077,False
59174,707,ok,True,True,20260908,5,analysis_activations,positive,False,5.718131369326439,6.235705031187671,0.01579773513223508,0.10738305772902282,0.12568904141664491,0.32769354239750104,0.521012836781836,0.47898716321816404,0.47898716321816404,2.085526286813191,2,13,557.8660035501493,350.6732443270847,207.19275922306463,207.19275922306463,253.23471069335938,353.4248352050781,802.3490722656243,1259.1710205078125,10.0,0.1,2.0,374,0.12669654,False
59206,1456,ok,True,True,20260908,5,analysis_activations,positive,False,5.8461894041567595,6.272649904499772,0.010514160030790073,0.04659633348006284,0.10253857825613769,0.21586183886936303,0.5925123973929985,0.40748760260700145,0.40748760260700145,2.5236891083622144,2,12,256.35666605233575,-212.39745466333932,468.75412071567507,468.75412071567507,298.7685241699219,379.7491912841797,686.8016510009766,1017.8618774414062,10.0,0.1,2.0,547,0.06917433,False
59351,906,ok,True,True,20260908,5,analysis_activations,positive,False,5.86841313258238,6.346964392643631,0.0108788862815415,0.0851253387858497,0.10430189970245747,0.2917624698035196,0.4667683064509403,0.5332316935490597,0.4667683064509403,2.1842296024853027,2,18,563.848490275261,300.045450600202,263.80303967505904,263.80303967505904,301.8877868652344,418.2015380859375,871.4264526367188,1362.587890625,10.0,0.1,2.0,535,0.10758702,False
59473,585,ok,True,True,20260908,5,analysis_activations,positive,False,5.754055703438342,6.354334648030186,0.012466851181699126,0.16526733214792125,0.1116550544386555,0.4065308501798126,0.5699192195581345,0.43008078044186543,0.43008078044186543,2.0136436951072154,2,15,624.1526635356599,301.57172118986654,322.5809423457934,322.5809423457934,269.303955078125,348.0147705078125,998.3228149414034,2530.29296875,10.0,0.1,2.0,346,0.1667896,False
59646,1077,ok,True,True,20260908,5,analysis_activations,positive,False,5.860763394121754,6.413868863153877,0.018701417842425253,0.08262716958177124,0.13675312735884781,0.28744942091048165,0.4843705323063434,0.5156294676936566,0.4843705323063434,2.4572930728562192,2,13,856.922904989624,628.1354072957523,228.78749769387173,228.78749769387173,287.27947998046875,432.6566162109375,898.351928710937,1316.3460693359375,10.0,0.1,2.0,905,0.12818807,False
59652,502,ok,True,True,20260908,5,analysis_activations,positive,False,5.777649795364482,6.454507909443779,0.026427961370186794,0.073454694088944,0.16256679048989925,0.2710252646690784,0.6992337426878471,0.3007662573121529,0.3007662573121529,3.028779083486861,2,4,438.89523535939276,271.7124971125278,167.18273824686497,167.18273824686497,251.11395263671875,354.988525390625,851.8224731445312,1177.095947265625,10.0,0.1,2.0,157,0.13719316,False
59660,6703,ok,True,True,20260908,5,analysis_activations,positive,False,5.891836128559143,6.698795906760023,0.04490311843576741,0.17945210615863788,0.21190355928055435,0.42361787752482527,0.6285867902888979,0.37141320971110214,0.37141320971110214,2.4093438927246735,2,10,9664.061217298242,7570.710125482848,2093.3510918153943,2093.3510918153943,268.7818603515625,426.46270751953125,1366.337963867187,2780.11572265625,10.0,0.1,2.0,1106,0.24694084,False
59730,4645,ok,True,False,20260908,5,analysis_activations,positive,False,5.738523601898509,6.1791925657857325,0.01255092301591103,0.08480082317874595,0.11203090205791895,0.29120580897150034,0.5931477120164733,0.40685228798352674,0.40685228798352674,1.9973565096415646,2,12,1951.9539084097341,219.19496491376702,1732.758943495967,1732.758943495967,263.88702392578125,339.61505126953125,673.8020996093751,1907.2181396484375,10.0,0.1,2.0,745,0.088826545,False
59754,583,ok,True,True,20260908,5,analysis_activations,positive,False,5.797287492392552,6.172753972419535,0.0050033139618442185,0.05957567377147016,0.07073410748602274,0.2440812851725223,0.41975331153462864,0.5802466884653713,0.41975331153462864,2.0894912287897545,2,23,125.17013429566397,-55.852058221393285,181.02219251705725,181.02219251705725,294.912353515625,384.70623779296875,708.2402221679687,1005.0574951171875,10.0,0.1,2.0,357,0.07112577,False
59913,569,ok,True,True,20260908,5,analysis_activations,positive,False,5.783860285592198,6.836333068608881,0.04773620707694758,0.31034388608447455,0.2184861713631954,0.5570851695068488,0.7355241877849205,0.26447581221507954,0.26447581221507954,2.4873436007363092,2,8,1001.1916107930739,674.8955383514505,326.29607244162344,326.29607244162344,245.09487915039062,354.8196716308594,1723.9795166015626,2751.37060546875,10.0,0.1,2.0,386,0.33325297,False
60040,2559,ok,True,True,20260908,5,analysis_activations,positive,False,5.927330013710938,6.554856842439059,0.03765051078764633,0.09079246575614919,0.1940373953330809,0.3013178815738442,0.5777066300194439,0.4222933699805561,0.4222933699805561,2.4762364673955823,2,5,2526.0919493776846,2129.048766710066,397.04318266761857,397.04318266761857,282.46429443359375,453.7425231933594,1020.3151916503903,1609.0233154296875,10.0,0.1,2.0,175,0.15622178,False
60083,8254,ok,True,True,20260908,5,analysis_activations,positive,False,5.496838204068301,5.87729095897894,0.0064608895929442935,0.061568835044220865,0.08037965907457119,0.24813068138426747,0.5323534972757518,0.46764650272424807,0.46764650272424807,2.0628439443785065,2,14,1285.2419535344936,-2230.277694086165,3515.5196476206584,3515.5196476206584,217.1686553955078,267.06871032714844,493.2202011108398,965.202392578125,10.0,0.1,2.0,1641,0.06827385,False
60196,923,ok,True,True,20260908,5,analysis_activations,positive,False,6.031375227280114,6.8466088870465756,0.05908739696083452,0.2360015370792472,0.24307899325288174,0.48579989407084806,0.6216543445245283,0.37834565547547166,0.37834565547547166,2.1223677547991855,2,7,1465.7387899152488,1249.0592089601516,216.6795809550972,216.6795809550972,294.1840515136719,498.7591552734375,1609.5078613281246,3977.06591796875,10.0,0.1,2.0,125,0.28264275,False
60261,5041,ok,True,True,20260908,5,analysis_activations,positive,False,5.721685193023803,6.280943017559722,0.01572303461824085,0.12328145730699328,0.1253915253047065,0.35111459284255514,0.540547150142917,0.45945284985708307,0.45945284985708307,2.1213515685390107,2,16,4512.080595840175,2565.283208299538,1946.7973875406374,1946.7973875406374,254.8024139404297,350.6337890625,854.3739624023438,1685.1646728515625,10.0,0.1,2.0,623,0.14284611,False
60438,547,ok,True,False,20260908,5,analysis_activations,positive,False,5.902618461828645,6.426939722599469,0.01779514511407043,0.12183567941350928,0.13339844494622277,0.3490496804374834,0.6820666947906865,0.3179333052093135,0.3179333052093135,1.9843661719470158,2,11,359.96665789846713,122.95552075918803,237.0111371392791,237.0111371392791,306.5966796875,390.5873718261719,867.9872436523432,1592.2138671875,10.0,0.1,2.0,434,0.110689655,False
60445,676,ok,True,True,20260908,5,analysis_activations,positive,False,5.911653848926121,6.592342670172901,0.04252740568995623,0.05511779714905621,0.20622173913037448,0.23477179802748074,0.5409414572279376,0.4590585427720625,0.4590585427720625,3.080620210159387,2,3,706.6769470679473,617.4000731486803,89.2768739192669,89.2768739192669,272.7838439941406,483.3994598388672,964.072998046875,1397.520751953125,10.0,0.1,2.0,387,0.1636059,False
60459,1201,ok,True,False,20260908,5,analysis_activations,positive,False,5.837763522525645,6.357072388411354,0.011648224783038391,0.14384565144376404,0.10792694187754229,0.37926989261443367,0.7063375178168689,0.2936624821831311,0.2936624821831311,1.8624477169165397,2,13,731.654711527157,-103.98743197688384,835.6421435040409,835.6421435040409,297.30535888671875,356.91387939453125,833.968017578125,1656.9388427734375,10.0,0.1,2.0,422,0.10649626,False
60633,723,ok,True,True,20260908,5,analysis_activations,positive,False,5.811162078689599,6.404120066253887,0.012115987346955865,0.15213517938941976,0.11007264577067213,0.3900450991736978,0.5367910556001996,0.46320894439980037,0.46320894439980037,2.0691152896651714,2,24,759.5963941783053,400.1707715097441,359.42562266856123,359.42562266856123,283.6716003417969,379.4787902832031,1058.25908203125,1556.9981689453125,10.0,0.1,2.0,488,0.16462474,False
60635,968,ok,True,True,20260908,5,analysis_activations,positive,False,5.828816923914027,6.523868805160059,0.02152855866485148,0.10021159361581758,0.14672613490735548,0.3165621481096841,0.5003203890208184,0.49967961097918157,0.49967961097918157,2.817184567383576,2,12,1109.5534718547947,825.3330512326529,284.2204206221418,284.2204206221418,272.1178894042969,437.0238037109375,1034.49892578125,1412.8818359375,10.0,0.1,2.0,675,0.18180595,False
61023,503,ok,True,False,20260908,5,analysis_activations,positive,False,5.940440857911017,6.421844956582951,0.023107062833794458,0.09960506491024336,0.15201007477728065,0.31560270105029736,0.5475018429316839,0.4524981570683161,0.4524981570683161,1.9434843065585266,2,8,352.5870058034586,267.46991279491755,85.11709300854108,85.11709300854108,302.217529296875,440.7584533691406,882.6907104492187,1944.908935546875,10.0,0.1,2.0,404,0.11536515,False
61079,1430,ok,True,True,20260908,5,analysis_activations,positive,False,5.945707920900299,6.555541551047118,0.02957379330793239,0.08075931474347232,0.17197032682393898,0.28418183394346713,0.586989590255522,0.41301040974447806,0.41301040974447806,2.5964110105167912,2,5,1270.043017031023,987.5659638747134,282.4770531563097,282.4770531563097,296.6121826171875,452.3301239013672,1000.9084747314453,1640.5274658203125,10.0,0.1,2.0,704,0.1409718,False
61201,6510,ok,True,True,20260908,5,analysis_activations,positive,False,5.7171019259914875,6.310327141863946,0.024854487643542117,0.12960076196770165,0.15765306100276683,0.360001058286919,0.593141071213122,0.4068589287868781,0.4068589287868781,2.1346823735382605,2,11,6245.077635469113,4182.31801843932,2062.759617029793,2062.759617029793,242.6837158203125,347.33343505859375,856.0164733886708,2018.259765625,10.0,0.1,2.0,615,0.15241998,False
61268,834,ok,True,False,20260908,5,analysis_activations,positive,False,5.721465635121287,6.300045143231564,0.021929062399940875,0.17965522302982542,0.14808464606413752,0.42385755039851,0.6804876179657652,0.3195123820342348,0.3195123820342348,1.8224251870359305,2,9,770.3863627593237,377.8142009404802,392.5721618188435,392.5721618188435,248.69607543945312,326.25299072265625,798.6028656005853,2505.31787109375,10.0,0.1,2.0,208,0.14528146,False
61354,891,ok,True,True,20260908,5,analysis_activations,positive,False,5.8506137281337205,6.3857623014775875,0.02260184563853536,0.10343711477178191,0.15033910216086618,0.32161640936336244,0.5714647715293145,0.42853522847068554,0.42853522847068554,2.1317533965099997,2,11,706.1207903124167,491.216978958367,214.9038113540497,214.9038113540497,279.043212890625,401.596435546875,897.7312622070312,1433.4974365234375,10.0,0.1,2.0,130,0.12751822,False
61364,789,ok,True,False,20260908,5,analysis_activations,positive,False,5.803639739895237,6.595366939859755,0.026146915847963966,0.31849702202486346,0.16170007992565733,0.5643554040007621,0.6764792632513428,0.3235207367486572,0.3235207367486572,1.907239538412264,2,16,1183.2253771323892,664.3163167891618,518.9090603432275,518.9090603432275,267.9518127441406,359.8389587402344,1380.7262451171796,3190.8857421875,10.0,0.1,2.0,457,0.25823987,False
61428,1200,ok,True,True,20260908,5,analysis_activations,positive,False,5.90160994325074,6.655987157088896,0.03325888661974693,0.09969837017321029,0.18237019114906616,0.315750487209775,0.5707909578755547,0.4292090421244454,0.4292090421244454,2.92581954500522,2,9,1495.4478665582708,1170.2474860361049,325.2003805221659,325.2003805221659,282.46063232421875,451.6655578613281,1157.2893310546874,1631.51123046875,10.0,0.1,2.0,618,0.20136118,False
61521,998,ok,True,True,20260908,5,analysis_activations,positive,False,5.894460096632406,6.438172705627564,0.01651359075995711,0.08566313462780353,0.1285052168589163,0.2926826517370026,0.47334345007180234,0.5266565499281975,0.47334345007180234,2.405516900266823,2,17,783.6318996619462,552.9386839815481,230.6932156803981,230.6932156803981,298.9448547363281,451.266357421875,944.2329467773437,1398.166748046875,10.0,0.1,2.0,647,0.12675333,False
61535,707,ok,True,True,20260908,5,analysis_activations,positive,False,5.923510430607751,6.498138672887771,0.0454550870877088,0.05175169258512105,0.21320198659418912,0.2274899834830559,0.4315342529341545,0.5684657470658456,0.4315342529341545,2.6064757406975496,2,4,577.2557508772401,548.8546766109343,28.401074266305727,28.401074266305727,258.9251708984375,536.4611206054688,921.3291442871092,1277.497314453125,10.0,0.1,2.0,622,0.13021918,False
61620,1690,ok,True,True,20260908,5,analysis_activations,positive,False,5.724411251317694,6.41496237311473,0.045602695402870756,0.13653181862763517,0.21354787613757895,0.3695021226294041,0.6183067571451387,0.38169324285486134,0.38169324285486134,2.2883092033858143,2,5,2029.399393312358,1708.1568095442535,321.2425837681044,321.2425837681044,222.31838989257812,364.65484619140625,957.9505584716796,1714.29833984375,10.0,0.1,2.0,887,0.19296384,False
61955,865,ok,True,True,20260908,5,analysis_activations,positive,False,5.638158910512288,6.439954231235231,0.05269728153810791,0.07027322745198449,0.22955888468562463,0.26509097957490835,0.5249600933156721,0.47503990668432794,0.47503990668432794,3.2335384528563638,2,3,1163.9149809701644,1013.9178532624121,149.99712770775227,149.99712770775227,199.4381561279297,398.9372863769531,891.7811279296875,1158.2691650390625,10.0,0.1,2.0,229,0.22162011,False
62028,1309,ok,True,False,20260908,5,analysis_activations,positive,False,5.818555855964462,6.1371974533100815,0.006247857131339893,0.047221191481464996,0.07904338765095972,0.2173043752009264,0.4735500170320773,0.5264499829679227,0.4735500170320773,1.9487953739114106,2,22,-112.8135469945506,-460.55848319357733,347.7449361990267,347.7449361990267,298.9830017089844,374.520263671875,623.3799682617183,1051.475830078125,10.0,0.1,2.0,668,0.053170003,False
62030,1922,ok,True,True,20260908,5,analysis_activations,positive,False,5.699623554837949,6.0452284543142,0.008356058694934212,0.050908083109089855,0.0914114801047123,0.22562819661799777,0.6519396674732744,0.34806033252672564,0.34806033252672564,2.007700321593444,2,10,-277.9627383142698,-1021.3108298700224,743.3480915557526,743.3480915557526,261.2663269042969,314.87266540527344,526.9670349121092,1126.0479736328125,10.0,0.1,2.0,1135,0.050295234,False
62048,1368,ok,True,True,20260908,5,analysis_activations,positive,False,5.822288426092626,6.179917790592363,0.01280810459224586,0.03402928273954719,0.11317289689782559,0.18447027603260963,0.608701001534791,0.39129899846520905,0.39129899846520905,2.336963008736868,2,6,-159.0929074958735,-376.94457421017654,217.85166671430304,217.85166671430304,283.71185302734375,371.7756652832031,588.4134094238278,1027.7569580078125,10.0,0.1,2.0,934,0.051612094,False
62060,4016,ok,True,False,20260908,5,analysis_activations,positive,False,5.911628426756547,6.458539710634473,0.02172386347231813,0.1342200393134671,0.14739017427331488,0.3663605318719077,0.6485936395292994,0.3514063604707006,0.3514063604707006,1.9586087129139564,2,10,3202.2837811532063,1645.7391101141632,1556.5446710390431,1556.5446710390431,299.82452392578125,400.80067443847656,951.6781768798828,2297.887451171875,10.0,0.1,2.0,1389,0.12946092,False
62420,506,ok,True,True,20260908,5,analysis_activations,positive,False,5.883448464900064,6.573978125617436,0.04426348563915199,0.08265492684519951,0.21038889143477132,0.2874976988520074,0.44132137046795683,0.5586786295320432,0.44132137046795683,2.7411640030411375,2,4,589.8598866798587,553.6485639048003,36.21132277505842,36.21132277505842,266.35107421875,525.5142517089844,1036.2523803710938,1664.3834228515625,10.0,0.1,2.0,433,0.18363976,False
62450,17453,ok,True,False,20260908,5,analysis_activations,positive,False,5.431130379677472,5.874338754381017,0.013651792982572334,0.0894810460788212,0.11684088746056465,0.29913382637010677,0.6520037216539596,0.34799627834604036,0.34799627834604036,1.9517512638827197,2,10,6445.048922469257,-753.4146173449175,7198.4635398141745,7198.4635398141745,193.03579711914062,243.4859161376953,491.1265258789061,1385.62890625,10.0,0.1,2.0,3358,0.084613346,False
62545,1039,ok,True,False,20260908,5,analysis_activations,positive,False,6.223615307153786,6.850944692101249,0.12263923918975926,0.12191825017746105,0.3501988566368532,0.34916793979038374,0.58515578879463,0.4148442112053699,0.4148442112053699,1.7939905257018691,2,6,1379.163484638051,1392.8560537157714,-13.692569077720464,-13.692569077720464,249.6431427001953,650.9893188476562,1427.6434692382809,2295.826904296875,10.0,0.1,2.0,406,0.21808073,False
62572,982,ok,True,True,20260908,5,analysis_activations,positive,False,5.861217205243475,6.294863288531547,0.015837311949798826,0.07325130478362563,0.12584638234688683,0.27064978253016503,0.5482050959947407,0.45179490400525935,0.45179490400525935,2.054656933994886,2,11,417.81166350811117,206.98163006069484,210.83003344741633,210.83003344741633,289.7095642089844,398.68878173828125,752.6877136230463,1408.974365234375,10.0,0.1,2.0,620,0.088440955,False
62591,601,ok,True,True,20260908,5,analysis_activations,positive,False,5.59762296260884,6.508089022747309,0.021771160802781065,0.2580780066026763,0.14755053643677837,0.5080137858391998,0.5503507036241628,0.44964929637583734,0.44964929637583734,2.4339785651539407,2,12,1057.7844063614125,712.3267900415988,345.4576163198137,345.4576163198137,221.31085205078125,326.59027099609375,1456.726318359375,2031.18017578125,10.0,0.1,2.0,341,0.3337162,False
62713,722,ok,True,False,20260908,5,analysis_activations,positive,False,5.856597012206089,6.356053296285288,0.014667493876882754,0.11189507909982312,0.12110942934752336,0.33450721830750246,0.6098093322650857,0.3901906677349143,0.3901906677349143,1.9854540106819476,2,11,481.21003990844974,187.772432467003,293.43760744144674,293.43760744144674,295.357666015625,379.37762451171875,900.1458190917958,1431.45556640625,10.0,0.1,2.0,412,0.11211521,False
62856,14563,ok,True,False,20260908,5,analysis_activations,positive,False,5.014605244141113,5.433424092297911,0.017499388312601716,0.07728487030610563,0.13228525357197496,0.2780015652943444,0.6295805269951771,0.37041947300482286,0.37041947300482286,1.9238584144043218,2,6,4664.964282608456,899.2965191048014,3765.667763503655,3765.667763503655,122.82647705078125,163.26708984375,305.3855407714844,798.907958984375,10.0,0.1,2.0,3286,0.08055659,False
62932,741,ok,True,True,20260908,5,analysis_activations,positive,False,5.882228289492803,6.392962493721705,0.01667018748944289,0.10801586737917052,0.12911308024148013,0.32865767506505994,0.7722911491898329,0.227708850810167,0.227708850810167,2.0455071398420417,2,7,274.8418576858738,-94.88054302685012,369.7224007127239,369.7224007127239,302.5126647949219,366.54595947265625,789.7060546875,1290.4346923828125,10.0,0.1,2.0,299,0.08345441,False
62934,2915,ok,True,True,20260908,5,analysis_activations,positive,False,5.498156604666416,6.131823734299721,0.01579539526526068,0.1664453921288581,0.12567973291370682,0.4079771955990409,0.5315443010641467,0.4684556989358532,0.4684556989358532,2.0991979119060074,2,16,3390.8107875828946,2042.5288354326012,1348.2819521502934,1348.2819521502934,205.2345428466797,284.86236572265625,853.8392333984374,1486.6163330078125,10.0,0.1,2.0,1575,0.18641521,False
63018,560,ok,True,False,20260908,5,analysis_activations,positive,False,5.766804336225773,6.21863832871329,0.017636352209770664,0.09118223791353872,0.13280192848664008,0.3019639679060048,0.610152070515768,0.38984792948423197,0.38984792948423197,1.9370567801368725,2,9,282.9191732935346,133.39350232429248,149.5256709692421,149.5256709692421,265.5150451660156,351.24269104003906,720.1493621826171,1627.6810302734375,10.0,0.1,2.0,356,0.09503814,False
63021,545,ok,True,True,20260908,5,analysis_activations,positive,False,5.927100070380458,6.5467232549788825,0.01881551217199074,0.10890474633841615,0.13716964741512877,0.33000719134348594,0.43234802178663606,0.567651978213364,0.43234802178663606,2.451956509923507,2,13,574.5426152160491,464.27209428695915,110.27052092908991,110.27052092908991,305.2659606933594,496.20098876953125,1158.2302978515625,1415.709716796875,10.0,0.1,2.0,339,0.16448162,False
63126,3713,ok,True,True,20260908,5,analysis_activations,positive,False,5.610547541756837,6.253753243225134,0.015882194798609632,0.16069773677450877,0.12602458013661316,0.40087122218302074,0.605640700187283,0.39435929981271695,0.39435929981271695,2.164682524735677,2,13,4013.349882969962,1922.563797954137,2090.786085015825,2090.786085015825,228.62359619140625,302.14141845703125,853.9633178710931,1665.8653564453125,10.0,0.1,2.0,793,0.17184861,False
63313,1503,ok,True,False,20260908,5,analysis_activations,positive,False,5.2228163275853365,5.6457804766054345,0.008462080243130336,0.08509092294532247,0.09198956594706997,0.29170348463006485,0.613041409146744,0.386958590853256,0.386958590853256,1.955643499053446,2,12,494.1228352820183,-274.9791844719244,769.1020197539426,769.1020197539426,161.19886779785156,197.7111053466797,394.7395324707031,775.890380859375,10.0,0.1,2.0,1024,0.08060546,False
63424,763,ok,True,True,20260908,5,analysis_activations,positive,False,5.810199125957174,6.21913516611243,0.01457317649328644,0.058600838903855944,0.12071941224710481,0.2420761014719461,0.6990946254962739,0.300905374503726,0.300905374503726,2.137922418614894,2,6,69.15452510100764,-146.02938421575533,215.18390931676296,215.18390931676296,279.13214111328125,354.45916748046875,630.5954833984374,1163.0567626953125,10.0,0.1,2.0,266,0.06308141,False
63475,606,ok,True,False,20260908,5,analysis_activations,positive,False,5.762914513707201,6.095494505362226,0.010248628615472547,0.05199873244449829,0.10123551064459815,0.22803230570359606,0.6455309210630243,0.3544690789369756,0.3544690789369756,1.8851705371406249,2,6,-78.54120169675623,-247.06308656399818,168.52188486724197,168.52188486724197,272.92431640625,336.38038635253906,560.6242218017578,1333.41015625,10.0,0.1,2.0,121,0.05043977,False
63834,740,ok,True,True,20260908,5,analysis_activations,positive,False,5.622557121950904,6.201622264530697,0.0039337917357784614,0.12939448727795252,0.0627199468732114,0.35971445241740363,0.29283447170579185,0.7071655282942081,0.29283447170579185,2.242752162431933,2,37,766.74674943235,512.6280078811699,254.11874155118016,254.11874155118016,252.16526794433594,391.0838623046875,899.9699645996093,1322.2987060546875,10.0,0.1,2.0,439,0.16231167,False
63929,1406,ok,True,True,20260908,5,analysis_activations,positive,False,5.651371656290097,6.101348192246224,0.007528237355734519,0.07939340255845528,0.08676541566623489,0.28176834910694865,0.5638399742397016,0.43616002576029844,0.43616002576029844,2.158444619616034,2,15,597.9918827768246,-122.51754534042266,720.5094281172472,720.5094281172472,252.46961975097656,310.4968566894531,647.5540466308594,978.9169311523438,10.0,0.1,2.0,208,0.08872924,False
64088,952,ok,True,False,20260908,5,analysis_activations,positive,False,5.730492996311458,6.28482529703447,0.015535714890010252,0.1635857655058136,0.1246423478999423,0.40445737167940654,0.6257474980312748,0.37425250196872506,0.37425250196872506,1.8523000922945716,2,13,863.1883632806266,372.07422773403323,491.1141355465934,491.1141355465934,258.103271484375,333.50732421875,824.1745849609371,1992.9100341796875,10.0,0.1,2.0,486,0.14305519,False
64090,524,ok,True,True,20260908,5,analysis_activations,positive,False,5.985718640173657,6.536457626185939,0.03410321756366083,0.06928860855072001,0.1846705649627488,0.2632272944637771,0.5764480530505146,0.42355194694948556,0.42355194694948556,2.422243033402702,2,5,401.7501855897948,358.73244043640227,43.017745153392525,43.017745153392525,298.3608093261719,475.906494140625,925.8014831542969,1463.47998046875,10.0,0.1,2.0,270,0.12329604,False
64125,533,ok,True,True,20260908,5,analysis_activations,positive,False,5.555379730148791,5.929593573302326,0.010351648882213887,0.05903935485312851,0.10174305323811492,0.2429801532082991,0.57775657771627,0.42224342228373013,0.42224342228373013,2.0090153832536393,2,11,68.84260462860651,-79.16182493164176,148.00442956024827,148.00442956024827,221.97764587402344,281.7752380371094,500.83007202148434,705.6641845703125,10.0,0.1,2.0,426,0.0651934,False
64152,4082,ok,True,True,20260908,5,analysis_activations,positive,False,5.737280983000341,6.362507375919751,0.029520470851518352,0.16519300236006107,0.1718152229912075,0.4064394202830984,0.5557289271798115,0.4442710728201886,0.4442710728201886,2.0037996610479976,2,12,4741.633524107642,3589.173045156529,1152.4604789511131,1152.4604789511131,242.59698486328125,366.6101379394531,957.0818420410152,2908.80908203125,10.0,0.1,2.0,2067,0.1863532,False
64189,2616,ok,True,False,20260908,5,analysis_activations,positive,False,5.864270770447366,6.4892765510429,0.031182859759947702,0.17780421460172033,0.1765866919106525,0.4216683704070301,0.6809274269343367,0.3190725730656632,0.3190725730656632,1.9334783737760264,2,8,2691.5469554343526,1702.9038469508612,988.6431084834915,988.6431084834915,276.242431640625,381.6493835449219,990.5282287597656,2229.269775390625,10.0,0.1,2.0,744,0.16289759,False
64342,525,ok,True,True,20260908,5,analysis_activations,positive,False,5.78435771675593,6.278620403661994,0.0075603902456539045,0.0844440878073892,0.08695050457388907,0.2905926492659255,0.40554138374601145,0.5944586162539884,0.40554138374601145,2.3044555769513493,2,21,353.79160874823,191.57634031489437,162.2152684333356,162.2152684333356,288.53680419921875,402.092041015625,821.2696899414059,1170.0078125,10.0,0.1,2.0,215,0.112371854,False
64484,852,ok,True,True,20260908,5,analysis_activations,positive,False,5.692870557196668,6.642733348229749,0.02914474304226241,0.14813769054865444,0.1707183148999029,0.3848865943997718,0.48437287444157706,0.5156271255584229,0.48437287444157706,3.1903844572078857,2,18,1449.4177279056719,1125.3905817769855,324.02714612868635,324.02714612868635,233.05282592773438,423.636474609375,1230.284973144531,1580.4130859375,10.0,0.1,2.0,601,0.3162105,False
64536,1811,ok,True,True,20260908,5,analysis_activations,positive,False,6.011553109621248,6.729620955366518,0.027725202103135803,0.16286789921201975,0.16650886493858458,0.40356895223991124,0.5117291512798485,0.4882708487201516,0.4882708487201516,2.3260920089824397,2,14,2433.14193052063,1897.7321282898079,535.4098022308222,535.4098022308222,322.9091796875,510.79034423828125,1447.277587890625,2520.416259765625,10.0,0.1,2.0,353,0.22266792,False
64567,1438,ok,True,True,20260908,5,analysis_activations,positive,False,5.851576442910468,6.362828529418982,0.015883832472202132,0.09661008768178499,0.1260310774063371,0.31082163322681544,0.6025670116592565,0.39743298834074353,0.39743298834074353,2.155686319920271,2,11,928.6641362653866,403.7992730175367,524.8648632478498,524.8648632478498,291.8061828613281,386.2938232421875,851.9581695556631,1432.6856689453125,10.0,0.1,2.0,609,0.11063801,False
64638,1954,ok,True,True,20260908,5,analysis_activations,positive,False,5.670158952815219,6.053097863024593,0.008053294408501995,0.06257997711679175,0.08974014936750437,0.25015990309558356,0.5372825423571753,0.4627174576428247,0.4627174576428247,2.0376980688268485,2,15,356.8866918466334,-345.2392695036978,702.1259613503312,702.1259613503312,254.1793975830078,320.3586120605469,583.9780059814452,967.106689453125,10.0,0.1,2.0,256,0.06977562,False
64693,549,ok,True,True,20260908,5,analysis_activations,positive,False,6.0636650928441105,6.745049708305128,0.027288609706188686,0.11535144738071389,0.16519264422542757,0.3396342847545193,0.736710872132182,0.26328912786781783,0.26328912786781783,2.5514471067158366,2,5,493.2892281582389,272.521906566277,220.76732159196195,220.76732159196195,339.4060363769531,460.68670654296875,1153.397436523438,1896.277587890625,10.0,0.1,2.0,302,0.14078659,False
64806,1560,ok,True,False,20260908,5,analysis_activations,positive,False,5.7817933653016915,6.210928315006354,0.012736899469440743,0.08762056027283345,0.11285787287309974,0.2960077030633383,0.6671755560527375,0.3328244439472625,0.3328244439472625,1.9157289126848824,2,8,473.1510452984646,-186.7270674194824,659.878112717947,659.878112717947,278.0456237792969,343.55572509765625,658.4712646484375,1574.389404296875,10.0,0.1,2.0,838,0.07860191,False
64933,1474,ok,True,False,20260908,5,analysis_activations,positive,False,5.829086727583841,6.282751473634459,0.012487984583543419,0.10159708018249858,0.11174965137996368,0.3187429688361746,0.5823737147698929,0.4176262852301072,0.4176262852301072,1.8994839710019635,2,17,800.03585458208,212.96839192084394,587.067462661236,587.067462661236,289.9090576171875,370.0173645019531,799.8570617675781,1682.1571044921875,10.0,0.1,2.0,625,0.09982522,False
65160,3797,ok,True,False,20260908,5,analysis_activations,positive,False,5.698715817709103,6.391857378989726,0.022211474127614293,0.2222041986120768,0.14903514393462466,0.4713854034779575,0.6226890230171589,0.37731097698284105,0.37731097698284105,1.982770335072729,2,13,4876.042236186302,2818.2190532296345,2057.8231829566676,2057.8231829566676,245.00975036621094,331.50885009765625,1065.020776367187,2474.608154296875,10.0,0.1,2.0,729,0.21060506,False
65177,1972,ok,True,False,20260908,5,analysis_activations,positive,False,5.872859069632025,6.353672866688713,0.01423246289840152,0.1046044754876794,0.11929988641403444,0.3234261515209916,0.6647620346012016,0.3352379653987984,0.3352379653987984,1.9724962759505904,2,10,991.2394432820839,86.31331057832577,904.9261327037582,904.9261327037582,298.7801208496094,376.9650573730469,795.2306457519526,1651.317626953125,10.0,0.1,2.0,455,0.09609601,False
65240,4167,ok,True,True,20260908,5,analysis_activations,positive,False,5.758469057853091,6.427718423297718,0.025364251943921657,0.15113760937692866,0.15926158339009963,0.3887642079422033,0.5201406554104868,0.47985934458951324,0.47985934458951324,2.252829482644902,2,15,5083.344986045885,3819.5605091695174,1263.7844768763675,1263.7844768763675,249.78878784179688,386.6618957519531,1056.2755615234375,2062.654541015625,10.0,0.1,2.0,1532,0.19755623,False
65262,1279,ok,True,False,20260908,5,analysis_activations,positive,False,5.604967198942846,5.99508254556036,0.012610060285622126,0.07332278444885282,0.11229452473572399,0.2707818022852585,0.6379107135423114,0.3620892864576885,0.3620892864576885,1.8820382192216905,2,8,238.09894532670532,-185.92024650366272,424.0191918303681,424.0191918303681,230.62960815429688,290.2331848144531,525.4920288085938,1007.2168579101562,10.0,0.1,2.0,796,0.0698001,False
65291,2278,ok,True,False,20260908,5,analysis_activations,positive,False,5.77422206378692,6.141052034375605,0.008565928093046188,0.06727328967311755,0.092552299231549,0.25937094994065457,0.6631895219949024,0.33681047800509756,0.33681047800509756,1.8837917317737631,2,11,9.456764388130821,-1056.0280347958542,1065.484799183985,1065.484799183985,281.5481872558594,336.22731018066406,600.6861267089845,1340.0733642578125,10.0,0.1,2.0,779,0.058421347,False
65297,1199,ok,True,True,20260908,5,analysis_activations,positive,False,5.85108835239922,6.244591016116742,0.014310263972732993,0.05671255399444573,0.11962551555890154,0.23814397744735374,0.5056710901970746,0.49432890980292543,0.49432890980292543,2.088159770023782,2,10,294.5804123474764,107.29097787287856,187.28943447459784,187.28943447459784,289.56243896484375,399.55914306640625,692.4941406249999,1100.5567626953125,10.0,0.1,2.0,267,0.07403783,False
65341,1147,ok,True,True,20260908,5,analysis_activations,positive,False,5.735532998326965,6.246468992799574,0.0134439800018198,0.10943430245374144,0.11594817808753961,0.33080855861622055,0.48904814044652006,0.5109518595534798,0.48904814044652006,2.061312945096695,2,15,908.7243590784462,547.5563815867665,361.1679774916797,361.1679774916797,260.078125,366.78021240234375,845.967614746094,1411.952392578125,10.0,0.1,2.0,593,0.12783355,False
65446,568,ok,True,True,20260908,5,analysis_activations,positive,False,5.490738737586505,6.293328859413107,0.020372111151338582,0.12630140940739545,0.14273090468198743,0.35538909579135297,0.3912523537352605,0.6087476462647394,0.3912523537352605,2.963691194788079,2,16,809.8997682773904,660.7475538724073,149.15221440498317,149.15221440498317,196.62342834472656,380.75927734375,880.9230285644531,1285.461181640625,10.0,0.1,2.0,376,0.23869564,False
