pc,evaluation_variance,reconstruction_mse,r_squared
1,28740897.313364837,158511.97419007492,0.9944847938301368
2,186052.6133503031,6233.242108447019,0.9664974224430217
3,109663.54864423854,2623.4771728123574,0.9760770355761218
4,88388.91519742206,4886.6764696517985,0.9447139218901249
5,68986.66068446662,3833.0035057570203,0.94443848321216
6,63538.16936602538,4044.8262378926065,0.9363402144214841
7,60078.2939432901,3967.0774359842944,0.9339682075571428
8,54722.53917584753,3340.6074303248956,0.9389537203383407
9,53356.5315554553,3649.8796793958772,0.9315945101191139
10,46141.29994863688,3302.145254634842,0.928434065396712
11,45228.20301869886,3562.2449189076533,0.9212384158301646
12,43102.51368923462,3098.6454947516145,0.9281098657704148
13,39233.90654608226,3376.764127323875,0.9139325031689697
14,39991.183243461055,3157.030419650064,0.9210568389429621
15,36422.654149550435,3140.593432646476,0.9137736250699555
16,35717.832442918974,3393.3302864204793,0.904996186657088
17,33028.05497145952,3084.5342054067005,0.9066086632085318
18,32110.087060535192,3202.3374682687368,0.900270047158964
19,32755.27051368085,2844.415710350886,0.9131615869524612
20,30167.41037212437,3069.678762329235,0.8982452015448528
21,30408.63093258427,2953.067454740302,0.9028871947149731
22,29129.77539508307,3213.7494972537224,0.889674758776335
23,27899.567546441456,2860.1259270655064,0.8974849369150774
24,27547.555088758087,3013.754970291999,0.8905980962527638
25,28341.834761177946,3446.336443582813,0.8784010819121868
26,23988.49073401694,2687.0524216435024,0.8879857656975009
27,23592.06699192575,2864.737971345807,0.8785719804743582
28,23352.443413392553,2607.992580822273,0.8883203554054392
29,23786.295558294525,3157.330246232461,0.8672626328679639
30,22981.46462724742,3319.3473234746048,0.8555641523587186
31,21595.18685152849,2842.8855839047037,0.8683555922229269
32,21925.867481283192,2679.292511896938,0.8778022117398963
33,21947.835788677923,2380.1615060271224,0.891553703565845
34,21160.621707497918,2588.5489071610305,0.8776714151908013
35,20950.034463295695,2913.3838248088673,0.8609365617076624
36,19286.62341706907,2493.8647656549692,0.8706945891084363
37,19721.80148196852,2678.2635924042293,0.8641978221486032
38,19434.034322204287,1999.1114097449245,0.8971334836297553
39,19929.443653468843,2862.4710599675923,0.8563697457018896
40,18237.556267582746,2677.1092005853593,0.8532089956951129
41,18108.137087483476,2477.6756245495403,0.8631733561227491
42,18031.01250912232,2750.039585771959,0.84748279752007
43,17539.873277076305,2457.0933503437113,0.8599138482057904
44,16670.5836586966,2409.4125675896707,0.8554692135009476
45,16772.59633169519,2496.5005658697396,0.8511559858414943
46,16671.174361767688,2708.671716473896,0.837523640644912
47,16367.288675570224,2303.7521292986708,0.8592465633763003
48,15480.442074143615,2431.0880026816403,0.8429574561864617
49,15710.687063855088,2477.01746442551,0.8423355099393279
50,15778.460966659763,2398.5417040850107,0.8479863334482887
51,15288.202738233227,2330.0733190551905,0.8475901085986995
52,14522.011659014062,2331.480606443185,0.8394519532701246
53,13994.884390050622,2472.4125455310677,0.8233345502097338
54,14865.557727732059,2449.677637623655,0.8352111853123598
55,13849.652594777612,2034.443827832927,0.8531050642670943
56,14070.242177051246,2368.2473596876653,0.831683966069162
57,13725.736172137817,2414.4681982272073,0.8240918980266871
58,13905.56931537292,2311.1080872758307,0.8337998225846929
59,13830.900571391634,2146.3787687846575,0.8448127974237405
60,13296.135177057657,2307.5715021319857,0.8264479511223926
61,12830.412340404773,2301.509891534902,0.8206207384086072
62,13022.348725627622,2385.950491619158,0.8167803257392675
63,12878.851356825093,2409.595572850268,0.8129029129936101
64,12849.072219153231,2324.703163574791,0.81907618511868
65,12002.622859664116,2320.0401100444515,0.8067055728426531
66,12287.496850785235,2270.150707775408,0.8152470974891576
67,11922.229206825363,2238.3326512655995,0.8122555260064808
68,11839.190324686253,2405.7409930032964,0.7967985202512529
69,11382.404203951106,2577.590335431036,0.7735460550121482
70,11562.840842800997,2260.9146045443717,0.8044672035806829
71,11449.174390274757,2332.951107792749,0.7962341188745957
72,11701.186536451714,2309.244293974575,0.8026487068827779
73,11422.509249668661,2215.022379295414,0.8060826801817065
74,11040.431469187979,2299.591574215774,0.7917118021488966
75,10833.215554928322,2059.921707290871,0.809851313596935
76,11206.241672502094,2356.811155651907,0.7896876379674145
77,11056.215404609895,2220.10426729542,0.7991985334900633
78,11175.007918412774,1966.6136258494512,0.8240168024750021
79,10399.372284673163,2152.2488999174493,0.7930404988876604
80,10688.672837064025,2095.216270212367,0.8039778836763534
81,10247.569453897824,2046.7900657476764,0.800265802056199
82,10184.228366360181,2022.2366593124998,0.8014344743100805
83,10312.418656704558,2154.0361333284145,0.7911221212951842
84,9909.54511613652,1901.1854920394567,0.808146038011008
85,9681.202267490016,2117.690013647189,0.7812575385643472
86,10222.38741631353,2008.8385597360302,0.8034863600913619
87,9992.844729533668,2131.1292435962896,0.7867344783915459
88,9880.204108117232,2055.1406337288586,0.7919941115345556
89,9852.612786262476,2022.2568862126982,0.7947491766821146
90,9116.904715820172,1908.4865190222072,0.7906650800341817
91,9574.648595823533,2091.1367192000607,0.7815965047414675
92,9536.846309022025,1981.6652621617618,0.7922095839704293
93,9513.926497259321,2068.425208408488,0.7825897426257876
94,8844.439085033266,2110.5098069560627,0.7613743747155759
95,9354.188127127802,2079.8006288154834,0.7776610219347722
96,9118.68409276171,2035.4291840899448,0.7767847681327571
97,8728.995198406781,2061.226093471155,0.7638644486999637
98,9360.68355853399,2127.3102297848955,0.7727398628014234
99,8350.961256052404,2037.0527059175954,0.7560696734832495
100,8632.529621780152,2179.4774343157774,0.7475273726467286
101,8534.791060365515,2064.566417825683,0.7580999460650809
102,8358.343149038632,2060.1301235465876,0.7535241031850264
103,8603.864494733465,1864.1394658444447,0.7833369566680753
104,8331.353839920335,1740.1047244072067,0.7911378201140181
105,8345.996019004135,1809.704855619442,0.7831649030866203
106,8175.180804759605,1867.429402031535,0.7715733209295733
107,8173.218261811145,1973.7752064997774,0.758506974453121
108,8320.304663454677,1839.2283015777407,0.7789470006241245
109,8145.071844361244,1830.3018512753283,0.7752872060247782
110,8131.921057555214,1940.2264692419808,0.7614061357077055
111,7790.820020796095,1867.6756079178213,0.7602722687814093
112,8009.314306999947,1936.8639142767024,0.7581735664207946
113,8080.690675117782,1937.199429950121,0.7602680874897015
114,8013.929891898575,1831.7237867162376,0.7714325167022038
115,7645.530367108226,1696.5291321211323,0.7781018385042643
116,7608.8539947175095,1818.752285236752,0.7609689597803517
117,7654.437337677671,1927.522285479572,0.7481823678937614
118,7688.645387722058,1765.1632111068561,0.7704194793629535
119,7391.620055164051,1731.3090989390714,0.7657740676579396
120,7450.88293993683,1853.9712377808983,0.7511742899833269
121,7563.201682590922,1867.7340900658096,0.7530498103250394
122,7560.960164694109,1793.6094134734653,0.76278020589915
123,7059.210894681807,1843.98993707203,0.7387824270186862
124,7053.609661682028,1923.4043225490325,0.7273163082729516
125,7333.563593832124,1862.5257630259953,0.7460271886654848
126,7257.024639520855,1919.959074962836,0.7354344004143272
127,7273.640906127554,1738.4619036660895,0.7609915135896312
128,7072.846960396921,1736.5425638306972,0.7544775712589087
129,7068.4537542446815,1835.0187496855774,0.7403931873242251
130,7368.477932334453,1702.342930124288,0.7689695286113236
131,6949.038775127917,1681.7858927826085,0.757982945957637
132,6888.073340433283,1811.864598945513,0.7369562562132155
133,7035.053016303816,2022.1996283123885,0.7125537471251577
134,7060.062651949156,1835.121229244315,0.7400701212279368
135,6929.641713983332,1798.7989386082204,0.7404196330990068
136,6830.907920950907,1769.0884751370393,0.7410170806561289
137,6611.040979543476,1761.8506961503865,0.7334987482906132
138,6600.682254993041,1851.8237857122676,0.7194496395715052
139,6402.266201243848,1766.3582463324965,0.7241042170365668
140,6486.069778693513,1781.3669563305687,0.7253549503611124
141,6384.812110217637,1664.4801072930875,0.7393063290571364
142,6692.210431153283,1811.9947074203376,0.7292382351001367
143,6636.762511099815,1843.9098410815966,0.7221672708647169
144,6592.806999395854,1638.0621801543716,0.7515379745980006
145,6477.872605908677,1652.483669354071,0.7449033394317159
146,6424.969144122617,1742.9271659738235,0.728725986556962
147,6266.947567134316,1697.5323000229166,0.7291293278205699
148,6356.981481908381,1839.1751856026287,0.7106841995942854
149,6297.079068154733,1731.9009658409868,0.7249675687574787
150,6325.335941770056,1776.0166075092852,0.7192217735375661
151,6287.137808791184,1783.4884911111335,0.7163274378020925
152,6175.795186321266,1624.4255755086426,0.736969001318798
153,5983.229747804218,1775.5280774527157,0.7032492228625659
154,6266.863136577048,1745.7915810132629,0.7214249708400666
155,5937.191851497935,1785.8798290265156,0.6992046284345783
156,5799.107648223174,1614.099910766664,0.7216640889118142
157,5920.57823489781,1650.0766326578162,0.7212980612380513
158,5851.282054864503,1675.0128678075464,0.7137357501993922
159,6041.0561273084395,1686.8487125884687,0.7207692368618936
160,5797.941840994057,1736.027105972286,0.7005787305940543
161,6030.097570032193,1805.6306489297685,0.7005636097990817
162,5902.478026982408,1682.8349801352979,0.7148934782234788
163,5854.3112001568215,1609.276430625604,0.7251125921385089
164,5667.853601183141,1682.595988287497,0.7031334775590777
165,5819.816485656914,1649.6351599874286,0.7165485949508895
166,5759.107018210713,1655.5525759636287,0.7125331113437114
167,5476.1337079155055,1633.1405324144612,0.7017712460063147
168,5835.711976822311,1667.978024627548,0.7141774591939674
169,5468.638678086033,1610.4378518295919,0.7055139411051329
170,5712.076492583573,1640.994649894325,0.7127148678724884
171,5505.66583948754,1691.4460822384515,0.6927808313197793
172,5592.3525946739455,1692.9564880363419,0.6972729348917157
173,5481.26376115351,1567.3034497842953,0.7140616620400579
174,5378.9181301755025,1613.4371502476542,0.7000443005078771
175,5522.774959712207,1626.0823850620407,0.7055678717811135
176,5556.78800274321,1634.04032072008,0.7059379771347394
177,5189.566042496302,1614.7894165798257,0.6888392202051881
178,5336.2752971148575,1603.5876275939697,0.6994930849124341
179,5602.034634334221,1559.8322411514075,0.7215596934029331
180,5396.930349337176,1519.4302679736152,0.7184639842238794
181,5289.267173627792,1619.7924494514662,0.6937586254807231
182,5075.898403252056,1507.6680265619725,0.702975137249392
183,5301.698168420963,1611.4813392672345,0.6960443073002793
184,5137.678058990326,1618.177439320994,0.6850372053793102
185,5455.516288865643,1586.2815921021895,0.709233460572799
186,4837.851163955703,1560.5226077537116,0.6774347629004487
187,5322.286750421593,1577.4504524408928,0.7036141556416631
188,5265.973436930143,1587.5414771903215,0.6985283924797394
189,5217.065791765588,1527.3104379210665,0.7072472345793083
190,5085.830361272336,1541.7057522068296,0.6968625292839816
191,5108.634955946976,1582.6933600027883,0.6901925125496841
192,5119.07798260989,1581.0114038913132,0.6911530925564731
193,4838.468186591317,1477.8371364180261,0.6945650814624542
194,5007.373248027572,1641.927104981141,0.6720981193826716
195,4911.620397521939,1551.8290088986387,0.6840494819832609
196,4911.112667629816,1496.4571491940674,0.695291627280813
197,5045.657951543058,1542.574039072658,0.6942769300085215
198,4862.334836278919,1516.0231206579522,0.6882108756997606
199,5080.779979053442,1527.130494992952,0.6994299101144192
200,5006.651312003603,1511.2017511907065,0.6981611746023628
201,5086.805754043458,1625.350365346031,0.6804772102701083
202,4764.929261300948,1648.9947223289232,0.6539309123177401
203,4684.3640991877155,1550.6818132003784,0.6689664209771243
204,4852.976612510017,1549.6184846454769,0.6806870075056892
205,4909.760104014992,1516.718432491334,0.6910809488938112
206,4827.4522052558705,1523.6749804221129,0.684372850183122
207,4822.097203405333,1568.172213748341,0.6747945660156107
208,4744.76811198935,1415.3556635893106,0.7017018260570186
209,4515.479171335093,1381.751257103182,0.6939967598843693
210,4707.82144742646,1489.7277607244444,0.6835632410105937
211,4750.217109063042,1490.288304277925,0.6862694335729262
212,4550.239249137927,1502.208335678796,0.669861681237223
213,4900.862143472074,1484.3846078337217,0.6971176571838661
214,4587.24108043602,1517.775310182035,0.669131121829383
215,4649.6750172420925,1472.7327206744303,0.6832611493893251
216,4508.155562282493,1487.1954843045376,0.670109989826623
217,4610.5277689940585,1471.477685712829,0.6808439815483681
218,4247.766256222305,1495.9007572038702,0.6478382596941128
219,4577.861229044144,1552.6959018807165,0.6608250394245964
220,4577.136228391339,1445.9909637835676,0.6840839136894622
221,4574.324121795698,1459.8291927285402,0.6808645050374198
222,4439.145099857295,1488.8447262645736,0.6646100335146883
223,4466.034656620896,1527.7872041046644,0.6579096846371938
224,4645.281579956313,1520.4148858351791,0.6726969378141598
225,4530.101219174689,1430.677106725206,0.6841842957791896
226,4474.224328858636,1394.931931701038,0.6882293266558492
227,4349.618945439849,1455.7472613053576,0.665316139283519
228,4377.05755868931,1458.7866545207805,0.6667197917868808
229,4334.724261889366,1429.8271135129228,0.6701457746496412
230,4279.411404461914,1425.0393967308728,0.6670010751373283
231,4542.944187667051,1448.4959573379228,0.681154797967753
232,4337.954556228035,1434.432000432061,0.6693298692185154
233,4473.568178825383,1480.0187537076602,0.6691636978479523
234,4367.508525611593,1452.2312299120972,0.667492067526362
235,4448.924973740841,1510.5597007789793,0.6604663576718315
236,4350.357090063668,1511.6645402893266,0.6525194348431744
237,4168.108188526536,1420.0548884829159,0.6593046954990585
238,4257.527069574755,1515.977132178251,0.6439301248342579
239,4174.244812531481,1399.188065165781,0.6648045028491657
240,4338.572064603276,1661.3379007579335,0.61707726043964
241,4448.441005193493,1458.2923055538145,0.6721790164573884
242,4302.195954326301,1393.9132703524751,0.6759995859903238
243,4284.987675868541,1433.3875528552355,0.6654861900939548
244,4102.281812439534,1376.2598570730236,0.6645135756154712
245,4047.267453237265,1413.9904324569304,0.6506308394998878
246,3949.0124890980824,1416.7487227328852,0.6412397462292003
247,4162.076366584992,1387.1145362734333,0.6667253519397653
248,4087.2554092266596,1479.4098387215704,0.6380432122294295
249,4346.737864396186,1485.2468534713284,0.65830770112988
250,4144.480016890349,1401.9629742830925,0.6617276549604403
251,4023.4097124205873,1381.7951348407105,0.6565611673663265
252,4093.481657291559,1451.5359861546067,0.6454030803902486
253,4051.7719209792554,1394.0590346902225,0.6559384235148906
254,3976.113206931001,1374.4725524146868,0.6543175506123011
255,4045.734299288176,1379.2839159409054,0.6590769897608988
256,3919.911976615594,1321.381558397773,0.6629052983126835
257,3973.2105190172833,1493.9710553272732,0.6239889509562696
258,4087.288702017584,1393.543835245123,0.6590542198408358
259,3893.3803170462625,1386.9657492763247,0.6437630962472849
260,4012.6354197018413,1376.02146246853,0.6570778756245004
261,3779.173217692319,1377.219979514895,0.6355763813451588
262,3955.8613837612615,1409.4300639010498,0.6437109576976751
263,3938.389203308624,1384.5308819381528,0.6484524991143551
264,3826.070312422699,1391.8978479592522,0.6362069344517898
265,3989.976580616198,1416.8239099445009,0.6449042039926731
266,3921.9496915219142,1374.3608768547188,0.6495720279569936
267,3887.21294908306,1370.2654985537113,0.6474941001426386
268,3873.722699595904,1307.0435401011898,0.6625872212697267
269,3907.597692185129,1349.7226646595275,0.654590167416963
270,3904.02198795131,1494.4462423003504,0.6172034258739967
271,3813.8342721978715,1375.1906630148017,0.6394204454452359
272,3804.4016859559724,1347.9890969860762,0.6456764536820059
273,3898.071703858873,1348.9802772538449,0.6539365153497742
274,3868.3049425175877,1362.8564565102197,0.6476863957826346
275,3770.3845945206954,1370.1647283659795,0.636598152252911
276,3997.7701350746343,1416.7597774554147,0.6456124965701748
277,3945.708463521812,1449.9374607368795,0.6325279796666193
278,3833.392530873608,1321.6668612010644,0.6552226648962911
279,3778.0910953726707,1379.9279971470967,0.6347552342405919
280,3757.034542810724,1348.9112114254112,0.6409638516615128
281,3777.786093123054,1421.932669867097,0.623606886463071
282,3748.5906311589715,1416.4650177056833,0.6221339812537099
283,3618.841600052011,1313.7087499017382,0.6369808642956749
284,3631.8721095046335,1318.7993156187622,0.6368816753851394
285,3741.5133007581726,1288.0363576695806,0.6557445466227327
286,3534.2656135327597,1406.7459365982231,0.6019693790948336
287,3710.49332571367,1394.4439686724872,0.624189064292608
288,3568.6862312476956,1348.3956022888335,0.6221591042434114
289,3620.323753672701,1357.7847417213407,0.6249548841194349
290,3698.779050277801,1333.8722352140126,0.6393749891294993
291,3557.501667606753,1392.3890189169088,0.6086048162407147
292,3603.4767775366904,1334.877959678387,0.6295583287785471
293,3725.4580213923505,1326.3706418047404,0.6439711213524764
294,3605.8332182070385,1372.9637401579175,0.6192381463387236
295,3700.5282416611153,1387.9674165090219,0.6249272196106839
296,3556.288042397294,1270.641114336169,0.6427057934599611
297,3697.4467856304464,1310.4858021018051,0.6455700708946495
298,3534.0148487007,1364.4579886409858,0.6139071149792603
299,3452.8571914610766,1240.3896328967628,0.6407642818346936
300,3741.7265559311522,1388.770464692363,0.6288423421826561
301,3455.0848822343073,1283.962163465057,0.628384769917793
302,3508.229618254269,1278.656205967987,0.6355266487362194
303,3524.1864242737943,1330.6405381411034,0.6224261778616607
304,3508.198478010292,1400.4838770782849,0.6007968517583469
305,3440.792579355325,1308.482144599909,0.619714901604133
306,3310.258079065459,1265.0628541971473,0.6178355814014671
307,3505.8530406317514,1297.8200262740615,0.6298133403674572
308,3420.659377297073,1343.5203983872025,0.6072335037787886
309,3373.097915077572,1295.8878577567664,0.6158167090364572
310,3524.59666233193,1272.6295327841103,0.6389290308349443
311,3543.8588179067083,1309.6390167266657,0.6304483095914512
312,3430.511523875831,1283.6429047313159,0.6258158890307293
313,3613.3547687462456,1331.7835214643899,0.6314274111737748
314,3365.995390004734,1245.930350097295,0.6298478738868556
315,3299.718244987397,1303.6681500709594,0.6049153129812335
316,3476.8811382369922,1263.8410523092366,0.6365015075119631
317,3444.436223841072,1326.5204594276563,0.6148802378032178
318,3494.364938140465,1319.8071871186478,0.6223041352340873
319,3414.727586415214,1281.6427673746025,0.6246720316802568
320,3460.7814749846034,1301.0403963522201,0.624061673423628
321,3373.7087523652212,1275.4372610563196,0.6219480237699407
322,3388.67332802052,1307.8671332311083,0.6140474437543103
323,3369.750878624542,1292.7263103194002,0.6163733293996313
324,3251.617600641555,1241.5267424693745,0.6181818113469378
325,3388.1821245245715,1295.5732685248076,0.6176199445870691
326,3200.672216651516,1217.176775585644,0.6197121438261393
327,3289.3043305833367,1242.6782316610772,0.6222063674355434
328,3123.16217651713,1274.9957891341494,0.5917612608398095
329,3288.993409702394,1269.4769522038248,0.6140226525054989
330,3409.7991421442975,1286.0210696373601,0.6228455061348193
331,3232.0503732382967,1301.9189145245687,0.5971848318625883
332,3289.486330657713,1235.9370738030525,0.6242765740400769
333,3334.260063028892,1250.0046854669315,0.6251028228639706
334,3314.1021323927275,1351.4064607227108,0.5922254635686144
335,3106.7997919818,1224.1032565447376,0.6059922304282461
336,3293.3256754101976,1313.192074357582,0.6012565401100156
337,3119.2965765813224,1279.3424717543858,0.5898618677815766
338,3261.339038097657,1242.0823405356173,0.6191495805783733
339,3358.9137940879327,1265.6762044633128,0.6231888395912257
340,3235.0271083898483,1265.7602241349796,0.608732730290789
341,3244.205735359648,1249.3580334893438,0.6148955598369775
342,3143.2322945431342,1258.907177438662,0.5994864332412813
343,3141.378108128598,1347.8689410084505,0.5709306888207062
344,3103.858394646777,1218.7008137567893,0.6073594027811701
345,3377.5439180599,1289.8320215483427,0.6181153960274077
346,3143.712007721251,1305.2446857049003,0.5848078060270478
347,3263.601828938381,1247.715687419569,0.6176875265983537
348,3186.667350469657,1221.1840938828275,0.6167833163687929
349,3028.839322106694,1226.3602695916647,0.5951055374113817
350,3304.0235208457975,1284.2423934791727,0.61130954868311
351,3196.9389834858257,1287.0060098187487,0.5974255322147424
352,3059.352257332163,1229.4316977444603,0.5981398693798805
353,3216.221240636639,1248.3335606546325,0.6118632807712165
354,3091.0201261183693,1172.778486516886,0.6205852959004723
355,3117.3976814429675,1309.7499430183266,0.5798579209784761
356,3039.2389380903273,1226.3082667631215,0.5965081088577857
357,3178.4205693767676,1315.1070070794608,0.5862388320318068
358,3106.497841820913,1352.7969914202345,0.5645266598262706
359,3130.355890523952,1243.530776685779,0.6027509905662389
360,3171.459964620524,1285.4482400398558,0.5946824950086784
361,2990.06532955665,1226.9502225623678,0.5896577207079643
362,3003.3123126213627,1227.863279875112,0.5911636379889498
363,3037.1558356985424,1277.6308942241399,0.5793331118519027
364,3021.936089010005,1267.432284329952,0.5805893152607452
365,3085.5512877495275,1226.484923779429,0.6025070370248242
366,3149.9218476806773,1209.6509228808977,0.6159743062287157
367,2943.2371404866035,1160.3926718694813,0.6057427191620604
368,3010.8502094740807,1241.0381812237115,0.5878113838680505
369,2960.4432519086295,1220.6067205753218,0.5876946062761434
370,3047.606924940576,1188.980972040566,0.6098640666844694
371,3094.56774109589,1277.6061876773717,0.5871455096261915
372,3043.7278497170846,1260.879793808591,0.58574489702626
373,2944.0102250063796,1194.9746905695736,0.5940996806262845
374,2798.5234407359803,1189.8571022474246,0.5748268229854435
375,3018.899507885888,1201.407203089115,0.6020380274497937
376,3035.6631064012367,1242.6126950991297,0.590661858201966
377,2821.667637837831,1205.0561227594621,0.5729276876553524
378,3003.011470355293,1276.4044600042082,0.5749585132776087
379,2906.624591436134,1154.4336082667048,0.6028267249688716
380,2786.805748517621,1193.4893520867622,0.5717357219025359
381,2969.124975304209,1291.2536792737549,0.5651063225651334
382,2946.2159469586773,1186.138009735811,0.5974028954122529
383,2904.740535595002,1212.091369979949,0.5827195733571204
384,2974.081962241204,1219.5609067084265,0.5899370218467712
385,2948.7060224217244,1159.4551299490254,0.6067918873117153
386,2904.8105618532986,1220.2789746943301,0.5799109963591638
387,2892.8431954522944,1153.8473063570395,0.6011372796939185
388,2916.018345289893,1183.4681401858604,0.5941492816403364
389,2762.326067927842,1250.0157273839538,0.547477127375606
390,2972.6834629879772,1238.9786201370327,0.5832120588810759
391,2927.0436964311634,1264.0452863459457,0.5681494991389607
392,2958.5362638565894,1242.5619902006656,0.5800078554450678
393,2842.914697384851,1252.932062397175,0.5592790513377957
394,2929.113276028857,1203.7234729751249,0.5890485073328839
395,2979.541144724508,1197.9623086316274,0.5979373163707755
396,2924.896872367164,1181.5253922403258,0.5960454526097192
397,2791.4725218416143,1178.8570557951011,0.5776934766252417
398,2768.5675562763736,1128.930860573891,0.5922328649649193
399,2763.3787551219816,1153.771600056702,0.5824779365050261
400,2808.5071891186976,1155.542902498471,0.5885561885062942
401,2823.434455783741,1155.0855943020856,0.590893426997776
402,2867.9259916193855,1204.0014632308255,0.5801839145259877
403,2822.428913541147,1227.3537842906094,0.5651427115127177
404,2670.0687797459045,1176.2564291614692,0.5594658691625888
405,2793.403390545316,1176.4825768058017,0.5788354160420297
406,2750.973956037466,1148.8184939327123,0.5823957215547458
407,2843.8872769106374,1167.217496312032,0.5895697041902448
408,2731.3439620414924,1195.8912217714449,0.5621601532464633
409,2861.407060748182,1242.9792929982411,0.5656055686557107
410,2768.4343411425907,1124.8828212317321,0.5936754560097426
411,2752.7613112484323,1144.555170513978,0.5842156143952417
412,2759.164142815461,1145.4749095045431,0.5848471311548372
413,2712.70911613105,1174.7847467656684,0.5669330191800355
414,2741.5708469350134,1212.8351159211813,0.5576130679690108
415,2772.1540342776025,1189.2367470529898,0.5710062527737951
416,2829.6503591111323,1223.1840884376297,0.567726067463026
417,2689.0885959438738,1178.5133350477247,0.5617424666389377
418,2686.4379146641268,1141.0825964290148,0.5752432653662576
419,2681.394437048799,1099.1160199486428,0.5900953605474195
420,2743.8874128716216,1200.016765715956,0.5626581615241728
421,2767.8908819576704,1175.97143881356,0.5751380784267693
422,2759.8624870241574,1210.5070726967422,0.5613886277348621
423,2725.6606819253443,1239.46059229588,0.5452623283172748
424,2682.1375578781312,1131.4006681744147,0.5781720199804077
425,2625.441075935235,1168.5372882459549,0.5549177245085577
426,2740.0268727541875,1165.8261082762867,0.5745201918021937
427,2694.6832887706255,1152.1504090585156,0.5724356870212557
428,2730.4403506752556,1182.2477046904044,0.5670120739323139
429,2656.095147144487,1172.3128432378085,0.5586329636955446
430,2784.3287519277974,1140.1359383685488,0.5905167672534546
431,2678.4363208988684,1137.4836402651638,0.5753180199246138
432,2754.039109802221,1107.1979159515458,0.5979730600009314
433,2656.3462321729617,1164.5875944068287,0.5615829065120908
434,2666.118097244646,1185.7069078253357,0.5552684222612911
435,2616.311354663328,1152.070276981754,0.5596585723911272
436,2692.2297281563797,1173.7954771751256,0.5640061972055659
437,2623.4954727410577,1119.865494765192,0.5731399171826496
438,2650.7246592262504,1169.0203918646348,0.5589808289609857
439,2594.9776521277627,1156.0618511633022,0.5545002670002246
440,2747.71280612154,1153.6607206849772,0.580137808392939
441,2598.0442980269827,1116.6199376509426,0.5702075062773446
442,2688.246455287188,1188.211109075015,0.5579977026518288
443,2530.092966009776,1158.5798345680453,0.5420801329702726
444,2668.6028051060193,1127.8057808901171,0.5773796764613266
445,2666.2450541842127,1149.6168638039953,0.568825505367607
446,2561.9219784230268,1168.5492270594216,0.5438779022541842
447,2592.925261441215,1120.114359143761,0.5680113207269335
448,2666.5335871847215,1184.960880875179,0.5556174928491189
449,2548.5294048879546,1164.3037450527956,0.5431468270212154
450,2624.181349434601,1129.2132822468507,0.5696893118723872
451,2543.618445281171,1088.062870344169,0.5722381741795024
452,2588.950638408318,1186.976344108266,0.5415222188871021
453,2589.833027205152,1133.8237713998742,0.5622019800158882
454,2592.11741810108,1105.6324389516853,0.5734635972773009
455,2650.5031672341283,1147.6690670777123,0.5669995488911881
456,2577.541736199964,1138.270437027204,0.5583891344838741
457,2469.898325194254,1126.2440070562868,0.5440119961344121
458,2660.9903631498314,1120.898169018828,0.5787665432609783
459,2554.4951562587717,1110.4073261835197,0.5653124166382115
460,2517.6632552942833,1092.2013567711986,0.5661844948984117
461,2650.3870913395435,1107.1341260532986,0.5822745554145689
462,2495.7969114234547,1113.5153454953902,0.5538437681372452
463,2485.8795072998782,1037.8821981872254,0.5824889359522674
464,2599.7481981848778,1150.3154139790804,0.5575281426169577
465,2482.988153024073,1095.5390586862836,0.5587820033083895
466,2477.716957559101,1118.6565007531713,0.5485131998873654
467,2488.1084520687245,1093.9240648926732,0.5603390744550802
468,2417.6916333860577,1032.1459569331025,0.5730861857318224
469,2546.2317638479685,1104.6325841405653,0.5661696630195203
470,2566.365147448409,1134.5530084161321,0.5579144263457
471,2553.426278219319,1143.3035859433262,0.5522472703850174
472,2504.202312763101,1201.9309518120197,0.5200344054926511
473,2477.821306165266,1113.4288515855114,0.55064198987429
474,2517.738953193609,1097.8579830425695,0.563950829115942
475,2445.2278528404,1143.0430114276237,0.5325413089418829
476,2414.9938814226143,1109.972182062735,0.5403830251491663
477,2543.4552800109363,1111.5788083534078,0.5629650668170474
478,2416.132498811646,1078.8238572992627,0.5534914340046033
479,2508.9916659556548,1061.1364188872687,0.5770665828484964
480,2489.798140640392,1097.8738841532663,0.5590510466559806
481,2514.3978471331334,1088.2358951638898,0.5671982075530828
482,2399.2530550294746,1086.765586617951,0.5470400321717627
483,2384.195271656831,1081.0016358165522,0.5465968544324225
484,2399.559703064587,1086.3701829990164,0.5472626992312117
485,2502.345739346096,1115.0444564053607,0.5544003217170381
486,2461.1921206746542,1179.518810954005,0.5207530525367199
487,2462.419453467523,1064.8939256730825,0.567541620834126
488,2459.484327983794,1066.5994658801862,0.5663320746773979
489,2381.4639705342606,1081.2499038728472,0.5459725961630744
490,2416.774795272822,1052.4396165442463,0.5645272291804748
491,2416.6176451003485,1069.9501904108813,0.5572530091468184
492,2428.4929382829846,1058.662053744104,0.5640662416368363
493,2475.84395917212,1067.1749474112958,0.5689651831821659
494,2418.9881906261594,1090.69248067922,0.5491121102179122
495,2395.9406699261895,1099.6776035233502,0.5410246934214663
496,2409.0980754871407,1093.3943160524404,0.5461395585435656
497,2425.0759624326615,1088.5467789366148,0.5511287910978825
498,2332.3900372883895,1054.9089727987746,0.5477133086946299
499,2320.460922023971,1068.5230150785726,0.5395212197124282
500,2366.1645024669083,1060.8808611273032,0.5516453484019166
501,2417.0687787224497,1048.774518980687,0.5660965346898319
502,2329.6944782843793,1079.5498191432416,0.5366131356682282
503,2352.9348200151876,1065.4583829203073,0.5471789639657634
504,2458.458261730393,1060.0139118186273,0.5688298116265218
505,2344.860474597083,1095.1086666522556,0.5329749132129373
506,2401.352702349287,1097.470404722216,0.5429782540280148
507,2387.700733140534,1098.9806872306933,0.5397326507559395
508,2300.0274217756814,1049.2915129008761,0.5437917378868484
509,2321.8190950824437,1087.850758159538,0.5314661850858323
510,2328.637148839029,1061.1578712955854,0.5443008921228287
511,2300.482428062324,1074.932492673384,0.5327360558981578
512,2303.36266105229,1067.6623373695138,0.5364766671689674
513,2340.14586995926,1048.2169384524577,0.5520719661502527
514,2337.0387195129415,1108.1677532315698,0.5258239651833747
515,2377.5665919812313,1080.198531360281,0.5456705460938743
516,2328.4453466283544,1048.0497490343378,0.5498929143636808
517,2359.5702224029465,1037.2359942201317,0.5604131700035492
518,2359.5802787746375,1127.8563732209245,0.5220097475104192
519,2260.778804086474,1054.283789035117,0.5336634494584588
520,2284.174581545739,1052.4687697971858,0.5392345321148952
521,2367.3218544558863,1104.5973808151957,0.5333978864191746
522,2253.416324069683,1094.7569917132696,0.5141789912411161
523,2267.3498844254555,1011.1388101814674,0.5540437683980612
524,2208.178466314902,1064.3841152791813,0.5179809369957906
525,2326.1114970458007,1033.053555251866,0.5558882037409381
526,2296.5333567480434,1039.8969842949452,0.5471883823331576
527,2279.9336904784896,1096.9720527638544,0.518857913567814
528,2275.3692835536845,1064.628825010566,0.5321072352054332
529,2330.0906342276626,1041.975802946306,0.5528174794403731
530,2296.6343545729724,1066.3497536012055,0.5356902366813725
531,2225.5026085075033,1014.3380022478815,0.5442207084501551
532,2313.695294528765,1062.4651173753148,0.5407929817345679
533,2284.8683943191386,1057.3552336973478,0.5372358266558166
534,2281.7164622013415,1050.3709760611978,0.5396575370071062
535,2218.7981027331166,1052.21150806237,0.5257741086193217
536,2225.9696690790465,1047.0265975790326,0.5296312379619169
537,2208.0078500052687,1032.0374220529,0.5325934090087419
538,2295.73342385277,1033.7212951579056,0.5497206755725659
539,2194.8678048042207,1031.613128511501,0.529988491218714
540,2229.500623509,1086.9567505524826,0.5124662720023254
541,2284.9493647600643,1063.3993058494855,0.5346070585852348
542,2205.7961579921107,1064.9703675099058,0.5171945677522053
543,2156.7310837121213,997.6383676404216,0.5374303383603547
544,2324.8943819508872,1109.423316524223,0.5228070035623411
545,2201.1935050362285,1052.4388215387155,0.5218780997078247
546,2235.4536431190895,1017.1644520059544,0.5449852180398057
547,2226.613680400157,1035.7068249058875,0.5348511355953967
548,2256.978915456723,1081.3732788939765,0.5208757727029323
549,2229.212689482361,1023.6542831991184,0.5408000824556503
550,2237.167811713884,1069.2480517795454,0.522052817772128
551,2218.9768631668726,1063.4603872864311,0.5207429131240761
552,2191.842640376781,1027.353429982927,0.5312832175733548
553,2207.4499500714646,1062.4516514798086,0.5186972862304704
554,2230.152156059771,1063.981923896369,0.522910613517864
555,2125.1786929609625,1068.0113819308306,0.4974486684492423
556,2219.6186975027176,1036.4150343120655,0.5330661813769495
557,2179.776898257747,1043.146972976963,0.5214432386127543
558,2257.4271368259037,1042.7317138633496,0.5380884295873658
559,2225.0203335520887,1036.030938684292,0.5343723726648639
560,2200.717268919071,999.3964586250651,0.545876940786701
561,2188.713231462468,1038.2232725057056,0.5256467327097122
562,2181.6710045500213,1001.0003532037387,0.54117722098516
563,2303.9655590897128,1052.2992384605834,0.5432660725725681
564,2211.2222912802376,1059.078889742245,0.5210436807196497
565,2123.75308448314,1009.4940127095284,0.5246650751986028
566,2160.476983275117,990.3762863636358,0.5415936878613252
567,2210.2258697699,1047.5555592806988,0.5260413998367701
568,2140.503028567231,1008.9270864776515,0.5286495403124994
569,2139.0530967060704,984.4099724371085,0.5397917078575551
570,2151.4466836393276,1013.4494985419552,0.5289451018011601
571,2177.254596274303,1049.4436463838124,0.5179968166425689
572,2180.586834107069,1017.2898515930801,0.5334788618910233
573,2185.968472250897,1000.7587061775514,0.5421897804651008
574,2137.1145659195804,1046.8305186182422,0.5101664013188733
575,2176.0929821175932,1008.3351746487308,0.5366304735436891
576,2154.97991484038,1020.0708175692982,0.5266448607968324
577,2051.218324309031,987.189308544444,0.5187302605260283
578,2113.303711388845,1009.889208584617,0.5221277456987351
579,2128.7247004849037,991.4054537155954,0.53427258419571
580,2167.3726789674784,1029.0695389930554,0.5251995427554724
581,2176.9016538920764,1017.4153999398056,0.5326314360041156
582,2118.6029597840234,1027.8486335595958,0.5148460315261819
583,2148.1876578524725,1050.5995347736102,0.5109367978475927
584,2108.480470675776,998.8797994938573,0.52625608186273
585,2125.2137625954756,1018.6692643032259,0.5206744459159025
586,2071.754801415456,1007.6132352658348,0.5136426209426823
587,2148.1074863804333,984.4207818307558,0.5417264787389633
588,2097.1302137036514,966.5791201612102,0.5390943710385172
589,2028.1522709444964,966.7451821639199,0.5233369821321585
590,2130.18404590312,1011.2777724683846,0.5252627234659248
591,2092.342847362745,1005.8932229262861,0.5192502872107476
592,2100.614450429692,1036.1722668539032,0.5067289636887204
593,2104.646653321373,996.9918482387329,0.5262901510496473
594,2086.8941687827637,991.7685418429327,0.52476337483783
595,2141.3515382176356,1010.686085579967,0.5280148693281737
596,2090.9220230243222,983.6893837001247,0.5295427697120381
597,2065.044617606636,1004.5101842074025,0.5135649004176874
598,2026.7738705935433,952.0147606532141,0.5302807212654586
599,2056.811706570742,982.1881989162575,0.5224705325341477
600,2073.000688951376,1027.9087276399707,0.5041445315872343
601,2058.442774403869,993.5973507451512,0.5173063040176573
602,2106.83693237056,1004.3800945395575,0.5232758268531708
603,2048.1900213837857,1043.2924096119523,0.49062713970889804
604,2059.3633377488186,980.267874301047,0.5239946947037422
605,2007.7357538344986,1008.0978343441166,0.49789317024474533
606,2001.569127770295,976.8253795179457,0.511970200796358
607,2074.6450639724058,1024.4785685708446,0.506190920865647
608,2015.8355185628839,976.2420200185962,0.5157134542829307
609,2014.774151382141,968.0794113544475,0.5195097124457637
610,2075.21195879216,1000.8784685298551,0.5176981973868354
611,2046.8357590032576,974.243195804779,0.5240247335334791
612,1996.908061898033,992.1820730459614,0.5031408345845896
613,2086.9719435961606,998.122931930828,0.5217362959796599
614,2060.720742025748,976.3874168922023,0.5261912994904951
615,2020.9511617631006,1004.3623322554787,0.5030249363476643
616,2057.4747395910795,999.0241734070312,0.5144415850249583
617,1991.8060145596448,936.8388659450372,0.529653561091311
618,1985.4213223906365,1015.5463646927199,0.4884983085253133
619,2034.1987560170044,997.2727679079795,0.5097466435085938
620,1982.7257078731936,976.7458581797863,0.5073721724083003
621,2091.4407818700583,979.3249465153467,0.5317462703200782
622,1993.1956337258816,972.5884978628163,0.5120456409766682
623,2004.2665806740179,974.6229585041992,0.5137258846193794
624,1989.7660414426011,956.8310932774754,0.5191238199121326
625,2073.6122308831436,978.7650868525913,0.5279903000785547
626,2083.598466219675,1004.8240067166258,0.517745850264661
627,2137.1575242893655,972.6960605060364,0.5448645925950305
628,1966.1097574593234,975.0539727480851,0.5040694096304754
629,1939.5099455379527,950.5353218330073,0.5099095397681181
630,2019.0585355356448,994.6753431523879,0.5073568568488748
631,1984.9302484323832,989.1832516657485,0.5016533943966217
632,2024.934385248801,992.4748800846558,0.5098730668437379
633,2038.1988744819598,1016.8284648169384,0.5011142055137375
634,1980.1910438646319,998.5282741911204,0.49574144510706064
635,2021.503612488035,929.3074728694734,0.5402889873020329
636,1916.2123532361743,957.9291382944258,0.500092389720462
637,1961.3471905896972,955.4882956091006,0.512840816662437
638,1950.189947834797,963.3391940434954,0.506028017879466
639,1924.6474141157926,990.5267540795604,0.4853463825037164
640,2031.52700881739,957.2649485774223,0.5287953620982506
641,1960.080925637377,970.8664936474232,0.5046804032686978
642,1932.462265428526,937.8290447496033,0.5146973570831208
643,1990.8509649288453,979.2739643484593,0.5081128715310643
644,1901.1435729071009,985.8876888932501,0.4814238635403548
645,1936.8853840892862,944.4553255911934,0.5123845048604816
646,1981.5690450490313,1014.6825050027711,0.4879398688943164
647,1929.8298525340792,1004.3633788254546,0.4795585851744314
648,1998.0638919584708,973.3105924839654,0.5128731386412566
649,1977.431291467756,954.141442313162,0.5174844018954778
650,1904.9101219884674,949.5071859699488,0.5015475139694296
651,1935.1323707018362,990.5979677657047,0.48809808426364476
652,1946.5963870529124,961.066523344506,0.5062836190713724
653,1929.8595077363254,936.3931602262023,0.5147868762091563
654,2019.2764928545257,991.8288078993187,0.5088197126995562
655,2029.0648014762805,1016.1990389046822,0.49917861757528426
656,1932.6758296737612,951.9060343738919,0.5074673052983877
657,1949.051011015022,941.9893337447331,0.5166933402865806
658,1964.9197049334455,976.0398744954388,0.5032672978723582
659,1877.1560537303992,913.1734004456373,0.5135335718994043
660,1927.2397018777854,952.8093489812335,0.5056093188341472
661,1932.1416120251383,945.598909579484,0.5105954430594908
662,1901.0154138492362,964.4250654226149,0.4926789870315589
663,1859.0341766632193,962.4585023428392,0.4822803612624508
664,1925.6322412239047,1014.879634378524,0.4729628988069493
665,1881.1581105890386,927.9009145882648,0.5067395401986092
666,1923.6184306348523,939.6178581993528,0.5115362572767352
667,1889.2697463012353,946.2525771844921,0.49914374110047466
668,1946.295455966641,995.5351628710494,0.4884974119324499
669,1903.115951455549,965.6424217322078,0.492599270688861
670,1863.6316088080582,952.3022777600806,0.48900723015255454
671,1902.6227914508543,973.5511183976687,0.4883110184676792
672,1844.6058591302212,926.2207488300495,0.49787606699526243
673,1863.6956296093417,954.6290499356163,0.48777631134128874
674,1948.224117930552,936.9101148020205,0.5190953103500084
675,1906.2670973354407,974.2079385432108,0.4889446815165891
676,1911.6831763125272,944.8635562406048,0.5057426000561633
677,1934.4262488112554,915.4836328808832,0.5267415165383189
678,1930.6421236422666,894.7866308293304,0.5365341821397409
679,1806.4886579795516,932.2237678095422,0.4839581396253114
680,1939.8567219895172,959.8120513144554,0.5052149777690427
681,1847.1889901154111,981.8147172825259,0.4684817186891187
682,1839.6142254533404,921.0724516701872,0.49931217158140573
683,1888.5376575389246,928.835581049705,0.5081720624728603
684,1892.8609145321775,966.823631275885,0.48922626916049117
685,1852.9123580124128,932.600674396965,0.4966838715473031
686,1880.6889314365983,905.8146990392021,0.5183601690326964
687,1887.3959938444773,1000.2111213600306,0.47005762191818623
688,1889.61914990914,927.8748755145796,0.5089619643412298
689,1957.0364144225136,928.9027319894291,0.5253523515741368
690,1878.1608203181895,882.7876962221712,0.529972254413968
691,1851.5735490599636,929.0047461981217,0.49826203411159464
692,1948.0830487638457,945.739364854944,0.5145282099471775
693,1856.102241141252,934.9437091831016,0.49628652535420803
694,1872.8835042675614,954.4320297241383,0.49039434244075253
695,1884.0022764285884,962.4680197093447,0.4891364879166449
696,1906.4591918233468,939.8589458023101,0.5070133418888318
697,1847.51756334068,953.1769046265955,0.48407694544291
698,1866.9282621459065,933.8816729655229,0.49977634818592886
699,1796.4978705472338,910.6890480314337,0.49307535346310905
700,1929.152675153242,962.2264258521349,0.501218105624688
701,1862.9221785409065,945.9509824470142,0.4922219546562542
702,1861.3436609089679,916.8669702483631,0.5074166101059379
703,1839.7175030127796,935.3615400704392,0.4915732776697175
704,1869.2318467231682,948.1281792078311,0.4927712253191414
705,1824.6552393809661,923.2735860185061,0.4940010769751021
706,1875.7887792888578,917.214649553893,0.5110245568791472
707,1796.7721973914604,905.4386375486506,0.4960748842490109
708,1831.3626227820412,922.4286797633757,0.496315656829282
709,1789.7268610227015,932.1352341925805,0.4791745855231052
710,1791.5532351082118,902.314505045637,0.49635071547782605
711,1834.0949772653014,911.4252875548539,0.5030653816446189
712,1803.3878265952628,948.5238118301812,0.4740322642517981
713,1797.2701709119704,906.9153585869782,0.4953928612041719
714,1755.6161105566493,894.1881337497598,0.49066989738078814
715,1793.5204509397192,891.5404801278746,0.5029103350002226
716,1755.0464820816203,897.7477171651676,0.48847638718926145
717,1786.8480807496985,920.4991546243713,0.4848475566886681
718,1753.7681406216582,918.8595084532765,0.4760655715141636
719,1859.1659849843732,945.9201797648935,0.4912126257662549
720,1770.2550274802936,929.9916009656722,0.4746567096101497
721,1731.201609504737,933.086252267068,0.4610181465034533
722,1819.2832473956641,945.5379669291185,0.48026896400949515
723,1778.9513385796497,901.5111228389657,0.4932345234587754
724,1824.6366628589733,923.247823093911,0.4940100449109144
725,1812.5588062662575,930.1264663411511,0.48684342647224477
726,1804.3855885344,929.8353966035669,0.48468032414356654
727,1768.0748172425733,895.8667567450315,0.4933094753636085
728,1838.7017810739376,936.0337616542776,0.49092682060297743
729,1766.6123635358852,926.0050053126188,0.47583011167248135
730,1765.5411500462092,907.1590045881608,0.4861864281303113
731,1831.4991829747592,925.4513053120916,0.49470285659153057
732,1838.34188369993,966.3739128076968,0.4743230726687633
733,1738.6853723045558,924.0401026641885,0.46854093478717695
734,1713.0385391391214,920.7555258112824,0.46250156971132517
735,1741.184622194086,876.9424499280689,0.49635297788064314
736,1817.0877254384418,931.5642139537098,0.48733118334782966
737,1770.1405922755716,939.8317935795138,0.4690637581666153
738,1771.5855220994679,936.9149818383391,0.4711432385561486
739,1747.299299183427,911.5487153067137,0.4783099176353406
740,1802.3524323306372,907.8478335763939,0.49629838355063105
741,1756.56259357651,873.4690086099092,0.502739605292714
742,1751.1076946338126,885.9278792727241,0.4940757316139901
743,1706.1708660268869,937.9220651702948,0.4502765907881149
744,1746.3449195119074,932.372553732338,0.4661005719345922
745,1738.58155805521,933.3071271342823,0.46317897897278604
746,1707.1063808920537,911.7321196519252,0.46591956432410686
747,1714.659374812227,868.2081010236478,0.4936556415942813
748,1748.5772543148755,898.371588628614,0.48622711040547517
749,1876.9910272234338,906.5103158629238,0.5170406769584337
750,1741.7112774013335,862.6194793292407,0.5047287742109097
751,1773.99762352725,900.2251992996058,0.49254430368983093
752,1730.074925957826,897.1011644535217,0.4814668711779305
753,1742.6844276907802,924.2824958799262,0.46962141785780065
754,1738.9431468724267,949.3218985890853,0.45408111800751705
755,1752.6284690432,899.79124928168,0.4866046825241309
756,1732.403811345166,885.7753091549434,0.488701592922979
757,1721.6706923396318,874.5946255877769,0.4920081816579783
758,1767.520453573582,903.5032130170904,0.4888301229044434
759,1736.924578280822,882.7784148077195,0.49175777356925976
760,1706.4429725953657,870.4433850396492,0.4899077209033401
761,1758.210562734258,864.6392145173577,0.5082277215007027
762,1667.893383664896,860.5070292808132,0.4840755184303186
763,1703.504152455506,877.1779238268709,0.4850743847248814
764,1695.8862538083401,883.4568637479039,0.47905889220814013
765,1700.0582120057506,924.21210131495,0.456364438118532
766,1713.2468815728498,886.6680957568341,0.48246332429169425
767,1699.29724871139,903.9916358261794,0.46802030279770435
768,1694.0833239169815,891.9471993028864,0.4734927221640036
769,1715.562864847025,882.7176156641783,0.4854647219570766
770,1702.8843238192906,881.3401652256033,0.48244272796586574
771,1674.4778093855625,847.6303815066154,0.493794198552176
772,1789.3422880520773,892.9077807703752,0.500985481239357
773,1780.0956362460968,897.7087348966869,0.4956963453998494
774,1681.8915788082054,886.8136542034074,0.4727284056967531
775,1652.8510671885685,887.0390814016787,0.463327882946831
776,1662.658056252369,869.7522878495489,0.4768904618848867
777,1653.3530721468358,871.662848273055,0.4727908618204437
778,1701.8727328158798,900.0912101265536,0.4711172035541793
779,1704.3597014447043,903.9465989199123,0.4696268644736906
780,1659.4450180087106,853.163912229929,0.4858739500428265
781,1701.2674042082538,865.0934630327421,0.4915005948548432
782,1627.2818168206518,847.0666403139425,0.4794591621696339
783,1704.8318038112177,877.4867220975112,0.4852942559284408
784,1664.9309068095888,870.7079425307937,0.47703058489118855
785,1660.306976928643,902.3988200398824,0.45648676264120414
786,1593.7020335913032,845.7951668741965,0.46928902075361445
787,1675.1489797389438,824.1094607541166,0.5080381084179473
788,1693.2407708346611,893.9732866082186,0.47203415957935735
789,1702.9442683763602,861.0190746520947,0.4943938620651298
790,1604.9308886093922,832.9489224836964,0.48100636083749815
791,1684.2320078969046,897.819405526359,0.4669265271549712
792,1615.0812827498657,860.4613278387033,0.46723342222524755
793,1659.1589323171481,849.73192080796,0.4878538130031693
794,1715.087160170835,900.650179510791,0.4748662339579991
795,1718.5679015759415,874.2794790002521,0.49127440457922533
796,1591.7668032427432,890.4008699540342,0.4406210330934708
797,1626.9445491025572,877.4605666307082,0.4606696539751608
798,1632.806042513404,870.8875304131193,0.46663136481749634
799,1618.4369765176227,863.4441395948065,0.46649504915991724
800,1683.248266421921,867.7803534765895,0.484460866060341
801,1632.1636580540655,859.2281331932256,0.47356496454673325
802,1658.1757610166358,886.702502213303,0.46525421305781167
803,1632.0768727186803,846.8504784224084,0.48112096153182893
804,1660.337026614182,853.0491633447808,0.4862192737553117
805,1611.8081459313876,892.7869689630193,0.4460960063909344
806,1649.362754256288,876.8412594496684,0.46837573651586206
807,1644.9542318891004,879.5987002839868,0.4652746664727341
808,1654.741093640949,879.1295698613438,0.46872077254878386
809,1580.083259290888,839.1237962515036,0.4689369744806443
810,1646.0474317762357,860.7333835942019,0.4770907769860606
811,1670.267341288995,857.7886334031472,0.4864363253722209
812,1648.7164134979187,832.1222775515665,0.4952908391406531
813,1691.0812271595958,871.9856857331538,0.48436203316042126
814,1645.2332535744376,833.010612967183,0.4936823631801861
815,1597.0304530570534,824.2605219182623,0.48387927084267324
816,1585.3905071993208,834.3465002607525,0.4737280837295593
817,1652.5992193079007,876.3657464354545,0.4697046106541962
818,1593.8390130683279,825.7474482146312,0.48191288991918324
819,1578.6958159697508,920.7631907247819,0.41675705895300574
820,1640.3299596845225,870.2149235303513,0.4694878805373305
821,1652.157513909496,862.4482276065436,0.47798668084271545
822,1602.0808120277734,843.9455336170236,0.47321912397862675
823,1604.719176057899,875.5813464728666,0.4543709830751874
824,1568.901242854365,875.5460924375319,0.44193677172145274
825,1585.270780814616,834.7070350108219,0.4734609095728777
826,1563.4585487370944,840.6683363717768,0.46230212687708383
827,1639.4771792837744,843.0342814162651,0.4857907800921297
828,1605.1489035413554,843.6286504898329,0.47442343284876587
829,1628.4689420948152,844.1798904506937,0.48161130456392665
830,1623.179374896976,867.0455850672171,0.46583501584829534
831,1665.7659064656416,867.9558973676338,0.4789448541366599
832,1616.5574065794362,886.5018264291084,0.45161129272550427
833,1640.8651390680907,865.4703360673592,0.4725524264846699
834,1529.8542438209697,822.1192618214646,0.4626159549891913
835,1619.82866586657,873.4077726507555,0.460802373080919
836,1549.3969963600648,825.2022079114918,0.4674042806007075
837,1628.77738792949,870.4465402865724,0.4655828680228129
838,1607.5354070894846,863.3751488696528,0.46291997982624067
839,1597.8146629036512,835.3281315941038,0.4772058668706345
840,1586.7936151630795,844.2005758364926,0.46798337996228223
841,1608.6077063800865,837.5859779595135,0.47930998052696994
842,1597.3578437882427,848.1448839634708,0.46903263582314314
843,1596.5643948016163,830.5587504893506,0.4797837449002156
844,1525.0561692112146,816.4582261344517,0.4646372752573842
845,1594.1749129749867,831.0849933036451,0.4786738979898342
846,1583.2712233985283,810.7534776248044,0.4879250846961626
847,1589.1883295921823,839.5377792203107,0.4717191388916423
848,1524.3929719706302,853.4557235626671,0.44013404728612837
849,1558.411009767652,836.6012116287575,0.46317036623509944
850,1608.5554718414287,839.1741265209519,0.47830575866911873
851,1542.7908058031362,821.9209041025999,0.4672505818604943
852,1596.616486558224,858.0465647944636,0.46258442649297227
853,1540.9898941683043,826.0967126906418,0.4639181503935178
854,1597.9739470146508,825.6746322214805,0.4832990651918868
855,1566.589891964252,833.2574948115076,0.4681074484868937
856,1612.6690159106822,875.1835585575316,0.457307389226852
857,1636.3974257625503,882.9004220812169,0.4604608830463106
858,1547.4558516972115,826.1581862822231,0.46611841276369004
859,1553.4653729588942,835.1480910533843,0.4623967128004449
860,1539.6823662485283,828.0516577675744,0.4621931926224878
861,1538.6490447983497,837.4722051970567,0.4557094042801598
862,1599.1047801683376,874.014518835578,0.45343511590055374
863,1495.5979405198173,788.6877498437887,0.47266058044338544
864,1530.06780663778,839.7348575425704,0.45117801060867324
865,1562.613899362713,864.4577976029082,0.4467873362988366
866,1547.943257327488,807.1117984441368,0.47859083682588666
867,1588.1328109106541,839.3206545004845,0.47150474523650954
868,1565.3001506957712,873.3184351922748,0.4420760549955308
869,1540.9038003094022,819.28739104421,0.46830724223036957
870,1544.7949641774035,832.4950756504657,0.46109671836367905
871,1562.0281354583062,818.519663354458,0.4759891676891591
872,1492.7385224293394,825.5182549761455,0.4469773221684762
873,1479.2373496978964,819.9510988306738,0.44569335069985094
874,1528.4437079412662,815.9510089533403,0.46615566885849946
875,1488.4344417657358,807.4677232133038,0.4575053488715287
876,1560.085313728068,828.6975961313201,0.468812641950319
877,1537.8117078785338,823.3907097073883,0.4645698784259581
878,1459.5695179440916,796.5844640401442,0.45423328300101073
879,1528.815493409096,843.3341867443193,0.4483741233785029
880,1485.6556931202535,838.9073000119683,0.4353285866323102
881,1490.1349128949093,801.5315366415406,0.4621080751108688
882,1489.1156997955143,819.0677298434023,0.4499636731008364
883,1550.418232869285,834.1917832879661,0.46195693161827234
884,1494.4306999375378,834.8869617263514,0.4413344414289355
885,1519.038461769446,908.4218999533143,0.4019757084391776
886,1511.083827305409,821.8745762670551,0.4561025924467499
887,1497.5322356454635,813.4054581248362,0.4568360942332278
888,1540.0313110493005,816.1089629464439,0.4700698894294637
889,1511.7928819880356,853.022490434685,0.4357543942706327
890,1524.6590493982349,826.1565830357694,0.4581368317317608
891,1523.9527431332722,833.4851461035554,0.4530767769150793
892,1471.8974814294068,780.3212677471115,0.4698535206478398
893,1559.1255585039985,809.670896846362,0.48068910009835775
894,1461.1206836583608,821.8676449430093,0.4375087190708893
895,1489.4386141342159,813.1213951458776,0.4540752553145464
896,1510.1373551074369,827.9063450388089,0.4517675215179956
897,1510.6624122267863,793.6549626593138,0.4746311576724612
898,1539.6349456022863,819.8592050958013,0.4674976640160097
899,1492.6964354620716,789.4355252846067,0.4711345813321829
900,1500.0547073754542,832.2176181021783,0.4452084887235519
901,1516.8741872945016,841.4141787326957,0.4452973188017373
902,1492.993935162438,824.9790485611156,0.44743308788367064
903,1491.222482988813,815.7904502682766,0.45293847190848946
904,1467.2622805710241,797.145455302639,0.4567123643412897
905,1441.3200187770933,808.4899647598323,0.43906283529884904
906,1492.3207612977035,851.6983847486863,0.4292792763882344
907,1476.9185484980703,816.9073672608067,0.44688394082967664
908,1447.2219732297358,785.4300844908423,0.45728430122021024
909,1492.3090793434505,810.6229988172207,0.456799526292597
910,1443.4153804371158,788.9451182993911,0.4534178248395334
911,1465.376492605053,806.2570843424735,0.4497952653047129
912,1481.8840413361986,807.0251006935289,0.45540603840645777
913,1502.2594141421225,795.6080658579974,0.47039235809193725
914,1459.9837035378837,796.9102181003898,0.4541649909041525
915,1471.9387793088529,798.7649574789797,0.4573381931998294
916,1449.231455705118,821.8661330240872,0.43289518745353794
917,1484.1522760443615,812.1653168277279,0.45277494099705695
918,1487.7352635237407,820.6997679596051,0.44835631171653767
919,1426.9339905764682,776.901738623878,0.45554472473529284
920,1443.5924624321242,818.9580380157614,0.4326944346633649
921,1450.0330409218689,824.1760286022989,0.4316156905788001
922,1493.4627117361733,804.4038266842294,0.4613833875041329
923,1468.1018159163511,776.6682217374743,0.470971145654024
924,1458.0411352766612,775.1560778222758,0.4683578816346693
925,1440.9723704036317,805.3805746021447,0.44108534546255795
926,1486.5474014250967,843.4732876197966,0.4325957673390094
927,1420.07003682259,793.6163633130459,0.4411428008939867
928,1494.1814346589865,806.9121688356302,0.459963729893492
929,1485.7035306546736,804.9423545412811,0.4582079547279637
930,1472.7258544050246,830.6427612536422,0.4359827670783857
931,1446.0487047211216,820.2980848969385,0.43273135806643703
932,1459.2505072871395,809.6837137484265,0.4451372744398139
933,1436.7859951168457,788.6743337537341,0.4510843393280739
934,1471.92922850115,834.0841318653457,0.43333951407793914
935,1427.271764809863,846.955139495598,0.40659154032348777
936,1470.2895953503635,803.8561365055884,0.4532667992430205
937,1455.9724902436358,792.4903820254133,0.45569687110447976
938,1398.751077698795,791.096252379657,0.43442670751599555
939,1432.7082329184288,786.275184143459,0.45119657577327155
940,1421.7886312908445,776.0208717001609,0.45419392543910686
941,1414.4231544564852,829.9068015697148,0.4132542309174656
942,1438.731570177588,807.50153066818,0.4387406605886135
943,1469.9886773512667,809.3271592597089,0.4494330658940763
944,1424.776687676302,792.0371645528116,0.44409733019666287
945,1405.6226421467734,769.8490641797132,0.4523074393537505
946,1461.7950596866117,786.3929471835768,0.46203611650447884
947,1430.598630958258,768.6293599720285,0.4627218680775771
948,1403.8700277511448,764.896434101205,0.4551515318505016
949,1421.2447491593496,795.861595006937,0.44002495314218026
950,1448.8449891263265,808.7657460645003,0.44178586934120734
951,1447.533124014203,794.6170603768172,0.4510543163439066
952,1487.446719381945,785.6348106077422,0.47182322541664923
953,1477.0860419230985,833.0752770487459,0.4360008466642066
954,1421.169293513351,782.8902594365153,0.44912244937329804
955,1429.7180068032246,789.0324104267103,0.44812025401362476
956,1447.5482399626756,842.8695770135089,0.41772608763957886
957,1425.8742918861167,789.5749270372687,0.44625207738836814
958,1444.772607161019,787.3456006830104,0.4550383937371667
959,1415.504838573806,789.8238876795496,0.44201964828651674
960,1407.4598895139115,764.2439113477868,0.45700483755048216
961,1425.748326498138,785.5219334255835,0.4490458667730308
962,1410.8483115285132,783.6523934310455,0.4445523398741311
963,1422.0957391910374,788.5916004752344,0.44547221488489475
964,1461.6426207238799,801.1785721423489,0.45186425136839237
965,1408.5143030697743,775.3810413101309,0.4495043184011456
966,1440.9484876041008,806.7606708102442,0.44011831252089784
967,1445.0401223252993,785.1253560467604,0.45667573936745165
968,1435.6872928114485,814.8516972906947,0.4324309329958591
969,1458.388270837974,796.6312205774383,0.4537591692782179
970,1437.6882547417547,796.608283116065,0.44591027958341634
971,1407.205955289207,789.7606147448961,0.438773967821515
972,1375.3052839992383,771.4584882481204,0.43906382297550484
973,1433.9310337526395,789.6351539655724,0.4493213861903288
974,1418.2736556804844,771.3595039793398,0.45612787709206704
975,1358.1955480794595,770.1030982957615,0.4329954185281223
976,1357.8040853645005,790.1458449586603,0.418070800143051
977,1415.534800983315,815.0495150970554,0.42421089574705384
978,1429.1076658586849,798.091519502268,0.44154556121373
979,1380.451516087282,768.3428088080601,0.4434119562664307
980,1416.1861151888354,783.2557081574117,0.44692600798944293
981,1425.3870294486921,802.6228607525068,0.436908822537172
982,1413.8283949200945,799.4788268653356,0.4345290915517934
983,1378.4288548752072,786.2576300804591,0.429598685997007
984,1364.1124686228516,804.6384442319288,0.41013775422472554
985,1371.3941005374165,786.1829119577114,0.4267272174718958
986,1397.836259063908,808.391372926154,0.4216837861485213
987,1390.0523565374772,773.0176923960789,0.4438931103849846
988,1382.2863319108233,808.748781270947,0.4149194977910535
989,1368.8441127133674,782.5190767465344,0.42833587150007923
990,1428.3080107580088,802.5351998571612,0.43812175398270536
991,1397.4424691135355,793.170933176671,0.432412460113784
992,1383.0515111595475,774.0958624203486,0.4402986033605153
993,1355.0963195688519,769.5899317022204,0.4320773213028287
994,1387.379733874696,781.9975622327155,0.43634929706754444
995,1355.7459114120986,791.5756151124758,0.4161327661405243
996,1341.9063347434835,756.9216825944953,0.4359355321627667
997,1400.5827094467172,804.4617916967211,0.42562350208184874
998,1354.0388302894685,737.3074304604947,0.4554754162383423
999,1434.762913339373,772.8518710185799,0.46133827140834893
1000,1364.0235339713904,775.5160488325405,0.43144965646259403
1001,1361.0752117390066,766.5434568238686,0.43681036124045036
1002,1342.1139024428205,790.6455986921995,0.4108953068341499
1003,1366.4424438961316,816.4724893535506,0.402483073472494
1004,1425.2976162986395,803.7303461903499,0.43609647767631843
1005,1368.600717264396,771.6029310289672,0.4362103414856654
1006,1383.2615806995032,786.4772988551767,0.43143270236894593
1007,1384.0347712200196,799.7591019290875,0.4221538948590837
1008,1323.8338512729426,784.1465490501507,0.4076699668193644
1009,1338.2277053656205,753.4828569734992,0.4369546722486677
1010,1349.2705284040396,815.3259549425542,0.3957283303986875
1011,1331.4724997104743,770.7711485785976,0.4211137302901862
1012,1322.0701695019286,764.9303454331014,0.421414715286044
1013,1365.9030881945425,750.8159299553088,0.45031537270499844
1014,1330.8230379384802,746.0962434032457,0.4393723116192888
1015,1368.1081106595082,765.1592258924592,0.4407172796281372
1016,1374.9832357478633,753.5343347208129,0.45196834759155435
1017,1393.1809365348367,794.4783385835914,0.4297378626500282
1018,1334.6864226040223,772.0844650289805,0.4215236987856553
1019,1415.2973513751633,774.5980189558732,0.45269591707831525
1020,1355.5504768188775,760.0959108176551,0.43927140758240046
1021,1326.3795505558828,790.7679220091628,0.40381475145801693
1022,1333.0503823252297,749.2231895119679,0.4379633362355716
1023,1301.613714540935,723.9332700113947,0.44381865224375106
1024,1330.1947583167178,750.4609113293251,0.4358262903704502
1025,1272.9771770311042,751.3815313068086,0.4097446954554087
1026,1342.3396797172436,770.9808475647739,0.4256440011315342
1027,1307.1409340850373,749.8245842844855,0.4263628620816301
1028,1345.0457923726453,739.3201791228479,0.45033828341361104
1029,1357.950410894563,753.4774752751529,0.44513623676523484
1030,1351.3115832226858,732.9279440695934,0.45761735992696473
1031,1377.9398211513103,796.1678905129887,0.4222041642952401
1032,1358.1406441303855,750.5419819140891,0.4473753619275127
1033,1325.4492510117982,745.0574128498956,0.4378831084772602
1034,1337.225368265962,763.5210569682077,0.4290258956436801
1035,1324.1704950109222,727.1181434334687,0.45088782284982776
1036,1355.543638274356,741.5915861383179,0.4529194301096907
1037,1305.651306431217,747.7816240860568,0.4272731008633578
1038,1279.5736551656792,748.2297791386185,0.4152507156442372
1039,1364.457935050364,760.2378431253686,0.4428279365773873
1040,1323.9862428195813,758.1445257228805,0.4273773388246661
1041,1357.9276680507078,791.1008587166889,0.41742047287959994
1042,1348.4155125137127,783.6517630734589,0.41883510253261813
1043,1336.173909308287,744.5723102736378,0.4427579336142783
1044,1347.0240989194976,758.8925902552602,0.4366154318515916
1045,1337.7098304225794,784.0314915722994,0.4139001794397925
1046,1363.6913018955634,762.5590534301609,0.440812556060022
1047,1302.0473896506182,719.6248553864485,0.4473128542736472
1048,1291.7064947521699,732.5125135066593,0.43291102391863334
1049,1299.861554635271,753.7987101780675,0.4200930803053281
1050,1300.2634694531116,788.2009962502727,0.39381439626094505
1051,1360.799148709208,746.0783985638961,0.45173510780662085
1052,1338.6982154220361,763.4747193680973,0.4296887001321613
1053,1328.9327541572354,749.5308575911317,0.4359903800651982
1054,1318.856631182836,749.7379589699246,0.4315242906292922
1055,1295.367005982209,735.311117647143,0.4323530595951879
1056,1336.966195674108,763.2918138831586,0.4290866767216194
1057,1305.8530737123579,751.6828468055563,0.42437410307682855
1058,1309.3964483491386,767.446127370848,0.4138932266553579
1059,1285.3871821585503,758.8310513073402,0.4096478774332918
1060,1312.5259128527198,751.9128286107463,0.427125345680608
1061,1297.0903614357292,738.1475135487946,0.430920516029623
1062,1258.8110361870638,727.8078255203155,0.42182916689001704
1063,1275.2366384359375,764.358496427202,0.4006143852919105
1064,1278.8366010017928,724.7379963640536,0.43328334847757644
1065,1263.5567970883917,745.238121449849,0.4102060760805546
1066,1281.5658350829042,728.3618974937351,0.43166251974357794
1067,1282.518162065696,741.1870181796215,0.42208458320323206
1068,1304.4448587553945,788.2636357349255,0.3957095001416704
1069,1322.7233591126685,756.5042730357925,0.42807067870693427
1070,1277.8096358397431,753.4878050963697,0.41032859358491436
1071,1283.5530358747699,710.1443902560595,0.44673545197758
1072,1303.0383900011125,759.7864554470447,0.41691168788480903
1073,1292.2077430929728,754.3444095901363,0.41623596235031846
1074,1287.8434662116276,745.4671015766947,0.4211508454753504
1075,1284.1262556441818,752.4537050901274,0.4140344831492764
1076,1269.4993837258241,730.5247359275418,0.4245568408363132
1077,1258.1505160237493,744.9174981137897,0.4079265647261171
1078,1324.455077066648,781.2917239461143,0.4101032662606504
1079,1290.4754310511462,745.1327724636077,0.4225905007299008
1080,1302.9414903387117,764.2876835931329,0.41341365728214763
1081,1326.7708197022948,730.6198294795324,0.44932476760118123
1082,1268.9349266856655,757.1698821740583,0.40330282802467077
1083,1262.5723332848024,727.1478869256218,0.42407427459318736
1084,1302.059773244563,738.7718521927729,0.43261295113061526
1085,1269.2701383247534,794.1928441586492,0.37429171286825913
1086,1266.0165075702334,728.4580369489365,0.4246062096401815
1087,1274.6445338449653,725.048885611764,0.4311756208417934
1088,1289.2759221996125,740.6948899243733,0.42549544502414505
1089,1268.9157224888618,743.6632245782362,0.4139380485257059
1090,1244.886711682012,758.1936317822987,0.3909537111550693
1091,1294.3502470935812,741.4807671612937,0.4271405527010458
1092,1237.4339957221096,739.2669613908669,0.4025806920235251
1093,1278.2435086222467,743.5265695664214,0.418321654245809
1094,1260.6984781844617,722.5825941900357,0.4268394808958359
1095,1261.9909801025005,725.4411654313702,0.42516137050959835
1096,1280.210330525975,728.301501426708,0.4311079327664189
1097,1252.8102305035777,715.1534177228814,0.42916061801680894
1098,1297.5550361375265,740.0472793165076,0.4296602003723634
1099,1285.3929731679762,722.7531337647108,0.4377181540183658
1100,1292.6388257539763,748.033625626034,0.4213127358373152
1101,1242.7726494699975,725.1996911810321,0.4164663251236609
1102,1240.0678320045977,758.9259308637744,0.3879964375521672
1103,1253.4583725470345,746.5712818183812,0.4043908452250041
1104,1244.0568669393451,766.5409755028237,0.3838376718351437
1105,1268.1853852537693,736.9410774627041,0.41890114329362094
1106,1276.1566497557737,746.8478941305746,0.4147678545000697
1107,1207.956253142586,705.164237367135,0.4162336297091894
1108,1280.8485059839525,763.1236884410166,0.40420456839680485
1109,1304.7540586671562,767.7693815049107,0.4115600741727454
1110,1248.1629402943347,785.162708503793,0.37094534442863647
1111,1205.8722383529594,713.284737525011,0.40849062210831644
1112,1235.0848163489543,722.8013456024124,0.4147759441014811
1113,1212.995622000905,713.7956576042972,0.41154308831976594
1114,1260.1605842071046,749.8360352417089,0.40496787104834964
1115,1265.3663041296368,736.4514216175432,0.41799349388863305
1116,1260.3939172877149,718.6328638570727,0.4298347096092596
1117,1199.7643788815503,712.1100150453663,0.4064584450246701
1118,1234.694953119623,720.2512293535308,0.4166565372817641
1119,1239.238722280338,729.6923081467528,0.4111769628986114
1120,1236.1297486105873,716.1267306021531,0.42067025617085807
1121,1231.724161085024,720.6591223389021,0.4149184167142792
1122,1249.197320643175,753.3952095960311,0.39689655337386565
1123,1190.4436132701767,705.8106288583393,0.40710284721553436
1124,1184.0191176889505,698.915260893728,0.4097094798115096
1125,1186.1900263018088,704.654759769937,0.4059512016242094
1126,1255.220032408381,746.4690492257089,0.4053082089572261
1127,1252.9022026565128,764.4539099416442,0.3898534871111391
1128,1227.034014478475,719.6328840653314,0.4135183902206686
1129,1158.5536785367708,708.4611630003318,0.3884951762484553
1130,1193.0697500727845,698.7110866428594,0.41435855984091974
1131,1231.723651745542,726.4150900308771,0.410245074857956
1132,1208.8193122682947,725.0403413369426,0.4002078441513006
1133,1202.670634875364,723.8035466761409,0.39816976844109064
1134,1280.5303699680305,741.8178051997791,0.42069487565663977
1135,1235.230332509648,758.1409945228501,0.38623512184766684
1136,1229.2249327128186,725.7196803167901,0.40961197499047264
1137,1220.1028698438822,709.7318490265324,0.4183016313064276
1138,1260.3002291345606,724.9540179653483,0.4247767308086826
1139,1235.9997068330729,699.6299466811987,0.43395621955783625
1140,1211.7449350956545,733.7803707539781,0.3944432120147019
1141,1228.5806053171782,717.3065087531958,0.41615022600164575
1142,1220.840262393917,728.3192578307176,0.40342788465824897
1143,1263.4960652392444,725.8320659506561,0.42553674212414827
1144,1213.5937568414145,713.9080580424577,0.41174049881360164
1145,1220.4946020285195,715.2554917517828,0.4139625930643245
1146,1212.1237958194185,717.2769861866641,0.40824774774611916
1147,1220.658359634334,725.8086491524184,0.4053957494135828
1148,1180.1140787238985,706.6227997075695,0.4012250065928651
1149,1174.4562064382685,696.2890593480133,0.40713918873175836
1150,1174.936070871597,710.590413393146,0.3952092960547102
1151,1196.8675168015652,715.1610647232192,0.40247265910067354
1152,1184.2626759546513,703.6280767649009,0.4058513444260192
1153,1197.7547182313992,704.8576621632873,0.411517524051938
1154,1198.6747674050482,689.6247665680353,0.4246773308985473
1155,1193.9026678656267,710.5267278070164,0.4048704748459563
1156,1244.099707725988,736.2189343381922,0.4082315671596124
1157,1185.1783069523221,712.7872134092538,0.3985822983529109
1158,1254.2483323159915,712.8551324080798,0.43164753419143054
1159,1201.3936869952022,726.2582214848389,0.39548690046700796
1160,1202.6155274124903,730.4365679583001,0.3926266946428969
1161,1198.5623544582447,700.7488961582768,0.415342144234942
1162,1246.3946485088939,716.6288071780274,0.42503860391621884
1163,1238.5795805558666,753.793523278829,0.3914048518864398
1164,1193.2247958636256,720.2953975806752,0.3963456005292416
1165,1198.8014302473543,747.8270013164531,0.3761877635046278
1166,1187.8520910850268,700.4363004455946,0.41033373961080377
1167,1177.9077459219802,702.786592975147,0.40336024157387906
1168,1158.049997979089,688.0246427913661,0.4058765649220356
1169,1163.5262258315195,709.9298690824014,0.38984626790423504
1170,1178.5654261330512,696.2318512315311,0.4092548145452455
1171,1192.7768404239516,738.7756750475596,0.38062540283312785
1172,1183.213825580181,693.9374290018608,0.41351477307020723
1173,1242.3686342826554,712.801962454308,0.426255667774581
1174,1186.0318248857436,684.8426206033043,0.42257652262469547
1175,1157.9178506427563,681.764647542666,0.41121501221850865
1176,1152.684548998882,681.8982939094027,0.40842592667556954
1177,1160.3360648065614,705.173381872483,0.39226797885486575
1178,1194.7248302786656,709.2951344683119,0.4063108788800589
1179,1211.5766362230115,688.7259366167619,0.43154570992404806
1180,1153.970447191751,692.7718516066273,0.3996623975141437
1181,1168.542542624657,689.9159218268668,0.4095928075692902
1182,1187.6934911065998,702.0545228855844,0.4088925062378973
1183,1177.8264186848055,693.9019229944874,0.4108623206386234
1184,1182.2522577841967,718.6837825759733,0.39210622957663344
1185,1180.9598024672762,699.5379070926376,0.40765307537889595
1186,1192.1815505870181,693.7645330909463,0.4180714063647909
1187,1150.2682389310987,676.0724570991138,0.412248000755578
1188,1185.403351977693,708.0122912137105,0.40272457469224887
1189,1168.3319435518051,682.8764177544233,0.41551164331051793
1190,1142.650775692312,678.852753713117,0.4058965624892592
1191,1157.5964083090844,678.5811069274819,0.41380164791743457
1192,1220.1188546636545,734.6030888843297,0.39792497585259023
1193,1179.6600219692905,698.4879321749685,0.4078904776234319
1194,1205.6067339197848,709.7156805045265,0.41132073956071025
1195,1120.494589082205,674.5356215154815,0.3980018930140553
1196,1137.2002931987408,677.3139022023147,0.40440227965721676
1197,1142.362371689514,713.6687400710904,0.3752693910815714
1198,1170.4633507838946,712.5395917569938,0.39123288971005843
1199,1145.3792627389696,688.4538117523086,0.39892939033487085
1200,1183.7904684084554,690.048230513477,0.4170858366166683
1201,1187.115370916435,703.0645405923301,0.40775382257111625
1202,1198.783879864589,668.1799983862152,0.44261846558890094
1203,1182.570535046541,694.6931106504089,0.412556722780964
1204,1128.0003530072001,689.894852413868,0.3883912796883102
1205,1160.2158459315256,690.2862134819919,0.4050363853393434
1206,1203.9890043703012,713.2855636831541,0.40756471936700955
1207,1141.0724558165866,722.0577660749599,0.3672112911022525
1208,1188.6776511041073,694.5936476650415,0.41565852860120167
1209,1160.9063424407905,694.3729386777964,0.40186997581744077
1210,1190.2605968916064,695.3475928865996,0.41580222456954696
1211,1160.3598845209801,714.3928933923568,0.38433506455863686
1212,1134.6147704930684,706.2462397710452,0.3775453500714322
1213,1138.1157229801995,695.7116105269987,0.3887162821147473
1214,1159.137298103194,701.5597420377329,0.3947569945460634
1215,1109.7608775611964,677.3800548226345,0.3896162060504055
1216,1157.989214343172,703.8936681848238,0.3921414297592726
1217,1135.900124222733,678.7864602597523,0.4024241693571182
1218,1118.6693912139424,681.9672377974514,0.39037642117176063
1219,1156.1997868643796,684.9486326376491,0.407586266301576
1220,1155.773516431029,696.7525619727257,0.3971547608010063
1221,1159.1881461137948,704.9602539674972,0.39185001474446335
1222,1127.7494566573546,665.9378656754883,0.40949839368637264
1223,1156.9847007684746,692.6577201199882,0.4013250826394491
1224,1138.9639047060134,681.0854781176753,0.402013114459957
1225,1168.556145505662,699.037609932683,0.4017937327006287
1226,1126.4601700762819,698.3820335729934,0.38002065929619144
1227,1138.0273164214673,647.2969703363599,0.4312113944928945
1228,1141.47042993165,706.9586503489197,0.38065968963273833
1229,1114.8824302112678,663.8373497247507,0.4045673949683153
1230,1153.0712311618706,656.5652847437043,0.430594340575015
1231,1123.3068570439004,699.4726464576257,0.37730937715597923
1232,1136.9551636605993,711.57892586068,0.37413633483167097
1233,1114.8367442436402,655.1766775946483,0.41231155056774504
1234,1122.9935533744815,681.5992273100383,0.39305152263617027
1235,1118.5207310102612,671.1139519986018,0.39999864696969567
1236,1151.1666426892523,721.5159557829029,0.3732306609429179
1237,1114.482016037548,694.5162817270615,0.37682594090090493
1238,1126.5143564185726,696.3083137840318,0.3818913094035097
1239,1136.0054698291347,672.8117915554814,0.40773895071413846
1240,1112.5816865793608,687.4250685522532,0.38213519344746205
1241,1088.575832991061,650.8851239351428,0.4020764523618744
1242,1125.5648201928032,694.268895540224,0.38318177408805343
1243,1096.728839523291,666.033944294846,0.3927086438391214
1244,1118.187144747862,671.5247373098395,0.39945228268452293
1245,1119.8160300613288,685.5833786687161,0.3877714193543301
1246,1123.8453081319435,688.2418103685088,0.3876009399260608
1247,1108.4209266312675,658.8450601022378,0.4056003055584566
1248,1115.7666609447988,684.8697339890495,0.3861891039035692
1249,1126.0369770650962,678.4684428243086,0.39747232405043276
1250,1144.3679637946473,684.0992431283973,0.402203430389671
1251,1131.5933592775252,658.0705685556834,0.4184566715946143
1252,1114.3067631174872,684.7013601521819,0.3855360275866958
1253,1125.590258391862,682.5913704324057,0.39357029314767855
1254,1115.8963084707746,659.06762641454,0.4093827343888906
1255,1142.8021957366561,672.7141058205791,0.4113468557111547
1256,1116.1167519903486,684.3076068661429,0.3868852827037754
1257,1126.9456869225512,708.8704619518586,0.37098081107383896
1258,1087.8160080441182,667.5600349922265,0.3863300134804116
1259,1145.0820896461987,661.0177832081638,0.42273327896308155
1260,1088.0477954494145,658.6584880304811,0.394641953427768
1261,1139.7645440767874,677.4259511843574,0.40564395102053785
1262,1131.6737734852934,683.098678104087,0.39638198382887224
1263,1062.6311053349048,659.8305680763561,0.37905961460783677
1264,1081.749117669608,650.3257565214241,0.39882016458454916
1265,1141.944407173024,676.2774121611594,0.40778429500317015
1266,1107.3372376445304,674.0308069247089,0.39130484913659014
1267,1116.2245367608803,690.0626330863527,0.3817886900347012
1268,1108.7788469858272,678.3685735069671,0.38818405911053766
1269,1078.912489865122,663.0370238157319,0.3854580143950136
1270,1106.7343841134975,658.7795401559599,0.40475370638850505
1271,1074.4240425595594,694.2202760173369,0.3538675155076366
1272,1105.3927820618387,669.643293467594,0.39420330552680205
1273,1108.3374578589453,679.5964693951404,0.3868325350043068
1274,1075.719889152521,656.1003051974229,0.39008257464281426
1275,1097.3038676716833,680.7773784459972,0.3795908330383395
1276,1082.9770596121307,674.9768994730755,0.3767394299978809
1277,1100.9817251347679,671.1027899467612,0.3904505636870462
1278,1120.6363754140298,697.0437835572574,0.3779928986333967
1279,1057.1786012922298,649.8552386793547,0.385292856017884
1280,1128.872285436542,667.905610732943,0.4083426271071401
1281,1085.396621624388,665.9613822861957,0.3864349961864373
1282,1073.499319031038,665.233725961675,0.3803128570569302
1283,1030.3263138671903,623.9929081939803,0.3943735108036721
1284,1044.133436104116,663.5700450871566,0.36447773613775114
1285,1048.822432208731,664.9510653143026,0.3660022470019333
1286,1054.3597234166975,657.0459864878708,0.37682939522890224
1287,1071.6213964905844,656.000539937535,0.3878429993224768
1288,1063.532502960289,633.3281339010676,0.40450514475276433
1289,1076.6684639267646,666.2249842710977,0.3812162178120464
1290,1106.1172299849866,677.5592043251282,0.38744358558240266
1291,1055.8065806540087,659.6322192280459,0.3752338436653394
1292,1057.6827909531526,670.5677962834671,0.3660029244881906
1293,1073.0234335924004,674.693701077616,0.37122183919246476
1294,1067.7034686069912,664.1586342148656,0.3779559084121189
1295,1070.8010729208283,674.5969969002817,0.3700071713038344
1296,1054.8612477674963,658.5679795434977,0.37568283891621945
1297,1090.5240563548439,714.8516608775742,0.34448794897104973
1298,1049.1192332165515,643.6874935860059,0.38644963012212685
1299,1079.9662916054908,656.5808136743336,0.3920358266939492
1300,1112.895173651323,656.9797127468555,0.4096661318142337
1301,1092.5615676823415,669.40237692838,0.38730924029445046
1302,1046.060985558639,704.9387576242999,0.32610166390267004
1303,1067.3384579719996,682.4373694392357,0.36061765193404216
1304,1051.9337015268288,660.7352949315795,0.3718850399292698
1305,1079.1610473376254,653.0360376754434,0.39486692992993555
1306,1077.0145098950827,683.4356698967674,0.365435039530392
1307,1095.7543114468567,637.4475308226105,0.41825688097826275
1308,1077.042901539882,648.8423885903393,0.3975705260554905
1309,1098.0095035723746,674.722402689589,0.38550404118144765
1310,1089.0274738225069,709.3044778614012,0.3486808231093297
1311,1087.0894149199567,663.302611954176,0.3898361966821142
1312,1113.232093254785,668.8754462729688,0.3991590340183594
1313,1075.1261366896706,668.2608526187126,0.3784349298061921
1314,1048.8514437877636,637.8328313564743,0.3918749550908369
1315,1088.4288231993214,683.5665345592867,0.37196946645531204
1316,1120.295535092593,654.0845138732141,0.4161500306085272
1317,1066.258729180518,678.9797183908918,0.3632129802935098
1318,1070.8059476320943,643.5944283668761,0.3989625946791985
1319,1066.1929850687843,668.2013154030062,0.37328295649975796
1320,1054.989284090807,672.6817377190612,0.36238050199838723
1321,1033.462917094752,641.0432604054265,0.3797133406513383
1322,1031.672668786814,650.823697447688,0.3691567905806614
1323,1044.560685623755,646.510590192065,0.38106938247823874
1324,1034.3988944036068,655.4830661124812,0.3663149973778669
1325,1062.084044154669,652.7413220611685,0.38541462358499456
1326,1070.8213279333438,673.696078417971,0.370860421954626
1327,1103.0276372267442,669.6194208245012,0.39292598097716513
1328,1045.090390545748,632.6623970215097,0.3946338013010221
1329,1044.9581500512948,638.5061691397665,0.38896484121548447
1330,1076.0691069293146,639.9164099517407,0.405320340644464
1331,1060.090325753413,633.5012854508817,0.4024082004515528
1332,1065.0667077172702,649.870876680005,0.38983082282906356
1333,1034.8745578372807,658.5182596654637,0.3636733508632586
1334,1030.8719014735723,635.0307474723872,0.38398675280153893
1335,1085.7500767540073,683.7679679325332,0.3702344742385397
1336,1034.757655615028,652.7140178477233,0.3692107380836237
1337,1024.393911811103,628.7397452701322,0.38623244630716713
1338,1031.3925973236621,648.4527403938511,0.371284279064532
1339,1028.5937277491087,636.6590331440244,0.38103935891458574
1340,1031.725563489408,642.0498764066543,0.37769315879392196
1341,991.7545245695462,618.8257056773359,0.37602935973906804
1342,1037.4984093796338,683.2156790608884,0.3414778539569875
1343,1022.9370646807464,627.6282644038799,0.3864448888654165
1344,1040.2784254483488,650.6689026360422,0.37452427473384264
1345,1076.273899981965,680.4142242019304,0.3678057005625315
1346,1051.9955112100783,645.3181864026396,0.386577053299068
1347,1067.09037940454,668.9252598416227,0.37313158027448645
1348,1018.0308574539436,657.7621253335811,0.35388783108341215
1349,1037.4134103064976,644.1513815177573,0.3790793765356796
1350,998.6998034495155,616.4346677287106,0.3827628025963945
1351,1057.1331199270428,642.6293414478249,0.39210178043407107
1352,1050.1427305655131,629.3257279242152,0.400723625839588
1353,1021.7620037822152,655.1806708380971,0.358773698363375
1354,1037.1318777098036,634.7934826594425,0.3879336887598185
1355,1035.6352144119196,630.5815703741107,0.3911161366483822
1356,989.6535664474468,642.2688541039911,0.3510164810403912
1357,1014.2297539427259,660.6015901011004,0.34866672217702954
1358,1016.656557206436,633.5921928319688,0.3767883673785075
1359,986.8025684279758,646.1712837576674,0.3451868646967047
1360,1026.690352958981,645.2357413669579,0.3715381278227159
1361,1001.1940557986788,628.4714478478254,0.37227808714218025
1362,1022.9943643087955,633.6933649064343,0.3805504829593068
1363,1007.781989641817,640.1509712552172,0.3647922091932424
1364,1026.009406584616,656.8558512546336,0.3597954881903297
1365,1010.4606302151781,642.8126635146117,0.3638419505985855
1366,1025.8422780999688,647.2242929162794,0.36908011423057463
1367,1020.1517264923717,620.7424634806973,0.39151946974101504
1368,1029.1303138363094,643.215319524388,0.3749913777909607
1369,1007.8268230243285,633.8900162612516,0.37103279871134187
1370,1049.8852049820316,648.9790116965158,0.3818571700821112
1371,967.0276802596088,614.2247667061635,0.3648322801460364
1372,1008.1504242205731,622.9215344578703,0.38211449453144175
1373,1018.1480153145634,629.4689416260302,0.38175104979058305
1374,1008.3942353275809,641.8041587844727,0.3635384492494841
1375,1031.0452769108444,626.6133045394339,0.39225432813498273
1376,982.4584069329778,627.3548778007216,0.3614438297096082
1377,988.8750380902653,609.0893137965994,0.3840583589076285
1378,994.0369918516054,625.6733991269674,0.37057332447807845
1379,1001.1975110396645,637.3982717069381,0.36336410680341147
1380,1007.2884486845597,629.3347390445509,0.3752189456094597
1381,1018.7487913012427,660.3709920731405,0.35178230618595185
1382,977.6685011671012,619.1133471070086,0.36674512233140777
1383,996.7293047935411,629.8789224712027,0.3680541753493708
1384,978.3461013292697,623.9675251115062,0.36222209679812967
1385,1013.9450805975687,617.0320405968312,0.3914541799116149
1386,1011.5679381936678,627.5758162855906,0.3796009219052183
1387,1033.951143658976,651.6287341522054,0.36976835109809636
1388,1015.8470425654958,688.5258756654288,0.3222150118913826
1389,991.6189420917899,642.3388758166496,0.35223214427342886
1390,998.4793342693533,608.6096803110339,0.3904634182975957
1391,986.0334278371087,629.3093173759419,0.36177689355182496
1392,1004.6193968828204,650.404450451653,0.35258621078812724
1393,987.742206087608,627.0483722450658,0.3651700125999783
1394,945.8042721106685,608.3594520460409,0.3567808160895505
1395,996.412254613525,626.3010340295299,0.37144386660273343
1396,969.5650242146357,629.6724877155634,0.35056187879135914
1397,997.0729225004125,634.1436279724913,0.363994735327667
1398,996.4171456495291,624.2407642188635,0.3735146299475376
1399,1006.706714987467,632.809794335648,0.3714060064221125
1400,992.3842914045312,636.3405425698008,0.3587760829333747
1401,1007.2570975875442,625.2014785573972,0.3793029802869582
1402,982.2151908887752,618.5586885823881,0.3702411708551625
1403,985.1689951044157,624.3653496828047,0.3662352826921541
1404,943.2134582045292,632.0489881335643,0.3298982508829842
1405,986.0570566313726,624.4816093754233,0.3666881594977729
1406,982.5781627836645,634.2826723881037,0.35447102692454757
1407,965.7518886884453,653.1839817796343,0.32365238998734835
1408,996.6470271454006,625.7854595782514,0.3721092397469663
1409,943.5843624120735,625.7092080251089,0.3368804815442089
1410,1020.3964241842914,628.9745150710221,0.383597883955908
1411,953.6793675092516,611.6490725677443,0.3586428590090991
1412,987.6924646799458,643.4290426928951,0.3485532534649909
1413,977.7610363436969,625.1258346562335,0.3606558132098723
1414,996.2705446824185,610.0580871026925,0.387658211558226
1415,967.1561555393378,623.1569770198138,0.3556811136953285
1416,964.7073049633547,592.8793240978227,0.385430875201734
1417,1015.7468117834864,698.9736945048917,0.3118622806429415
1418,965.726053191194,621.9609923332982,0.3559654000448068
1419,994.3019829204956,612.9925110019474,0.3834946308751732
1420,974.2179056487761,624.0706587274985,0.3594136844447532
1421,977.289113307249,631.267744662399,0.35406244061583514
1422,958.521818816675,611.0889781537372,0.3624673260874275
1423,1006.7154082556746,653.8356051979343,0.3505258786782368
1424,916.6068030722572,600.5483574425856,0.3448135498998215
1425,988.999296823494,618.86317586162,0.3742531689867641
1426,960.7631494862752,623.487592073532,0.35104963964644786
1427,994.4752124546343,643.656587635923,0.35276759081083164
1428,961.2736695164846,598.3220268114031,0.37757368605305097
1429,953.1247609632724,602.0549083151734,0.3683356754820758
1430,948.0670686238385,592.5704295038757,0.37496992658544925
1431,945.909782220355,594.7071079277074,0.371285592869398
1432,980.9734383714567,622.7382378537055,0.3651833846923196
1433,944.3979455215652,601.7737932868534,0.3627963761033912
1434,984.5528175355373,609.1566765447603,0.38128593439043923
1435,961.8821702696034,614.6614964007662,0.3609804658002088
1436,936.5998648478832,636.4734368592667,0.3204425275433508
1437,976.3163755444452,610.3890942874726,0.37480399839950684
1438,957.2957132603251,596.12220365142,0.3772852051941533
1439,984.386642857674,616.4210675040547,0.3738018775685694
1440,986.3253143139809,627.6252848999638,0.36367314536938944
1441,945.9711416427872,601.1809244531271,0.3644828071508528
1442,953.9538076009513,606.2052001888076,0.36453401060023927
1443,934.5928929418321,629.1430828060277,0.3268265920301785
1444,969.5746630502106,608.9132536915055,0.3719789956392743
1445,944.6722770504639,606.1399447504623,0.3583595502103608
1446,915.7324164677011,594.4953645096437,0.3507979472837498
1447,929.5199513392672,610.6090027565614,0.3430920962193591
1448,921.8507687242343,600.339547010519,0.34876710268263955
1449,931.2444453940467,581.7560177222894,0.3752918252563373
1450,993.6463694372328,631.9929254256621,0.3639659491901519
1451,950.1985933444472,622.7093621739272,0.34465345819745397
1452,944.7902631225957,612.7977376182603,0.3513928312587363
1453,965.6135314038354,572.0188778513904,0.4076109548508774
1454,958.9761124576245,607.6138579023767,0.36639312490776343
1455,939.4594531687052,593.5739815047563,0.3681749866876223
1456,950.3450116942571,591.4759503401917,0.3776197664406955
1457,933.7681302432187,601.3132925231455,0.35603575122389175
1458,1009.7646358317181,626.2753834848559,0.3797808308378632
1459,955.0938432912646,598.8404934560639,0.3730035036217463
1460,968.7737830727414,614.939065742113,0.3652397737357642
1461,955.8421665825852,607.7793941149632,0.36414251707690193
1462,934.6253184625784,605.0559513846677,0.35262191229747475
1463,930.4347073086502,611.989723733347,0.3422539820085049
1464,938.8899094080369,612.4490166546966,0.34768814690868166
1465,951.931936830726,601.8622379165645,0.3677465639819283
1466,926.5439668966301,589.2487707705898,0.36403582363800624
1467,930.3828527038413,601.0789595872405,0.353944499470934
1468,894.6486131774453,592.2121136905515,0.3380505988968747
1469,926.360509984147,597.1342386119638,0.35539756695567404
1470,932.2001800495125,598.885594651766,0.3575568773007992
1471,939.1394157965835,600.806107026566,0.3602588743259607
1472,917.3745133434068,613.8102032692447,0.3309055414759783
1473,940.9212512955226,613.2191937817825,0.34827787879436056
1474,915.829119263342,581.4318929462402,0.3651305896301683
1475,931.4227915211502,592.2600505309603,0.364134036742098
1476,939.1413051827922,600.3500779417184,0.3607457422769115
1477,925.3859946112416,620.6131005090259,0.3293467762393054
1478,922.4562145093561,602.1313993246822,0.3472520539688173
1479,931.7092155963651,599.394001561808,0.3566726704767539
1480,939.9389382109108,598.112037371778,0.36366926290953494
1481,903.0708857655231,589.6815294289759,0.3470263090929906
1482,924.3948338845339,618.812603817676,0.330575441213498
1483,915.5568065176511,588.6321926603517,0.3570773670513874
1484,917.769291148285,568.9200059016235,0.38010564159342464
1485,925.8941785812966,618.8311266155891,0.33163946708921477
1486,911.8978732176031,586.818748663723,0.35648632824073667
1487,867.139103098582,590.3324697892034,0.31921825727873954
1488,917.594504545062,595.5312865612228,0.35098642852434725
1489,935.6461013771124,584.0171135052996,0.375814089701517
1490,940.1783309788835,586.0111442900859,0.376702137263736
1491,915.6793108751352,580.2950463805233,0.3662682562676639
1492,920.9223780454321,574.7649155838553,0.37588125852285426
1493,920.7033293022073,584.928600663367,0.3646937270155425
1494,935.88277101728,591.7515501112033,0.3677076142047311
1495,941.3117932974692,599.8841985485709,0.3627146681684056
1496,950.9048994176605,586.7456033296376,0.38296079482925804
1497,915.7068679133155,590.2194556952031,0.35544935134080957
1498,885.2856166741644,562.9643937428906,0.3640872695324795
1499,912.2967314575068,595.7955165462383,0.3469279281595349
1500,933.4299187367317,576.5122334265312,0.3823722361430617
1501,902.5934139407394,584.4765779970489,0.352447548398106
1502,896.2819737159498,587.1220217120947,0.34493603695061514
1503,939.2400297570642,590.7204554487116,0.37106550324361465
1504,899.2862636325012,572.8457484519621,0.3629995568507216
1505,907.5110948021509,585.3087750841775,0.35503953787828646
1506,894.6099237925463,591.211390369491,0.33914058558265137
1507,910.2781829023635,613.6236311431362,0.32589438847513985
1508,855.7383327427394,574.1733168930612,0.3290316736743931
1509,929.1823048063621,607.8656906889989,0.34580578262768824
1510,901.1597780142394,576.1689103021174,0.3606362330421129
1511,924.7983762814702,607.7450819094878,0.3428350465393599
1512,915.552894812278,600.1450222959309,0.3444998910532825
1513,915.124394122681,597.2862056585774,0.3473169227106129
1514,870.0455927052144,558.6741234012624,0.35787948575868456
1515,919.5638344170513,584.095479215298,0.3648124715718297
1516,898.7130476219543,606.8253085074618,0.32478413425380215
1517,882.8351568181228,640.4128939933922,0.2745951619082079
1518,887.0274720165075,569.037422992987,0.3584895158890894
1519,897.3057852623404,582.5324217088602,0.3507983217353844
1520,877.2660135416708,578.2385472042348,0.3408629329320666
1521,905.4741109144364,586.645980662402,0.3521118123742384
1522,901.5026373542238,567.4228825428024,0.3705810066090276
1523,897.6742608301493,572.8453371988994,0.36185611842190424
1524,887.1891432083899,578.1713580567375,0.3483110535304058
1525,887.5322263889308,594.8080895567207,0.3298180371694286
1526,906.0406444212833,604.3879186740521,0.3329350924868346
1527,882.0951045633536,584.6926341322209,0.33715465474479667
1528,891.421900723421,563.2814345652943,0.3681090467845012
1529,886.6784160971649,579.8179357477799,0.34607866254382624
1530,881.2853919106861,579.0592094302267,0.3429379236903186
1531,887.3491347178772,569.0781163870827,0.35867620294911906
1532,878.0494067194905,567.566447059979,0.3536053407512877
1533,883.5218020428874,578.4622936541408,0.3452767183372104
1534,861.5219127245767,587.825649391137,0.3176892651144194
1535,898.0575608990251,563.570115656532,0.3724565771793573
1536,888.3678214325114,566.9403298288923,0.36181802610242075
1537,895.9585365701375,566.2121175026264,0.36803758835741385
1538,882.6832013187757,614.2449976249437,0.3041161350898839
1539,889.4559710538579,582.3058735482929,0.3453235545112402
1540,873.7400319491354,573.073282555738,0.3441146547018926
1541,899.1397194846539,588.8721597590746,0.3450715756427828
1542,898.978184431886,584.0511949916355,0.35031660933938047
1543,885.3670926258436,589.2631038154278,0.3344420537838415
1544,888.7630369565738,585.1660367641788,0.34159498940461586
1545,904.7181725019126,604.9383815881838,0.331351574473978
1546,882.9320834727587,598.6582913605953,0.3219656386186064
1547,889.8482764376064,563.0660538676934,0.36723364108558343
1548,876.4650100486373,586.443706546052,0.33089889519547533
1549,864.3078831493956,579.2232805376227,0.3298414930255773
1550,879.2659408357526,569.6105879157999,0.35217485238382107
1551,912.4221330988149,594.2586467733933,0.3487020697808574
1552,876.2586155811902,567.2902803688072,0.35259948343840886
1553,866.7605792079476,579.9205564901662,0.33093339683248857
1554,890.5560570701452,601.8064672313278,0.32423516470010816
1555,872.1484402419835,573.917521113832,0.3419497248030454
1556,890.5801132820229,576.3619691221919,0.35282411932807944
1557,883.5384005486355,590.9723774604892,0.3311299462552807
1558,892.8450041801411,579.109695145123,0.3513883233553028
1559,861.1694572584481,594.152265865979,0.3100634714130762
1560,882.6881933164423,569.7745485124283,0.3545007706836234
1561,885.2473688433141,560.5371238194833,0.3668017058871411
1562,847.5769165652823,552.5223470920307,0.3481153907174934
1563,855.8988755688495,568.6824175114326,0.33557288863889023
1564,882.154797549512,576.1382695328481,0.34689663182326946
1565,860.1257737930049,569.5916997639754,0.3377809186531231
1566,841.7595061176208,567.5111385724371,0.32580370705889294
1567,836.0194260763924,546.7784345762415,0.34597400787397625
1568,836.3114808686383,548.2126589118017,0.3444874649545665
1569,837.7998937112758,556.3443745511616,0.3359459953060222
1570,840.5770273604386,540.9886797940816,0.35640796478475945
1571,837.2050508446844,536.3478723447734,0.3593590103121882
1572,831.3400396614281,552.121060985228,0.33586615025773925
1573,853.3637248443501,541.3727922656076,0.36560135320451825
1574,863.3990948593439,578.9411442976066,0.32946287789203477
1575,859.3512034568778,561.2889845645703,0.3468456408663937
1576,881.0469119492423,582.6950640350295,0.33863332799627477
1577,864.656821591011,555.1268217034559,0.35798017451363495
1578,846.2953532563552,552.3572076776923,0.3473233599211607
1579,859.8207903482962,575.7023141833644,0.33043917913387644
1580,857.3843110969549,562.7619066142181,0.3436293394566444
1581,864.2111862765258,561.3859835734531,0.3504064834057543
1582,850.5300809396324,599.5658416291785,0.2950680345522858
1583,863.4995471682868,586.774786115137,0.3204689127639103
1584,861.5957136607027,558.3402754397831,0.3519695298070411
1585,843.0349024700822,547.989007502347,0.3499806403071264
1586,829.5459276679184,545.0188715104928,0.34299132412994826
1587,865.4443146125622,567.5610961502881,0.3441968633136483
1588,852.2864405804219,573.9460917324269,0.3265807545388618
1589,845.5089011440646,601.6462362261105,0.28842116811305185
1590,838.7232829994,563.8499487765462,0.3277282743837343
1591,885.2292025830462,562.2284365882505,0.36487811862995334
1592,836.9001314765242,569.0172869500497,0.3200893803826447
1593,871.1196757956989,571.1842754696988,0.34431021208656865
1594,852.0772528426392,546.6740537840993,0.35842196002730453
1595,848.6916254875018,574.3258396120764,0.32328089218251144
1596,845.3446490936905,556.0912609482784,0.34217214062397616
1597,816.470336693385,540.0738087876443,0.3385261110956169
1598,848.041315599612,557.8732726474044,0.342162625351623
1599,847.7878659919146,561.0568595596362,0.33821079297567225
1600,858.3954283132136,552.7259826787265,0.35609398134277304
1601,817.7662801070877,528.1779527319208,0.3541211400123333
1602,833.5928171362302,550.4353984758206,0.3396831316675495
1603,825.6489890383107,560.9809312152017,0.32055759933938244
1604,856.5092845167735,551.6933577429855,0.35588163757706304
1605,846.6583650704903,555.7723693491924,0.34356950538967335
1606,855.1354426184631,563.8005336157306,0.3406886143213196
1607,843.6590053177694,560.9286294817656,0.33512399447394225
1608,841.7549847660202,530.0932536243901,0.37025231425063876
1609,829.5141704350859,547.9241745701852,0.3394637558960625
1610,822.746070089791,543.3573098010794,0.3395807898033719
1611,823.6452088832947,543.9586784848871,0.33957161090951893
1612,855.9166069606638,559.3534324399708,0.3464860619701966
1613,808.4144093658864,540.5124960159504,0.3313918087631268
1614,799.1099745051268,541.2367124216076,0.32270059229734316
1615,794.0905259677398,549.9106477958295,0.3074962742746917
1616,830.0343934331338,552.0397965673408,0.3349193708901266
1617,834.4566021003528,537.8130472269265,0.35549308870798724
1618,813.4216800303049,538.7733586264741,0.3376456862984012
1619,803.0697846114415,525.4470223229034,0.345701914837779
1620,845.5908239532879,566.802316563699,0.3296967037629416
1621,853.1659727427856,539.5306991607026,0.367613434668284
1622,828.5970991492927,568.6613732076455,0.3137058121595152
1623,788.9992269458727,539.519130382837,0.3161981508255022
1624,832.785632266673,561.2089405822192,0.326106360583188
1625,819.1801605693352,597.6640351499173,0.2704119753894709
1626,834.0972605985723,559.5440703458856,0.3291620812369763
1627,832.6143767650796,547.6371957629267,0.3422679081153539
1628,813.656878039178,536.4368828664678,0.3407087221345432
1629,826.9526760824127,553.969267073647,0.3301076553763528
1630,830.947634835373,581.2395620513109,0.3005099988443124
1631,806.1292561548652,561.7597200300457,0.30313939639212606
1632,818.7763856637622,526.6789355614407,0.35674874754176655
1633,827.217663263898,544.2134054491388,0.34211583043104765
1634,814.2088363848037,525.2763727735554,0.35486284439523785
1635,816.2592152473193,553.4024044715742,0.3220261479021732
1636,786.5590289431036,540.1996611607884,0.313211543847316
1637,814.6481713713437,549.225065012285,0.32581317394017695
1638,814.8285894936325,545.7812869283991,0.33018883484737604
1639,803.4527406034766,530.1813096628529,0.3401213501809309
1640,795.2498729922912,518.6662783438667,0.3477945788381227
1641,823.3104475325304,566.4962509799134,0.31192874731796694
1642,823.0167050885273,559.9412583970206,0.31964776056788435
1643,830.376070026461,571.7172496715199,0.3114959952382763
1644,820.7657391760291,541.7086640248336,0.3399960083998417
1645,793.9393884970511,540.5777346196097,0.3191196425675037
1646,793.7983997611689,523.8043459708776,0.340129249279823
1647,797.9071374467364,574.3326240073095,0.28020116996929534
1648,816.6887700327662,523.6538736659518,0.35880852917208306
1649,781.7218873528889,536.9430335094152,0.31312779877810226
1650,831.0544842241477,550.4439513892522,0.33765599989135087
1651,839.4427758473315,553.9621821271267,0.34008344813265134
1652,832.3564275732194,540.1848768960251,0.351017353862499
1653,807.1037273138156,540.1336454524993,0.3307754292621595
1654,830.0595333753762,564.5923700160369,0.3198170163528351
1655,822.8106765004889,548.6561523599491,0.33319271610153545
1656,807.928233631338,546.3688941106806,0.32374080844414255
1657,793.970682731317,521.4899985327994,0.34318733691924763
1658,827.3967333843243,546.5893459078743,0.3393866281389045
1659,820.4861471017565,532.8117354063502,0.3506145871098163
1660,822.7241775576938,549.0096673235978,0.33269292151670316
1661,818.8701543311765,543.3984134358353,0.33640466615899145
1662,830.9171070262338,560.511148538329,0.3254307273268926
1663,787.6035759337858,524.8340013255804,0.3336317693792398
1664,807.010042859543,539.8608751587859,0.3310357412085556
1665,801.1160820057125,539.7058067890348,0.32630761145400866
1666,798.0218426226917,537.6755366484056,0.3262395739929377
1667,817.3006847245857,541.0342262098214,0.3380230356809999
1668,789.4037202447829,523.5908186418974,0.33672618304922697
1669,752.9641729772708,517.4646295381077,0.31276327864044595
1670,821.174705785492,531.3630795050155,0.35292322600616166
1671,800.6206670002259,532.0278270639021,0.33548077261443965
1672,803.0868078910314,524.3698079566972,0.34705712657174237
1673,783.156723181802,547.9694541961163,0.30030677388577987
1674,810.2218790610608,543.7309291868197,0.3289110757945325
1675,801.8034958293038,556.4220695707174,0.3060368625666676
1676,793.8348691898647,527.5391111988945,0.3354548512875657
1677,780.6784465348657,528.2077459806831,0.3233990917448841
1678,783.7251215563223,538.2223608228082,0.3132511054972875
1679,781.6415773266345,523.0574548442181,0.3308218625815993
1680,798.0878374378968,541.4390035549523,0.32157968314222773
1681,808.7779626648114,551.54206423795,0.3180550290704074
1682,782.6289033750978,537.1863510478414,0.3136129412915649
1683,821.4008708284764,537.3308247951213,0.34583606631295394
1684,791.391100461325,562.017315990709,0.2898361939335776
1685,795.9611922886742,526.7598436486063,0.3382091378927876
1686,803.0537274258991,540.6188165271901,0.3267962054542918
1687,810.9407364810592,527.2423504585516,0.3498386173736553
1688,804.4911295752559,536.1856729682613,0.3335095276297835
1689,782.5330076946947,520.4319917013456,0.33493924654435503
1690,789.5015192151818,546.9830399971181,0.3071792432510372
1691,778.489003778371,540.286846196318,0.30598011844219586
1692,745.3580710922339,505.5292495383106,0.3217632314660289
1693,767.0080181357923,545.876585232742,0.2883039390390061
1694,781.174417955794,521.361650123893,0.3325925194936472
1695,786.2989187903626,520.3431368267263,0.33823750180501455
1696,795.489485844848,531.2121082250989,0.33221982480267964
1697,762.3249989123375,516.221797506955,0.32283239006528075
1698,776.9929551629754,532.1677641392749,0.3150931927978009
1699,775.647325025871,531.3939696334621,0.31490259491871786
1700,767.6000045360834,525.8877576807455,0.314893493260754
1701,779.8882908163539,516.8246700607958,0.3373093606524009
1702,776.6970729073502,516.9502236607374,0.33442491069822433
1703,770.4091623676425,509.0318363602367,0.33927079112628133
1704,776.5729156278778,516.3586754693383,0.33508024156128347
1705,791.5644455332175,540.2942027469552,0.3174349785468199
1706,775.3164290251177,564.6429564034552,0.2717257944431324
1707,769.3420612500871,518.5775210451969,0.32594674441356863
1708,766.659513536025,528.9350317840416,0.31007830406426284
1709,747.4782592574871,514.1391213671502,0.3121684610895922
1710,769.747275551587,537.3680925414887,0.30189023123671277
1711,751.2621550067843,528.2546830456599,0.2968437455219749
1712,772.215591246534,517.9247061238807,0.32930037674086476
1713,741.9164943229995,531.0409730009773,0.28423080351441254
1714,762.5325102376764,507.85224771552174,0.3339926614312778
1715,797.5754595157831,526.652685796784,0.3396829359362177
1716,747.4643357406026,519.6334661942742,0.3048050036000567
1717,762.0652773132559,522.7024670283429,0.3140975155419923
1718,770.3040028650915,509.35935099233797,0.3387554146183692
1719,757.091493054108,517.5237745971245,0.3164316607106058
1720,739.4022834627465,498.4826215192677,0.3258302920234586
1721,770.8173581349944,538.7696286660835,0.3010411312354905
1722,749.6792367061648,510.1104486815494,0.3195617222603083
1723,764.4268424669696,528.0796896572638,0.30918217372765555
1724,758.5919287001507,528.044501331781,0.3039149490601796
1725,755.7587382263395,502.26158200560087,0.33542074130120036
1726,751.9590169062889,518.3229647351004,0.3107031725377991
1727,747.5951166013443,510.66153564929374,0.31692767340318995
1728,789.6145778431398,530.9253995498428,0.32761449136351517
1729,763.4577096770767,531.3441148885876,0.30402940705997616
1730,778.6871297833544,531.8925181905081,0.3169368057508659
1731,752.694233453939,511.7175027825427,0.32015222112916963
1732,760.311517485685,533.2647536295904,0.2986233387689927
1733,725.0169156387066,504.1214835281039,0.3046762459549015
1734,732.4714317867799,525.0757275429348,0.2831451101620811
1735,738.0051331166188,506.0378201152959,0.3143166660937948
1736,771.3582380744006,540.8566944218161,0.29882554210868706
1737,754.2513536437219,520.3116227002256,0.31016149962920725
1738,745.0263992239953,516.6640758384473,0.3065157471244049
1739,758.3943595621453,499.7337714280945,0.3410634386618949
1740,761.5278876195569,522.2365766048456,0.3142252764540333
1741,712.985465883972,498.1508207262022,0.3013170049566354
1742,750.6005946809806,514.7346606028519,0.31423627392458453
1743,748.4213344147871,512.3992920013983,0.31535985354819085
1744,744.2971787308364,511.35746564097735,0.312966003024577
1745,749.0982249452873,520.6329191934116,0.30498711403109036
1746,749.0924538866989,497.4481019112821,0.335932301373147
1747,726.5052479236538,486.3382141388641,0.33057852571772217
1748,731.2279386744005,514.5481338682964,0.29632320285643077
1749,735.1557678265716,500.00441243694445,0.3198660279641593
1750,736.1293118604323,514.9393920251366,0.3004769899411811
1751,756.9159337945455,529.791321101416,0.3000658363135732
1752,744.0088225835661,514.2017112843276,0.3088768631818568
1753,720.4631841912709,501.84149711855116,0.303446021767407
1754,746.3126062144379,508.65245885152467,0.31844584344944904
1755,746.3014432309262,514.9285078032892,0.31002611280766856
1756,717.6905771573677,494.5546050145847,0.3109083207230907
1757,772.8741652804529,523.5998659227072,0.32252895821312844
1758,736.8878081883813,497.22037201781495,0.3252427757758434
1759,755.4527706633118,508.604613624284,0.3267552474819665
1760,731.2896737557471,510.3124205896735,0.30217472103931375
1761,726.5174629867029,490.12742905202595,0.3253741939841073
1762,726.2631435949082,487.40133659310715,0.32889154448822244
1763,732.7301963228233,506.8938258196876,0.30821217910287624
1764,730.1278606311995,503.41813590076043,0.31050688099266244
1765,730.9525053062821,492.7293683339836,0.32590781923988177
1766,714.020914009956,479.58264343830416,0.32833529938925976
1767,731.3777418171593,492.6981817857644,0.32634238969096707
1768,728.1485650616394,500.97907286828803,0.3119823386236035
1769,735.4961240700322,500.8937554609321,0.3189715906466991
1770,714.4043964323673,510.47921353364256,0.28544782747292397
1771,724.5188679432467,505.6082080394002,0.3021462512429618
1772,731.6078291553831,525.7460694812277,0.28138266359425923
1773,711.9473436731633,505.72100254625764,0.2896651598739287
1774,738.6653726400875,487.4300216395173,0.3401206558561449
1775,714.1350316123713,494.04396449856733,0.30819250893893724
1776,718.5613906664773,497.6571861541383,0.3074256526745013
1777,740.8555608452681,497.2253993035825,0.32884974402259926
1778,708.5161909881625,488.5421667336289,0.3104714148419635
1779,719.6462264952826,497.4140867504699,0.3088074828476426
1780,722.8035446508534,490.8669910843362,0.32088463771791964
1781,723.8045581733386,537.844345884274,0.2569204769287047
1782,710.9685115155945,491.4785743647394,0.30871963187646856
1783,716.0836915619167,492.5220997278789,0.31220036773412163
1784,749.9250169025553,492.07452115054343,0.3438350367574372
1785,688.6390135469596,471.39161242103876,0.3154735599526215
1786,722.2242520486204,495.224252544742,0.31430680825239954
1787,735.9609190063078,496.12192684734333,0.32588550011975415
1788,721.8078615887266,488.6834015374498,0.3229730132589038
1789,727.5299713898896,520.8215810292106,0.28412353922104217
1790,730.4236086949426,485.3029425442251,0.3355869980553856
1791,707.5999751367098,512.2042956091285,0.2761386184190162
1792,707.833103445322,487.81171302589627,0.3108379494382064
1793,741.5422372330519,499.58897076674447,0.32628386397667375
1794,710.2606694532341,502.99319362858915,0.29181888388132426
1795,699.5751711179898,460.0422693665925,0.3423976602379988
1796,717.3950412474444,495.76805609488565,0.30893297612871984
1797,698.460267172284,519.2023442792843,0.25664727303490775
1798,684.17647202239,468.1600451166603,0.31573203075399014
1799,711.6478855796499,482.3282005405725,0.32223756957036764
1800,723.5702853323306,508.95024000483994,0.2966125747257812
1801,710.0032648239683,472.29628181472174,0.33479702810687983
1802,724.889341290779,488.9918662730153,0.32542549818391775
1803,712.1794774567267,493.0259055848201,0.3077223913479348
1804,710.6031006098705,503.14388671558265,0.2919480842628428
1805,699.9707717101602,491.7833812465732,0.29742297661221784
1806,721.7662545502315,488.62907846027736,0.32300924935210984
1807,713.7171806686893,493.88072551050755,0.308016201812901
1808,683.6856155458574,480.45062035124505,0.2972638162532478
1809,709.9355885857136,491.7754853649953,0.30729562896730156
1810,692.8202143121584,479.5319364587061,0.3078551598919611
1811,707.0461164806472,506.97777190411665,0.2829636425589599
1812,699.6214443756685,486.2108152402904,0.30503728959569343
1813,666.310430382335,466.2365334228925,0.3002712967357246
1814,733.0913337620101,510.9214883462932,0.3030588893686771
1815,710.2108487553601,491.73562962344016,0.30762022224075614
1816,692.1007529920117,477.5632451683375,0.3099801681998031
1817,701.0438377408831,498.65549607505625,0.2886957002832008
1818,717.7324249095991,492.294567539996,0.3140973565434191
1819,699.5850393374736,481.9962585389909,0.3110254916322186
1820,700.3660445869805,515.5024236947947,0.2639528605376684
1821,721.7196567257597,486.66507835171217,0.32568681784340536
1822,712.1284280706569,502.96103381390384,0.2937214496877235
1823,679.8799066686814,484.6869302030181,0.28709919877185697
1824,686.9825477376568,503.4901676595684,0.2670990415729746
1825,705.4536347660438,491.81402762695177,0.3028400402387087
1826,685.140086164623,470.353719957072,0.3134926280695579
1827,715.6563292520171,464.794332918742,0.35053416853794717
1828,699.7772983569561,491.3695957496241,0.2978200394563576
1829,684.7600242590559,484.54670456251904,0.2923846495174386
1830,666.7073765042835,463.90218344937614,0.30418921434208
1831,686.2276961560126,510.21659652609003,0.256490812912201
1832,704.4660459756819,481.95235090548846,0.3158614901900817
1833,678.905095715873,484.6078330465223,0.28619208177318745
1834,686.8949833219732,475.94269894698743,0.3071099505702819
1835,675.5146284386875,482.37029677139844,0.28592176029363314
1836,688.2048726277401,482.6060467332148,0.2987465420137132
1837,693.7619295134963,489.0839961147201,0.29502618216930343
1838,692.9901892064363,476.1155647308305,0.3129548265668167
1839,660.243536160526,481.0598869508717,0.2713902361720193
1840,681.2517092607566,520.5183872335573,0.23593822935375097
1841,644.8928012949444,458.5043572557442,0.2890223672289911
1842,672.4291973567639,488.913774170287,0.2729141207845426
1843,677.1628623987307,464.97721405488585,0.3133450756472592
1844,688.6138956177349,498.7003005135018,0.2757911164918728
1845,683.4286083507216,487.50644649612804,0.2866753885638488
1846,682.1350549103236,478.62144289269537,0.29834797457284024
1847,633.4623693002551,464.1430803991509,0.26729178733717085
1848,699.6809385851057,469.74541298446746,0.32862911210017187
1849,675.9249416969162,466.2762901716687,0.3101655799221176
1850,704.2684460744531,473.4689451495415,0.3277152372953426
1851,677.0642897673495,458.7412288195355,0.3224554362818831
1852,684.3606820087949,472.4262740560659,0.3096823261830892
1853,661.4971095506176,487.65872831045795,0.2627953754148
1854,689.9836363180306,475.52431447817844,0.3108179825601002
1855,677.9837265696821,473.33696969728317,0.30184611938671013
1856,670.5685316023182,464.41692371337655,0.30742809746282607
1857,664.2511311668666,469.7295872558091,0.29284337622330925
1858,671.8104863269276,461.9019979153906,0.3124519379850642
1859,686.1332803854023,463.1450437439216,0.3249925969430134
1860,676.9252801614903,470.62317751635146,0.3047634778773848
1861,675.8530211846609,470.1585424677165,0.30434794588384806
1862,699.1053474077943,490.6323694562379,0.29819966150244914
1863,661.2984468332843,473.4932040651104,0.2839946829869393
1864,670.7986300829474,459.0383223912804,0.3156838702331306
1865,663.7051991071007,463.1758333383981,0.3021361984786014
1866,654.6896220074292,477.93121819273733,0.2699880949276542
1867,677.154811939258,467.89322188213487,0.3090306475971617
1868,648.851914006353,466.3000759001379,0.2813459191004678
1869,645.4530132455476,443.1246632015352,0.3134672019371939
1870,667.4081766181574,471.3923211906148,0.2936971141420234
1871,676.2915494353714,469.3783758280359,0.30595262321418193
1872,668.8027386123641,458.67798749873776,0.3141804585752661
1873,686.9777659464955,496.6304103845712,0.2770793539433841
1874,651.1511733561608,454.9530208651866,0.3013096812522512
1875,655.959309041271,467.7131273588885,0.28697844376584436
1876,663.8926765770057,476.88130951073913,0.28168915498584335
1877,670.0278333907554,495.08597890347625,0.26109639893907854
1878,645.9584975086431,478.131861306421,0.2598102460908899
1879,681.1539408336575,485.1599271671408,0.28773820705880615
1880,701.8670105892662,504.8544333779558,0.2806978732992518
1881,648.9955508600848,459.3997793665269,0.29213724384134077
1882,673.099905628602,494.21180496960653,0.265767531926681
1883,674.8033084033127,465.92886774962153,0.30953381237552
1884,631.2245463277185,464.8398905150428,0.2635902814309954
1885,665.7778795486848,477.5582527514596,0.28270633882401575
1886,664.3326221664837,475.73210095563684,0.2838947161676234
1887,663.6435529710932,496.4248834785181,0.2519706079324464
1888,648.4433517574994,467.23995272607823,0.27944368392443075
1889,636.9560789300168,449.4845603546578,0.2943240904306633
1890,690.069451080135,458.1625039061335,0.3360631988722408
1891,634.199890027008,475.82659036409615,0.24972142403898456
1892,657.7394831107448,466.52502352974676,0.29071458303925923
1893,664.8154351113319,492.0041584076662,0.25993872521134564
1894,616.8161330662617,435.4452655465936,0.2940436506063052
1895,648.5960893635869,456.05685723647446,0.296855370059408
1896,669.305091207319,474.51317412763785,0.2910360605927975
1897,636.4705574632604,478.36459833205015,0.24841048384290232
1898,624.923553551109,449.00514000449175,0.2815038936314149
1899,644.364191844947,512.0666140915143,0.20531491263447998
1900,656.8531259070537,454.32182273433176,0.30833575297833116
1901,668.183511481614,467.3214766545296,0.300609086239943
1902,655.6252472890903,472.73831688215034,0.278950408275382
1903,649.5984691514437,463.4698299796874,0.2865287527769148
1904,648.6062631244865,480.87993211874675,0.25859499135540753
1905,636.4860497299866,446.7645266400686,0.2980764828552057
1906,643.1580681093319,451.1023077181588,0.29861362224025634
1907,641.7151941177433,453.44446662044555,0.2933867379533379
1908,643.9253188528784,464.36797924599637,0.27884808121344673
1909,641.3509931116885,450.7926573182543,0.2971202007014734
1910,644.4687852720535,469.3218634701934,0.27176944144459114
1911,625.7153793390984,480.8732656784226,0.231482425465813
1912,626.1178433274887,444.85231240093424,0.2895070518406295
1913,635.7534010285733,466.82729996868824,0.26571010204048107
1914,649.538397297981,453.4634059528674,0.3018682069616935
1915,621.7246915061829,457.18350624651197,0.26465280775813393
1916,654.1896081983409,456.4182556633718,0.3023150323033069
1917,637.9615306620275,468.60508925311905,0.26546497440553085
1918,639.8294121656824,451.97966090003723,0.2935934917868419
1919,641.9822055332735,454.4595302883007,0.29209949065364493
1920,634.2309699781821,445.6632838937858,0.2973170579968417
1921,656.9892214266297,477.8121722209678,0.27272448825961715
1922,624.6566666127824,470.26968136263474,0.24715494687235984
1923,643.3477818184203,465.8038044575594,0.2759688964171657
1924,638.246219038704,446.17109787788553,0.3009420431038555
1925,619.3694572608906,459.79219313139157,0.25764470988804655
1926,626.4864646000075,479.3209214636809,0.23490618146121844
1927,643.5110011629521,455.27987122420257,0.2925064677970983
1928,651.8106777575784,461.40630994762637,0.2921160611621145
1929,635.9700330549158,451.3787016249221,0.2902516185287842
1930,618.7439351619005,428.9459635244016,0.3067472032478773
1931,618.1020566498009,438.31402193711733,0.2908711155034166
1932,646.0447532356527,477.56678089406427,0.2607837483359826
1933,625.774066733832,454.89126566366707,0.2730742773699003
1934,610.805593384246,437.18186592305045,0.28425366326331625
1935,645.6837861357851,440.09512762705594,0.318404554865955
1936,625.8968816191066,441.1138116166174,0.29522925489655993
1937,643.458255829823,444.28620117543,0.3095337620581692
1938,604.7697343735481,421.6456091546517,0.30279975139395143
1939,626.571716769556,433.5146571899135,0.30811646043488117
1940,612.8924134784276,438.6529345076449,0.28429048090495823
1941,616.6364951389972,441.2699528873224,0.28439209101975893
1942,619.5614426201787,431.92239008325237,0.3028578598167514
1943,606.8716131110714,431.98339788239315,0.28817992380979873
1944,604.5342344488067,418.4835388102784,0.30775874224585953
1945,611.8740791757618,433.78518460317633,0.2910548111671669
1946,630.8890916594287,440.4171674015237,0.3019103147859259
1947,639.4679067855332,452.5755879756084,0.29226223368955606
1948,619.9462658362202,456.2666364678927,0.26402228449194176
1949,603.2653435589713,434.64522500861443,0.27951235778866457
1950,645.0659821862625,454.3580088275693,0.2956410330495872
1951,616.7626932012677,468.8255829600242,0.2398606658152187
1952,619.183135170286,433.1390574242341,0.30046696555274655
1953,641.6693325541947,464.3251468552478,0.27637940088708957
1954,624.6405508783077,438.7567567044905,0.29758521747018485
1955,629.2329250649866,446.72015308538454,0.2900559788106325
1956,615.4114546710553,441.4352906775783,0.28269893690306647
1957,603.4557228121324,432.70694531236416,0.28295162518978334
1958,587.2489770101951,427.1388497746286,0.2726443697709273
1959,628.8988231823365,462.0877079240114,0.2652431664830157
1960,598.9597269493366,437.9302779286052,0.2688485415219781
1961,606.3007618486083,441.1196151901615,0.27244093534504266
1962,611.382204109147,425.43003503442793,0.3041504443945541
1963,609.7511795832371,443.59294129535664,0.27250170865015644
1964,617.9426906933174,422.8768993741462,0.3156697121869213
1965,620.2873795823494,431.0608961768062,0.3050626042608715
1966,603.095774576124,424.69327259577193,0.29581122849971775
1967,592.3849423599271,419.78290776266743,0.2913680315871169
1968,606.1950250923132,419.0536425174285,0.3087148109577216
1969,621.8224692244332,431.9996357138361,0.30526853387487474
1970,604.5152445815372,435.79103860444974,0.2791066188808575
1971,599.382866199611,451.74779191756096,0.24631180270155328
1972,602.3617724877702,427.51326144851595,0.29027159262966706
1973,618.507823703098,437.1178590086195,0.29327028332231897
1974,601.8165840334891,432.2522295665691,0.28175420712149124
1975,604.1621345939509,429.55395433969903,0.2890088111390887
1976,605.2563229333184,426.2298442142826,0.29578621806278815
1977,601.2481650145376,426.27863089121865,0.2910105083132991
1978,603.820955325163,440.40672472326577,0.2706335862654803
1979,587.0366086167742,430.9357660800696,0.26591330122413104
1980,609.3862071187024,446.39112995924893,0.26747418181669413
1981,615.056774068318,431.839536685341,0.29788670754909197
1982,597.2078007719919,469.6189163547951,0.2136423607532698
1983,596.3762918456571,422.70469835497596,0.29121143121435067
1984,597.5789132296687,450.33947593516956,0.24639329473446514
1985,631.9422747084359,462.1782237771062,0.26863854140736987
1986,599.2899882456037,418.1981948578189,0.30217723796441753
1987,606.163384439521,426.12682933049075,0.2970099476983389
1988,602.0027899840703,418.0707098954503,0.3055336007553836
1989,598.2896455017161,432.97130078830736,0.27631824477720224
1990,592.0973075563375,461.1250674644923,0.22120053312247712
1991,591.6376853111717,434.68988966559806,0.26527687390810306
1992,593.950562756545,433.41758925970163,0.27028002591967304
1993,586.1501019819973,424.1940852364232,0.2763046806576319
1994,586.6292374374193,409.9463974310373,0.3011831472604197
1995,604.8324230591659,434.82120917745095,0.2810881285461181
1996,580.6074298647137,415.63842278364206,0.28413175339404595
1997,596.8472750356738,431.2685044636996,0.2774223448738665
1998,605.0699146755605,430.623077843858,0.28830856170603225
1999,573.5087747726595,417.4882151713226,0.27204563637789836
2000,590.6409173662748,416.2600842385798,0.2952400147034786
2001,579.6271291794675,448.6184471867515,0.22602234332643245
2002,591.50408282064,438.7103744533991,0.2583138693458048
2003,578.557448618916,414.96844822448753,0.28275325256797657
2004,591.1804469707447,435.9978587291322,0.26249614485184747
2005,581.4426076599389,406.13518160300947,0.30150426499094696
2006,586.1674485534656,428.01019674285834,0.2698158217432667
2007,588.3283256988101,423.5815862203216,0.2800251701000527
2008,571.4299665538177,447.2654758952215,0.2172873281522283
2009,584.7423216206039,419.10884290621215,0.2832589203657112
2010,579.2771202463773,460.6455018618673,0.2047925150816483
2011,567.5250650474084,419.45120946638247,0.26091156972715646
2012,589.5152584021546,410.5342551045243,0.30360707504458406
2013,577.9375498519507,415.98970381099963,0.28021686094360365
2014,564.2150297063989,444.19068527353267,0.21272801700323973
2015,598.4715762436996,423.934635336368,0.29163781177848214
2016,575.0616947825512,426.0671793883943,0.2590930968728431
2017,588.6885363585901,427.4110634273231,0.2739606140946279
2018,581.2592071346406,414.8879141536326,0.28622564759214286
2019,566.8458632785766,395.119284682002,0.3029511013864091
2020,567.3731914085446,437.27623582148874,0.22929697341547073
2021,583.1313174162352,405.5280270388018,0.3045682594520325
2022,566.8798141259971,415.139829099186,0.2676757599152838
2023,587.2630247207029,418.45184404267513,0.2874541280005035
2024,592.5491577893652,410.5429161595926,0.30715804627718457
2025,560.2833424323999,427.82022716715596,0.23642165531848924
2026,562.001862832557,404.9630371127552,0.279427589311372
2027,588.5596224268182,443.67325029705904,0.24617110418201416
2028,553.1518876004711,399.59733593978876,0.2775992545678363
2029,553.6184167086636,415.97586874499734,0.24862349916386428
2030,548.7615820692154,468.11892538427253,0.14695390369869477
2031,557.8688468768918,416.95930915391966,0.25258542130793593
2032,555.5752596927715,415.85310229664503,0.25149096357060907
2033,576.5264880585164,430.91103518793796,0.2525737427276693
2034,596.0172603100943,413.4072902446319,0.3063836942749856
2035,584.533706051728,435.44937692747385,0.25504830188707894
2036,595.3585436504194,436.9617280393394,0.2660528135531165
2037,560.6368012608983,406.8375081343956,0.27432964225787704
2038,578.6952136398058,403.62589530730514,0.30252422036009474
2039,595.1208333717877,433.20928576608844,0.272064996764361
2040,555.8310417199651,431.2229242195577,0.22418344451367767
2041,566.5148808423114,411.6304508141817,0.2733986966023608
2042,557.0258892287173,401.7552750082866,0.2787493673506366
2043,582.3131333935951,416.2167173075186,0.2852355658168011
2044,575.7783678090616,455.4256376924862,0.2090261406911461
2045,559.850540165927,418.44501694772106,0.25257727388509177
2046,559.7656283133008,409.7928472990186,0.26792066791629165
2047,555.0902339317125,399.34161237249316,0.28058252881887247
2048,559.4376492589126,389.48347078432136,0.30379467434794505
2049,588.7483939376212,415.7262782717519,0.29388125292143275
2050,568.0427392677137,404.5576688633491,0.2878041722971756
2051,569.3186427414602,398.2651229666576,0.30045304497868275
2052,587.0544426903124,413.9866148181173,0.2948071171714022
2053,573.8346986800617,414.4923541499897,0.2776798699984374
2054,580.7078314103129,435.71671960772994,0.24967996634461787
2055,554.3741056383576,401.7634065270511,0.2752846815158808
2056,560.7944939544753,387.58044407011795,0.30887259370706077
2057,551.176825953584,419.9248897760914,0.23813036034382484
2058,564.3452779332334,404.3130379570842,0.28357150530651265
2059,558.657955534658,395.19913958238743,0.29259194169325653
2060,562.8237657880792,400.8487075781311,0.28779001182216746
2061,546.6402241743746,389.03842132286286,0.2883099264960747
2062,562.8907237244002,400.8222324221712,0.2879217661110013
2063,551.8976019785987,391.42285177835174,0.2907690659008694
2064,576.9222455102587,414.63194168477247,0.2813035986885002
2065,544.4580436115833,391.06541579924544,0.281734524105531
2066,559.145537420277,398.28394430248187,0.2876918125108542
2067,541.5144044135072,399.0397394291249,0.26310410918559224
2068,540.0815723834885,391.640695069293,0.27484899486404635
2069,552.9300533071504,390.455083604839,0.29384362222766935
2070,550.7850271721571,410.97876175844306,0.2538309113657429
2071,583.0775031206938,405.2107425768944,0.30504823045279106
2072,532.0746089275586,389.0024812953654,0.2688948602914303
2073,528.2920517213446,406.3463676795951,0.23083005630013054
2074,530.1175463485877,380.7989784441934,0.2816706764997501
2075,505.8650559160247,432.5863200246474,0.14485826809816604
2076,553.2217601790577,397.7018517866472,0.2811167592939121
2077,532.4294869683773,402.1293650859098,0.2447274710955415
2078,538.0395266370402,378.5921066403947,0.2963488965081338
2079,564.4426467674865,436.12436779757303,0.22733625764243892
2080,533.4325362042816,390.6109127289104,0.26774074279690485
2081,546.5281145440902,397.9289974145189,0.2718965651996358
2082,550.7533251569866,418.65587910957595,0.2398486582169207
2083,535.2523619876599,400.7278969543994,0.2513290451137924
2084,522.9373382744056,395.71610536534314,0.24328198351425534
2085,532.79806278758,391.4354415183298,0.26532119979874946
2086,533.1157224666898,398.4817763035638,0.2525416912114016
2087,525.3463266831607,425.87667815905127,0.1893410945730284
2088,532.3905882612322,409.32434429636066,0.23115781285090198
2089,550.6091467188505,408.8394476077237,0.25747792232648226
2090,519.9780827612092,394.0310023434777,0.24221613293568456
2091,532.0244837462657,396.2071806452877,0.2552839338231514
2092,533.2358846213157,390.7548886533145,0.2672006893706824
2093,505.3401827610739,389.06737076358723,0.2300881979386562
2094,525.7466650575114,389.5090105029962,0.25913175224727714
2095,530.7094025490212,380.76815757635495,0.2825298444920924
2096,566.4933993321301,409.10797717929216,0.2778239293492002
2097,514.3117454200194,377.00566524325444,0.2669705317824934
2098,514.2294979505407,396.91618039993654,0.22813416581148271
2099,520.1637250214329,377.5132294932724,0.27424152947667146
2100,537.7690735830904,399.4351782462055,0.25723661350620786
2101,527.6565983816455,378.6778480604371,0.28234035313523076
2102,523.2838254894004,391.9875296795376,0.2509083778522452
2103,516.9484765696085,369.0159540793922,0.28616492589720743
2104,514.5936823265326,387.78322008060854,0.24642833093597372
2105,510.83427399727134,403.19274668510405,0.21071712058369496
2106,539.784771269481,385.210842658853,0.2863621518019056
2107,502.83519349700623,417.05079461658653,0.17060142167819536
2108,515.7613489299504,401.29796003271304,0.2219309165658001
2109,524.0282993500206,410.7541808486725,0.21616030783422924
2110,514.5753274149064,374.1810908243038,0.2728351499010009
2111,524.8626656970058,401.68058558860514,0.23469392692432722
2112,525.0404790403885,388.7752816425708,0.2595327462120032
2113,533.2219100094508,416.8183292441391,0.2183023213791957
2114,503.941895190701,373.8890975854364,0.25807101740578686
2115,495.1104961469126,377.01394461784554,0.2385256472002255
2116,529.3362606743577,378.0904846797503,0.2857272158191564
2117,511.48889742809587,393.06552995533804,0.23152676053815135
2118,534.2959967880853,392.56309960034633,0.2652703708052554
2119,513.5672665501896,397.9632674939474,0.2251000143229427
2120,520.3412516855415,367.4329278876231,0.293861621200707
2121,507.36109155555556,384.69125673404875,0.2417801381761545
2122,529.1074127315117,389.3260700526906,0.26418330062170414
2123,520.5184810682858,379.2218761942443,0.27145357948492344
2124,521.3324637746127,370.9435319924113,0.2884702991510212
2125,539.2520091831428,390.06680138354676,0.2766521130363173
2126,529.1215390229728,419.2585856869396,0.20763273696794882
2127,521.3958314785248,391.974477666923,0.24822092160691234
2128,499.4707751209083,379.01862013676066,0.2411595652518197
2129,518.5658332868398,389.8098450013154,0.24829246359989987
2130,503.17212371746086,377.00169059795985,0.2507500459034724
2131,519.5044337060308,377.7084585952244,0.27294468711126296
2132,517.8868919333935,365.2551106058113,0.2947203022609278
2133,520.1183788433982,380.5390664733416,0.2683606618178789
2134,512.0059738002088,382.73524275748883,0.25247895074982674
2135,513.3713135904933,377.2047873676059,0.2652398422314358
2136,483.8399155309818,379.35245367442576,0.21595461329784682
2137,503.77783327589117,359.7555390509052,0.28588454019197174
2138,510.21906975551616,404.7317625237886,0.20674904856510834
2139,506.8846345645062,377.72208519836636,0.25481646228458044
2140,526.8175133160067,432.2914108534587,0.17942854987405754
2141,510.9277987446804,367.2346643608861,0.28123960907361056
2142,508.5683707383959,371.8166888822716,0.2688953732171214
2143,514.8387550087384,376.66542100169966,0.2683817654805213
2144,499.64835043259677,359.43897794971616,0.28061610202752996
2145,518.1439032229731,376.83588694443347,0.2727196352201996
2146,515.5124065782456,365.41152264400563,0.29116832498861955
2147,480.0144345549577,405.4122279468207,0.15541659008088782
2148,494.15046698163746,361.3826386238941,0.26867894948822746
2149,510.9375294711304,374.8524709869224,0.2663438299885098
2150,490.0824191267557,361.5500181528408,0.2622669084986522
2151,514.7802393772466,384.6944825730227,0.25270153524462136
2152,484.3608881343822,362.757231647724,0.2510600245924899
2153,501.86378257310946,390.1509232644401,0.222595977609513
2154,497.3993566564681,361.828732189747,0.272558905942361
2155,495.32321682258976,418.4993167463861,0.15509852449278527
2156,486.8074664146819,368.7401593980954,0.24253388693100308
2157,502.33803283136825,371.82333152564473,0.259814492982132
2158,492.4970221108683,363.42146545307855,0.262083933227789
2159,482.7653149690878,390.67434918176804,0.19075721252513034
2160,504.4732811460677,352.64177139669493,0.30097036934134613
2161,502.5975954353538,364.8886497407143,0.2739944379864273
2162,502.07348579319984,376.54830375451866,0.250013564927394
2163,491.8005099256392,363.9553292658796,0.2599533308314177
2164,474.8823026254507,374.1073878897894,0.21221029753796594
2165,473.25869261186807,354.48879975304004,0.2509618834539492
2166,499.8662783206379,366.18248471407395,0.2674391120275027
2167,481.03885185200636,420.3373089134945,0.12618844133859475
2168,458.5074341852135,346.56236511996934,0.2441510447135392
2169,486.3587531483058,361.967836485464,0.25575959280599436
2170,513.2839346719969,384.2658195264924,0.25135817903194413
2171,486.80925868288597,357.63065540506534,0.2653577370884995
2172,475.0334677910728,362.76554547543975,0.2363368687214481
2173,481.2540131716405,354.308426254437,0.26378083806633745
2174,474.5361996177905,349.22592609271453,0.26406894484763355
2175,494.70764562024885,361.3023626685541,0.269664890229128
2176,487.49627510103585,366.6219798277799,0.2479491668899505
2177,463.04166415567494,361.0191104540841,0.22033126087610722
2178,481.2206634017487,377.2693525785416,0.21601589193692416
2179,482.53315295820454,370.4877750478405,0.23220244499981335
2180,475.0929653939301,357.4606076517655,0.2475986097681494
2181,468.8741744923274,374.45956183329304,0.20136449775947163
2182,464.7179122014755,349.49604641795463,0.2479393687187318
2183,465.9297538651557,331.75787135247873,0.28796590344283424
2184,481.7481739079854,376.0417796671793,0.21942251152361647
2185,480.86544879951225,362.3620684217253,0.24643771074347798
2186,472.0325022657752,385.43918353743845,0.1834477886854936
2187,469.88162727376664,335.53640779346284,0.28591290163816174
2188,474.97355906878727,348.26366947372156,0.2667725122288652
2189,465.5139739202906,366.806235607082,0.2120403335735529
2190,472.4055553073781,346.83775498105973,0.2658050882670414
2191,465.90351967557393,372.9611315286651,0.19948848682583065
2192,474.6686677387386,348.9685782619581,0.26481648783687317
2193,472.4743233737881,390.2019534490958,0.17413088046184522
2194,468.59659508156767,368.1714886801367,0.21431036301907014
2195,480.06077777818297,355.2170553043273,0.26005815982646474
2196,456.47490292489636,346.8687672090234,0.24011426480089837
2197,486.06525563166366,417.57326298045166,0.14091110577776966
2198,458.1871579331681,357.16281075145884,0.22048707702201653
2199,453.08818509488833,357.74439675556994,0.21043097453391102
2200,457.93392649570023,379.3794840949823,0.17154099719548854
2201,462.98536536922495,368.746574130985,0.20354593964991907
2202,467.35962134468144,385.499472504721,0.1751545172097526
2203,462.9613596782782,359.1182552178538,0.22430188241322602
2204,470.4927104719085,348.87689618034705,0.2584860755219346
2205,478.23008329715685,357.4371827845557,0.25258323290704465
2206,466.6082413655997,380.3660304211422,0.1848278776475456
2207,464.2940912663977,342.2498454403513,0.26285978676394817
2208,469.8106612473754,333.17192991144327,0.29083786854293203
2209,441.6528131128533,350.00966651666874,0.2075004253913072
2210,465.1257315491632,342.54354470222296,0.2635463457131558
2211,469.16845311504994,370.34773389995837,0.21062950537055536
2212,450.47664947608905,355.7580569406498,0.21026304614367552
2213,458.89506356538357,350.15807320330896,0.23695393347063476
2214,436.7112937542263,355.2876346915955,0.18644733998671137
2215,468.43238496737456,366.7712004748189,0.21702424459751257
2216,449.71638397224694,333.3163355445267,0.25882990385981486
2217,447.75244161030014,367.15571283997957,0.1800028794493267
2218,453.5877125089223,347.23637115685705,0.2344669805180697
2219,441.259924287633,331.27789369843094,0.24924545497023387
2220,457.11044129839706,366.82151555952686,0.19752103120289588
2221,441.2949575117222,340.34414251901336,0.22876040905141604
2222,455.14240604622086,376.69782472352586,0.17235173053668118
2223,448.76555136417727,337.90893109937383,0.24702569064808255
2224,464.7481253163866,369.4408442795825,0.20507297575847516
2225,450.13186169454343,331.2759231021231,0.26404693536907453
2226,447.86066777202655,339.2934274487491,0.24241298273270373
2227,464.6957515560311,348.27548336840886,0.25053008941396526
2228,453.3519287816952,363.27814232756003,0.19868402610791336
2229,440.79921611393877,352.9462532924074,0.1993038091039231
2230,454.5170576680218,336.7724373628083,0.2590543486075585
2231,448.70131704963126,333.9301209376471,0.2557852891242778
2232,441.0544607946683,324.10170823710246,0.2651662389874634
2233,451.8825745973509,348.61849098039454,0.22851972928801167
2234,429.43856437282926,325.8020183372317,0.24133031970929975
2235,460.8822262196915,384.36500248559867,0.16602337729903893
2236,438.8671018087193,325.3490627420429,0.25866153694097893
2237,463.5025082479698,354.4261391295503,0.235330698706952
2238,449.77698804236104,386.68200682981,0.14028058991450354
2239,439.3711663427909,340.6018774727632,0.2247969289659062
2240,428.3619875996675,321.4455879355235,0.2495935744981751
2241,440.1730925799937,332.4489188242128,0.2447313921993174
2242,447.01854473378955,358.5520394418792,0.19790343450872794
2243,449.07648813722324,346.42059605916876,0.22859333496588263
2244,432.0754495700226,340.7110891383547,0.21145464414279647
2245,413.1725899832687,326.5417371049242,0.20967231364949113
2246,445.23526457627526,333.9136995032764,0.25002863414007015
2247,431.3461556838819,315.8636577353614,0.26772580774581756
2248,435.2056387094227,380.5537624019459,0.12557713284585148
2249,436.8243429095274,381.9717111634708,0.1255713712763883
2250,435.24509101153035,324.6773776163484,0.2540355208561166
2251,466.30994281888576,359.1061973987053,0.22989804757780652
2252,420.7277065237746,318.52401272262676,0.24292123436698954
2253,431.63958787839636,322.9112899029253,0.2518960286054729
2254,428.71998487627724,335.98247081087544,0.21631255210126155
2255,440.29802217116463,340.51407169026703,0.22662820511627657
2256,437.99902633417446,338.6534076373891,0.22681698525281413
2257,437.03659750841075,332.53597542156984,0.2391118333856006
2258,436.3884081726968,314.91098440491027,0.2783699600923243
2259,429.05283656939395,318.9593813863493,0.2565964976792279
2260,420.2584120290911,340.88754399676174,0.18886205667867795
2261,429.3807924540671,326.17564779189325,0.24035808418983762
2262,408.00307577386485,331.6251174958861,0.18719946689889932
2263,426.6034757050916,330.6795869572446,0.22485491612393382
2264,418.9535653465012,318.4796082558644,0.2398212245969037
2265,434.2655587527521,318.28484178525076,0.26707325651292235
2266,410.83578844592387,325.70924749106894,0.2072033239286788
2267,424.8230723533705,345.1596926327835,0.18752131158809215
2268,412.9544862675824,327.7178656868392,0.20640681579982245
2269,418.0496435289017,340.72052237879967,0.18497592892877546
2270,424.55087580566385,317.4382337840047,0.2522963633472505
2271,425.7665773331344,322.6817516350577,0.24211582398920806
2272,424.42671483497907,314.8936195099315,0.25807304652732577
2273,420.71426868054914,338.03142979482635,0.19652967593667325
2274,432.59520399349447,348.84711498307735,0.1935945850469405
2275,419.63656819912984,337.9463938582721,0.19466886475464018
2276,403.56425136914305,323.15003082314337,0.19926001937283644
2277,427.6978237353717,340.45883878529366,0.20397341325742901
2278,416.84679122671366,317.071058884993,0.23935828328699993
2279,430.709116044991,318.0675361485611,0.26152587837185126
2280,435.95199587185175,326.427422772963,0.251230810125901
2281,413.14739340020395,337.08741969049004,0.18409888317033818
2282,416.2700346667753,345.5090764885761,0.1699881141693118
2283,411.75001974057363,304.6376421783861,0.2601393380130851
2284,397.5137928795851,304.029125241737,0.23517339350830135
2285,393.68051478223936,300.2988014394399,0.23720176599152398
2286,408.5573961855745,308.7119607309786,0.24438533333819312
2287,395.16391817235126,314.8142229115595,0.20333257052519438
2288,409.20029764165963,320.1847521262791,0.21753538799556849
2289,386.2928186516513,306.4792903605393,0.2066140617620068
2290,406.72047142601724,314.0442788355341,0.2278621291560462
2291,405.30488408883144,304.0726539487502,0.24976809832346847
2292,417.9399997665165,319.7496928484545,0.23493876387260448
2293,419.5814564056949,332.7337762009633,0.20698645967032026
2294,402.51929573000433,314.8070811260584,0.21790809915055642
2295,407.94469180859505,297.3713421061002,0.2710498553425844
2296,397.0463105222768,312.1414449732602,0.21384121524094335
2297,401.34377011040306,320.3548226867467,0.20179445516589845
2298,414.46621819181183,303.8518863863402,0.2668838302143123
2299,395.06809349189336,301.15939431527,0.23770256500997422
2300,380.8666215136892,296.7672664649557,0.2208105155408343
2301,387.3161407242271,302.2744087700949,0.2195667131122293
2302,391.8334258411177,306.39274044768007,0.2180535905277322
2303,392.30846438562054,330.58536019674347,0.15733309319629207
2304,399.6206057077204,297.9817679743289,0.254338330610833
2305,373.0610247271663,304.3719676638875,0.18412284454939698
2306,378.31079023235293,291.9557714853401,0.2282647520943688
2307,390.95550834198684,308.3883877359958,0.21119313795104722
2308,398.14338029932685,311.67659301416296,0.21717499665612316
2309,424.02264737556936,336.9611842729092,0.20532267236553348
2310,372.0406641948732,301.54357637682625,0.1894875872523465
2311,404.72643740391334,330.2990067874079,0.1838956483641505
2312,389.2773659565025,290.78052331008263,0.2530248384834832
2313,379.055451916162,292.4934311311407,0.22836242124322936
2314,371.2452237706182,310.91832973070814,0.16249877487227782
2315,411.00979706530507,290.80150979273833,0.2924706129412943
2316,393.4407024042431,307.9912547642821,0.2171850729164403
2317,394.8559740290463,321.1331347900897,0.18670817738098455
2318,394.4985977592394,302.7963922978323,0.2324525511174883
2319,379.8977777184067,305.92217029136845,0.19472503332691649
2320,384.38092897437053,329.0972154005319,0.14382532900721712
2321,387.721589376505,305.3388229876213,0.2124791826046194
2322,401.9611086321806,299.9629534904499,0.25375130317661
2323,383.2490923732282,292.51131199905245,0.2367592831395685
2324,374.5397403040883,289.29902085499117,0.22758791731924177
2325,374.9108187374327,287.70694770853265,0.23259897199705226
2326,372.7631584742075,283.8636130751881,0.23848801411304332
2327,388.00475472257796,292.0363179765366,0.24733830082741748
2328,379.2948896531608,308.4292164512235,0.18683529658609188
2329,390.67754795285674,303.32944657048984,0.22358106279736156
2330,386.3111652102859,287.38418037383207,0.2560810914760995
2331,367.56011178775344,304.8090109790586,0.1707233695829603
2332,366.7440372671773,283.3968549088753,0.2272625425061311
2333,373.2418672319584,293.58435449909064,0.21342062540739315
2334,381.29564196612256,318.57484925145616,0.1644938620102011
2335,372.98488485431113,299.899560792888,0.19594714700026106
2336,378.1921467285937,324.4197447004166,0.14218275681638204
2337,358.0244277545795,272.92859164731067,0.23768164826339944
2338,372.13313525176807,293.1055551333442,0.212363728548272
2339,389.80466948976795,275.8650801690459,0.292299190437771
2340,372.19324506506024,283.7232921026738,0.2376989752915094
2341,363.42020004798167,285.5383396405141,0.21430250821826902
2342,357.5824055290747,292.2138351538058,0.18280700997732358
2343,365.2659062917449,279.84370332737956,0.2338630611096153
2344,370.42833231830934,277.5164789936546,0.2508227509034475
2345,372.52266416755594,281.22360947559457,0.2450832217040524
2346,375.52884693322636,293.91909241564633,0.2173195353274452
2347,377.7895018646312,295.8825598117139,0.21680576524401673
2348,354.32615947602915,325.87079809653164,0.08030838429083742
2349,364.88441506446236,290.2702936858288,0.20448700546843546
2350,346.19080103568115,277.51731148928013,0.19836890333583124
2351,358.2698308728293,275.5598264773526,0.23085952895887363
2352,364.8085108304578,280.5840623184951,0.23087303615870247
2353,355.2376475355626,318.79849781906466,0.10257682418879888
2354,352.4002417861171,311.7412613681779,0.11537727730225678
2355,345.8840642593577,275.0814726387737,0.2047003575379911
2356,354.11982792780185,271.4439934072025,0.23346852675376117
2357,350.3593159413557,261.74812472121477,0.25291518503527666
2358,341.0453768570772,273.8776346053214,0.19694664349578306
2359,337.8777416371539,261.47417056133406,0.22612786123647488
2360,341.7402669057719,294.4000334248594,0.13852694009268052
2361,340.99350305304466,259.33141435614397,0.23948282875113136
2362,360.3093345119168,278.28216571464543,0.2276576289881228
2363,360.5140844268668,341.0624974586283,0.053955137423166155
2364,333.9230809247878,262.9327295150339,0.21259492219929432
2365,356.40523824092793,314.0364657952261,0.11887808567241309
2366,341.7866487985582,270.33942415816836,0.20904042007357437
2367,350.98806503704617,271.3446169590561,0.22691212611341594
2368,335.5500043153824,266.53518046194887,0.2056767187181041
2369,356.60268470590603,307.8095496964486,0.13682772761427087
2370,356.55880510358475,265.6586852225278,0.2549372461988404
2371,345.7878029294164,270.7644614714774,0.21696352740716274
2372,330.7590566078347,274.02253081904297,0.1715343076941398
2373,343.0245346920273,274.12511017532535,0.2008585904170409
2374,346.5221756401064,343.96615578311673,0.0073762086142629135
2375,339.94768753058673,270.05948404506785,0.20558517103967855
2376,319.9114797270095,254.13415324723948,0.2056110225738066
2377,353.54200730524445,324.73071290983813,0.08149327038959464
2378,358.5224927540697,279.6639516840699,0.2199542362439536
2379,326.1098221595875,276.598202684599,0.151824986892787
2380,335.28793585354424,263.1400860475509,0.2151817649577108
2381,323.32119513049423,263.01337199941355,0.18652604295471598
2382,337.1978412031663,270.76117084631227,0.1970257879463263
2383,323.1788533721597,246.02274965056733,0.2387411890243405
2384,341.48575017526395,264.1694203761811,0.22641158455192067
2385,333.5936281407726,276.89886261807584,0.16995158402357802
2386,336.6869810241169,253.62044891625987,0.2467173867406146
2387,320.8458102719401,250.880926502903,0.218063884673254
2388,335.2160964081127,270.15191709836444,0.19409622630571755
2389,325.2825208281304,257.0097261283651,0.20988768325439344
2390,314.40535188646754,302.9021212416763,0.03658726092215214
2391,335.01657888773656,262.13372694839927,0.21754998567924666
2392,317.09665392542195,263.6623254590194,0.1685111709787066
2393,319.711906188855,346.515085860481,-0.08383541292263685
2394,322.83058376698403,279.4341193038291,0.13442488613308734
2395,322.0027951517129,280.39460670755034,0.12921685485543288
2396,314.96595873587523,265.0291777561826,0.15854659716280228
2397,336.12421039670085,264.6681183945239,0.21258835213876137
2398,307.3570652842788,239.99000629086828,0.21918174853440187
2399,326.5293934131026,249.17980896598502,0.23688398657960996
2400,316.77656001173307,273.82031049222155,0.13560425530828568
2401,339.36872998944665,257.3077270367715,0.24180484440987537
2402,322.4273800650625,304.04356966581895,0.05701690221076727
2403,312.5204274718805,252.74804858249786,0.19125911023771636
2404,314.20252135342633,272.64102329436656,0.13227614431620016
2405,287.9703976005687,248.61139423639128,0.13667725464882874
2406,310.2234455060774,250.03354857158536,0.1940211089987165
2407,317.0072553871961,262.71467891925664,0.17126603743383073
2408,309.5261384608817,246.042685474826,0.20509884335367323
2409,304.45867127022615,245.05547883189266,0.19511085754430502
2410,303.40407998428543,256.11426416333325,0.15586413941236887
2411,301.0194726996647,242.4874909985035,0.19444583161422302
2412,321.72819571714433,281.14309222235994,0.12614717651438245
2413,299.15202496638557,240.46148228090138,0.19618968881149645
2414,306.34765584931307,242.10383143409047,0.20970888201221616
2415,291.7128573818338,241.80185078721235,0.17109635496556497
2416,299.53174852108,234.7800813849058,0.21617630670498755
2417,306.7681786253274,244.39166335046232,0.203334373057803
2418,307.5536991750081,251.98350896639727,0.18068451251821738
2419,295.1861479528259,233.92065370619588,0.20754867622182915
2420,295.4033932801288,234.0408560476779,0.2077245509981711
2421,289.1912737470145,233.69887174406108,0.19188823121785614
2422,284.9444539773487,230.50481107321335,0.1910535269040996
2423,293.97442968836083,258.98979604942593,0.1190057028974314
2424,289.9356113858707,234.0621890472177,0.1927097608727062
2425,310.30167622196467,243.90012104354645,0.2139903206031022
2426,285.7081898299502,250.77177971289743,0.12228004432720829
2427,290.9800342474845,241.12025433229385,0.17135120642945523
2428,274.2631355864837,224.68155617540222,0.18078105650275
2429,285.1935694234088,238.6852330690822,0.16307638509646283
2430,300.6525446796528,242.80860549464143,0.19239464361309322
2431,273.5986857421301,232.864583506376,0.14888266778498516
2432,293.65479265829924,224.04082526837126,0.23706055249345703
2433,274.2784589252647,271.61189152784374,0.009722117470944203
2434,273.26798827644507,292.8367737547114,-0.07161023726815019
2435,279.20277128606324,225.48010279705704,0.19241452454626062
2436,294.0267142333668,231.78930043818247,0.21167265007691438
2437,286.9918435237413,228.87999800504952,0.2024860525831791
2438,274.5034885951805,244.22046093097342,0.11031928162073923
2439,278.69826229513245,228.89785602358478,0.1786893318294559
2440,261.88831823345527,232.74609947822944,0.11127727632832995
2441,281.5452016552268,234.399497269173,0.1674534110646546
2442,287.2349316818498,256.5319789642242,0.1068914304323999
2443,277.6050989529109,244.88574789211486,0.11786293257655944
2444,268.0789157029329,242.349117615489,0.09597844731644589
2445,282.11471371862314,282.13374490143843,-6.745902248228575e-05
2446,266.3445959051565,238.12862510920547,0.10593783853605399
2447,258.2309279106488,237.25242292006132,0.08123932001609935
2448,273.0840453953393,255.34026974442537,0.06497551193525986
2449,255.0801673052432,224.13074880787943,0.12133212403114024
2450,261.73931938514596,207.95934348123325,0.2054715204052937
2451,269.1666462808204,246.8409012489197,0.08294395067287919
2452,247.85009772126244,228.61943906522097,0.07758987723970434
2453,256.3637791790437,236.185400085328,0.07870994552480515
2454,248.2412470944534,233.94575444795868,0.057587096478996624
2455,249.63213450928933,221.10881600857212,0.11426140531461026
2456,251.43869270683965,196.68816560694546,0.2177490127334124
2457,257.38215453216907,199.33885389666315,0.22551408329380251
2458,249.44354649139422,204.1988941921908,0.18138233253817349
2459,239.5053680229287,229.7571100137781,0.04070162639618746
2460,233.85736865121055,210.2138484322447,0.10110231016166638
2461,247.02372124222796,312.58993294457355,-0.26542475909854946
2462,268.55716481900555,304.1980602518969,-0.13271251004199258
2463,238.94772629108272,216.89587139132564,0.09228736026093765
2464,254.98941019810746,213.03446861229514,0.16453601564557718
2465,252.4274976376337,205.89528712955624,0.18433891292966698
2466,246.00782484630557,223.82480270493517,0.09017201853326962
2467,224.07551399823498,208.92785481562197,0.0676006892155665
2468,255.953637084129,214.37083641363557,0.16246223786546798
2469,258.3300944889023,264.05456974304695,-0.022159536872660146
2470,228.9804264728617,223.88720303892356,0.022243051567299665
2471,231.9286492715098,203.0662227517166,0.12444528354065088
2472,229.54521155542201,218.32126464869006,0.048896454126301836
2473,231.3539395577486,216.62144754410312,0.0636794516739494
2474,243.47253077771092,215.5672250631196,0.1146137743976905
2475,226.90121902553312,182.49989796247775,0.19568568760337468
2476,222.75487588646266,205.5423205953583,0.07727128406328376
2477,220.9515711292481,219.20272277726892,0.007915075430516727
2478,234.17182222321804,194.19089885254732,0.17073328033703383
2479,256.05036432379507,291.3750436002888,-0.1379598867972045
2480,222.89654393521903,183.3997756980041,0.1771977597315011
2481,209.54613867374024,193.38855714977754,0.07710751258041448
2482,222.50424794249452,194.09059082551073,0.1276993917182525
2483,204.62056775056516,203.12040485537443,0.007331437458522938
2484,223.6882795932316,224.73575638185528,-0.004682752223444497
2485,206.6972612132109,204.5921128031385,0.010184694261144212
2486,204.80306058466118,249.68614874804513,-0.21915242885166863
2487,217.183304477944,183.5742997212558,0.15474948609643868
2488,198.3355942247094,174.8575089636452,0.11837555105950437
2489,215.06117734137555,176.01874707363885,0.18154104218337386
2490,195.12456449944148,167.30224319851894,0.1425874869845113
2491,213.79732315560761,187.2164579253906,0.12432739960392636
2492,200.55261758833225,205.76762088794814,-0.02600316745962683
2493,200.38902216464612,169.32586988105615,0.15501424153897747
2494,216.13657973028336,181.49402555992253,0.1602808474789008
2495,207.2574495601784,230.83853833567113,-0.11377679704895627
2496,192.74123002777864,162.4503200698456,0.15715843441264443
2497,199.23214743527993,172.88942395291392,0.13222124953967773
2498,193.72157595711377,157.6951746989325,0.1859699988511183
2499,187.73602661535935,201.31568074561554,-0.07233376765813149
2500,192.37701639129577,188.6492077508311,0.019377619584671657
2501,195.57690233363516,175.07238161503514,0.10484121833375448
2502,182.0490148850337,159.25154885028405,0.12522707716461168
2503,192.94134551194225,171.88618470327464,0.10912726224024583
2504,183.45427945125482,231.69262994523777,-0.26294480912777085
2505,178.37717277745625,183.68310550748473,-0.029745581496844142
2506,175.26702094310474,197.21625299287524,-0.12523309822727957
2507,171.15912740814497,160.9180074314744,0.059833910886035735
2508,173.4802412951321,166.73802024876701,0.03886448967346612
2509,166.17136025331115,165.04365527075524,0.006786397973976066
2510,175.22122204642477,290.79511239192914,-0.6595884276784871
2511,187.47100320501215,196.56055375136995,-0.04848510111410542
2512,167.91461724504512,209.72155620782348,-0.24897736509602186
2513,170.61624554865352,175.1971567453109,-0.026849208772156796
2514,161.88012350113814,172.88684896206783,-0.06799306315609721
2515,183.79192913426303,158.88063011040214,0.13554076689440908
2516,165.31486909737475,156.80489690599933,0.05147735492784278
2517,181.61857650924546,244.57503243241163,-0.3466410602549861
2518,164.20753252027453,146.65355759784833,0.10690115522111521
2519,160.88974049525666,138.53131219205463,0.138967396145817
2520,179.09782765239981,162.2144963641422,0.09426876645888438
2521,158.59403846526263,159.606790152501,-0.006385811831509658
2522,150.18212470672304,163.16617877318987,-0.08645538936023311
2523,152.24058253651876,211.0790083187733,-0.38648318866055753
2524,146.25831815502184,183.89172753598277,-0.2573078225955845
2525,146.2875799172325,145.7905218766344,0.003397814365917795
2526,150.44318749282505,249.51546847001265,-0.6585361732109842
2527,150.19427376713395,132.40143929161357,0.11846546495578758
2528,139.09236999082054,185.90756496100354,-0.3365762979901241
2529,141.07027550477937,143.02466205739194,-0.01385399259779807
2530,134.08822172265977,128.16313052126387,0.04418800641305398
2531,141.40429271469398,172.49960269824143,-0.2199035785022967
2532,134.16419053487888,151.696299670569,-0.1306765170780222
2533,141.75458685374048,187.02082107449579,-0.3193281799583678
2534,125.81848341638307,120.55855842018418,0.041805662040860225
2535,138.1818439831521,162.6123745907914,-0.17679985954318278
2536,119.6463621977837,178.6076837297712,-0.4927966086801734
2537,124.1233483258991,128.0154673815217,-0.03135686482935829
2538,123.57009311968885,115.94351612715384,0.061718631102333
2539,123.7323768199831,131.9156470878043,-0.06613685502644917
2540,114.53563004063592,144.55771468637866,-0.26212004626936825
2541,141.4024876746858,118.9815094409067,0.15856141290357895
2542,114.92774883176158,126.5162477667009,-0.10083290634973885
2543,105.70291994045286,121.20248284862504,-0.14663325210792455
2544,117.28718466615882,136.8384130889099,-0.16669535105988653
2545,104.29660636822925,115.64574658901157,-0.10881600673288516
2546,110.52559805805473,105.99663024858242,0.040976641511529466
2547,112.81231877270018,126.44255135850815,-0.12082220039524971
2548,89.92570035303304,120.38903050509457,-0.3387611109223243
2549,99.14508570845715,107.93322328616036,-0.08863916466364574
2550,84.1746865491441,234.80123641577148,-1.7894518654213982
2551,89.49313100650777,140.96154820594742,-0.5751102528270797
2552,92.25031010991509,182.74466123835452,-0.9809652782805449
2553,78.81682816023891,103.48904030050089,-0.31303228912107484
2554,104.26003628876539,500.67901544726504,-3.8022140915101144
2555,79.3696331852571,114.64299510735223,-0.4444188602933743
2556,88.18424467529,486.142175533046,-4.512800810656229
2557,101.43640497910069,358.6912313009411,-2.536119319043726
2558,67.34829667310991,113.25293053540545,-0.6816005174578355
2559,52.481258634186716,132.72238072161173,-1.528948126925357
2560,28.88677871228555,103.43039805935346,-2.580544549100745
